t,N,F,d,C,a,dadN,G_max,Delta_sqrt(G),R,Cyclic_Energy,Monotonic_Energy,Total_Energy,dU_cyc/dN,dU_tot/dN
[s],[cycles],[N],[mm],[mm/N],[mm],[mm/cycle],[N/mm],[N/mm],[-],[mJ],[mJ],[mJ],[mJ],[mJ]
4.22E+01,9.95E+01,1.17E+02,7.54E-01,3.94E-03,5.64E+01,3.56E-02,1.53E+00,8.80E-01,2.00E-01,6.47E+02,2.69E+01,6.74E+02,0.99608343,0.994153009
4.23E+01,100,5.85E+02,2.60E+00,3.94E-03,5.64E+01,3.54E-02,1.53E+00,8.80E-01,2.00E-01,6.47E+02,2.69E+01,6.74E+02,0.990417674,0.988529945
6.22E+01,199,1.11E+02,7.53E-01,4.29E-03,5.89E+01,1.84E-02,1.35E+00,7.74E-01,2.05E-01,6.03E+02,2.65E+01,6.29E+02,0.452609412,0.453740649
6.23E+01,200,5.42E+02,2.60E+00,4.29E-03,5.89E+01,1.83E-02,1.35E+00,7.74E-01,2.05E-01,6.03E+02,2.65E+01,6.29E+02,0.450034954,0.451174231
8.21E+01,299,5.17E+02,2.60E+00,4.49E-03,6.04E+01,1.25E-02,1.26E+00,7.22E-01,2.04E-01,5.75E+02,2.49E+01,5.99E+02,0.284776776,0.286233402
8.22E+01,3.00E+02,1.05E+02,7.52E-01,4.49E-03,6.04E+01,1.24E-02,1.26E+00,7.22E-01,2.04E-01,5.75E+02,2.49E+01,5.99E+02,0.28423581,0.285692724
1.02E+02,399,1.03E+02,7.53E-01,4.70E-03,6.15E+01,9.46E-03,1.19E+00,6.75E-01,2.08E-01,5.53E+02,2.50E+01,5.78E+02,0.205074295,0.206504206
1.02E+02,4.00E+02,4.96E+02,2.60E+00,4.70E-03,6.15E+01,9.45E-03,1.19E+00,6.75E-01,2.08E-01,5.53E+02,2.50E+01,5.78E+02,0.204782237,0.206211764
1.22E+02,499,1.01E+02,7.52E-01,4.84E-03,6.23E+01,7.64E-03,1.14E+00,6.48E-01,2.09E-01,5.38E+02,2.45E+01,5.63E+02,0.158993716,0.160331646
1.22E+02,500,4.82E+02,2.60E+00,4.84E-03,6.23E+01,7.63E-03,1.14E+00,6.48E-01,2.09E-01,5.38E+02,2.45E+01,5.63E+02,0.158631897,0.159968832
1.42E+02,6.00E+02,9.77E+01,7.53E-01,4.96E-03,6.30E+01,6.42E-03,1.10E+00,6.24E-01,2.08E-01,5.24E+02,2.37E+01,5.47E+02,0.129031066,0.130269752
1.42E+02,600,4.70E+02,2.60E+00,4.96E-03,6.30E+01,6.41E-03,1.10E+00,6.24E-01,2.08E-01,5.24E+02,2.37E+01,5.47E+02,0.128908709,0.130146914
1.62E+02,699,9.69E+01,7.52E-01,5.09E-03,6.36E+01,5.54E-03,1.06E+00,6.02E-01,2.11E-01,5.13E+02,2.39E+01,5.37E+02,0.108343623,0.109491261
1.62E+02,700,4.60E+02,2.60E+00,5.09E-03,6.36E+01,5.54E-03,1.06E+00,6.02E-01,2.11E-01,5.13E+02,2.39E+01,5.37E+02,0.108167505,0.109314277
1.82E+02,799,4.52E+02,2.60E+00,5.18E-03,6.42E+01,4.88E-03,1.04E+00,5.90E-01,2.09E-01,5.05E+02,2.30E+01,5.28E+02,0.093050808,0.094116961
1.82E+02,8.00E+02,9.44E+01,7.51E-01,5.18E-03,6.42E+01,4.88E-03,1.04E+00,5.90E-01,2.09E-01,5.05E+02,2.30E+01,5.28E+02,0.092984587,0.094050358
2.02E+02,899,9.40E+01,7.52E-01,5.30E-03,6.46E+01,4.36E-03,1.01E+00,5.70E-01,2.12E-01,4.96E+02,2.34E+01,5.19E+02,0.081365417,0.082359815
2.02E+02,900,4.43E+02,2.60E+00,5.30E-03,6.46E+01,4.36E-03,1.01E+00,5.70E-01,2.12E-01,4.96E+02,2.34E+01,5.19E+02,0.081262542,0.082256269
2.22E+02,999,4.37E+02,2.60E+00,5.37E-03,6.50E+01,3.94E-03,9.89E-01,5.59E-01,2.12E-01,4.89E+02,2.31E+01,5.12E+02,0.072162714,0.073093965
2.22E+02,999,9.28E+01,7.53E-01,5.37E-03,6.50E+01,3.94E-03,9.89E-01,5.59E-01,2.12E-01,4.89E+02,2.31E+01,5.12E+02,0.072162714,0.073093965
2.69E+02,1.10E+03,9.08E+01,7.51E-01,5.47E-03,6.54E+01,3.60E-03,9.65E-01,5.47E-01,2.12E-01,4.80E+02,2.26E+01,5.03E+02,0.064705054,0.065580286
2.69E+02,1.10E+03,4.29E+02,2.60E+00,5.47E-03,6.54E+01,3.60E-03,9.65E-01,5.47E-01,2.12E-01,4.80E+02,2.26E+01,5.03E+02,0.064705054,0.065580286
2.89E+02,1199,9.12E+01,7.50E-01,5.55E-03,6.58E+01,3.31E-03,9.49E-01,5.35E-01,2.15E-01,4.76E+02,2.31E+01,4.99E+02,0.058630305,0.059456322
2.89E+02,1.20E+03,4.24E+02,2.60E+00,5.55E-03,6.58E+01,3.31E-03,9.49E-01,5.35E-01,2.15E-01,4.76E+02,2.31E+01,4.99E+02,0.058602493,0.059428278
3.09E+02,1.30E+03,8.81E+01,7.50E-01,5.57E-03,6.61E+01,3.07E-03,9.37E-01,5.33E-01,2.10E-01,4.70E+02,2.16E+01,4.92E+02,0.053498422,0.054280093
3.09E+02,1300,4.20E+02,2.60E+00,5.57E-03,6.61E+01,3.07E-03,9.37E-01,5.33E-01,2.10E-01,4.70E+02,2.16E+01,4.92E+02,0.053475007,0.05425647
3.29E+02,1.40E+03,8.83E+01,7.49E-01,5.66E-03,6.64E+01,2.86E-03,9.22E-01,5.22E-01,2.13E-01,4.66E+02,2.21E+01,4.88E+02,0.049170114,0.049912221
3.29E+02,1400,4.16E+02,2.60E+00,5.66E-03,6.64E+01,2.86E-03,9.22E-01,5.22E-01,2.13E-01,4.66E+02,2.21E+01,4.88E+02,0.049150131,0.049892049
3.49E+02,1.50E+03,8.73E+01,7.49E-01,5.71E-03,6.66E+01,2.68E-03,9.08E-01,5.14E-01,2.12E-01,4.61E+02,2.17E+01,4.83E+02,0.045456009,0.046162445
3.49E+02,1500,4.11E+02,2.60E+00,5.71E-03,6.66E+01,2.68E-03,9.08E-01,5.14E-01,2.12E-01,4.61E+02,2.17E+01,4.83E+02,0.045438766,0.046145033
3.69E+02,1.60E+03,8.58E+01,7.50E-01,5.76E-03,6.69E+01,2.52E-03,8.94E-01,5.07E-01,2.11E-01,4.55E+02,2.12E+01,4.76E+02,0.042236149,0.042910271
3.69E+02,1.60E+03,4.06E+02,2.60E+00,5.76E-03,6.69E+01,2.52E-03,8.94E-01,5.07E-01,2.11E-01,4.55E+02,2.12E+01,4.76E+02,0.042236149,0.042910271
3.89E+02,1699,4.04E+02,2.60E+00,5.81E-03,6.71E+01,2.38E-03,8.85E-01,5.01E-01,2.13E-01,4.53E+02,2.15E+01,4.74E+02,0.039432864,0.04007772
3.89E+02,1.70E+03,8.60E+01,7.51E-01,5.81E-03,6.72E+01,2.38E-03,8.85E-01,5.01E-01,2.13E-01,4.53E+02,2.15E+01,4.74E+02,0.039419662,0.040064377
4.09E+02,1.80E+03,8.56E+01,7.49E-01,5.90E-03,6.74E+01,2.25E-03,8.71E-01,4.92E-01,2.14E-01,4.48E+02,2.16E+01,4.70E+02,0.036936486,0.037554328
4.09E+02,1.80E+03,3.99E+02,2.60E+00,5.90E-03,6.74E+01,2.25E-03,8.71E-01,4.92E-01,2.14E-01,4.48E+02,2.16E+01,4.70E+02,0.036936486,0.037554328
4.29E+02,1.90E+03,8.40E+01,7.50E-01,5.91E-03,6.76E+01,2.14E-03,8.64E-01,4.89E-01,2.12E-01,4.44E+02,2.09E+01,4.65E+02,0.034731766,0.035324954
4.29E+02,1900,3.97E+02,2.60E+00,5.91E-03,6.76E+01,2.14E-03,8.64E-01,4.89E-01,2.12E-01,4.44E+02,2.09E+01,4.65E+02,0.034721364,0.035314434
4.49E+02,2.00E+03,8.34E+01,7.50E-01,5.98E-03,6.78E+01,2.03E-03,8.53E-01,4.83E-01,2.12E-01,4.40E+02,2.08E+01,4.61E+02,0.032761956,0.033332444
4.49E+02,2.00E+03,3.93E+02,2.60E+00,5.98E-03,6.78E+01,2.03E-03,8.53E-01,4.83E-01,2.12E-01,4.40E+02,2.08E+01,4.61E+02,0.032761956,0.033332444
4.96E+02,2099,8.40E+01,7.52E-01,6.07E-03,6.80E+01,1.94E-03,8.41E-01,4.73E-01,2.16E-01,4.37E+02,2.14E+01,4.58E+02,0.031000466,0.031550086
4.97E+02,2.10E+03,3.88E+02,2.60E+00,6.07E-03,6.80E+01,1.94E-03,8.41E-01,4.73E-01,2.16E-01,4.37E+02,2.14E+01,4.58E+02,0.030992065,0.031541584
5.16E+02,2199,8.35E+01,7.51E-01,6.09E-03,6.82E+01,1.86E-03,8.35E-01,4.70E-01,2.16E-01,4.34E+02,2.12E+01,4.56E+02,0.029401269,0.02993145
5.17E+02,2200,3.87E+02,2.60E+00,6.09E-03,6.82E+01,1.86E-03,8.35E-01,4.70E-01,2.16E-01,4.34E+02,2.12E+01,4.56E+02,0.029386061,0.029916055
5.36E+02,2299,8.39E+01,7.51E-01,6.16E-03,6.84E+01,1.78E-03,8.26E-01,4.63E-01,2.19E-01,4.32E+02,2.17E+01,4.54E+02,0.027950336,0.028462453
5.37E+02,2.30E+03,3.84E+02,2.60E+00,6.16E-03,6.84E+01,1.78E-03,8.26E-01,4.63E-01,2.19E-01,4.32E+02,2.17E+01,4.54E+02,0.02794342,0.02845545
5.56E+02,2399,8.35E+01,7.51E-01,6.20E-03,6.86E+01,1.71E-03,8.18E-01,4.58E-01,2.19E-01,4.29E+02,2.16E+01,4.51E+02,0.026628332,0.027123617
5.57E+02,2.40E+03,3.81E+02,2.60E+00,6.20E-03,6.86E+01,1.71E-03,8.18E-01,4.58E-01,2.19E-01,4.29E+02,2.16E+01,4.51E+02,0.026622017,0.027117221
5.76E+02,2499,8.21E+01,7.51E-01,6.24E-03,6.87E+01,1.64E-03,8.09E-01,4.55E-01,2.17E-01,4.25E+02,2.10E+01,4.46E+02,0.025419112,0.025898674
5.77E+02,2.50E+03,3.78E+02,2.60E+00,6.24E-03,6.87E+01,1.64E-03,8.09E-01,4.55E-01,2.17E-01,4.25E+02,2.10E+01,4.46E+02,0.025413326,0.025892812
5.96E+02,2599,8.28E+01,7.50E-01,6.29E-03,6.89E+01,1.58E-03,8.05E-01,4.51E-01,2.20E-01,4.25E+02,2.16E+01,4.46E+02,0.024309098,0.024773938
5.97E+02,2.60E+03,3.77E+02,2.60E+00,6.29E-03,6.89E+01,1.58E-03,8.05E-01,4.51E-01,2.20E-01,4.25E+02,2.16E+01,4.46E+02,0.024303777,0.024768546
6.16E+02,2699,8.13E+01,7.50E-01,6.32E-03,6.90E+01,1.53E-03,7.96E-01,4.47E-01,2.18E-01,4.20E+02,2.09E+01,4.41E+02,0.023286783,0.02373781
6.17E+02,2.70E+03,3.73E+02,2.60E+00,6.32E-03,6.90E+01,1.53E-03,7.96E-01,4.47E-01,2.18E-01,4.20E+02,2.09E+01,4.41E+02,0.023281875,0.023732835
6.36E+02,2799,8.07E+01,7.50E-01,6.32E-03,6.92E+01,1.48E-03,7.94E-01,4.47E-01,2.16E-01,4.20E+02,2.06E+01,4.40E+02,0.022342362,0.0227804
6.37E+02,2800,3.73E+02,2.60E+00,6.32E-03,6.92E+01,1.48E-03,7.94E-01,4.47E-01,2.16E-01,4.20E+02,2.06E+01,4.40E+02,0.022333282,0.022771194
6.56E+02,2899,8.04E+01,7.50E-01,6.35E-03,6.93E+01,1.43E-03,7.88E-01,4.43E-01,2.17E-01,4.17E+02,2.06E+01,4.38E+02,0.021467423,0.021893225
6.57E+02,2900,3.71E+02,2.60E+00,6.35E-03,6.93E+01,1.43E-03,7.88E-01,4.43E-01,2.17E-01,4.17E+02,2.06E+01,4.38E+02,0.021458999,0.021884683
6.76E+02,3.00E+03,7.93E+01,7.50E-01,6.42E-03,6.95E+01,1.38E-03,7.78E-01,4.38E-01,2.16E-01,4.13E+02,2.02E+01,4.33E+02,0.020650795,0.021064994
6.77E+02,3.00E+03,3.67E+02,2.60E+00,6.42E-03,6.95E+01,1.38E-03,7.78E-01,4.38E-01,2.16E-01,4.13E+02,2.02E+01,4.33E+02,0.020650795,0.021064994
7.24E+02,3099,7.99E+01,7.49E-01,6.48E-03,6.96E+01,1.34E-03,7.73E-01,4.34E-01,2.19E-01,4.12E+02,2.07E+01,4.33E+02,0.019897945,0.020301283
7.24E+02,3.10E+03,3.66E+02,2.60E+00,6.48E-03,6.96E+01,1.34E-03,7.73E-01,4.34E-01,2.19E-01,4.12E+02,2.07E+01,4.33E+02,0.019894292,0.020297578
7.44E+02,3199,7.98E+01,7.50E-01,6.51E-03,6.97E+01,1.30E-03,7.68E-01,4.30E-01,2.19E-01,4.10E+02,2.07E+01,4.31E+02,0.019191644,0.019584646
7.44E+02,3.20E+03,3.64E+02,2.60E+00,6.51E-03,6.97E+01,1.30E-03,7.68E-01,4.30E-01,2.19E-01,4.10E+02,2.07E+01,4.31E+02,0.019188231,0.019581182
7.64E+02,3299,7.95E+01,7.51E-01,6.51E-03,6.99E+01,1.26E-03,7.65E-01,4.29E-01,2.19E-01,4.09E+02,2.06E+01,4.30E+02,0.018531019,0.018914218
7.64E+02,3300,3.63E+02,2.60E+00,6.51E-03,6.99E+01,1.26E-03,7.65E-01,4.29E-01,2.19E-01,4.09E+02,2.06E+01,4.30E+02,0.018524629,0.018907733
7.84E+02,3399,8.04E+01,7.49E-01,6.60E-03,7.00E+01,1.23E-03,7.58E-01,4.23E-01,2.23E-01,4.08E+02,2.13E+01,4.29E+02,0.017911863,0.018285753
7.84E+02,3.40E+03,3.61E+02,2.60E+00,6.60E-03,7.00E+01,1.23E-03,7.58E-01,4.23E-01,2.23E-01,4.08E+02,2.13E+01,4.29E+02,0.017908865,0.01828271
8.04E+02,3499,7.91E+01,7.50E-01,6.58E-03,7.01E+01,1.19E-03,7.56E-01,4.24E-01,2.20E-01,4.06E+02,2.06E+01,4.27E+02,0.017330463,0.017695501
8.04E+02,3500,3.60E+02,2.60E+00,6.58E-03,7.01E+01,1.19E-03,7.56E-01,4.24E-01,2.20E-01,4.06E+02,2.06E+01,4.27E+02,0.017324829,0.01768978
8.24E+02,3599,7.88E+01,7.49E-01,6.63E-03,7.02E+01,1.16E-03,7.49E-01,4.19E-01,2.20E-01,4.04E+02,2.06E+01,4.24E+02,0.016783535,0.017140143
8.24E+02,3.60E+03,3.58E+02,2.60E+00,6.63E-03,7.02E+01,1.16E-03,7.49E-01,4.19E-01,2.20E-01,4.04E+02,2.06E+01,4.24E+02,0.016780882,0.017137449
8.44E+02,3.70E+03,7.74E+01,7.49E-01,6.66E-03,7.03E+01,1.13E-03,7.43E-01,4.17E-01,2.18E-01,4.00E+02,2.00E+01,4.20E+02,0.016265657,0.01661419
8.44E+02,3.70E+03,3.55E+02,2.60E+00,6.66E-03,7.03E+01,1.13E-03,7.43E-01,4.17E-01,2.18E-01,4.00E+02,2.00E+01,4.20E+02,0.016265657,0.01661419
8.64E+02,3799,7.83E+01,7.48E-01,6.70E-03,7.05E+01,1.10E-03,7.41E-01,4.15E-01,2.21E-01,4.01E+02,2.05E+01,4.21E+02,0.015781734,0.016122636
8.64E+02,3.80E+03,3.55E+02,2.60E+00,6.70E-03,7.05E+01,1.10E-03,7.41E-01,4.15E-01,2.21E-01,4.01E+02,2.05E+01,4.21E+02,0.015779371,0.016120235
8.84E+02,3899,7.79E+01,7.49E-01,6.68E-03,7.06E+01,1.08E-03,7.41E-01,4.16E-01,2.19E-01,4.01E+02,2.02E+01,4.21E+02,0.015321934,0.015655507
8.84E+02,3900,3.55E+02,2.60E+00,6.68E-03,7.06E+01,1.08E-03,7.41E-01,4.16E-01,2.19E-01,4.01E+02,2.02E+01,4.21E+02,0.015317464,0.015650965
9.04E+02,4.00E+03,7.68E+01,7.50E-01,6.70E-03,7.07E+01,1.05E-03,7.35E-01,4.13E-01,2.18E-01,3.97E+02,1.97E+01,4.17E+02,0.014884556,0.015211084
9.04E+02,4000,3.53E+02,2.60E+00,6.70E-03,7.07E+01,1.05E-03,7.35E-01,4.13E-01,2.18E-01,3.97E+02,1.97E+01,4.17E+02,0.014882439,0.015208933
9.51E+02,4.10E+03,7.73E+01,7.53E-01,6.77E-03,7.08E+01,1.03E-03,7.28E-01,4.06E-01,2.21E-01,3.95E+02,2.03E+01,4.15E+02,0.014472069,0.014791886
9.51E+02,4.10E+03,3.50E+02,2.60E+00,6.77E-03,7.08E+01,1.03E-03,7.28E-01,4.06E-01,2.21E-01,3.95E+02,2.03E+01,4.15E+02,0.014472069,0.014791886
9.71E+02,4.20E+03,7.71E+01,7.52E-01,6.80E-03,7.09E+01,1.00E-03,7.24E-01,4.04E-01,2.21E-01,3.93E+02,2.02E+01,4.13E+02,0.014080547,0.014393932
9.71E+02,4.20E+03,3.49E+02,2.60E+00,6.80E-03,7.09E+01,1.00E-03,7.24E-01,4.04E-01,2.21E-01,3.93E+02,2.02E+01,4.13E+02,0.014080547,0.014393932
9.91E+02,4.30E+03,7.61E+01,7.52E-01,6.78E-03,7.10E+01,9.80E-04,7.23E-01,4.05E-01,2.18E-01,3.92E+02,1.96E+01,4.12E+02,0.013708463,0.014015677
9.91E+02,4.30E+03,3.49E+02,2.60E+00,6.78E-03,7.10E+01,9.80E-04,7.23E-01,4.05E-01,2.18E-01,3.92E+02,1.96E+01,4.12E+02,0.013708463,0.014015677
1.01E+03,4.40E+03,7.67E+01,7.52E-01,6.82E-03,7.11E+01,9.59E-04,7.20E-01,4.02E-01,2.21E-01,3.92E+02,2.01E+01,4.12E+02,0.013354431,0.013655721
1.01E+03,4.40E+03,3.47E+02,2.60E+00,6.82E-03,7.11E+01,9.59E-04,7.20E-01,4.02E-01,2.21E-01,3.92E+02,2.01E+01,4.12E+02,0.013354431,0.013655721
1.03E+03,4.50E+03,7.66E+01,7.53E-01,6.87E-03,7.12E+01,9.38E-04,7.15E-01,3.98E-01,2.22E-01,3.90E+02,2.02E+01,4.10E+02,0.013017196,0.013312792
1.03E+03,4.50E+03,3.45E+02,2.60E+00,6.87E-03,7.12E+01,9.38E-04,7.15E-01,3.98E-01,2.22E-01,3.90E+02,2.02E+01,4.10E+02,0.013017196,0.013312792
1.05E+03,4.60E+03,7.63E+01,7.52E-01,6.87E-03,7.13E+01,9.19E-04,7.13E-01,3.98E-01,2.21E-01,3.89E+02,2.00E+01,4.09E+02,0.012695613,0.012985734
1.05E+03,4.60E+03,3.45E+02,2.60E+00,6.87E-03,7.13E+01,9.19E-04,7.13E-01,3.98E-01,2.21E-01,3.89E+02,2.00E+01,4.09E+02,0.012695613,0.012985734
1.07E+03,4699,7.71E+01,7.53E-01,6.94E-03,7.14E+01,9.00E-04,7.07E-01,3.92E-01,2.25E-01,3.88E+02,2.06E+01,4.08E+02,0.012390139,0.012675015
1.07E+03,4.70E+03,3.43E+02,2.60E+00,6.94E-03,7.14E+01,9.00E-04,7.07E-01,3.92E-01,2.25E-01,3.88E+02,2.06E+01,4.08E+02,0.012388639,0.012673489
1.09E+03,4.80E+03,7.61E+01,7.52E-01,6.93E-03,7.14E+01,8.82E-04,7.06E-01,3.94E-01,2.22E-01,3.87E+02,2.00E+01,4.07E+02,0.012095319,0.012375092
1.09E+03,4.80E+03,3.43E+02,2.60E+00,6.93E-03,7.14E+01,8.82E-04,7.06E-01,3.94E-01,2.22E-01,3.87E+02,2.00E+01,4.07E+02,0.012095319,0.012375092
1.11E+03,4899,7.68E+01,7.53E-01,6.97E-03,7.15E+01,8.65E-04,7.03E-01,3.90E-01,2.25E-01,3.86E+02,2.06E+01,4.07E+02,0.011816153,0.012091057
1.11E+03,4.90E+03,3.42E+02,2.60E+00,6.97E-03,7.15E+01,8.65E-04,7.03E-01,3.90E-01,2.25E-01,3.86E+02,2.06E+01,4.07E+02,0.011814781,0.01208966
1.13E+03,4999,3.42E+02,2.60E+00,6.95E-03,7.16E+01,8.49E-04,7.03E-01,3.91E-01,2.23E-01,3.86E+02,2.03E+01,4.06E+02,0.011547537,0.011817719
1.13E+03,4999,7.64E+01,7.54E-01,6.95E-03,7.16E+01,8.49E-04,7.03E-01,3.91E-01,2.23E-01,3.86E+02,2.03E+01,4.06E+02,0.011547537,0.011817719
1.18E+03,5.10E+03,7.46E+01,7.51E-01,7.03E-03,7.17E+01,8.33E-04,6.93E-01,3.87E-01,2.21E-01,3.81E+02,1.95E+01,4.00E+02,0.011288909,0.011554512
1.18E+03,5.10E+03,3.38E+02,2.60E+00,7.03E-03,7.17E+01,8.33E-04,6.93E-01,3.87E-01,2.21E-01,3.81E+02,1.95E+01,4.00E+02,0.011288909,0.011554512
1.20E+03,5199,7.52E+01,7.49E-01,7.02E-03,7.18E+01,8.18E-04,6.94E-01,3.87E-01,2.22E-01,3.83E+02,1.98E+01,4.02E+02,0.01104337,0.011304594
1.20E+03,5200,3.39E+02,2.60E+00,7.02E-03,7.18E+01,8.18E-04,6.94E-01,3.87E-01,2.22E-01,3.83E+02,1.98E+01,4.02E+02,0.011040953,0.011302134
1.22E+03,5299,7.50E+01,7.49E-01,7.04E-03,7.19E+01,8.03E-04,6.91E-01,3.86E-01,2.22E-01,3.81E+02,1.98E+01,4.01E+02,0.010806516,0.011063486
1.22E+03,5300,3.38E+02,2.60E+00,7.04E-03,7.19E+01,8.03E-04,6.91E-01,3.86E-01,2.22E-01,3.81E+02,1.98E+01,4.01E+02,0.010804196,0.011061124
1.24E+03,5.40E+03,7.39E+01,7.50E-01,7.04E-03,7.19E+01,7.89E-04,6.89E-01,3.86E-01,2.20E-01,3.79E+02,1.92E+01,3.99E+02,0.010577914,0.010830751
1.24E+03,5400,3.37E+02,2.60E+00,7.04E-03,7.19E+01,7.89E-04,6.89E-01,3.86E-01,2.20E-01,3.79E+02,1.92E+01,3.99E+02,0.0105768,0.010829616
1.26E+03,5.50E+03,7.38E+01,7.50E-01,7.08E-03,7.20E+01,7.75E-04,6.84E-01,3.83E-01,2.20E-01,3.78E+02,1.93E+01,3.97E+02,0.010359304,0.010608161
1.26E+03,5.50E+03,3.35E+02,2.60E+00,7.08E-03,7.20E+01,7.75E-04,6.84E-01,3.83E-01,2.20E-01,3.78E+02,1.93E+01,3.97E+02,0.010359304,0.010608161
1.28E+03,5.60E+03,7.35E+01,7.49E-01,7.09E-03,7.21E+01,7.62E-04,6.82E-01,3.81E-01,2.20E-01,3.77E+02,1.92E+01,3.96E+02,0.01014903,0.010394034
1.28E+03,5.60E+03,3.34E+02,2.60E+00,7.09E-03,7.21E+01,7.62E-04,6.82E-01,3.81E-01,2.20E-01,3.77E+02,1.92E+01,3.96E+02,0.01014903,0.010394034
1.30E+03,5.70E+03,7.35E+01,7.49E-01,7.12E-03,7.22E+01,7.49E-04,6.80E-01,3.80E-01,2.21E-01,3.76E+02,1.92E+01,3.95E+02,0.009946634,0.010187907
1.30E+03,5.70E+03,3.33E+02,2.60E+00,7.12E-03,7.22E+01,7.49E-04,6.80E-01,3.80E-01,2.21E-01,3.76E+02,1.92E+01,3.95E+02,0.009946634,0.010187907
1.32E+03,5.80E+03,7.32E+01,7.50E-01,7.11E-03,7.22E+01,7.37E-04,6.78E-01,3.80E-01,2.20E-01,3.75E+02,1.90E+01,3.94E+02,0.009751691,0.009989347
1.32E+03,5800,3.33E+02,2.60E+00,7.11E-03,7.22E+01,7.37E-04,6.78E-01,3.80E-01,2.20E-01,3.75E+02,1.90E+01,3.94E+02,0.009750734,0.009988372
1.34E+03,5899,7.50E+01,7.50E-01,7.22E-03,7.23E+01,7.25E-04,6.74E-01,3.74E-01,2.26E-01,3.76E+02,2.03E+01,3.96E+02,0.009564727,0.009798893
1.34E+03,5.90E+03,3.31E+02,2.60E+00,7.22E-03,7.23E+01,7.25E-04,6.74E-01,3.74E-01,2.26E-01,3.76E+02,2.03E+01,3.96E+02,0.009563804,0.009797953
1.36E+03,6.00E+03,7.29E+01,7.49E-01,7.18E-03,7.24E+01,7.13E-04,6.71E-01,3.76E-01,2.21E-01,3.73E+02,1.91E+01,3.92E+02,0.009382605,0.009613352
1.36E+03,6.00E+03,3.30E+02,2.60E+00,7.18E-03,7.24E+01,7.13E-04,6.71E-01,3.76E-01,2.21E-01,3.73E+02,1.91E+01,3.92E+02,0.009382605,0.009613352
1.40E+03,6.10E+03,7.30E+01,7.51E-01,7.20E-03,7.25E+01,7.02E-04,6.70E-01,3.74E-01,2.21E-01,3.72E+02,1.92E+01,3.91E+02,0.00920775,0.009435195
1.41E+03,6.10E+03,3.30E+02,2.60E+00,7.20E-03,7.25E+01,7.02E-04,6.70E-01,3.74E-01,2.21E-01,3.72E+02,1.92E+01,3.91E+02,0.00920775,0.009435195
1.42E+03,6199,7.37E+01,7.49E-01,7.27E-03,7.25E+01,6.91E-04,6.66E-01,3.70E-01,2.25E-01,3.71E+02,1.98E+01,3.91E+02,0.009039749,0.009264003
1.43E+03,6.20E+03,3.28E+02,2.60E+00,7.27E-03,7.25E+01,6.91E-04,6.66E-01,3.70E-01,2.25E-01,3.71E+02,1.98E+01,3.91E+02,0.009038919,0.009263157
1.44E+03,6.30E+03,7.28E+01,7.50E-01,7.23E-03,7.26E+01,6.81E-04,6.65E-01,3.71E-01,2.22E-01,3.70E+02,1.91E+01,3.90E+02,0.008875811,0.009096935
1.45E+03,6.30E+03,3.28E+02,2.60E+00,7.23E-03,7.26E+01,6.81E-04,6.65E-01,3.71E-01,2.22E-01,3.70E+02,1.91E+01,3.90E+02,0.008875811,0.009096935
1.46E+03,6399,7.36E+01,7.50E-01,7.26E-03,7.27E+01,6.71E-04,6.64E-01,3.69E-01,2.24E-01,3.71E+02,1.96E+01,3.91E+02,0.008718922,0.008937033
1.47E+03,6400,3.28E+02,2.60E+00,7.26E-03,7.27E+01,6.71E-04,6.64E-01,3.69E-01,2.24E-01,3.71E+02,1.96E+01,3.91E+02,0.008717372,0.008935453
1.48E+03,6.50E+03,7.26E+01,7.51E-01,7.25E-03,7.27E+01,6.61E-04,6.62E-01,3.69E-01,2.22E-01,3.69E+02,1.91E+01,3.89E+02,0.008565663,0.008780816
1.49E+03,6500,3.27E+02,2.60E+00,7.25E-03,7.27E+01,6.61E-04,6.62E-01,3.69E-01,2.22E-01,3.69E+02,1.91E+01,3.89E+02,0.008564914,0.008780052
1.50E+03,6599,7.33E+01,7.49E-01,7.35E-03,7.28E+01,6.51E-04,6.56E-01,3.64E-01,2.26E-01,3.68E+02,1.98E+01,3.88E+02,0.00841884,0.008631144
1.51E+03,6.60E+03,3.25E+02,2.60E+00,7.35E-03,7.28E+01,6.51E-04,6.56E-01,3.64E-01,2.26E-01,3.68E+02,1.98E+01,3.88E+02,0.008418114,0.008630404
1.52E+03,6699,7.34E+01,7.51E-01,7.32E-03,7.29E+01,6.42E-04,6.58E-01,3.65E-01,2.25E-01,3.69E+02,1.97E+01,3.89E+02,0.008275972,0.00848549
1.53E+03,6700,3.26E+02,2.60E+00,7.32E-03,7.29E+01,6.42E-04,6.58E-01,3.65E-01,2.25E-01,3.69E+02,1.97E+01,3.89E+02,0.008274567,0.008484057
1.54E+03,6.80E+03,7.21E+01,7.50E-01,7.33E-03,7.29E+01,6.33E-04,6.54E-01,3.65E-01,2.22E-01,3.66E+02,1.91E+01,3.85E+02,0.008136911,0.008343704
1.55E+03,6.80E+03,3.24E+02,2.60E+00,7.33E-03,7.29E+01,6.33E-04,6.54E-01,3.65E-01,2.22E-01,3.66E+02,1.91E+01,3.85E+02,0.008136911,0.008343704
1.56E+03,6899,7.29E+01,7.49E-01,7.35E-03,7.30E+01,6.24E-04,6.54E-01,3.63E-01,2.25E-01,3.67E+02,1.95E+01,3.87E+02,0.008003496,0.008207661
1.57E+03,6900,3.24E+02,2.60E+00,7.35E-03,7.30E+01,6.24E-04,6.54E-01,3.63E-01,2.25E-01,3.67E+02,1.95E+01,3.87E+02,0.008002176,0.008206315
1.58E+03,7.00E+03,7.11E+01,7.51E-01,7.37E-03,7.31E+01,6.16E-04,6.49E-01,3.62E-01,2.21E-01,3.63E+02,1.86E+01,3.82E+02,0.007872853,0.008074432
1.59E+03,7.00E+03,3.22E+02,2.60E+00,7.37E-03,7.31E+01,6.16E-04,6.49E-01,3.62E-01,2.21E-01,3.63E+02,1.86E+01,3.82E+02,0.007872853,0.008074432
1.63E+03,7.10E+03,7.09E+01,7.51E-01,7.37E-03,7.31E+01,6.07E-04,6.47E-01,3.62E-01,2.21E-01,3.63E+02,1.86E+01,3.81E+02,0.007746779,0.007945852
1.63E+03,7.10E+03,3.22E+02,2.60E+00,7.37E-03,7.31E+01,6.07E-04,6.47E-01,3.62E-01,2.21E-01,3.63E+02,1.86E+01,3.81E+02,0.007746779,0.007945852
1.65E+03,7.20E+03,7.08E+01,7.50E-01,7.40E-03,7.32E+01,5.99E-04,6.45E-01,3.60E-01,2.21E-01,3.62E+02,1.86E+01,3.80E+02,0.007624447,0.007821076
1.65E+03,7.20E+03,3.21E+02,2.60E+00,7.40E-03,7.32E+01,5.99E-04,6.45E-01,3.60E-01,2.21E-01,3.62E+02,1.86E+01,3.80E+02,0.007624447,0.007821076
1.67E+03,7299,7.17E+01,7.50E-01,7.39E-03,7.32E+01,5.92E-04,6.46E-01,3.60E-01,2.23E-01,3.63E+02,1.90E+01,3.82E+02,0.007506279,0.007700537
1.67E+03,7300,3.22E+02,2.60E+00,7.39E-03,7.32E+01,5.92E-04,6.46E-01,3.60E-01,2.23E-01,3.63E+02,1.90E+01,3.82E+02,0.007505108,0.007699343
1.69E+03,7399,7.15E+01,7.49E-01,7.46E-03,7.33E+01,5.84E-04,6.41E-01,3.57E-01,2.24E-01,3.61E+02,1.91E+01,3.80E+02,0.007390937,0.00758287
1.69E+03,7.40E+03,3.19E+02,2.60E+00,7.46E-03,7.33E+01,5.84E-04,6.41E-01,3.57E-01,2.24E-01,3.61E+02,1.91E+01,3.80E+02,0.007390368,0.007582291
1.71E+03,7499,7.24E+01,7.50E-01,7.49E-03,7.34E+01,5.77E-04,6.40E-01,3.54E-01,2.27E-01,3.62E+02,1.96E+01,3.81E+02,0.00727888,0.007468546
1.71E+03,7.50E+03,3.19E+02,2.60E+00,7.49E-03,7.34E+01,5.77E-04,6.40E-01,3.54E-01,2.27E-01,3.62E+02,1.96E+01,3.81E+02,0.007278328,0.007467982
1.73E+03,7599,7.12E+01,7.49E-01,7.46E-03,7.34E+01,5.69E-04,6.40E-01,3.57E-01,2.23E-01,3.61E+02,1.89E+01,3.80E+02,0.007169973,0.007357425
1.73E+03,7600,3.19E+02,2.60E+00,7.46E-03,7.34E+01,5.69E-04,6.40E-01,3.57E-01,2.23E-01,3.61E+02,1.89E+01,3.80E+02,0.0071689,0.007356329
1.75E+03,7.70E+03,7.04E+01,7.51E-01,7.47E-03,7.35E+01,5.62E-04,6.37E-01,3.55E-01,2.22E-01,3.59E+02,1.85E+01,3.77E+02,0.007063566,0.007248845
1.75E+03,7.70E+03,3.18E+02,2.60E+00,7.47E-03,7.35E+01,5.62E-04,6.37E-01,3.55E-01,2.22E-01,3.59E+02,1.85E+01,3.77E+02,0.007063566,0.007248845
1.77E+03,7799,7.12E+01,7.50E-01,7.51E-03,7.35E+01,5.55E-04,6.35E-01,3.53E-01,2.24E-01,3.59E+02,1.90E+01,3.78E+02,0.006961103,0.007144282
1.77E+03,7.80E+03,3.17E+02,2.60E+00,7.51E-03,7.35E+01,5.55E-04,6.35E-01,3.53E-01,2.24E-01,3.59E+02,1.90E+01,3.78E+02,0.006960596,0.007143764
1.79E+03,7899,7.12E+01,7.51E-01,7.53E-03,7.36E+01,5.49E-04,6.33E-01,3.52E-01,2.25E-01,3.58E+02,1.91E+01,3.77E+02,0.006860904,0.00704202
1.79E+03,7.90E+03,3.17E+02,2.60E+00,7.53E-03,7.36E+01,5.49E-04,6.33E-01,3.52E-01,2.25E-01,3.58E+02,1.91E+01,3.77E+02,0.006860409,0.007041515
1.81E+03,7999,7.11E+01,7.52E-01,7.54E-03,7.36E+01,5.42E-04,6.32E-01,3.50E-01,2.25E-01,3.57E+02,1.91E+01,3.77E+02,0.00676338,0.00694248
1.81E+03,8.00E+03,3.16E+02,2.60E+00,7.54E-03,7.36E+01,5.42E-04,6.32E-01,3.50E-01,2.25E-01,3.57E+02,1.91E+01,3.77E+02,0.006762898,0.006941989
1.91E+03,8099,7.14E+01,7.51E-01,7.57E-03,7.37E+01,5.36E-04,6.30E-01,3.49E-01,2.26E-01,3.57E+02,1.93E+01,3.77E+02,0.006668428,0.006845558
1.91E+03,8100,3.15E+02,2.60E+00,7.57E-03,7.37E+01,5.36E-04,6.30E-01,3.49E-01,2.26E-01,3.57E+02,1.93E+01,3.77E+02,0.006667491,0.006844602
1.93E+03,8199,7.13E+01,7.51E-01,7.61E-03,7.37E+01,5.30E-04,6.27E-01,3.47E-01,2.27E-01,3.56E+02,1.93E+01,3.75E+02,0.00657595,0.006751154
1.93E+03,8.20E+03,3.14E+02,2.60E+00,7.61E-03,7.37E+01,5.29E-04,6.27E-01,3.47E-01,2.27E-01,3.56E+02,1.93E+01,3.75E+02,0.006575494,0.006750688
1.95E+03,8.30E+03,7.03E+01,7.51E-01,7.59E-03,7.38E+01,5.23E-04,6.25E-01,3.48E-01,2.24E-01,3.55E+02,1.88E+01,3.73E+02,0.006485408,0.006658719
1.95E+03,8.30E+03,3.14E+02,2.60E+00,7.59E-03,7.38E+01,5.23E-04,6.25E-01,3.48E-01,2.24E-01,3.55E+02,1.88E+01,3.73E+02,0.006485408,0.006658719
1.97E+03,8.40E+03,7.02E+01,7.50E-01,7.56E-03,7.38E+01,5.17E-04,6.27E-01,3.49E-01,2.23E-01,3.56E+02,1.86E+01,3.74E+02,0.006397613,0.006569081
1.97E+03,8400,3.15E+02,2.60E+00,7.56E-03,7.38E+01,5.17E-04,6.27E-01,3.49E-01,2.23E-01,3.56E+02,1.86E+01,3.74E+02,0.00639718,0.006568639
1.99E+03,8.50E+03,7.01E+01,7.50E-01,7.59E-03,7.39E+01,5.12E-04,6.24E-01,3.47E-01,2.23E-01,3.54E+02,1.86E+01,3.73E+02,0.006312025,0.00648169
1.99E+03,8500,3.14E+02,2.60E+00,7.59E-03,7.39E+01,5.12E-04,6.24E-01,3.47E-01,2.23E-01,3.54E+02,1.86E+01,3.73E+02,0.006311603,0.006481259
2.01E+03,8.60E+03,7.00E+01,7.50E-01,7.61E-03,7.39E+01,5.06E-04,6.23E-01,3.47E-01,2.24E-01,3.54E+02,1.86E+01,3.73E+02,0.006228563,0.006396464
2.01E+03,8600,3.13E+02,2.60E+00,7.61E-03,7.39E+01,5.06E-04,6.23E-01,3.47E-01,2.24E-01,3.54E+02,1.86E+01,3.73E+02,0.006228151,0.006396043
2.03E+03,8.70E+03,7.00E+01,7.51E-01,7.62E-03,7.40E+01,5.00E-04,6.22E-01,3.46E-01,2.24E-01,3.53E+02,1.87E+01,3.72E+02,0.006147151,0.006313324
2.03E+03,8700,3.12E+02,2.60E+00,7.62E-03,7.40E+01,5.00E-04,6.22E-01,3.46E-01,2.24E-01,3.53E+02,1.87E+01,3.72E+02,0.006146749,0.006312914
2.05E+03,8799,7.06E+01,7.50E-01,7.67E-03,7.40E+01,4.95E-04,6.20E-01,3.44E-01,2.26E-01,3.54E+02,1.91E+01,3.73E+02,0.006068108,0.006232598
2.05E+03,8800,3.12E+02,2.60E+00,7.67E-03,7.40E+01,4.95E-04,6.20E-01,3.44E-01,2.26E-01,3.54E+02,1.91E+01,3.73E+02,0.006067323,0.006231796
2.07E+03,8899,7.05E+01,7.50E-01,7.68E-03,7.41E+01,4.90E-04,6.18E-01,3.43E-01,2.27E-01,3.53E+02,1.91E+01,3.72E+02,0.005990569,0.006153402
2.07E+03,8900,3.11E+02,2.60E+00,7.68E-03,7.41E+01,4.90E-04,6.18E-01,3.43E-01,2.27E-01,3.53E+02,1.91E+01,3.72E+02,0.005989803,0.00615262
2.09E+03,8999,7.04E+01,7.51E-01,7.69E-03,7.41E+01,4.85E-04,6.17E-01,3.41E-01,2.27E-01,3.52E+02,1.91E+01,3.71E+02,0.005914872,0.006076082
2.09E+03,9000,3.11E+02,2.60E+00,7.69E-03,7.41E+01,4.84E-04,6.17E-01,3.41E-01,2.27E-01,3.52E+02,1.91E+01,3.71E+02,0.005914124,0.006075318
2.14E+03,9.10E+03,6.99E+01,7.51E-01,7.71E-03,7.42E+01,4.79E-04,6.14E-01,3.40E-01,2.26E-01,3.50E+02,1.88E+01,3.69E+02,0.005840586,0.006000198
2.14E+03,9.10E+03,3.09E+02,2.60E+00,7.71E-03,7.42E+01,4.79E-04,6.14E-01,3.40E-01,2.26E-01,3.50E+02,1.88E+01,3.69E+02,0.005840586,0.006000198
2.16E+03,9.20E+03,6.97E+01,7.51E-01,7.71E-03,7.42E+01,4.74E-04,6.13E-01,3.40E-01,2.26E-01,3.50E+02,1.87E+01,3.69E+02,0.005768391,0.005926445
2.16E+03,9.20E+03,3.09E+02,2.60E+00,7.71E-03,7.42E+01,4.74E-04,6.13E-01,3.40E-01,2.26E-01,3.50E+02,1.87E+01,3.69E+02,0.005768391,0.005926445
2.18E+03,9.30E+03,6.95E+01,7.51E-01,7.75E-03,7.43E+01,4.70E-04,6.10E-01,3.38E-01,2.26E-01,3.48E+02,1.87E+01,3.67E+02,0.005697855,0.005854381
2.18E+03,9.30E+03,3.08E+02,2.60E+00,7.75E-03,7.43E+01,4.70E-04,6.10E-01,3.38E-01,2.26E-01,3.48E+02,1.87E+01,3.67E+02,0.005697855,0.005854381
2.20E+03,9.40E+03,6.87E+01,7.51E-01,7.74E-03,7.43E+01,4.65E-04,6.08E-01,3.38E-01,2.23E-01,3.47E+02,1.82E+01,3.65E+02,0.005628921,0.005783949
2.20E+03,9.40E+03,3.07E+02,2.60E+00,7.74E-03,7.43E+01,4.65E-04,6.08E-01,3.38E-01,2.23E-01,3.47E+02,1.82E+01,3.65E+02,0.005628921,0.005783949
2.22E+03,9.50E+03,6.95E+01,7.51E-01,7.75E-03,7.44E+01,4.60E-04,6.09E-01,3.38E-01,2.26E-01,3.49E+02,1.87E+01,3.67E+02,0.005561538,0.005715098
2.22E+03,9.50E+03,3.08E+02,2.60E+00,7.75E-03,7.44E+01,4.60E-04,6.09E-01,3.38E-01,2.26E-01,3.49E+02,1.87E+01,3.67E+02,0.005561538,0.005715098
2.24E+03,9599,7.05E+01,7.52E-01,7.79E-03,7.44E+01,4.56E-04,6.08E-01,3.35E-01,2.29E-01,3.49E+02,1.94E+01,3.68E+02,0.005495981,0.005648107
2.24E+03,9.60E+03,3.07E+02,2.60E+00,7.79E-03,7.44E+01,4.56E-04,6.08E-01,3.35E-01,2.29E-01,3.49E+02,1.94E+01,3.68E+02,0.005495655,0.005647774
2.26E+03,9.70E+03,6.94E+01,7.51E-01,7.78E-03,7.45E+01,4.51E-04,6.06E-01,3.36E-01,2.26E-01,3.47E+02,1.87E+01,3.66E+02,0.005431223,0.005581928
2.26E+03,9.70E+03,3.07E+02,2.60E+00,7.78E-03,7.45E+01,4.51E-04,6.06E-01,3.36E-01,2.26E-01,3.47E+02,1.87E+01,3.66E+02,0.005431223,0.005581928
2.28E+03,9.80E+03,6.85E+01,7.51E-01,7.79E-03,7.45E+01,4.47E-04,6.03E-01,3.35E-01,2.24E-01,3.45E+02,1.83E+01,3.63E+02,0.005368196,0.005517514
2.28E+03,9.80E+03,3.05E+02,2.60E+00,7.79E-03,7.45E+01,4.47E-04,6.03E-01,3.35E-01,2.24E-01,3.45E+02,1.83E+01,3.63E+02,0.005368196,0.005517514
2.30E+03,9.90E+03,6.84E+01,7.51E-01,7.77E-03,7.46E+01,4.42E-04,6.04E-01,3.36E-01,2.24E-01,3.46E+02,1.82E+01,3.64E+02,0.005306528,0.005454486
2.30E+03,9.90E+03,3.06E+02,2.60E+00,7.77E-03,7.46E+01,4.42E-04,6.04E-01,3.36E-01,2.24E-01,3.46E+02,1.82E+01,3.64E+02,0.005306528,0.005454486
2.32E+03,1.00E+04,6.84E+01,7.52E-01,7.79E-03,7.46E+01,4.38E-04,6.03E-01,3.35E-01,2.24E-01,3.45E+02,1.82E+01,3.63E+02,0.005246179,0.005392801
2.32E+03,1.00E+04,3.05E+02,2.60E+00,7.79E-03,7.46E+01,4.38E-04,6.03E-01,3.35E-01,2.24E-01,3.45E+02,1.82E+01,3.63E+02,0.005246179,0.005392801
2.37E+03,1.01E+04,6.83E+01,7.51E-01,7.83E-03,7.46E+01,4.34E-04,5.99E-01,3.33E-01,2.25E-01,3.44E+02,1.83E+01,3.62E+02,0.005187106,0.005332417
2.37E+03,1.01E+04,3.04E+02,2.60E+00,7.83E-03,7.46E+01,4.34E-04,5.99E-01,3.33E-01,2.25E-01,3.44E+02,1.83E+01,3.62E+02,0.005187106,0.005332417
2.39E+03,1.02E+04,6.82E+01,7.50E-01,7.84E-03,7.47E+01,4.30E-04,5.99E-01,3.33E-01,2.24E-01,3.44E+02,1.82E+01,3.62E+02,0.005129271,0.005273294
2.39E+03,1.02E+04,3.04E+02,2.60E+00,7.84E-03,7.47E+01,4.30E-04,5.99E-01,3.33E-01,2.24E-01,3.44E+02,1.82E+01,3.62E+02,0.005129271,0.005273294
2.41E+03,10299,6.98E+01,7.51E-01,7.88E-03,7.47E+01,4.26E-04,5.99E-01,3.30E-01,2.30E-01,3.45E+02,1.92E+01,3.64E+02,0.005072915,0.00521568
2.41E+03,10300,3.04E+02,2.60E+00,7.88E-03,7.47E+01,4.26E-04,5.99E-01,3.30E-01,2.30E-01,3.45E+02,1.92E+01,3.64E+02,0.005072355,0.005215107
2.43E+03,10399,6.98E+01,7.50E-01,7.89E-03,7.48E+01,4.22E-04,5.98E-01,3.30E-01,2.30E-01,3.45E+02,1.92E+01,3.64E+02,0.005017437,0.00515896
2.43E+03,10400,3.04E+02,2.60E+00,7.89E-03,7.48E+01,4.22E-04,5.98E-01,3.30E-01,2.30E-01,3.45E+02,1.92E+01,3.64E+02,0.005016888,0.005158399
2.45E+03,10499,3.04E+02,2.60E+00,7.82E-03,7.48E+01,4.18E-04,5.98E-01,3.32E-01,2.23E-01,3.43E+02,1.80E+01,3.61E+02,0.004963089,0.005103391
2.45E+03,1.05E+04,6.79E+01,7.52E-01,7.82E-03,7.48E+01,4.18E-04,5.98E-01,3.32E-01,2.23E-01,3.43E+02,1.80E+01,3.61E+02,0.00496282,0.005103116
2.47E+03,10599,6.96E+01,7.49E-01,7.98E-03,7.49E+01,4.14E-04,5.92E-01,3.26E-01,2.31E-01,3.43E+02,1.93E+01,3.62E+02,0.004909835,0.005048938
2.47E+03,1.06E+04,3.01E+02,2.60E+00,7.98E-03,7.49E+01,4.14E-04,5.92E-01,3.26E-01,2.31E-01,3.43E+02,1.93E+01,3.62E+02,0.004909572,0.005048669
2.49E+03,1.07E+04,6.78E+01,7.50E-01,7.87E-03,7.49E+01,4.11E-04,5.94E-01,3.30E-01,2.24E-01,3.42E+02,1.81E+01,3.60E+02,0.004857387,0.004995306
2.49E+03,10700,3.03E+02,2.60E+00,7.87E-03,7.49E+01,4.11E-04,5.94E-01,3.30E-01,2.24E-01,3.42E+02,1.81E+01,3.60E+02,0.004857129,0.004995042
2.51E+03,10799,6.88E+01,7.51E-01,7.97E-03,7.49E+01,4.07E-04,5.90E-01,3.26E-01,2.29E-01,3.41E+02,1.88E+01,3.60E+02,0.004806489,0.004943255
2.51E+03,1.08E+04,3.01E+02,2.60E+00,7.97E-03,7.49E+01,4.07E-04,5.90E-01,3.26E-01,2.29E-01,3.41E+02,1.88E+01,3.60E+02,0.004806235,0.004942996
2.53E+03,10899,6.94E+01,7.51E-01,7.92E-03,7.50E+01,4.04E-04,5.93E-01,3.27E-01,2.30E-01,3.43E+02,1.91E+01,3.62E+02,0.004756334,0.004891962
2.53E+03,10900,3.02E+02,2.60E+00,7.92E-03,7.50E+01,4.04E-04,5.93E-01,3.27E-01,2.30E-01,3.43E+02,1.91E+01,3.62E+02,0.004755838,0.004891454
2.55E+03,1.10E+04,6.75E+01,7.50E-01,7.93E-03,7.50E+01,4.00E-04,5.90E-01,3.27E-01,2.25E-01,3.40E+02,1.81E+01,3.58E+02,0.004706911,0.004841414
2.55E+03,1.10E+04,3.01E+02,2.60E+00,7.93E-03,7.50E+01,4.00E-04,5.90E-01,3.27E-01,2.25E-01,3.40E+02,1.81E+01,3.58E+02,0.004706911,0.004841414
2.60E+03,11099,6.91E+01,7.53E-01,7.98E-03,7.51E+01,3.97E-04,5.90E-01,3.25E-01,2.30E-01,3.41E+02,1.90E+01,3.60E+02,0.004658921,0.004792329
2.60E+03,1.11E+04,3.01E+02,2.60E+00,7.98E-03,7.51E+01,3.97E-04,5.90E-01,3.25E-01,2.30E-01,3.41E+02,1.90E+01,3.60E+02,0.004658682,0.004792085
2.62E+03,1.12E+04,6.80E+01,7.53E-01,7.93E-03,7.51E+01,3.93E-04,5.89E-01,3.26E-01,2.26E-01,3.40E+02,1.84E+01,3.59E+02,0.004611374,0.004743694
2.62E+03,11200,3.01E+02,2.60E+00,7.93E-03,7.51E+01,3.93E-04,5.89E-01,3.26E-01,2.26E-01,3.40E+02,1.84E+01,3.59E+02,0.00461114,0.004743454
2.64E+03,1.13E+04,6.73E+01,7.52E-01,7.98E-03,7.51E+01,3.90E-04,5.86E-01,3.25E-01,2.25E-01,3.38E+02,1.81E+01,3.56E+02,0.00456496,0.004696215
2.64E+03,1.13E+04,2.99E+02,2.60E+00,7.98E-03,7.51E+01,3.90E-04,5.86E-01,3.25E-01,2.25E-01,3.38E+02,1.81E+01,3.56E+02,0.00456496,0.004696215
2.66E+03,1.14E+04,6.78E+01,7.51E-01,7.97E-03,7.52E+01,3.87E-04,5.86E-01,3.24E-01,2.27E-01,3.39E+02,1.83E+01,3.57E+02,0.004519416,0.004649624
2.66E+03,1.14E+04,2.99E+02,2.60E+00,7.97E-03,7.52E+01,3.87E-04,5.86E-01,3.24E-01,2.27E-01,3.39E+02,1.83E+01,3.57E+02,0.004519416,0.004649624
2.68E+03,1.15E+04,6.79E+01,7.50E-01,8.00E-03,7.52E+01,3.83E-04,5.85E-01,3.24E-01,2.27E-01,3.39E+02,1.84E+01,3.57E+02,0.004474719,0.004603896
2.68E+03,1.15E+04,2.99E+02,2.60E+00,8.00E-03,7.52E+01,3.83E-04,5.85E-01,3.24E-01,2.27E-01,3.39E+02,1.84E+01,3.57E+02,0.004474719,0.004603896
2.70E+03,1.16E+04,6.76E+01,7.52E-01,7.97E-03,7.53E+01,3.80E-04,5.85E-01,3.24E-01,2.26E-01,3.39E+02,1.82E+01,3.57E+02,0.004430844,0.004559008
2.70E+03,11600,2.99E+02,2.60E+00,7.97E-03,7.53E+01,3.80E-04,5.85E-01,3.24E-01,2.26E-01,3.39E+02,1.82E+01,3.57E+02,0.004430627,0.004558786
2.72E+03,1.17E+04,6.75E+01,7.51E-01,8.04E-03,7.53E+01,3.77E-04,5.81E-01,3.22E-01,2.27E-01,3.37E+02,1.83E+01,3.55E+02,0.004387771,0.004514937
2.72E+03,1.17E+04,2.97E+02,2.60E+00,8.04E-03,7.53E+01,3.77E-04,5.81E-01,3.22E-01,2.27E-01,3.37E+02,1.83E+01,3.55E+02,0.004387771,0.004514937
2.74E+03,11799,6.84E+01,7.52E-01,8.05E-03,7.53E+01,3.74E-04,5.82E-01,3.21E-01,2.30E-01,3.38E+02,1.88E+01,3.57E+02,0.004345688,0.004471876
2.74E+03,1.18E+04,2.98E+02,2.60E+00,8.05E-03,7.53E+01,3.74E-04,5.82E-01,3.21E-01,2.30E-01,3.38E+02,1.88E+01,3.57E+02,0.004345478,0.004471662
2.76E+03,11899,6.83E+01,7.51E-01,8.06E-03,7.54E+01,3.71E-04,5.81E-01,3.20E-01,2.30E-01,3.38E+02,1.88E+01,3.57E+02,0.004304151,0.004429372
2.76E+03,1.19E+04,2.98E+02,2.60E+00,8.06E-03,7.54E+01,3.71E-04,5.81E-01,3.20E-01,2.30E-01,3.38E+02,1.88E+01,3.57E+02,0.004303945,0.004429162
2.78E+03,11999,6.92E+01,7.53E-01,8.07E-03,7.54E+01,3.68E-04,5.81E-01,3.19E-01,2.32E-01,3.39E+02,1.93E+01,3.58E+02,0.004263353,0.004387623
2.78E+03,12000,2.98E+02,2.60E+00,8.07E-03,7.54E+01,3.68E-04,5.81E-01,3.19E-01,2.32E-01,3.39E+02,1.93E+01,3.58E+02,0.004262949,0.004387209
2.82E+03,1.21E+04,6.68E+01,7.52E-01,8.01E-03,7.54E+01,3.65E-04,5.79E-01,3.21E-01,2.25E-01,3.36E+02,1.79E+01,3.53E+02,0.004223078,0.004346405
2.82E+03,12100,2.97E+02,2.60E+00,8.01E-03,7.54E+01,3.65E-04,5.79E-01,3.21E-01,2.25E-01,3.36E+02,1.79E+01,3.53E+02,0.004222879,0.004346202
2.84E+03,12199,6.73E+01,7.50E-01,8.09E-03,7.55E+01,3.62E-04,5.77E-01,3.19E-01,2.27E-01,3.36E+02,1.83E+01,3.54E+02,0.004183901,0.00430631
2.84E+03,1.22E+04,2.96E+02,2.60E+00,8.09E-03,7.55E+01,3.62E-04,5.77E-01,3.19E-01,2.27E-01,3.36E+02,1.83E+01,3.54E+02,0.004183706,0.004306111
2.86E+03,1.23E+04,6.65E+01,7.51E-01,8.10E-03,7.55E+01,3.60E-04,5.74E-01,3.18E-01,2.26E-01,3.34E+02,1.79E+01,3.51E+02,0.004145018,0.004266514
2.86E+03,1.23E+04,2.95E+02,2.60E+00,8.10E-03,7.55E+01,3.60E-04,5.74E-01,3.18E-01,2.26E-01,3.34E+02,1.79E+01,3.51E+02,0.004145018,0.004266514
2.88E+03,12399,6.72E+01,7.52E-01,8.10E-03,7.56E+01,3.57E-04,5.75E-01,3.18E-01,2.27E-01,3.35E+02,1.83E+01,3.53E+02,0.004107186,0.004227791
2.88E+03,1.24E+04,2.95E+02,2.60E+00,8.10E-03,7.56E+01,3.57E-04,5.75E-01,3.18E-01,2.27E-01,3.35E+02,1.83E+01,3.53E+02,0.004106997,0.004227598
2.90E+03,12499,6.71E+01,7.50E-01,8.11E-03,7.56E+01,3.54E-04,5.74E-01,3.18E-01,2.27E-01,3.35E+02,1.83E+01,3.53E+02,0.004069812,0.004189535
2.90E+03,1.25E+04,2.95E+02,2.60E+00,8.11E-03,7.56E+01,3.54E-04,5.74E-01,3.18E-01,2.27E-01,3.35E+02,1.83E+01,3.53E+02,0.004069627,0.004189345
2.92E+03,12599,6.70E+01,7.51E-01,8.12E-03,7.56E+01,3.51E-04,5.74E-01,3.17E-01,2.27E-01,3.34E+02,1.82E+01,3.52E+02,0.004033072,0.004151925
2.92E+03,1.26E+04,2.95E+02,2.60E+00,8.12E-03,7.56E+01,3.51E-04,5.74E-01,3.17E-01,2.27E-01,3.34E+02,1.82E+01,3.52E+02,0.004032889,0.004151739
2.94E+03,12699,6.79E+01,7.52E-01,8.13E-03,7.57E+01,3.49E-04,5.74E-01,3.16E-01,2.30E-01,3.35E+02,1.87E+01,3.54E+02,0.00399695,0.004114947
2.94E+03,12700,2.95E+02,2.60E+00,8.13E-03,7.57E+01,3.49E-04,5.74E-01,3.16E-01,2.30E-01,3.35E+02,1.87E+01,3.54E+02,0.003996591,0.00411458
2.96E+03,1.28E+04,6.54E+01,7.50E-01,8.06E-03,7.57E+01,3.46E-04,5.72E-01,3.19E-01,2.22E-01,3.33E+02,1.73E+01,3.50E+02,0.003961254,0.004078404
2.96E+03,12800,2.95E+02,2.60E+00,8.06E-03,7.57E+01,3.46E-04,5.72E-01,3.19E-01,2.22E-01,3.33E+02,1.73E+01,3.50E+02,0.003961078,0.004078224
2.98E+03,1.29E+04,6.62E+01,7.51E-01,8.10E-03,7.57E+01,3.44E-04,5.71E-01,3.17E-01,2.25E-01,3.33E+02,1.77E+01,3.51E+02,0.003926327,0.004042645
2.98E+03,12900,2.94E+02,2.60E+00,8.10E-03,7.57E+01,3.44E-04,5.71E-01,3.17E-01,2.25E-01,3.33E+02,1.77E+01,3.51E+02,0.003926154,0.004042467
3.00E+03,12999,6.69E+01,7.51E-01,8.11E-03,7.58E+01,3.41E-04,5.72E-01,3.16E-01,2.27E-01,3.34E+02,1.82E+01,3.52E+02,0.003892144,0.004007646
3.00E+03,13000,2.94E+02,2.60E+00,8.11E-03,7.58E+01,3.41E-04,5.72E-01,3.16E-01,2.27E-01,3.34E+02,1.82E+01,3.52E+02,0.003891803,0.004007297
3.05E+03,1.31E+04,6.63E+01,7.51E-01,8.14E-03,7.58E+01,3.39E-04,5.69E-01,3.15E-01,2.26E-01,3.32E+02,1.79E+01,3.50E+02,0.00385818,0.00397287
3.05E+03,13100,2.93E+02,2.60E+00,8.14E-03,7.58E+01,3.39E-04,5.69E-01,3.15E-01,2.26E-01,3.32E+02,1.79E+01,3.50E+02,0.003858013,0.003972699
3.07E+03,1.32E+04,6.56E+01,7.52E-01,8.13E-03,7.58E+01,3.36E-04,5.68E-01,3.16E-01,2.24E-01,3.31E+02,1.75E+01,3.48E+02,0.003824934,0.003938828
3.07E+03,13200,2.93E+02,2.60E+00,8.13E-03,7.58E+01,3.36E-04,5.68E-01,3.16E-01,2.24E-01,3.31E+02,1.75E+01,3.48E+02,0.003824769,0.003938659
3.09E+03,1.33E+04,6.61E+01,7.51E-01,8.16E-03,7.59E+01,3.34E-04,5.68E-01,3.15E-01,2.26E-01,3.31E+02,1.78E+01,3.49E+02,0.003792222,0.00390533
3.09E+03,13300,2.93E+02,2.60E+00,8.16E-03,7.59E+01,3.34E-04,5.68E-01,3.15E-01,2.26E-01,3.31E+02,1.78E+01,3.49E+02,0.00379206,0.003905164
3.11E+03,1.34E+04,6.61E+01,7.49E-01,8.18E-03,7.59E+01,3.31E-04,5.67E-01,3.14E-01,2.26E-01,3.31E+02,1.79E+01,3.49E+02,0.003760032,0.003872366
3.11E+03,13400,2.92E+02,2.60E+00,8.18E-03,7.59E+01,3.31E-04,5.67E-01,3.14E-01,2.26E-01,3.31E+02,1.79E+01,3.49E+02,0.003759873,0.003872202
3.13E+03,1.35E+04,6.60E+01,7.51E-01,8.17E-03,7.59E+01,3.29E-04,5.66E-01,3.13E-01,2.26E-01,3.30E+02,1.78E+01,3.48E+02,0.003728352,0.003839921
3.13E+03,13500,2.92E+02,2.60E+00,8.17E-03,7.59E+01,3.29E-04,5.66E-01,3.13E-01,2.26E-01,3.30E+02,1.78E+01,3.48E+02,0.003728194,0.003839761
3.15E+03,1.36E+04,6.48E+01,7.52E-01,8.17E-03,7.60E+01,3.27E-04,5.64E-01,3.14E-01,2.23E-01,3.29E+02,1.72E+01,3.46E+02,0.003697169,0.003807985
3.15E+03,1.36E+04,2.91E+02,2.60E+00,8.17E-03,7.60E+01,3.27E-04,5.64E-01,3.14E-01,2.23E-01,3.29E+02,1.72E+01,3.46E+02,0.003697169,0.003807985
3.17E+03,1.37E+04,6.59E+01,7.50E-01,8.20E-03,7.60E+01,3.25E-04,5.64E-01,3.13E-01,2.26E-01,3.30E+02,1.78E+01,3.48E+02,0.003666472,0.003776546
3.17E+03,13700,2.91E+02,2.60E+00,8.20E-03,7.60E+01,3.24E-04,5.64E-01,3.13E-01,2.26E-01,3.30E+02,1.78E+01,3.48E+02,0.00366632,0.00377639
3.19E+03,13799,6.76E+01,7.51E-01,8.27E-03,7.60E+01,3.22E-04,5.63E-01,3.09E-01,2.32E-01,3.31E+02,1.89E+01,3.50E+02,0.003636401,0.003745746
3.19E+03,13800,2.91E+02,2.60E+00,8.27E-03,7.60E+01,3.22E-04,5.63E-01,3.09E-01,2.32E-01,3.31E+02,1.89E+01,3.50E+02,0.003636101,0.003745438
3.21E+03,13899,6.66E+01,7.49E-01,8.25E-03,7.61E+01,3.20E-04,5.63E-01,3.11E-01,2.29E-01,3.31E+02,1.83E+01,3.49E+02,0.003606643,0.003715264
3.21E+03,13900,2.91E+02,2.60E+00,8.25E-03,7.61E+01,3.20E-04,5.63E-01,3.11E-01,2.29E-01,3.31E+02,1.83E+01,3.49E+02,0.003606347,0.003714961
3.23E+03,1.40E+04,6.59E+01,7.50E-01,8.22E-03,7.61E+01,3.18E-04,5.62E-01,3.11E-01,2.27E-01,3.29E+02,1.79E+01,3.47E+02,0.003577193,0.003685097
3.23E+03,14000,2.91E+02,2.60E+00,8.22E-03,7.61E+01,3.18E-04,5.62E-01,3.11E-01,2.27E-01,3.29E+02,1.79E+01,3.47E+02,0.003577047,0.003684948
3.28E+03,14099,6.69E+01,7.52E-01,8.28E-03,7.61E+01,3.16E-04,5.60E-01,3.08E-01,2.31E-01,3.29E+02,1.85E+01,3.48E+02,0.003548478,0.003655681
3.28E+03,1.41E+04,2.90E+02,2.60E+00,8.28E-03,7.61E+01,3.16E-04,5.60E-01,3.08E-01,2.31E-01,3.29E+02,1.85E+01,3.48E+02,0.003548335,0.003655535
3.30E+03,1.42E+04,6.60E+01,7.52E-01,8.29E-03,7.62E+01,3.14E-04,5.58E-01,3.08E-01,2.29E-01,3.28E+02,1.81E+01,3.46E+02,0.003519911,0.003626416
3.30E+03,1.42E+04,2.89E+02,2.60E+00,8.29E-03,7.62E+01,3.14E-04,5.58E-01,3.08E-01,2.29E-01,3.28E+02,1.81E+01,3.46E+02,0.003519911,0.003626416
3.32E+03,14299,6.68E+01,7.51E-01,8.30E-03,7.62E+01,3.12E-04,5.59E-01,3.07E-01,2.31E-01,3.29E+02,1.85E+01,3.47E+02,0.003492051,0.003597874
3.32E+03,1.43E+04,2.89E+02,2.60E+00,8.30E-03,7.62E+01,3.12E-04,5.59E-01,3.07E-01,2.31E-01,3.29E+02,1.85E+01,3.47E+02,0.003491912,0.003597732
3.34E+03,1.44E+04,6.52E+01,7.51E-01,8.26E-03,7.62E+01,3.09E-04,5.58E-01,3.09E-01,2.26E-01,3.27E+02,1.75E+01,3.44E+02,0.003464328,0.003569471
3.34E+03,1.44E+04,2.89E+02,2.60E+00,8.26E-03,7.62E+01,3.09E-04,5.58E-01,3.09E-01,2.26E-01,3.27E+02,1.75E+01,3.44E+02,0.003464328,0.003569471
3.36E+03,1.45E+04,6.53E+01,7.52E-01,8.21E-03,7.62E+01,3.07E-04,5.60E-01,3.10E-01,2.25E-01,3.28E+02,1.75E+01,3.45E+02,0.003437151,0.003541626
3.36E+03,14500,2.90E+02,2.60E+00,8.21E-03,7.62E+01,3.07E-04,5.60E-01,3.10E-01,2.25E-01,3.28E+02,1.75E+01,3.45E+02,0.003437016,0.003541488
3.38E+03,1.46E+04,6.52E+01,7.52E-01,8.27E-03,7.63E+01,3.05E-04,5.56E-01,3.08E-01,2.26E-01,3.26E+02,1.76E+01,3.44E+02,0.003410372,0.003514188
3.38E+03,1.46E+04,2.88E+02,2.60E+00,8.27E-03,7.63E+01,3.05E-04,5.56E-01,3.08E-01,2.26E-01,3.26E+02,1.76E+01,3.44E+02,0.003410372,0.003514188
3.40E+03,1.47E+04,6.60E+01,7.52E-01,8.31E-03,7.63E+01,3.03E-04,5.55E-01,3.06E-01,2.29E-01,3.27E+02,1.81E+01,3.45E+02,0.003383982,0.003487147
3.40E+03,1.47E+04,2.88E+02,2.60E+00,8.31E-03,7.63E+01,3.03E-04,5.55E-01,3.06E-01,2.29E-01,3.27E+02,1.81E+01,3.45E+02,0.003383982,0.003487147
3.42E+03,14799,6.65E+01,7.52E-01,8.32E-03,7.63E+01,3.01E-04,5.56E-01,3.06E-01,2.31E-01,3.28E+02,1.84E+01,3.46E+02,0.003358102,0.003460628
3.42E+03,14800,2.88E+02,2.60E+00,8.32E-03,7.63E+01,3.01E-04,5.56E-01,3.06E-01,2.31E-01,3.28E+02,1.84E+01,3.46E+02,0.003357844,0.003460363
3.44E+03,14899,6.64E+01,7.52E-01,8.36E-03,7.64E+01,3.00E-04,5.54E-01,3.04E-01,2.31E-01,3.27E+02,1.85E+01,3.45E+02,0.003332465,0.003434355
3.44E+03,1.49E+04,2.87E+02,2.60E+00,8.36E-03,7.64E+01,3.00E-04,5.54E-01,3.04E-01,2.31E-01,3.27E+02,1.85E+01,3.45E+02,0.003332338,0.003434225
3.46E+03,1.50E+04,6.56E+01,7.51E-01,8.31E-03,7.64E+01,2.98E-04,5.54E-01,3.06E-01,2.28E-01,3.26E+02,1.79E+01,3.44E+02,0.003307067,0.003408328
3.46E+03,15000,2.88E+02,2.60E+00,8.31E-03,7.64E+01,2.98E-04,5.54E-01,3.06E-01,2.28E-01,3.26E+02,1.79E+01,3.44E+02,0.003306942,0.003408199
3.50E+03,1.51E+04,6.48E+01,7.54E-01,8.30E-03,7.64E+01,2.96E-04,5.53E-01,3.06E-01,2.26E-01,3.25E+02,1.74E+01,3.42E+02,0.003282154,0.003382796
3.50E+03,15100,2.87E+02,2.60E+00,8.30E-03,7.64E+01,2.96E-04,5.53E-01,3.06E-01,2.26E-01,3.25E+02,1.74E+01,3.42E+02,0.003282031,0.003382669
3.52E+03,1.52E+04,6.53E+01,7.53E-01,8.36E-03,7.65E+01,2.94E-04,5.50E-01,3.04E-01,2.28E-01,3.24E+02,1.78E+01,3.42E+02,0.003257592,0.003357622
3.52E+03,1.52E+04,2.86E+02,2.60E+00,8.36E-03,7.65E+01,2.94E-04,5.50E-01,3.04E-01,2.28E-01,3.24E+02,1.78E+01,3.42E+02,0.003257592,0.003357622
3.54E+03,15299,6.60E+01,7.52E-01,8.41E-03,7.65E+01,2.92E-04,5.50E-01,3.02E-01,2.31E-01,3.25E+02,1.83E+01,3.43E+02,0.003233492,0.003332922
3.54E+03,1.53E+04,2.86E+02,2.60E+00,8.41E-03,7.65E+01,2.92E-04,5.50E-01,3.02E-01,2.31E-01,3.25E+02,1.83E+01,3.43E+02,0.003233372,0.003332799
3.56E+03,15399,6.59E+01,7.52E-01,8.42E-03,7.65E+01,2.90E-04,5.49E-01,3.02E-01,2.31E-01,3.24E+02,1.83E+01,3.43E+02,0.003209607,0.00330844
3.56E+03,1.54E+04,2.85E+02,2.60E+00,8.42E-03,7.65E+01,2.90E-04,5.49E-01,3.02E-01,2.31E-01,3.24E+02,1.83E+01,3.43E+02,0.003209489,0.003308319
3.58E+03,1.55E+04,6.50E+01,7.51E-01,8.32E-03,7.65E+01,2.88E-04,5.51E-01,3.05E-01,2.27E-01,3.25E+02,1.76E+01,3.42E+02,0.003185935,0.003284175
3.58E+03,15500,2.87E+02,2.60E+00,8.32E-03,7.65E+01,2.88E-04,5.51E-01,3.05E-01,2.27E-01,3.25E+02,1.76E+01,3.42E+02,0.003185818,0.003284055
3.60E+03,1.56E+04,6.50E+01,7.51E-01,8.37E-03,7.66E+01,2.87E-04,5.49E-01,3.03E-01,2.28E-01,3.24E+02,1.77E+01,3.41E+02,0.003162703,0.003260362
3.60E+03,15600,2.86E+02,2.60E+00,8.37E-03,7.66E+01,2.87E-04,5.49E-01,3.03E-01,2.28E-01,3.24E+02,1.77E+01,3.41E+02,0.003162588,0.003260243
3.62E+03,1.57E+04,6.43E+01,7.53E-01,8.38E-03,7.66E+01,2.85E-04,5.46E-01,3.03E-01,2.26E-01,3.22E+02,1.73E+01,3.39E+02,0.003139788,0.003236871
3.62E+03,1.57E+04,2.84E+02,2.60E+00,8.38E-03,7.66E+01,2.85E-04,5.46E-01,3.03E-01,2.26E-01,3.22E+02,1.73E+01,3.39E+02,0.003139788,0.003236871
3.64E+03,15799,6.57E+01,7.53E-01,8.44E-03,7.66E+01,2.83E-04,5.46E-01,3.00E-01,2.31E-01,3.23E+02,1.82E+01,3.41E+02,0.003117295,0.003213813
3.64E+03,1.58E+04,2.84E+02,2.60E+00,8.44E-03,7.66E+01,2.83E-04,5.46E-01,3.00E-01,2.31E-01,3.23E+02,1.82E+01,3.41E+02,0.003117183,0.003213698
3.66E+03,1.59E+04,6.49E+01,7.53E-01,8.40E-03,7.67E+01,2.82E-04,5.47E-01,3.02E-01,2.28E-01,3.23E+02,1.77E+01,3.40E+02,0.003094881,0.003190835
3.66E+03,15900,2.85E+02,2.60E+00,8.40E-03,7.67E+01,2.82E-04,5.47E-01,3.02E-01,2.28E-01,3.23E+02,1.77E+01,3.40E+02,0.003094771,0.003190721
3.68E+03,15999,6.56E+01,7.52E-01,8.43E-03,7.67E+01,2.80E-04,5.45E-01,3.00E-01,2.31E-01,3.23E+02,1.82E+01,3.41E+02,0.003072987,0.003168388
3.68E+03,16000,2.84E+02,2.60E+00,8.43E-03,7.67E+01,2.80E-04,5.45E-01,3.00E-01,2.31E-01,3.23E+02,1.82E+01,3.41E+02,0.003072768,0.003168164
3.73E+03,16099,6.57E+01,7.51E-01,8.45E-03,7.67E+01,2.78E-04,5.45E-01,3.00E-01,2.31E-01,3.23E+02,1.82E+01,3.42E+02,0.003051274,0.003146127
3.73E+03,16100,2.84E+02,2.60E+00,8.45E-03,7.67E+01,2.78E-04,5.45E-01,3.00E-01,2.31E-01,3.23E+02,1.82E+01,3.42E+02,0.003051058,0.003145905
3.75E+03,1.62E+04,6.46E+01,7.51E-01,8.41E-03,7.67E+01,2.77E-04,5.44E-01,3.01E-01,2.28E-01,3.22E+02,1.76E+01,3.39E+02,0.003029741,0.003124049
3.75E+03,16200,2.84E+02,2.60E+00,8.41E-03,7.67E+01,2.77E-04,5.44E-01,3.01E-01,2.28E-01,3.22E+02,1.76E+01,3.39E+02,0.003029635,0.00312394
3.77E+03,16299,6.63E+01,7.50E-01,8.52E-03,7.68E+01,2.75E-04,5.42E-01,2.97E-01,2.34E-01,3.23E+02,1.87E+01,3.41E+02,0.003008702,0.003102476
3.77E+03,1.63E+04,2.83E+02,2.60E+00,8.52E-03,7.68E+01,2.75E-04,5.42E-01,2.97E-01,2.34E-01,3.23E+02,1.87E+01,3.41E+02,0.003008597,0.003102369
3.79E+03,1.64E+04,6.40E+01,7.51E-01,8.41E-03,7.68E+01,2.73E-04,5.43E-01,3.01E-01,2.26E-01,3.21E+02,1.72E+01,3.38E+02,0.002987729,0.00308097
3.79E+03,16400,2.84E+02,2.60E+00,8.41E-03,7.68E+01,2.73E-04,5.43E-01,3.01E-01,2.26E-01,3.21E+02,1.72E+01,3.38E+02,0.002987625,0.003080864
3.81E+03,1.65E+04,6.46E+01,7.50E-01,8.47E-03,7.68E+01,2.72E-04,5.41E-01,2.99E-01,2.28E-01,3.21E+02,1.77E+01,3.38E+02,0.00296713,0.003059848
3.81E+03,1.65E+04,2.83E+02,2.60E+00,8.47E-03,7.68E+01,2.72E-04,5.41E-01,2.99E-01,2.28E-01,3.21E+02,1.77E+01,3.38E+02,0.00296713,0.003059848
3.83E+03,1.66E+04,6.45E+01,7.50E-01,8.45E-03,7.69E+01,2.70E-04,5.42E-01,3.00E-01,2.28E-01,3.21E+02,1.76E+01,3.39E+02,0.002946797,0.003038997
3.83E+03,16600,2.83E+02,2.60E+00,8.45E-03,7.69E+01,2.70E-04,5.42E-01,3.00E-01,2.28E-01,3.21E+02,1.76E+01,3.39E+02,0.002946696,0.003038894
3.85E+03,16699,6.53E+01,7.50E-01,8.55E-03,7.69E+01,2.69E-04,5.38E-01,2.96E-01,2.32E-01,3.20E+02,1.82E+01,3.38E+02,0.002926824,0.003018515
3.85E+03,1.67E+04,2.81E+02,2.60E+00,8.55E-03,7.69E+01,2.69E-04,5.38E-01,2.96E-01,2.32E-01,3.20E+02,1.82E+01,3.38E+02,0.002926724,0.003018412
3.87E+03,16799,6.62E+01,7.50E-01,8.59E-03,7.69E+01,2.67E-04,5.38E-01,2.94E-01,2.35E-01,3.21E+02,1.88E+01,3.40E+02,0.002907005,0.00299819
3.87E+03,1.68E+04,2.81E+02,2.60E+00,8.59E-03,7.69E+01,2.67E-04,5.38E-01,2.94E-01,2.35E-01,3.21E+02,1.88E+01,3.40E+02,0.002906907,0.002998089
3.89E+03,1.69E+04,6.44E+01,7.50E-01,8.47E-03,7.69E+01,2.66E-04,5.40E-01,2.99E-01,2.28E-01,3.21E+02,1.75E+01,3.38E+02,0.00288734,0.002978021
3.89E+03,16900,2.83E+02,2.60E+00,8.47E-03,7.69E+01,2.66E-04,5.40E-01,2.99E-01,2.28E-01,3.21E+02,1.75E+01,3.38E+02,0.002887243,0.002977921
3.91E+03,1.70E+04,6.37E+01,7.50E-01,8.51E-03,7.70E+01,2.64E-04,5.37E-01,2.98E-01,2.27E-01,3.18E+02,1.73E+01,3.36E+02,0.002868019,0.002958205
3.91E+03,1.70E+04,2.81E+02,2.60E+00,8.51E-03,7.70E+01,2.64E-04,5.37E-01,2.98E-01,2.27E-01,3.18E+02,1.73E+01,3.36E+02,0.002868019,0.002958205
3.96E+03,17099,6.48E+01,7.53E-01,8.58E-03,7.70E+01,2.63E-04,5.35E-01,2.94E-01,2.32E-01,3.18E+02,1.80E+01,3.36E+02,0.002849035,0.002938733
3.96E+03,1.71E+04,2.80E+02,2.60E+00,8.58E-03,7.70E+01,2.63E-04,5.35E-01,2.94E-01,2.32E-01,3.18E+02,1.80E+01,3.36E+02,0.00284894,0.002938636
3.98E+03,17199,6.54E+01,7.52E-01,8.58E-03,7.70E+01,2.61E-04,5.36E-01,2.94E-01,2.33E-01,3.19E+02,1.84E+01,3.38E+02,0.002830191,0.002919405
3.98E+03,1.72E+04,2.81E+02,2.60E+00,8.58E-03,7.70E+01,2.61E-04,5.36E-01,2.94E-01,2.33E-01,3.19E+02,1.84E+01,3.38E+02,0.002830097,0.002919309
4.00E+03,17299,6.46E+01,7.53E-01,8.55E-03,7.70E+01,2.60E-04,5.36E-01,2.95E-01,2.30E-01,3.18E+02,1.78E+01,3.36E+02,0.00281158,0.002900316
4.00E+03,1.73E+04,2.80E+02,2.60E+00,8.55E-03,7.70E+01,2.60E-04,5.36E-01,2.95E-01,2.30E-01,3.18E+02,1.78E+01,3.36E+02,0.002811488,0.002900221
4.02E+03,17399,6.45E+01,7.52E-01,8.56E-03,7.71E+01,2.58E-04,5.35E-01,2.94E-01,2.30E-01,3.18E+02,1.78E+01,3.36E+02,0.002793198,0.00288146
4.02E+03,1.74E+04,2.80E+02,2.60E+00,8.56E-03,7.71E+01,2.58E-04,5.35E-01,2.94E-01,2.30E-01,3.18E+02,1.78E+01,3.36E+02,0.002793107,0.002881366
4.04E+03,17499,6.47E+01,7.53E-01,8.61E-03,7.71E+01,2.57E-04,5.33E-01,2.92E-01,2.32E-01,3.17E+02,1.80E+01,3.35E+02,0.00277504,0.002862833
4.04E+03,1.75E+04,2.79E+02,2.60E+00,8.61E-03,7.71E+01,2.57E-04,5.33E-01,2.92E-01,2.32E-01,3.17E+02,1.80E+01,3.35E+02,0.00277495,0.002862741
4.06E+03,17599,2.81E+02,2.60E+00,8.52E-03,7.71E+01,2.56E-04,5.36E-01,2.95E-01,2.29E-01,3.19E+02,1.77E+01,3.36E+02,0.002757103,0.002844432
4.06E+03,17599,6.44E+01,7.52E-01,8.52E-03,7.71E+01,2.56E-04,5.36E-01,2.95E-01,2.29E-01,3.19E+02,1.77E+01,3.36E+02,0.002757103,0.002844432
4.08E+03,1.77E+04,6.38E+01,7.53E-01,8.53E-03,7.71E+01,2.54E-04,5.34E-01,2.95E-01,2.28E-01,3.17E+02,1.74E+01,3.35E+02,0.002739295,0.002826163
4.08E+03,17700,2.80E+02,2.60E+00,8.53E-03,7.71E+01,2.54E-04,5.34E-01,2.95E-01,2.28E-01,3.17E+02,1.74E+01,3.35E+02,0.002739207,0.002826072
4.10E+03,17799,6.46E+01,7.54E-01,8.56E-03,7.72E+01,2.53E-04,5.34E-01,2.94E-01,2.31E-01,3.18E+02,1.79E+01,3.36E+02,0.002721875,0.002808291
4.10E+03,17800,2.80E+02,2.60E+00,8.56E-03,7.72E+01,2.53E-04,5.34E-01,2.94E-01,2.31E-01,3.18E+02,1.79E+01,3.36E+02,0.002721701,0.002808113
4.12E+03,1.79E+04,6.38E+01,7.54E-01,8.53E-03,7.72E+01,2.51E-04,5.34E-01,2.95E-01,2.28E-01,3.17E+02,1.74E+01,3.34E+02,0.00270449,0.002790455
4.12E+03,17900,2.80E+02,2.60E+00,8.53E-03,7.72E+01,2.51E-04,5.34E-01,2.95E-01,2.28E-01,3.17E+02,1.74E+01,3.34E+02,0.002704404,0.002790367
4.14E+03,17999,6.62E+01,7.53E-01,8.71E-03,7.72E+01,2.50E-04,5.30E-01,2.88E-01,2.38E-01,3.18E+02,1.91E+01,3.37E+02,0.002687483,0.002773006
4.14E+03,1.80E+04,2.78E+02,2.60E+00,8.71E-03,7.72E+01,2.50E-04,5.30E-01,2.88E-01,2.38E-01,3.18E+02,1.91E+01,3.37E+02,0.002687398,0.002772919
4.18E+03,1.81E+04,6.40E+01,7.51E-01,8.62E-03,7.72E+01,2.49E-04,5.30E-01,2.92E-01,2.30E-01,3.16E+02,1.77E+01,3.34E+02,0.002670508,0.002755588
4.19E+03,1.81E+04,2.78E+02,2.60E+00,8.62E-03,7.72E+01,2.49E-04,5.30E-01,2.92E-01,2.30E-01,3.16E+02,1.77E+01,3.34E+02,0.002670508,0.002755588
4.20E+03,18199,6.47E+01,7.51E-01,8.62E-03,7.73E+01,2.48E-04,5.31E-01,2.92E-01,2.32E-01,3.17E+02,1.80E+01,3.35E+02,0.002653898,0.002738546
4.21E+03,18200,2.79E+02,2.60E+00,8.62E-03,7.73E+01,2.47E-04,5.31E-01,2.92E-01,2.32E-01,3.17E+02,1.80E+01,3.35E+02,0.002653732,0.002738376
4.22E+03,18299,6.46E+01,7.52E-01,8.66E-03,7.73E+01,2.46E-04,5.29E-01,2.90E-01,2.33E-01,3.16E+02,1.81E+01,3.34E+02,0.0026374,0.002721617
4.23E+03,1.83E+04,2.78E+02,2.60E+00,8.66E-03,7.73E+01,2.46E-04,5.29E-01,2.90E-01,2.33E-01,3.16E+02,1.81E+01,3.34E+02,0.002637318,0.002721533
4.24E+03,18399,6.46E+01,7.52E-01,8.63E-03,7.73E+01,2.45E-04,5.30E-01,2.91E-01,2.32E-01,3.16E+02,1.80E+01,3.34E+02,0.002621094,0.002704884
4.25E+03,18400,2.78E+02,2.60E+00,8.63E-03,7.73E+01,2.45E-04,5.30E-01,2.91E-01,2.32E-01,3.16E+02,1.80E+01,3.34E+02,0.002620932,0.002704718
4.26E+03,18499,6.44E+01,7.50E-01,8.65E-03,7.73E+01,2.44E-04,5.29E-01,2.91E-01,2.32E-01,3.17E+02,1.80E+01,3.34E+02,0.002604976,0.002688344
4.27E+03,18500,2.78E+02,2.60E+00,8.65E-03,7.73E+01,2.44E-04,5.29E-01,2.91E-01,2.32E-01,3.17E+02,1.80E+01,3.34E+02,0.002604815,0.00268818
4.28E+03,18599,6.44E+01,7.51E-01,8.65E-03,7.74E+01,2.42E-04,5.29E-01,2.91E-01,2.32E-01,3.16E+02,1.80E+01,3.34E+02,0.002589043,0.002671994
4.29E+03,18600,2.78E+02,2.60E+00,8.65E-03,7.74E+01,2.42E-04,5.29E-01,2.91E-01,2.32E-01,3.16E+02,1.80E+01,3.34E+02,0.002588884,0.002671831
4.30E+03,18699,6.44E+01,7.51E-01,8.69E-03,7.74E+01,2.41E-04,5.27E-01,2.89E-01,2.32E-01,3.15E+02,1.80E+01,3.33E+02,0.002573292,0.002655829
4.31E+03,1.87E+04,2.77E+02,2.60E+00,8.69E-03,7.74E+01,2.41E-04,5.27E-01,2.89E-01,2.32E-01,3.15E+02,1.80E+01,3.33E+02,0.002573214,0.002655749
4.32E+03,1.88E+04,6.38E+01,7.52E-01,8.64E-03,7.74E+01,2.40E-04,5.28E-01,2.91E-01,2.30E-01,3.15E+02,1.76E+01,3.33E+02,0.002557643,0.002639769
4.33E+03,18800,2.78E+02,2.60E+00,8.64E-03,7.74E+01,2.40E-04,5.28E-01,2.91E-01,2.30E-01,3.15E+02,1.76E+01,3.33E+02,0.002557565,0.002639689
4.34E+03,18899,6.44E+01,7.51E-01,8.68E-03,7.74E+01,2.39E-04,5.27E-01,2.89E-01,2.32E-01,3.15E+02,1.80E+01,3.33E+02,0.002542325,0.002624047
4.35E+03,18900,2.77E+02,2.60E+00,8.68E-03,7.74E+01,2.39E-04,5.27E-01,2.89E-01,2.32E-01,3.15E+02,1.80E+01,3.33E+02,0.002542172,0.00262389
4.36E+03,1.90E+04,6.36E+01,7.50E-01,8.69E-03,7.75E+01,2.38E-04,5.25E-01,2.89E-01,2.30E-01,3.14E+02,1.76E+01,3.32E+02,0.002527026,0.002608346
4.37E+03,1.90E+04,2.76E+02,2.60E+00,8.69E-03,7.75E+01,2.38E-04,5.25E-01,2.89E-01,2.30E-01,3.14E+02,1.76E+01,3.32E+02,0.002527026,0.002608346
4.41E+03,19099,6.55E+01,7.52E-01,8.78E-03,7.75E+01,2.36E-04,5.23E-01,2.85E-01,2.38E-01,3.15E+02,1.88E+01,3.33E+02,0.00251205,0.002592974
4.41E+03,1.91E+04,2.76E+02,2.60E+00,8.78E-03,7.75E+01,2.36E-04,5.23E-01,2.85E-01,2.38E-01,3.15E+02,1.88E+01,3.33E+02,0.002511975,0.002592897
4.43E+03,1.92E+04,6.37E+01,7.51E-01,8.69E-03,7.75E+01,2.35E-04,5.24E-01,2.88E-01,2.31E-01,3.14E+02,1.77E+01,3.31E+02,0.002497091,0.00257762
4.43E+03,1.92E+04,2.76E+02,2.60E+00,8.69E-03,7.75E+01,2.35E-04,5.24E-01,2.88E-01,2.31E-01,3.14E+02,1.77E+01,3.31E+02,0.002497091,0.00257762
4.45E+03,1.93E+04,6.38E+01,7.52E-01,8.65E-03,7.75E+01,2.34E-04,5.26E-01,2.90E-01,2.30E-01,3.15E+02,1.76E+01,3.32E+02,0.002482373,0.002562512
4.45E+03,19300,2.77E+02,2.60E+00,8.65E-03,7.75E+01,2.34E-04,5.26E-01,2.90E-01,2.30E-01,3.15E+02,1.76E+01,3.32E+02,0.002482299,0.002562437
4.47E+03,1.94E+04,6.30E+01,7.51E-01,8.67E-03,7.76E+01,2.33E-04,5.23E-01,2.89E-01,2.28E-01,3.13E+02,1.72E+01,3.30E+02,0.002467816,0.00254757
4.47E+03,1.94E+04,2.76E+02,2.60E+00,8.67E-03,7.76E+01,2.33E-04,5.23E-01,2.89E-01,2.28E-01,3.13E+02,1.72E+01,3.30E+02,0.002467816,0.00254757
4.49E+03,1.95E+04,6.36E+01,7.52E-01,8.68E-03,7.76E+01,2.32E-04,5.24E-01,2.88E-01,2.30E-01,3.14E+02,1.76E+01,3.31E+02,0.002453419,0.00253279
4.49E+03,19500,2.76E+02,2.60E+00,8.68E-03,7.76E+01,2.32E-04,5.24E-01,2.88E-01,2.30E-01,3.14E+02,1.76E+01,3.31E+02,0.002453347,0.002532717
4.51E+03,1.96E+04,6.30E+01,7.52E-01,8.66E-03,7.76E+01,2.31E-04,5.23E-01,2.89E-01,2.28E-01,3.13E+02,1.72E+01,3.30E+02,0.002439178,0.002518172
4.51E+03,19600,2.76E+02,2.60E+00,8.66E-03,7.76E+01,2.31E-04,5.23E-01,2.89E-01,2.28E-01,3.13E+02,1.72E+01,3.30E+02,0.002439108,0.002518099
4.53E+03,1.97E+04,6.35E+01,7.51E-01,8.69E-03,7.76E+01,2.29E-04,5.23E-01,2.88E-01,2.30E-01,3.13E+02,1.75E+01,3.31E+02,0.002425093,0.002503712
4.53E+03,19700,2.76E+02,2.60E+00,8.69E-03,7.76E+01,2.29E-04,5.23E-01,2.88E-01,2.30E-01,3.13E+02,1.75E+01,3.31E+02,0.002425023,0.00250364
4.55E+03,1.98E+04,6.35E+01,7.52E-01,8.71E-03,7.76E+01,2.28E-04,5.21E-01,2.86E-01,2.31E-01,3.12E+02,1.76E+01,3.30E+02,0.002411159,0.002489407
4.55E+03,1.98E+04,2.75E+02,2.60E+00,8.71E-03,7.76E+01,2.28E-04,5.21E-01,2.86E-01,2.31E-01,3.12E+02,1.76E+01,3.30E+02,0.002411159,0.002489407
4.57E+03,19899,6.44E+01,7.51E-01,8.81E-03,7.77E+01,2.27E-04,5.19E-01,2.84E-01,2.35E-01,3.12E+02,1.83E+01,3.31E+02,0.002397444,0.002475326
4.57E+03,1.99E+04,2.74E+02,2.60E+00,8.81E-03,7.77E+01,2.27E-04,5.19E-01,2.84E-01,2.35E-01,3.12E+02,1.83E+01,3.31E+02,0.002397375,0.002475256
4.59E+03,2.00E+04,6.27E+01,7.50E-01,8.72E-03,7.77E+01,2.26E-04,5.20E-01,2.87E-01,2.28E-01,3.12E+02,1.72E+01,3.29E+02,0.002383738,0.002461255
4.59E+03,2.00E+04,2.75E+02,2.60E+00,8.72E-03,7.77E+01,2.26E-04,5.20E-01,2.87E-01,2.28E-01,3.12E+02,1.72E+01,3.29E+02,0.002383738,0.002461255
4.64E+03,20099,6.36E+01,7.52E-01,8.78E-03,7.77E+01,2.25E-04,5.19E-01,2.85E-01,2.32E-01,3.12E+02,1.78E+01,3.29E+02,0.002370314,0.002447471
4.64E+03,2.01E+04,2.74E+02,2.60E+00,8.78E-03,7.77E+01,2.25E-04,5.19E-01,2.85E-01,2.32E-01,3.12E+02,1.78E+01,3.29E+02,0.002370247,0.002447402
4.66E+03,20199,6.42E+01,7.51E-01,8.81E-03,7.77E+01,2.24E-04,5.18E-01,2.83E-01,2.34E-01,3.12E+02,1.82E+01,3.30E+02,0.002356964,0.002433764
4.66E+03,2.02E+04,2.74E+02,2.60E+00,8.81E-03,7.77E+01,2.24E-04,5.18E-01,2.83E-01,2.34E-01,3.12E+02,1.82E+01,3.30E+02,0.002356898,0.002433696
4.68E+03,2.03E+04,6.26E+01,7.50E-01,8.72E-03,7.78E+01,2.23E-04,5.19E-01,2.87E-01,2.28E-01,3.11E+02,1.71E+01,3.28E+02,0.002343689,0.002420134
4.68E+03,20300,2.74E+02,2.60E+00,8.72E-03,7.78E+01,2.23E-04,5.19E-01,2.87E-01,2.28E-01,3.11E+02,1.71E+01,3.28E+02,0.002343624,0.002420067
4.70E+03,20399,6.42E+01,7.50E-01,8.84E-03,7.78E+01,2.22E-04,5.17E-01,2.83E-01,2.35E-01,3.12E+02,1.82E+01,3.30E+02,0.002330684,0.00240678
4.70E+03,2.04E+04,2.73E+02,2.60E+00,8.84E-03,7.78E+01,2.22E-04,5.17E-01,2.83E-01,2.35E-01,3.12E+02,1.82E+01,3.30E+02,0.002330619,0.002406713
4.72E+03,2.05E+04,6.20E+01,7.52E-01,8.70E-03,7.78E+01,2.21E-04,5.18E-01,2.87E-01,2.26E-01,3.10E+02,1.67E+01,3.27E+02,0.002317686,0.002393432
4.72E+03,20500,2.74E+02,2.60E+00,8.70E-03,7.78E+01,2.21E-04,5.18E-01,2.87E-01,2.26E-01,3.10E+02,1.67E+01,3.27E+02,0.002317621,0.002393366
4.74E+03,20599,6.41E+01,7.50E-01,8.78E-03,7.78E+01,2.20E-04,5.19E-01,2.84E-01,2.34E-01,3.13E+02,1.80E+01,3.31E+02,0.00230495,0.002380354
4.74E+03,20600,2.75E+02,2.60E+00,8.78E-03,7.78E+01,2.20E-04,5.19E-01,2.84E-01,2.34E-01,3.13E+02,1.80E+01,3.31E+02,0.002304822,0.002380223
4.76E+03,20699,6.32E+01,7.50E-01,8.81E-03,7.78E+01,2.19E-04,5.16E-01,2.84E-01,2.32E-01,3.11E+02,1.76E+01,3.28E+02,0.002292282,0.002367345
4.76E+03,2.07E+04,2.73E+02,2.60E+00,8.81E-03,7.78E+01,2.19E-04,5.16E-01,2.84E-01,2.32E-01,3.11E+02,1.76E+01,3.28E+02,0.002292219,0.00236728
4.78E+03,20799,6.33E+01,7.51E-01,8.79E-03,7.79E+01,2.18E-04,5.17E-01,2.84E-01,2.31E-01,3.11E+02,1.76E+01,3.29E+02,0.002279744,0.002354469
4.78E+03,20800,2.74E+02,2.60E+00,8.79E-03,7.79E+01,2.18E-04,5.17E-01,2.84E-01,2.31E-01,3.11E+02,1.76E+01,3.29E+02,0.002279619,0.002354341
4.80E+03,20899,6.32E+01,7.52E-01,8.81E-03,7.79E+01,2.17E-04,5.15E-01,2.82E-01,2.32E-01,3.10E+02,1.76E+01,3.27E+02,0.002267334,0.002341725
4.80E+03,2.09E+04,2.73E+02,2.60E+00,8.81E-03,7.79E+01,2.17E-04,5.15E-01,2.82E-01,2.32E-01,3.10E+02,1.76E+01,3.27E+02,0.002267273,0.002341661
4.82E+03,20999,6.32E+01,7.52E-01,8.79E-03,7.79E+01,2.16E-04,5.15E-01,2.83E-01,2.31E-01,3.10E+02,1.75E+01,3.28E+02,0.002255051,0.002329109
4.82E+03,21000,2.73E+02,2.60E+00,8.79E-03,7.79E+01,2.16E-04,5.15E-01,2.83E-01,2.31E-01,3.10E+02,1.75E+01,3.28E+02,0.002254929,0.002328984
4.87E+03,2.11E+04,6.31E+01,7.54E-01,8.84E-03,7.79E+01,2.15E-04,5.14E-01,2.82E-01,2.32E-01,3.09E+02,1.76E+01,3.27E+02,0.002242832,0.002316559
4.87E+03,2.11E+04,2.72E+02,2.60E+00,8.84E-03,7.79E+01,2.15E-04,5.14E-01,2.82E-01,2.32E-01,3.09E+02,1.76E+01,3.27E+02,0.002242832,0.002316559
4.89E+03,2.12E+04,6.31E+01,7.53E-01,8.78E-03,7.80E+01,2.14E-04,5.16E-01,2.83E-01,2.31E-01,3.10E+02,1.75E+01,3.28E+02,0.002230796,0.002304198
4.89E+03,21200,2.73E+02,2.60E+00,8.78E-03,7.80E+01,2.14E-04,5.16E-01,2.83E-01,2.31E-01,3.10E+02,1.75E+01,3.28E+02,0.002230736,0.002304136
4.91E+03,2.13E+04,6.29E+01,7.52E-01,8.88E-03,7.80E+01,2.13E-04,5.11E-01,2.80E-01,2.32E-01,3.08E+02,1.76E+01,3.25E+02,0.002218881,0.00229196
4.91E+03,2.13E+04,2.71E+02,2.60E+00,8.88E-03,7.80E+01,2.13E-04,5.11E-01,2.80E-01,2.32E-01,3.08E+02,1.76E+01,3.25E+02,0.002218881,0.00229196
4.93E+03,2.14E+04,6.22E+01,7.53E-01,8.76E-03,7.80E+01,2.12E-04,5.15E-01,2.84E-01,2.28E-01,3.09E+02,1.70E+01,3.26E+02,0.002207085,0.002279844
4.93E+03,21400,2.73E+02,2.60E+00,8.76E-03,7.80E+01,2.12E-04,5.15E-01,2.84E-01,2.28E-01,3.09E+02,1.70E+01,3.26E+02,0.002207026,0.002279783
4.95E+03,21499,6.37E+01,7.53E-01,8.86E-03,7.80E+01,2.11E-04,5.13E-01,2.80E-01,2.34E-01,3.10E+02,1.80E+01,3.28E+02,0.002195464,0.002267907
4.95E+03,2.15E+04,2.72E+02,2.60E+00,8.86E-03,7.80E+01,2.11E-04,5.13E-01,2.80E-01,2.34E-01,3.10E+02,1.80E+01,3.28E+02,0.002195406,0.002267848
4.97E+03,21599,6.35E+01,7.52E-01,8.83E-03,7.80E+01,2.10E-04,5.14E-01,2.82E-01,2.33E-01,3.10E+02,1.78E+01,3.28E+02,0.002183901,0.002256029
4.97E+03,21600,2.73E+02,2.60E+00,8.83E-03,7.80E+01,2.10E-04,5.14E-01,2.82E-01,2.33E-01,3.10E+02,1.78E+01,3.28E+02,0.002183786,0.002255911
4.99E+03,21699,6.35E+01,7.53E-01,8.87E-03,7.81E+01,2.09E-04,5.12E-01,2.80E-01,2.34E-01,3.09E+02,1.79E+01,3.27E+02,0.002172451,0.002244268
4.99E+03,2.17E+04,2.72E+02,2.60E+00,8.87E-03,7.81E+01,2.09E-04,5.12E-01,2.80E-01,2.34E-01,3.09E+02,1.79E+01,3.27E+02,0.002172394,0.002244209
5.01E+03,2.18E+04,6.22E+01,7.54E-01,8.87E-03,7.81E+01,2.08E-04,5.08E-01,2.79E-01,2.31E-01,3.06E+02,1.72E+01,3.23E+02,0.002161057,0.002232563
5.01E+03,2.18E+04,2.70E+02,2.60E+00,8.87E-03,7.81E+01,2.08E-04,5.08E-01,2.79E-01,2.31E-01,3.06E+02,1.72E+01,3.23E+02,0.002161057,0.002232563
5.03E+03,2.19E+04,6.28E+01,7.53E-01,8.88E-03,7.81E+01,2.07E-04,5.10E-01,2.80E-01,2.32E-01,3.08E+02,1.75E+01,3.25E+02,0.002149831,0.00222103
5.03E+03,2.19E+04,2.71E+02,2.60E+00,8.88E-03,7.81E+01,2.07E-04,5.10E-01,2.80E-01,2.32E-01,3.08E+02,1.75E+01,3.25E+02,0.002149831,0.00222103
5.05E+03,2.20E+04,6.28E+01,7.52E-01,8.86E-03,7.81E+01,2.07E-04,5.11E-01,2.80E-01,2.32E-01,3.08E+02,1.75E+01,3.26E+02,0.002138713,0.002209609
5.05E+03,2.20E+04,2.71E+02,2.60E+00,8.86E-03,7.81E+01,2.07E-04,5.11E-01,2.80E-01,2.32E-01,3.08E+02,1.75E+01,3.26E+02,0.002138713,0.002209609
5.09E+03,22099,6.37E+01,7.52E-01,8.96E-03,7.81E+01,2.06E-04,5.08E-01,2.77E-01,2.36E-01,3.08E+02,1.82E+01,3.26E+02,0.002127759,0.002198355
5.09E+03,2.21E+04,2.70E+02,2.60E+00,8.96E-03,7.81E+01,2.06E-04,5.08E-01,2.77E-01,2.36E-01,3.08E+02,1.82E+01,3.26E+02,0.002127704,0.002198298
5.11E+03,2.22E+04,6.18E+01,7.50E-01,8.86E-03,7.82E+01,2.05E-04,5.09E-01,2.81E-01,2.29E-01,3.07E+02,1.69E+01,3.24E+02,0.0021168,0.002187096
5.11E+03,2.22E+04,2.70E+02,2.60E+00,8.86E-03,7.82E+01,2.05E-04,5.09E-01,2.81E-01,2.29E-01,3.07E+02,1.69E+01,3.24E+02,0.0021168,0.002187096
5.13E+03,22299,6.35E+01,7.50E-01,8.93E-03,7.82E+01,2.04E-04,5.09E-01,2.78E-01,2.35E-01,3.08E+02,1.80E+01,3.26E+02,0.002106055,0.002176056
5.13E+03,2.23E+04,2.70E+02,2.60E+00,8.93E-03,7.82E+01,2.04E-04,5.09E-01,2.78E-01,2.35E-01,3.08E+02,1.80E+01,3.26E+02,0.002106001,0.002176001
5.15E+03,22399,6.25E+01,7.51E-01,8.87E-03,7.82E+01,2.03E-04,5.09E-01,2.80E-01,2.31E-01,3.08E+02,1.73E+01,3.25E+02,0.002095358,0.002165066
5.15E+03,22400,2.71E+02,2.60E+00,8.87E-03,7.82E+01,2.03E-04,5.09E-01,2.80E-01,2.31E-01,3.08E+02,1.73E+01,3.25E+02,0.002095251,0.002164956
5.17E+03,22499,6.33E+01,7.51E-01,8.94E-03,7.82E+01,2.02E-04,5.07E-01,2.78E-01,2.35E-01,3.08E+02,1.79E+01,3.25E+02,0.002084763,0.00215418
5.17E+03,2.25E+04,2.70E+02,2.60E+00,8.94E-03,7.82E+01,2.02E-04,5.07E-01,2.78E-01,2.35E-01,3.08E+02,1.79E+01,3.25E+02,0.00208471,0.002154126
5.19E+03,22599,6.25E+01,7.51E-01,8.91E-03,7.82E+01,2.01E-04,5.07E-01,2.78E-01,2.32E-01,3.07E+02,1.74E+01,3.24E+02,0.002074268,0.002143396
5.19E+03,2.26E+04,2.70E+02,2.60E+00,8.91E-03,7.82E+01,2.01E-04,5.07E-01,2.78E-01,2.32E-01,3.07E+02,1.74E+01,3.24E+02,0.002074216,0.002143343
5.21E+03,22699,6.32E+01,7.49E-01,8.93E-03,7.83E+01,2.00E-04,5.08E-01,2.78E-01,2.34E-01,3.08E+02,1.78E+01,3.26E+02,0.002063872,0.002132714
5.21E+03,22700,2.70E+02,2.60E+00,8.93E-03,7.83E+01,2.00E-04,5.08E-01,2.78E-01,2.34E-01,3.08E+02,1.78E+01,3.26E+02,0.002063768,0.002132608
5.23E+03,22799,6.32E+01,7.50E-01,8.96E-03,7.83E+01,2.00E-04,5.06E-01,2.77E-01,2.35E-01,3.07E+02,1.79E+01,3.25E+02,0.002053573,0.002122132
5.23E+03,2.28E+04,2.69E+02,2.60E+00,8.96E-03,7.83E+01,2.00E-04,5.06E-01,2.77E-01,2.35E-01,3.07E+02,1.79E+01,3.25E+02,0.002053522,0.002122079
5.25E+03,2.29E+04,6.17E+01,7.51E-01,8.94E-03,7.83E+01,1.99E-04,5.04E-01,2.78E-01,2.30E-01,3.05E+02,1.70E+01,3.22E+02,0.00204332,0.002111596
5.25E+03,2.29E+04,2.68E+02,2.60E+00,8.94E-03,7.83E+01,1.99E-04,5.04E-01,2.78E-01,2.30E-01,3.05E+02,1.70E+01,3.22E+02,0.00204332,0.002111596
5.27E+03,22999,6.22E+01,7.49E-01,8.94E-03,7.83E+01,1.98E-04,5.05E-01,2.78E-01,2.31E-01,3.06E+02,1.73E+01,3.23E+02,0.002033263,0.002101261
5.27E+03,2.30E+04,2.69E+02,2.60E+00,8.94E-03,7.83E+01,1.98E-04,5.05E-01,2.78E-01,2.31E-01,3.06E+02,1.73E+01,3.23E+02,0.002033213,0.002101209
5.32E+03,23099,6.27E+01,7.51E-01,8.95E-03,7.83E+01,1.97E-04,5.06E-01,2.77E-01,2.33E-01,3.07E+02,1.76E+01,3.24E+02,0.002023249,0.00209097
5.32E+03,23100,2.69E+02,2.60E+00,8.95E-03,7.83E+01,1.97E-04,5.06E-01,2.77E-01,2.33E-01,3.07E+02,1.76E+01,3.24E+02,0.002023149,0.002090868
5.34E+03,23199,6.25E+01,7.50E-01,8.96E-03,7.84E+01,1.96E-04,5.05E-01,2.77E-01,2.32E-01,3.06E+02,1.75E+01,3.23E+02,0.002013327,0.002080774
5.34E+03,23200,2.69E+02,2.60E+00,8.96E-03,7.84E+01,1.96E-04,5.05E-01,2.77E-01,2.32E-01,3.06E+02,1.75E+01,3.23E+02,0.002013228,0.002080672
5.36E+03,23299,6.25E+01,7.52E-01,8.95E-03,7.84E+01,1.96E-04,5.04E-01,2.76E-01,2.33E-01,3.06E+02,1.75E+01,3.23E+02,0.002003496,0.00207067
5.36E+03,23300,2.69E+02,2.60E+00,8.95E-03,7.84E+01,1.96E-04,5.04E-01,2.76E-01,2.33E-01,3.06E+02,1.75E+01,3.23E+02,0.002003398,0.00207057
5.38E+03,23399,6.33E+01,7.51E-01,9.03E-03,7.84E+01,1.95E-04,5.03E-01,2.74E-01,2.36E-01,3.06E+02,1.81E+01,3.24E+02,0.001993755,0.002060659
5.38E+03,2.34E+04,2.68E+02,2.60E+00,9.03E-03,7.84E+01,1.95E-04,5.03E-01,2.74E-01,2.36E-01,3.06E+02,1.81E+01,3.24E+02,0.001993707,0.002060609
5.40E+03,23499,6.24E+01,7.51E-01,9.00E-03,7.84E+01,1.94E-04,5.02E-01,2.75E-01,2.33E-01,3.05E+02,1.75E+01,3.22E+02,0.001984103,0.002050739
5.40E+03,2.35E+04,2.68E+02,2.60E+00,9.00E-03,7.84E+01,1.94E-04,5.02E-01,2.75E-01,2.33E-01,3.05E+02,1.75E+01,3.22E+02,0.001984055,0.002050689
5.42E+03,2.36E+04,6.17E+01,7.50E-01,8.92E-03,7.84E+01,1.93E-04,5.04E-01,2.78E-01,2.30E-01,3.05E+02,1.70E+01,3.22E+02,0.00197449,0.002040859
5.42E+03,23600,2.69E+02,2.60E+00,8.92E-03,7.84E+01,1.93E-04,5.04E-01,2.78E-01,2.30E-01,3.05E+02,1.70E+01,3.22E+02,0.001974443,0.00204081
5.44E+03,23699,6.24E+01,7.51E-01,8.97E-03,7.85E+01,1.92E-04,5.03E-01,2.76E-01,2.33E-01,3.05E+02,1.75E+01,3.23E+02,0.001965059,0.002031166
5.44E+03,23700,2.68E+02,2.60E+00,8.97E-03,7.85E+01,1.92E-04,5.03E-01,2.76E-01,2.33E-01,3.05E+02,1.75E+01,3.23E+02,0.001964965,0.002031069
5.46E+03,2.38E+04,6.17E+01,7.52E-01,8.99E-03,7.85E+01,1.92E-04,5.01E-01,2.75E-01,2.31E-01,3.04E+02,1.71E+01,3.21E+02,0.001955619,0.002021462
5.46E+03,2.38E+04,2.67E+02,2.60E+00,8.99E-03,7.85E+01,1.92E-04,5.01E-01,2.75E-01,2.31E-01,3.04E+02,1.71E+01,3.21E+02,0.001955619,0.002021462
5.48E+03,23899,6.23E+01,7.51E-01,9.02E-03,7.85E+01,1.91E-04,5.01E-01,2.74E-01,2.33E-01,3.04E+02,1.75E+01,3.22E+02,0.001946356,0.002011941
5.48E+03,2.39E+04,2.67E+02,2.60E+00,9.02E-03,7.85E+01,1.91E-04,5.01E-01,2.74E-01,2.33E-01,3.04E+02,1.75E+01,3.22E+02,0.00194631,0.002011894
5.50E+03,2.40E+04,6.15E+01,7.51E-01,9.00E-03,7.85E+01,1.90E-04,5.00E-01,2.75E-01,2.30E-01,3.03E+02,1.70E+01,3.20E+02,0.001937083,0.00200241
5.50E+03,2.40E+04,2.67E+02,2.60E+00,9.00E-03,7.85E+01,1.90E-04,5.00E-01,2.75E-01,2.30E-01,3.03E+02,1.70E+01,3.20E+02,0.001937083,0.00200241
5.55E+03,2.41E+04,6.19E+01,7.52E-01,9.04E-03,7.85E+01,1.89E-04,4.99E-01,2.74E-01,2.33E-01,3.03E+02,1.73E+01,3.20E+02,0.001927939,0.00199301
5.55E+03,2.41E+04,2.66E+02,2.60E+00,9.04E-03,7.85E+01,1.89E-04,4.99E-01,2.74E-01,2.33E-01,3.03E+02,1.73E+01,3.20E+02,0.001927939,0.00199301
5.57E+03,24199,6.24E+01,7.50E-01,9.01E-03,7.86E+01,1.89E-04,5.01E-01,2.74E-01,2.33E-01,3.05E+02,1.75E+01,3.22E+02,0.00191892,0.00198374
5.57E+03,24200,2.67E+02,2.60E+00,9.01E-03,7.86E+01,1.89E-04,5.01E-01,2.74E-01,2.33E-01,3.05E+02,1.75E+01,3.22E+02,0.00191883,0.001983647
5.59E+03,24299,6.25E+01,7.52E-01,9.05E-03,7.86E+01,1.88E-04,4.99E-01,2.73E-01,2.35E-01,3.04E+02,1.77E+01,3.21E+02,0.001909936,0.001974504
5.59E+03,2.43E+04,2.66E+02,2.60E+00,9.05E-03,7.86E+01,1.88E-04,4.99E-01,2.73E-01,2.35E-01,3.04E+02,1.77E+01,3.21E+02,0.001909891,0.001974458
5.61E+03,24399,6.33E+01,7.51E-01,9.06E-03,7.86E+01,1.87E-04,5.00E-01,2.73E-01,2.37E-01,3.05E+02,1.82E+01,3.23E+02,0.00190103,0.001965349
5.61E+03,24400,2.67E+02,2.60E+00,9.06E-03,7.86E+01,1.87E-04,5.00E-01,2.73E-01,2.37E-01,3.05E+02,1.82E+01,3.23E+02,0.001900942,0.001965258
5.63E+03,24499,6.24E+01,7.51E-01,9.10E-03,7.86E+01,1.86E-04,4.97E-01,2.72E-01,2.35E-01,3.03E+02,1.77E+01,3.21E+02,0.001892202,0.001956273
5.63E+03,2.45E+04,2.66E+02,2.60E+00,9.10E-03,7.86E+01,1.86E-04,4.97E-01,2.72E-01,2.35E-01,3.03E+02,1.77E+01,3.21E+02,0.001892158,0.001956228
5.65E+03,2.46E+04,6.15E+01,7.51E-01,9.03E-03,7.86E+01,1.86E-04,4.98E-01,2.74E-01,2.31E-01,3.03E+02,1.71E+01,3.20E+02,0.001883407,0.001947232
5.65E+03,2.46E+04,2.66E+02,2.60E+00,9.03E-03,7.86E+01,1.86E-04,4.98E-01,2.74E-01,2.31E-01,3.03E+02,1.71E+01,3.20E+02,0.001883407,0.001947232
5.67E+03,2.47E+04,6.15E+01,7.51E-01,9.00E-03,7.87E+01,1.85E-04,4.99E-01,2.74E-01,2.31E-01,3.03E+02,1.70E+01,3.20E+02,0.001874732,0.001938313
5.67E+03,24700,2.67E+02,2.60E+00,9.00E-03,7.87E+01,1.85E-04,4.99E-01,2.74E-01,2.31E-01,3.03E+02,1.70E+01,3.20E+02,0.001874689,0.001938269
5.69E+03,2.48E+04,6.16E+01,7.52E-01,9.07E-03,7.87E+01,1.84E-04,4.96E-01,2.72E-01,2.32E-01,3.02E+02,1.72E+01,3.19E+02,0.001866132,0.001929471
5.69E+03,2.48E+04,2.65E+02,2.60E+00,9.07E-03,7.87E+01,1.84E-04,4.96E-01,2.72E-01,2.32E-01,3.02E+02,1.72E+01,3.19E+02,0.001866132,0.001929471
5.71E+03,24899,6.22E+01,7.51E-01,9.12E-03,7.87E+01,1.84E-04,4.96E-01,2.71E-01,2.35E-01,3.02E+02,1.76E+01,3.20E+02,0.001857648,0.001920748
5.71E+03,2.49E+04,2.65E+02,2.60E+00,9.12E-03,7.87E+01,1.84E-04,4.96E-01,2.71E-01,2.35E-01,3.02E+02,1.76E+01,3.20E+02,0.001857605,0.001920704
5.73E+03,2.50E+04,6.08E+01,7.50E-01,9.06E-03,7.87E+01,1.83E-04,4.95E-01,2.73E-01,2.29E-01,3.01E+02,1.67E+01,3.18E+02,0.001849152,0.001912013
5.73E+03,2.50E+04,2.65E+02,2.60E+00,9.06E-03,7.87E+01,1.83E-04,4.95E-01,2.73E-01,2.29E-01,3.01E+02,1.67E+01,3.18E+02,0.001849152,0.001912013
5.77E+03,25099,6.22E+01,7.53E-01,9.10E-03,7.87E+01,1.82E-04,4.96E-01,2.71E-01,2.35E-01,3.02E+02,1.76E+01,3.20E+02,0.001840812,0.001903438
5.77E+03,2.51E+04,2.65E+02,2.60E+00,9.10E-03,7.87E+01,1.82E-04,4.96E-01,2.71E-01,2.35E-01,3.02E+02,1.76E+01,3.20E+02,0.00184077,0.001903395
5.79E+03,25199,6.19E+01,7.50E-01,9.07E-03,7.87E+01,1.81E-04,4.96E-01,2.72E-01,2.33E-01,3.03E+02,1.74E+01,3.20E+02,0.001832501,0.001894892
5.79E+03,25200,2.66E+02,2.60E+00,9.07E-03,7.87E+01,1.81E-04,4.96E-01,2.72E-01,2.33E-01,3.03E+02,1.74E+01,3.20E+02,0.001832418,0.001894807
5.81E+03,25299,6.16E+01,7.49E-01,9.08E-03,7.88E+01,1.81E-04,4.95E-01,2.72E-01,2.32E-01,3.02E+02,1.72E+01,3.19E+02,0.00182426,0.001886419
5.81E+03,25300,2.65E+02,2.60E+00,9.08E-03,7.88E+01,1.81E-04,4.95E-01,2.72E-01,2.32E-01,3.02E+02,1.72E+01,3.19E+02,0.001824178,0.001886334
5.83E+03,25399,6.17E+01,7.51E-01,9.07E-03,7.88E+01,1.80E-04,4.95E-01,2.71E-01,2.33E-01,3.02E+02,1.73E+01,3.19E+02,0.001816089,0.001878016
5.83E+03,25400,2.65E+02,2.60E+00,9.07E-03,7.88E+01,1.80E-04,4.95E-01,2.71E-01,2.33E-01,3.02E+02,1.73E+01,3.19E+02,0.001816007,0.001877933
5.85E+03,25499,6.15E+01,7.51E-01,9.08E-03,7.88E+01,1.79E-04,4.94E-01,2.72E-01,2.32E-01,3.01E+02,1.72E+01,3.19E+02,0.001807986,0.001869684
5.85E+03,25500,2.65E+02,2.60E+00,9.08E-03,7.88E+01,1.79E-04,4.94E-01,2.72E-01,2.32E-01,3.01E+02,1.72E+01,3.19E+02,0.001807905,0.001869601
5.87E+03,25599,6.17E+01,7.51E-01,9.12E-03,7.88E+01,1.79E-04,4.93E-01,2.70E-01,2.34E-01,3.01E+02,1.74E+01,3.18E+02,0.001799951,0.001861421
5.87E+03,2.56E+04,2.64E+02,2.60E+00,9.12E-03,7.88E+01,1.79E-04,4.93E-01,2.70E-01,2.34E-01,3.01E+02,1.74E+01,3.18E+02,0.001799911,0.00186138
5.89E+03,2.57E+04,6.08E+01,7.48E-01,9.11E-03,7.88E+01,1.78E-04,4.93E-01,2.72E-01,2.30E-01,3.01E+02,1.68E+01,3.18E+02,0.001791943,0.001853186
5.89E+03,2.57E+04,2.64E+02,2.60E+00,9.11E-03,7.88E+01,1.78E-04,4.93E-01,2.72E-01,2.30E-01,3.01E+02,1.68E+01,3.18E+02,0.001791943,0.001853186
5.91E+03,25799,6.16E+01,7.50E-01,9.14E-03,7.89E+01,1.77E-04,4.92E-01,2.70E-01,2.34E-01,3.01E+02,1.74E+01,3.18E+02,0.00178408,0.0018451
5.91E+03,2.58E+04,2.64E+02,2.60E+00,9.14E-03,7.89E+01,1.77E-04,4.92E-01,2.70E-01,2.34E-01,3.01E+02,1.74E+01,3.18E+02,0.001784041,0.00184506
5.93E+03,25899,6.16E+01,7.49E-01,9.14E-03,7.89E+01,1.77E-04,4.92E-01,2.70E-01,2.34E-01,3.01E+02,1.74E+01,3.18E+02,0.001776243,0.001837041
5.93E+03,2.59E+04,2.64E+02,2.60E+00,9.14E-03,7.89E+01,1.77E-04,4.92E-01,2.70E-01,2.34E-01,3.01E+02,1.74E+01,3.18E+02,0.001776204,0.001837001
5.95E+03,2.60E+04,6.02E+01,7.51E-01,9.02E-03,7.89E+01,1.76E-04,4.94E-01,2.73E-01,2.27E-01,3.00E+02,1.63E+01,3.16E+02,0.001768431,0.001829007
5.95E+03,26000,2.65E+02,2.60E+00,9.02E-03,7.89E+01,1.76E-04,4.94E-01,2.73E-01,2.27E-01,3.00E+02,1.63E+01,3.16E+02,0.001768393,0.001828968
6.00E+03,2.61E+04,6.14E+01,7.53E-01,9.12E-03,7.89E+01,1.75E-04,4.92E-01,2.69E-01,2.33E-01,3.00E+02,1.72E+01,3.17E+02,0.001760723,0.001821079
6.00E+03,2.61E+04,2.64E+02,2.60E+00,9.12E-03,7.89E+01,1.75E-04,4.92E-01,2.69E-01,2.33E-01,3.00E+02,1.72E+01,3.17E+02,0.001760723,0.001821079
6.02E+03,2.62E+04,6.05E+01,7.52E-01,9.08E-03,7.89E+01,1.75E-04,4.91E-01,2.70E-01,2.29E-01,2.99E+02,1.66E+01,3.15E+02,0.001753077,0.001813216
6.02E+03,2.62E+04,2.64E+02,2.60E+00,9.08E-03,7.89E+01,1.75E-04,4.91E-01,2.70E-01,2.29E-01,2.99E+02,1.66E+01,3.15E+02,0.001753077,0.001813216
6.04E+03,26299,6.17E+01,7.50E-01,9.13E-03,7.89E+01,1.74E-04,4.92E-01,2.69E-01,2.34E-01,3.01E+02,1.74E+01,3.18E+02,0.001745531,0.001805455
6.04E+03,26300,2.64E+02,2.60E+00,9.13E-03,7.89E+01,1.74E-04,4.92E-01,2.69E-01,2.34E-01,3.01E+02,1.74E+01,3.18E+02,0.001745455,0.001805377
6.06E+03,2.64E+04,6.09E+01,7.51E-01,9.16E-03,7.90E+01,1.74E-04,4.89E-01,2.68E-01,2.32E-01,2.98E+02,1.70E+01,3.15E+02,0.001737971,0.001797679
6.06E+03,2.64E+04,2.62E+02,2.60E+00,9.16E-03,7.90E+01,1.74E-04,4.89E-01,2.68E-01,2.32E-01,2.98E+02,1.70E+01,3.15E+02,0.001737971,0.001797679
6.08E+03,26499,6.26E+01,7.51E-01,9.21E-03,7.90E+01,1.73E-04,4.90E-01,2.67E-01,2.38E-01,3.01E+02,1.81E+01,3.19E+02,0.001730546,0.001790043
6.08E+03,2.65E+04,2.63E+02,2.60E+00,9.21E-03,7.90E+01,1.73E-04,4.90E-01,2.67E-01,2.38E-01,3.01E+02,1.81E+01,3.19E+02,0.001730509,0.001790004
6.10E+03,26599,6.27E+01,7.51E-01,9.19E-03,7.90E+01,1.72E-04,4.91E-01,2.67E-01,2.38E-01,3.01E+02,1.81E+01,3.19E+02,0.001723144,0.001782429
6.10E+03,26600,2.64E+02,2.60E+00,9.19E-03,7.90E+01,1.72E-04,4.91E-01,2.67E-01,2.38E-01,3.01E+02,1.81E+01,3.19E+02,0.001723071,0.001782353
6.12E+03,2.67E+04,6.11E+01,7.51E-01,9.12E-03,7.90E+01,1.72E-04,4.91E-01,2.70E-01,2.32E-01,3.00E+02,1.70E+01,3.17E+02,0.001715765,0.001774839
6.12E+03,26700,2.63E+02,2.60E+00,9.12E-03,7.90E+01,1.72E-04,4.91E-01,2.70E-01,2.32E-01,3.00E+02,1.70E+01,3.17E+02,0.001715729,0.001774801
6.14E+03,2.68E+04,6.09E+01,7.51E-01,9.12E-03,7.90E+01,1.71E-04,4.90E-01,2.70E-01,2.31E-01,2.99E+02,1.69E+01,3.16E+02,0.001708481,0.001767346
6.14E+03,26800,2.63E+02,2.60E+00,9.12E-03,7.90E+01,1.71E-04,4.90E-01,2.70E-01,2.31E-01,2.99E+02,1.69E+01,3.16E+02,0.001708445,0.001767309
6.16E+03,26899,6.17E+01,7.51E-01,9.16E-03,7.90E+01,1.71E-04,4.90E-01,2.68E-01,2.34E-01,3.00E+02,1.74E+01,3.17E+02,0.001701291,0.00175995
6.16E+03,26900,2.63E+02,2.60E+00,9.16E-03,7.90E+01,1.70E-04,4.90E-01,2.68E-01,2.34E-01,3.00E+02,1.74E+01,3.17E+02,0.001701219,0.001759876
6.18E+03,26999,6.17E+01,7.51E-01,9.24E-03,7.91E+01,1.70E-04,4.87E-01,2.66E-01,2.36E-01,2.99E+02,1.76E+01,3.16E+02,0.001694122,0.001752576
6.18E+03,2.70E+04,2.62E+02,2.60E+00,9.24E-03,7.91E+01,1.70E-04,4.87E-01,2.66E-01,2.36E-01,2.99E+02,1.76E+01,3.16E+02,0.001694086,0.001752539
6.23E+03,27099,6.19E+01,7.53E-01,9.19E-03,7.91E+01,1.69E-04,4.89E-01,2.67E-01,2.36E-01,3.00E+02,1.76E+01,3.17E+02,0.00168701,0.001745259
6.23E+03,27100,2.63E+02,2.60E+00,9.19E-03,7.91E+01,1.69E-04,4.89E-01,2.67E-01,2.36E-01,3.00E+02,1.76E+01,3.17E+02,0.001686939,0.001745186
6.25E+03,27199,6.18E+01,7.50E-01,9.24E-03,7.91E+01,1.69E-04,4.87E-01,2.66E-01,2.36E-01,2.99E+02,1.76E+01,3.16E+02,0.001679953,0.001738
6.25E+03,2.72E+04,2.62E+02,2.60E+00,9.24E-03,7.91E+01,1.69E-04,4.87E-01,2.66E-01,2.36E-01,2.99E+02,1.76E+01,3.16E+02,0.001679918,0.001737964
6.27E+03,27299,6.16E+01,7.51E-01,9.24E-03,7.91E+01,1.68E-04,4.86E-01,2.66E-01,2.36E-01,2.98E+02,1.75E+01,3.16E+02,0.001672952,0.001730797
6.27E+03,2.73E+04,2.62E+02,2.60E+00,9.24E-03,7.91E+01,1.68E-04,4.86E-01,2.66E-01,2.36E-01,2.98E+02,1.75E+01,3.16E+02,0.001672917,0.001730761
6.29E+03,27399,6.09E+01,7.52E-01,9.22E-03,7.91E+01,1.68E-04,4.86E-01,2.67E-01,2.33E-01,2.98E+02,1.71E+01,3.15E+02,0.001666005,0.001723651
6.29E+03,2.74E+04,2.61E+02,2.60E+00,9.22E-03,7.91E+01,1.68E-04,4.86E-01,2.67E-01,2.33E-01,2.98E+02,1.71E+01,3.15E+02,0.00166597,0.001723615
6.31E+03,27499,6.16E+01,7.51E-01,9.21E-03,7.91E+01,1.67E-04,4.87E-01,2.66E-01,2.35E-01,2.99E+02,1.75E+01,3.16E+02,0.001659112,0.001716559
6.31E+03,27500,2.62E+02,2.60E+00,9.21E-03,7.91E+01,1.67E-04,4.87E-01,2.66E-01,2.35E-01,2.99E+02,1.75E+01,3.16E+02,0.001659044,0.001716489
6.33E+03,27599,6.08E+01,7.52E-01,9.21E-03,7.92E+01,1.66E-04,4.85E-01,2.66E-01,2.33E-01,2.97E+02,1.71E+01,3.14E+02,0.001652273,0.001709523
6.33E+03,2.76E+04,2.61E+02,2.60E+00,9.21E-03,7.92E+01,1.66E-04,4.85E-01,2.66E-01,2.33E-01,2.97E+02,1.71E+01,3.14E+02,0.001652239,0.001709488
6.35E+03,27699,6.08E+01,7.50E-01,9.23E-03,7.92E+01,1.66E-04,4.85E-01,2.66E-01,2.33E-01,2.97E+02,1.71E+01,3.14E+02,0.001645486,0.001702541
6.35E+03,2.77E+04,2.61E+02,2.60E+00,9.23E-03,7.92E+01,1.66E-04,4.85E-01,2.66E-01,2.33E-01,2.97E+02,1.71E+01,3.14E+02,0.001645452,0.001702506
6.37E+03,27799,6.08E+01,7.51E-01,9.23E-03,7.92E+01,1.65E-04,4.85E-01,2.66E-01,2.33E-01,2.97E+02,1.71E+01,3.14E+02,0.001638752,0.001695612
6.37E+03,2.78E+04,2.61E+02,2.60E+00,9.23E-03,7.92E+01,1.65E-04,4.85E-01,2.66E-01,2.33E-01,2.97E+02,1.71E+01,3.14E+02,0.001638718,0.001695577
6.39E+03,2.79E+04,6.01E+01,7.51E-01,9.16E-03,7.92E+01,1.65E-04,4.85E-01,2.67E-01,2.30E-01,2.97E+02,1.66E+01,3.13E+02,0.001632036,0.001688702
6.39E+03,27900,2.61E+02,2.60E+00,9.16E-03,7.92E+01,1.65E-04,4.85E-01,2.67E-01,2.30E-01,2.97E+02,1.66E+01,3.13E+02,0.001632002,0.001688667
6.41E+03,27999,6.15E+01,7.52E-01,9.26E-03,7.92E+01,1.64E-04,4.84E-01,2.64E-01,2.36E-01,2.97E+02,1.75E+01,3.15E+02,0.001625437,0.001681912
6.41E+03,2.80E+04,2.61E+02,2.60E+00,9.26E-03,7.92E+01,1.64E-04,4.84E-01,2.64E-01,2.36E-01,2.97E+02,1.75E+01,3.15E+02,0.001625404,0.001681878
6.46E+03,2.81E+04,6.08E+01,7.54E-01,9.28E-03,7.92E+01,1.64E-04,4.82E-01,2.64E-01,2.34E-01,2.96E+02,1.72E+01,3.13E+02,0.001618823,0.001675107
6.46E+03,2.81E+04,2.60E+02,2.60E+00,9.28E-03,7.92E+01,1.64E-04,4.82E-01,2.64E-01,2.34E-01,2.96E+02,1.72E+01,3.13E+02,0.001618823,0.001675107
6.48E+03,2.82E+04,6.07E+01,7.53E-01,9.22E-03,7.93E+01,1.63E-04,4.84E-01,2.65E-01,2.33E-01,2.97E+02,1.70E+01,3.14E+02,0.001612292,0.001668386
6.48E+03,28200,2.61E+02,2.60E+00,9.22E-03,7.93E+01,1.63E-04,4.84E-01,2.65E-01,2.33E-01,2.97E+02,1.70E+01,3.14E+02,0.001612259,0.001668353
6.50E+03,2.83E+04,6.05E+01,7.52E-01,9.22E-03,7.93E+01,1.62E-04,4.84E-01,2.66E-01,2.32E-01,2.97E+02,1.69E+01,3.13E+02,0.00160581,0.001661717
6.50E+03,28300,2.61E+02,2.60E+00,9.22E-03,7.93E+01,1.62E-04,4.84E-01,2.66E-01,2.32E-01,2.97E+02,1.69E+01,3.13E+02,0.001605778,0.001661683
6.52E+03,28399,6.13E+01,7.52E-01,9.30E-03,7.93E+01,1.62E-04,4.82E-01,2.63E-01,2.36E-01,2.96E+02,1.75E+01,3.14E+02,0.001599409,0.00165513
6.52E+03,2.84E+04,2.60E+02,2.60E+00,9.30E-03,7.93E+01,1.62E-04,4.82E-01,2.63E-01,2.36E-01,2.96E+02,1.75E+01,3.14E+02,0.001599377,0.001655097
6.54E+03,2.85E+04,6.06E+01,7.53E-01,9.23E-03,7.93E+01,1.61E-04,4.84E-01,2.65E-01,2.32E-01,2.96E+02,1.69E+01,3.13E+02,0.001592992,0.001648527
6.54E+03,28500,2.61E+02,2.60E+00,9.23E-03,7.93E+01,1.61E-04,4.84E-01,2.65E-01,2.32E-01,2.96E+02,1.69E+01,3.13E+02,0.00159296,0.001648494
6.56E+03,28599,6.12E+01,7.51E-01,9.27E-03,7.93E+01,1.61E-04,4.83E-01,2.64E-01,2.35E-01,2.97E+02,1.74E+01,3.14E+02,0.001586686,0.001642038
6.56E+03,28600,2.60E+02,2.60E+00,9.27E-03,7.93E+01,1.61E-04,4.83E-01,2.64E-01,2.35E-01,2.97E+02,1.74E+01,3.14E+02,0.001586623,0.001641973
6.58E+03,2.87E+04,6.04E+01,7.51E-01,9.24E-03,7.93E+01,1.60E-04,4.83E-01,2.65E-01,2.32E-01,2.96E+02,1.69E+01,3.13E+02,0.001580365,0.001635533
6.58E+03,28700,2.60E+02,2.60E+00,9.24E-03,7.93E+01,1.60E-04,4.83E-01,2.65E-01,2.32E-01,2.96E+02,1.69E+01,3.13E+02,0.001580334,0.0016355
6.60E+03,2.88E+04,6.05E+01,7.52E-01,9.25E-03,7.94E+01,1.60E-04,4.82E-01,2.65E-01,2.33E-01,2.96E+02,1.69E+01,3.13E+02,0.001574122,0.001629108
6.60E+03,28800,2.60E+02,2.60E+00,9.25E-03,7.94E+01,1.60E-04,4.82E-01,2.65E-01,2.33E-01,2.96E+02,1.69E+01,3.13E+02,0.001574091,0.001629076
6.62E+03,2.89E+04,6.05E+01,7.52E-01,9.28E-03,7.94E+01,1.59E-04,4.80E-01,2.63E-01,2.33E-01,2.95E+02,1.70E+01,3.12E+02,0.001567925,0.00162273
6.62E+03,2.89E+04,2.59E+02,2.60E+00,9.28E-03,7.94E+01,1.59E-04,4.80E-01,2.63E-01,2.33E-01,2.95E+02,1.70E+01,3.12E+02,0.001567925,0.00162273
6.64E+03,28999,6.10E+01,7.52E-01,9.28E-03,7.94E+01,1.59E-04,4.82E-01,2.63E-01,2.35E-01,2.96E+02,1.73E+01,3.13E+02,0.001561804,0.001616431
6.64E+03,29000,2.60E+02,2.60E+00,9.28E-03,7.94E+01,1.59E-04,4.82E-01,2.63E-01,2.35E-01,2.96E+02,1.73E+01,3.13E+02,0.001561743,0.001616368
6.68E+03,2.91E+04,6.06E+01,7.53E-01,9.29E-03,7.94E+01,1.58E-04,4.81E-01,2.63E-01,2.34E-01,2.95E+02,1.71E+01,3.12E+02,0.001555667,0.001610115
6.68E+03,2.91E+04,2.59E+02,2.60E+00,9.29E-03,7.94E+01,1.58E-04,4.81E-01,2.63E-01,2.34E-01,2.95E+02,1.71E+01,3.12E+02,0.001555667,0.001610115
6.70E+03,2.92E+04,6.04E+01,7.50E-01,9.27E-03,7.94E+01,1.58E-04,4.81E-01,2.64E-01,2.32E-01,2.96E+02,1.69E+01,3.13E+02,0.001549606,0.001603877
6.70E+03,29200,2.60E+02,2.60E+00,9.27E-03,7.94E+01,1.58E-04,4.81E-01,2.64E-01,2.32E-01,2.96E+02,1.69E+01,3.13E+02,0.001549575,0.001603846
6.72E+03,29299,6.19E+01,7.52E-01,9.37E-03,7.94E+01,1.57E-04,4.79E-01,2.60E-01,2.39E-01,2.96E+02,1.80E+01,3.14E+02,0.001543618,0.001597715
6.72E+03,2.93E+04,2.59E+02,2.60E+00,9.37E-03,7.94E+01,1.57E-04,4.79E-01,2.60E-01,2.39E-01,2.96E+02,1.80E+01,3.14E+02,0.001543588,0.001597684
6.74E+03,29399,6.10E+01,7.53E-01,9.30E-03,7.95E+01,1.57E-04,4.80E-01,2.62E-01,2.35E-01,2.95E+02,1.73E+01,3.13E+02,0.001537644,0.001591566
6.74E+03,29400,2.59E+02,2.60E+00,9.30E-03,7.95E+01,1.57E-04,4.80E-01,2.62E-01,2.35E-01,2.95E+02,1.73E+01,3.13E+02,0.001537585,0.001591505
6.76E+03,29499,6.10E+01,7.51E-01,9.31E-03,7.95E+01,1.56E-04,4.80E-01,2.63E-01,2.35E-01,2.96E+02,1.73E+01,3.13E+02,0.001531714,0.001585462
6.76E+03,29500,2.59E+02,2.60E+00,9.31E-03,7.95E+01,1.56E-04,4.80E-01,2.63E-01,2.35E-01,2.96E+02,1.73E+01,3.13E+02,0.001531655,0.001585401
6.78E+03,2.96E+04,5.97E+01,7.51E-01,9.32E-03,7.95E+01,1.56E-04,4.77E-01,2.62E-01,2.32E-01,2.93E+02,1.66E+01,3.10E+02,0.001525797,0.001579372
6.78E+03,2.96E+04,2.58E+02,2.60E+00,9.32E-03,7.95E+01,1.56E-04,4.77E-01,2.62E-01,2.32E-01,2.93E+02,1.66E+01,3.10E+02,0.001525797,0.001579372
6.80E+03,29699,6.10E+01,7.52E-01,9.31E-03,7.95E+01,1.55E-04,4.80E-01,2.62E-01,2.35E-01,2.95E+02,1.73E+01,3.13E+02,0.001519981,0.001573386
6.80E+03,29700,2.59E+02,2.60E+00,9.31E-03,7.95E+01,1.55E-04,4.80E-01,2.62E-01,2.35E-01,2.95E+02,1.73E+01,3.13E+02,0.001519923,0.001573326
6.82E+03,2.98E+04,6.02E+01,7.51E-01,9.32E-03,7.95E+01,1.55E-04,4.78E-01,2.62E-01,2.33E-01,2.94E+02,1.69E+01,3.11E+02,0.001514149,0.001567382
6.82E+03,2.98E+04,2.58E+02,2.60E+00,9.32E-03,7.95E+01,1.55E-04,4.78E-01,2.62E-01,2.33E-01,2.94E+02,1.69E+01,3.11E+02,0.001514149,0.001567382
6.84E+03,29899,6.17E+01,7.52E-01,9.43E-03,7.95E+01,1.54E-04,4.76E-01,2.58E-01,2.40E-01,2.94E+02,1.80E+01,3.12E+02,0.001508416,0.001561481
6.84E+03,2.99E+04,2.57E+02,2.60E+00,9.43E-03,7.95E+01,1.54E-04,4.76E-01,2.58E-01,2.40E-01,2.94E+02,1.80E+01,3.12E+02,0.001508387,0.001561452
6.86E+03,29999,6.09E+01,7.52E-01,9.33E-03,7.95E+01,1.54E-04,4.78E-01,2.61E-01,2.35E-01,2.95E+02,1.73E+01,3.12E+02,0.001502695,0.001555592
6.86E+03,30000,2.59E+02,2.60E+00,9.33E-03,7.95E+01,1.54E-04,4.78E-01,2.61E-01,2.35E-01,2.95E+02,1.73E+01,3.12E+02,0.001502638,0.001555534
6.91E+03,30099,6.08E+01,7.53E-01,9.34E-03,7.96E+01,1.53E-04,4.78E-01,2.61E-01,2.35E-01,2.95E+02,1.72E+01,3.12E+02,0.001497015,0.001549745
6.91E+03,30100,2.59E+02,2.60E+00,9.34E-03,7.96E+01,1.53E-04,4.78E-01,2.61E-01,2.35E-01,2.95E+02,1.72E+01,3.12E+02,0.001496958,0.001549687
6.93E+03,30199,6.06E+01,7.51E-01,9.38E-03,7.96E+01,1.53E-04,4.76E-01,2.60E-01,2.35E-01,2.94E+02,1.72E+01,3.11E+02,0.001491375,0.001543939
6.93E+03,3.02E+04,2.58E+02,2.60E+00,9.38E-03,7.96E+01,1.53E-04,4.76E-01,2.60E-01,2.35E-01,2.94E+02,1.72E+01,3.11E+02,0.001491347,0.00154391
6.95E+03,30299,6.05E+01,7.50E-01,9.38E-03,7.96E+01,1.52E-04,4.76E-01,2.60E-01,2.35E-01,2.94E+02,1.72E+01,3.11E+02,0.001485775,0.001538174
6.95E+03,3.03E+04,2.57E+02,2.60E+00,9.38E-03,7.96E+01,1.52E-04,4.76E-01,2.60E-01,2.35E-01,2.94E+02,1.72E+01,3.11E+02,0.001485747,0.001538146
6.97E+03,30399,6.05E+01,7.51E-01,9.39E-03,7.96E+01,1.52E-04,4.75E-01,2.60E-01,2.35E-01,2.93E+02,1.72E+01,3.11E+02,0.001480214,0.00153245
6.97E+03,3.04E+04,2.57E+02,2.60E+00,9.39E-03,7.96E+01,1.52E-04,4.75E-01,2.60E-01,2.35E-01,2.93E+02,1.72E+01,3.11E+02,0.001480186,0.001532421
6.99E+03,30499,6.05E+01,7.50E-01,9.40E-03,7.96E+01,1.51E-04,4.75E-01,2.60E-01,2.35E-01,2.93E+02,1.72E+01,3.11E+02,0.001474692,0.001526765
6.99E+03,3.05E+04,2.57E+02,2.60E+00,9.40E-03,7.96E+01,1.51E-04,4.75E-01,2.60E-01,2.35E-01,2.93E+02,1.72E+01,3.11E+02,0.001474665,0.001526737
7.01E+03,30599,6.04E+01,7.52E-01,9.39E-03,7.96E+01,1.51E-04,4.75E-01,2.59E-01,2.35E-01,2.93E+02,1.72E+01,3.10E+02,0.001469209,0.00152112
7.01E+03,3.06E+04,2.57E+02,2.60E+00,9.39E-03,7.96E+01,1.51E-04,4.75E-01,2.59E-01,2.35E-01,2.93E+02,1.72E+01,3.10E+02,0.001469182,0.001521092
7.03E+03,30699,2.58E+02,2.60E+00,9.30E-03,7.96E+01,1.50E-04,4.77E-01,2.62E-01,2.32E-01,2.93E+02,1.66E+01,3.10E+02,0.001463764,0.001515514
7.03E+03,3.07E+04,5.98E+01,7.53E-01,9.30E-03,7.97E+01,1.50E-04,4.77E-01,2.62E-01,2.32E-01,2.93E+02,1.66E+01,3.10E+02,0.001463737,0.001515486
7.05E+03,30799,6.04E+01,7.51E-01,9.36E-03,7.97E+01,1.50E-04,4.75E-01,2.60E-01,2.35E-01,2.93E+02,1.71E+01,3.10E+02,0.001458357,0.001509947
7.05E+03,30800,2.57E+02,2.60E+00,9.36E-03,7.97E+01,1.50E-04,4.75E-01,2.60E-01,2.35E-01,2.93E+02,1.71E+01,3.10E+02,0.001458303,0.001509892
7.07E+03,3.09E+04,5.97E+01,7.50E-01,9.42E-03,7.97E+01,1.49E-04,4.73E-01,2.59E-01,2.33E-01,2.92E+02,1.68E+01,3.09E+02,0.00145296,0.001504391
7.07E+03,3.09E+04,2.56E+02,2.60E+00,9.42E-03,7.97E+01,1.49E-04,4.73E-01,2.59E-01,2.33E-01,2.92E+02,1.68E+01,3.09E+02,0.00145296,0.001504391
7.09E+03,30999,6.19E+01,7.52E-01,9.48E-03,7.97E+01,1.49E-04,4.74E-01,2.57E-01,2.41E-01,2.94E+02,1.82E+01,3.12E+02,0.001447654,0.001498928
7.09E+03,3.10E+04,2.57E+02,2.60E+00,9.48E-03,7.97E+01,1.49E-04,4.74E-01,2.57E-01,2.41E-01,2.94E+02,1.82E+01,3.12E+02,0.001447627,0.001498901
7.14E+03,31099,6.09E+01,7.55E-01,9.39E-03,7.97E+01,1.48E-04,4.75E-01,2.58E-01,2.37E-01,2.93E+02,1.74E+01,3.10E+02,0.001442358,0.001493475
7.14E+03,3.11E+04,2.57E+02,2.60E+00,9.39E-03,7.97E+01,1.48E-04,4.75E-01,2.58E-01,2.37E-01,2.93E+02,1.74E+01,3.10E+02,0.001442331,0.001493448
7.16E+03,31199,6.06E+01,7.53E-01,9.45E-03,7.97E+01,1.48E-04,4.72E-01,2.57E-01,2.37E-01,2.92E+02,1.73E+01,3.09E+02,0.001437098,0.001488059
7.16E+03,3.12E+04,2.56E+02,2.60E+00,9.45E-03,7.97E+01,1.48E-04,4.72E-01,2.57E-01,2.37E-01,2.92E+02,1.73E+01,3.09E+02,0.001437071,0.001488032
7.18E+03,31299,6.06E+01,7.53E-01,9.42E-03,7.97E+01,1.48E-04,4.73E-01,2.58E-01,2.36E-01,2.92E+02,1.73E+01,3.10E+02,0.001431874,0.00148268
7.18E+03,3.13E+04,2.56E+02,2.60E+00,9.42E-03,7.97E+01,1.48E-04,4.73E-01,2.58E-01,2.36E-01,2.92E+02,1.73E+01,3.10E+02,0.001431848,0.001482654
7.20E+03,3.14E+04,5.97E+01,7.52E-01,9.38E-03,7.98E+01,1.47E-04,4.73E-01,2.59E-01,2.33E-01,2.91E+02,1.67E+01,3.08E+02,0.001426659,0.001477311
7.20E+03,3.14E+04,2.56E+02,2.60E+00,9.38E-03,7.98E+01,1.47E-04,4.73E-01,2.59E-01,2.33E-01,2.91E+02,1.67E+01,3.08E+02,0.001426659,0.001477311
7.22E+03,31499,6.04E+01,7.52E-01,9.43E-03,7.98E+01,1.47E-04,4.72E-01,2.58E-01,2.36E-01,2.92E+02,1.72E+01,3.09E+02,0.001421532,0.001472032
7.22E+03,3.15E+04,2.56E+02,2.60E+00,9.43E-03,7.98E+01,1.47E-04,4.72E-01,2.58E-01,2.36E-01,2.92E+02,1.72E+01,3.09E+02,0.001421506,0.001472005
7.24E+03,31599,6.11E+01,7.52E-01,9.43E-03,7.98E+01,1.46E-04,4.73E-01,2.57E-01,2.38E-01,2.93E+02,1.76E+01,3.11E+02,0.001416414,0.001466761
7.24E+03,31600,2.57E+02,2.60E+00,9.43E-03,7.98E+01,1.46E-04,4.73E-01,2.57E-01,2.38E-01,2.93E+02,1.76E+01,3.11E+02,0.001416363,0.001466709
7.26E+03,3.17E+04,5.98E+01,7.53E-01,9.36E-03,7.98E+01,1.46E-04,4.73E-01,2.59E-01,2.33E-01,2.92E+02,1.67E+01,3.08E+02,0.001411305,0.0014615
7.26E+03,31700,2.57E+02,2.60E+00,9.36E-03,7.98E+01,1.46E-04,4.73E-01,2.59E-01,2.33E-01,2.92E+02,1.67E+01,3.08E+02,0.001411279,0.001461474
7.28E+03,3.18E+04,5.97E+01,7.53E-01,9.37E-03,7.98E+01,1.45E-04,4.73E-01,2.59E-01,2.33E-01,2.92E+02,1.67E+01,3.09E+02,0.001406255,0.001456301
7.28E+03,31800,2.57E+02,2.60E+00,9.37E-03,7.98E+01,1.45E-04,4.73E-01,2.59E-01,2.33E-01,2.92E+02,1.67E+01,3.09E+02,0.00140623,0.001456275
7.30E+03,3.19E+04,5.98E+01,7.54E-01,9.48E-03,7.98E+01,1.45E-04,4.68E-01,2.56E-01,2.35E-01,2.89E+02,1.70E+01,3.06E+02,0.001401239,0.001451136
7.30E+03,3.19E+04,2.54E+02,2.60E+00,9.48E-03,7.98E+01,1.45E-04,4.68E-01,2.56E-01,2.35E-01,2.89E+02,1.70E+01,3.06E+02,0.001401239,0.001451136
7.32E+03,3.20E+04,5.97E+01,7.53E-01,9.41E-03,7.98E+01,1.44E-04,4.71E-01,2.58E-01,2.33E-01,2.91E+02,1.68E+01,3.08E+02,0.001396257,0.001446005
7.32E+03,3.20E+04,2.56E+02,2.60E+00,9.41E-03,7.98E+01,1.44E-04,4.71E-01,2.58E-01,2.33E-01,2.91E+02,1.68E+01,3.08E+02,0.001396257,0.001446005
7.36E+03,32099,6.04E+01,7.55E-01,9.46E-03,7.99E+01,1.44E-04,4.71E-01,2.57E-01,2.36E-01,2.91E+02,1.73E+01,3.09E+02,0.001391333,0.001440934
7.36E+03,3.21E+04,2.56E+02,2.60E+00,9.46E-03,7.99E+01,1.44E-04,4.71E-01,2.57E-01,2.36E-01,2.91E+02,1.73E+01,3.09E+02,0.001391308,0.001440908
7.38E+03,3.22E+04,5.95E+01,7.52E-01,9.40E-03,7.99E+01,1.44E-04,4.72E-01,2.59E-01,2.32E-01,2.91E+02,1.66E+01,3.08E+02,0.001386392,0.001435846
7.38E+03,32200,2.56E+02,2.60E+00,9.40E-03,7.99E+01,1.44E-04,4.72E-01,2.59E-01,2.32E-01,2.91E+02,1.66E+01,3.08E+02,0.001386368,0.00143582
7.40E+03,32299,6.10E+01,7.53E-01,9.50E-03,7.99E+01,1.43E-04,4.69E-01,2.55E-01,2.39E-01,2.91E+02,1.76E+01,3.09E+02,0.001381533,0.001430841
7.40E+03,3.23E+04,2.55E+02,2.60E+00,9.50E-03,7.99E+01,1.43E-04,4.69E-01,2.55E-01,2.39E-01,2.91E+02,1.76E+01,3.09E+02,0.001381509,0.001430816
7.42E+03,3.24E+04,5.95E+01,7.52E-01,9.41E-03,7.99E+01,1.43E-04,4.70E-01,2.58E-01,2.33E-01,2.91E+02,1.67E+01,3.07E+02,0.001376657,0.00142582
7.42E+03,32400,2.56E+02,2.60E+00,9.41E-03,7.99E+01,1.43E-04,4.70E-01,2.58E-01,2.33E-01,2.91E+02,1.67E+01,3.07E+02,0.001376633,0.001425795
7.44E+03,32499,6.01E+01,7.53E-01,9.51E-03,7.99E+01,1.42E-04,4.68E-01,2.55E-01,2.37E-01,2.90E+02,1.72E+01,3.07E+02,0.001371862,0.001420881
7.44E+03,3.25E+04,2.54E+02,2.60E+00,9.51E-03,7.99E+01,1.42E-04,4.68E-01,2.55E-01,2.37E-01,2.90E+02,1.72E+01,3.07E+02,0.001371838,0.001420856
7.46E+03,32599,6.08E+01,7.51E-01,9.52E-03,7.99E+01,1.42E-04,4.69E-01,2.55E-01,2.39E-01,2.91E+02,1.76E+01,3.09E+02,0.001367074,0.00141595
7.46E+03,3.26E+04,2.55E+02,2.60E+00,9.52E-03,7.99E+01,1.42E-04,4.69E-01,2.55E-01,2.39E-01,2.91E+02,1.76E+01,3.09E+02,0.00136705,0.001415925
7.48E+03,3.27E+04,5.94E+01,7.53E-01,9.42E-03,7.99E+01,1.42E-04,4.70E-01,2.57E-01,2.33E-01,2.90E+02,1.66E+01,3.07E+02,0.001362293,0.001411026
7.48E+03,32700,2.55E+02,2.60E+00,9.42E-03,7.99E+01,1.42E-04,4.70E-01,2.57E-01,2.33E-01,2.90E+02,1.66E+01,3.07E+02,0.00136227,0.001411002
7.50E+03,32799,6.01E+01,7.54E-01,9.49E-03,8.00E+01,1.41E-04,4.68E-01,2.55E-01,2.36E-01,2.90E+02,1.71E+01,3.07E+02,0.001357591,0.001406183
7.50E+03,3.28E+04,2.54E+02,2.60E+00,9.49E-03,8.00E+01,1.41E-04,4.68E-01,2.55E-01,2.36E-01,2.90E+02,1.71E+01,3.07E+02,0.001357568,0.001406159
7.52E+03,32899,6.00E+01,7.53E-01,9.50E-03,8.00E+01,1.41E-04,4.68E-01,2.55E-01,2.36E-01,2.90E+02,1.71E+01,3.07E+02,0.001352896,0.001401348
7.52E+03,3.29E+04,2.54E+02,2.60E+00,9.50E-03,8.00E+01,1.41E-04,4.68E-01,2.55E-01,2.36E-01,2.90E+02,1.71E+01,3.07E+02,0.001352873,0.001401324
7.54E+03,32999,6.00E+01,7.52E-01,9.54E-03,8.00E+01,1.40E-04,4.66E-01,2.54E-01,2.37E-01,2.89E+02,1.72E+01,3.06E+02,0.001348232,0.001396543
7.54E+03,3.30E+04,2.53E+02,2.60E+00,9.54E-03,8.00E+01,1.40E-04,4.66E-01,2.54E-01,2.37E-01,2.89E+02,1.72E+01,3.06E+02,0.001348208,0.001396519
7.59E+03,33099,6.02E+01,7.53E-01,9.51E-03,8.00E+01,1.40E-04,4.69E-01,2.55E-01,2.37E-01,2.91E+02,1.72E+01,3.08E+02,0.001343597,0.00139177
7.59E+03,33100,2.55E+02,2.60E+00,9.51E-03,8.00E+01,1.40E-04,4.69E-01,2.55E-01,2.37E-01,2.91E+02,1.72E+01,3.08E+02,0.001343551,0.001391722
7.61E+03,3.32E+04,5.92E+01,7.50E-01,9.51E-03,8.00E+01,1.39E-04,4.66E-01,2.55E-01,2.34E-01,2.89E+02,1.67E+01,3.05E+02,0.00133897,0.001387003
7.61E+03,3.32E+04,2.53E+02,2.60E+00,9.51E-03,8.00E+01,1.39E-04,4.66E-01,2.55E-01,2.34E-01,2.89E+02,1.67E+01,3.05E+02,0.00133897,0.001387003
7.63E+03,3.33E+04,5.91E+01,7.50E-01,9.48E-03,8.00E+01,1.39E-04,4.67E-01,2.56E-01,2.33E-01,2.89E+02,1.65E+01,3.06E+02,0.001334395,0.00138229
7.63E+03,33300,2.54E+02,2.60E+00,9.48E-03,8.00E+01,1.39E-04,4.67E-01,2.56E-01,2.33E-01,2.89E+02,1.65E+01,3.06E+02,0.001334372,0.001382267
7.65E+03,3.34E+04,5.91E+01,7.51E-01,9.55E-03,8.00E+01,1.39E-04,4.64E-01,2.54E-01,2.34E-01,2.88E+02,1.67E+01,3.04E+02,0.001329849,0.001377608
7.65E+03,3.34E+04,2.52E+02,2.60E+00,9.55E-03,8.00E+01,1.39E-04,4.64E-01,2.54E-01,2.34E-01,2.88E+02,1.67E+01,3.04E+02,0.001329849,0.001377608
7.67E+03,33499,6.07E+01,7.51E-01,9.58E-03,8.01E+01,1.38E-04,4.65E-01,2.52E-01,2.40E-01,2.89E+02,1.76E+01,3.07E+02,0.001325355,0.001372979
7.67E+03,3.35E+04,2.53E+02,2.60E+00,9.58E-03,8.01E+01,1.38E-04,4.65E-01,2.52E-01,2.40E-01,2.89E+02,1.76E+01,3.07E+02,0.001325332,0.001372955
7.69E+03,33599,6.08E+01,7.51E-01,9.61E-03,8.01E+01,1.38E-04,4.65E-01,2.52E-01,2.40E-01,2.90E+02,1.77E+01,3.07E+02,0.001320867,0.001368355
7.69E+03,3.36E+04,2.53E+02,2.60E+00,9.61E-03,8.01E+01,1.38E-04,4.65E-01,2.52E-01,2.40E-01,2.90E+02,1.77E+01,3.07E+02,0.001320844,0.001368332
7.71E+03,33699,5.99E+01,7.51E-01,9.61E-03,8.01E+01,1.38E-04,4.63E-01,2.52E-01,2.38E-01,2.88E+02,1.72E+01,3.05E+02,0.001316407,0.001363761
7.71E+03,3.37E+04,2.52E+02,2.60E+00,9.61E-03,8.01E+01,1.38E-04,4.63E-01,2.52E-01,2.38E-01,2.88E+02,1.72E+01,3.05E+02,0.001316385,0.001363739
7.73E+03,33799,5.97E+01,7.50E-01,9.57E-03,8.01E+01,1.37E-04,4.65E-01,2.54E-01,2.36E-01,2.89E+02,1.70E+01,3.06E+02,0.001311976,0.001359196
7.73E+03,3.38E+04,2.53E+02,2.60E+00,9.57E-03,8.01E+01,1.37E-04,4.65E-01,2.54E-01,2.36E-01,2.89E+02,1.70E+01,3.06E+02,0.001311954,0.001359174
7.75E+03,33899,5.97E+01,7.50E-01,9.54E-03,8.01E+01,1.37E-04,4.66E-01,2.54E-01,2.36E-01,2.89E+02,1.70E+01,3.06E+02,0.001307572,0.00135466
7.75E+03,33900,2.53E+02,2.60E+00,9.54E-03,8.01E+01,1.37E-04,4.66E-01,2.54E-01,2.36E-01,2.89E+02,1.70E+01,3.06E+02,0.001307528,0.001354615
7.77E+03,3.40E+04,5.90E+01,7.50E-01,9.58E-03,8.01E+01,1.36E-04,4.62E-01,2.53E-01,2.34E-01,2.87E+02,1.67E+01,3.03E+02,0.001303175,0.00135013
7.77E+03,3.40E+04,2.52E+02,2.60E+00,9.58E-03,8.01E+01,1.36E-04,4.62E-01,2.53E-01,2.34E-01,2.87E+02,1.67E+01,3.03E+02,0.001303175,0.00135013
7.82E+03,34099,6.03E+01,7.54E-01,9.57E-03,8.01E+01,1.36E-04,4.65E-01,2.53E-01,2.38E-01,2.89E+02,1.74E+01,3.07E+02,0.001298848,0.001345673
7.82E+03,3.41E+04,2.53E+02,2.60E+00,9.57E-03,8.01E+01,1.36E-04,4.65E-01,2.53E-01,2.38E-01,2.89E+02,1.74E+01,3.07E+02,0.001298827,0.00134565
7.84E+03,3.42E+04,5.93E+01,7.53E-01,9.50E-03,8.01E+01,1.36E-04,4.65E-01,2.54E-01,2.34E-01,2.88E+02,1.67E+01,3.05E+02,0.001294505,0.001341199
7.84E+03,34200,2.53E+02,2.60E+00,9.50E-03,8.01E+01,1.36E-04,4.65E-01,2.54E-01,2.34E-01,2.88E+02,1.67E+01,3.05E+02,0.001294484,0.001341176
7.86E+03,3.43E+04,5.91E+01,7.52E-01,9.54E-03,8.02E+01,1.35E-04,4.63E-01,2.53E-01,2.34E-01,2.88E+02,1.67E+01,3.04E+02,0.001290211,0.001336775
7.86E+03,3.43E+04,2.53E+02,2.60E+00,9.54E-03,8.02E+01,1.35E-04,4.63E-01,2.53E-01,2.34E-01,2.88E+02,1.67E+01,3.04E+02,0.001290211,0.001336775
7.88E+03,3.44E+04,5.93E+01,7.52E-01,9.59E-03,8.02E+01,1.35E-04,4.62E-01,2.52E-01,2.35E-01,2.87E+02,1.68E+01,3.04E+02,0.001285944,0.001332378
7.88E+03,3.44E+04,2.52E+02,2.60E+00,9.59E-03,8.02E+01,1.35E-04,4.62E-01,2.52E-01,2.35E-01,2.87E+02,1.68E+01,3.04E+02,0.001285944,0.001332378
7.90E+03,34499,5.98E+01,7.52E-01,9.59E-03,8.02E+01,1.34E-04,4.63E-01,2.52E-01,2.37E-01,2.88E+02,1.71E+01,3.05E+02,0.001281724,0.00132803
7.90E+03,3.45E+04,2.52E+02,2.60E+00,9.59E-03,8.02E+01,1.34E-04,4.63E-01,2.52E-01,2.37E-01,2.88E+02,1.71E+01,3.05E+02,0.001281703,0.001328009
7.92E+03,34599,6.07E+01,7.52E-01,9.68E-03,8.02E+01,1.34E-04,4.61E-01,2.50E-01,2.41E-01,2.88E+02,1.78E+01,3.06E+02,0.001277509,0.001323688
7.92E+03,3.46E+04,2.51E+02,2.60E+00,9.68E-03,8.02E+01,1.34E-04,4.61E-01,2.50E-01,2.41E-01,2.88E+02,1.78E+01,3.06E+02,0.001277488,0.001323666
7.94E+03,34699,5.98E+01,7.52E-01,9.62E-03,8.02E+01,1.34E-04,4.61E-01,2.50E-01,2.38E-01,2.87E+02,1.72E+01,3.04E+02,0.00127332,0.001319372
7.94E+03,3.47E+04,2.51E+02,2.60E+00,9.62E-03,8.02E+01,1.34E-04,4.61E-01,2.50E-01,2.38E-01,2.87E+02,1.72E+01,3.04E+02,0.001273299,0.00131935
7.96E+03,34799,5.99E+01,7.54E-01,9.59E-03,8.02E+01,1.33E-04,4.62E-01,2.51E-01,2.38E-01,2.88E+02,1.72E+01,3.05E+02,0.001269157,0.001315082
7.96E+03,3.48E+04,2.52E+02,2.60E+00,9.59E-03,8.02E+01,1.33E-04,4.62E-01,2.51E-01,2.38E-01,2.88E+02,1.72E+01,3.05E+02,0.001269136,0.001315061
7.98E+03,34899,5.99E+01,7.51E-01,9.62E-03,8.02E+01,1.33E-04,4.62E-01,2.52E-01,2.38E-01,2.88E+02,1.72E+01,3.05E+02,0.001265019,0.001310819
7.98E+03,3.49E+04,2.52E+02,2.60E+00,9.62E-03,8.02E+01,1.33E-04,4.62E-01,2.52E-01,2.38E-01,2.88E+02,1.72E+01,3.05E+02,0.001264999,0.001310798
8.00E+03,3.50E+04,5.92E+01,7.53E-01,9.58E-03,8.03E+01,1.33E-04,4.62E-01,2.52E-01,2.35E-01,2.87E+02,1.68E+01,3.04E+02,0.001260887,0.00130656
8.00E+03,3.50E+04,2.52E+02,2.60E+00,9.58E-03,8.03E+01,1.33E-04,4.62E-01,2.52E-01,2.35E-01,2.87E+02,1.68E+01,3.04E+02,0.001260887,0.00130656
8.05E+03,3.51E+04,5.90E+01,7.54E-01,9.52E-03,8.03E+01,1.32E-04,4.63E-01,2.53E-01,2.34E-01,2.87E+02,1.66E+01,3.04E+02,0.001256799,0.001302349
8.05E+03,35100,2.53E+02,2.60E+00,9.52E-03,8.03E+01,1.32E-04,4.63E-01,2.53E-01,2.34E-01,2.87E+02,1.66E+01,3.04E+02,0.001256779,0.001302328
8.07E+03,35199,5.94E+01,7.52E-01,9.62E-03,8.03E+01,1.32E-04,4.60E-01,2.51E-01,2.36E-01,2.87E+02,1.70E+01,3.03E+02,0.001252757,0.001298184
8.07E+03,3.52E+04,2.51E+02,2.60E+00,9.62E-03,8.03E+01,1.32E-04,4.60E-01,2.51E-01,2.36E-01,2.87E+02,1.70E+01,3.03E+02,0.001252737,0.001298163
8.09E+03,3.53E+04,5.88E+01,7.52E-01,9.56E-03,8.03E+01,1.32E-04,4.61E-01,2.53E-01,2.33E-01,2.86E+02,1.65E+01,3.03E+02,0.001248699,0.001294002
8.09E+03,35300,2.52E+02,2.60E+00,9.56E-03,8.03E+01,1.32E-04,4.61E-01,2.53E-01,2.33E-01,2.86E+02,1.65E+01,3.03E+02,0.001248679,0.001293981
8.11E+03,35399,5.93E+01,7.52E-01,9.60E-03,8.03E+01,1.31E-04,4.61E-01,2.52E-01,2.36E-01,2.87E+02,1.69E+01,3.04E+02,0.001244706,0.001289887
8.11E+03,35400,2.52E+02,2.60E+00,9.60E-03,8.03E+01,1.31E-04,4.61E-01,2.52E-01,2.36E-01,2.87E+02,1.69E+01,3.04E+02,0.001244666,0.001289846
8.13E+03,3.55E+04,5.80E+01,7.51E-01,9.57E-03,8.03E+01,1.31E-04,4.59E-01,2.52E-01,2.31E-01,2.85E+02,1.61E+01,3.01E+02,0.001240696,0.001285755
8.13E+03,3.55E+04,2.51E+02,2.60E+00,9.57E-03,8.03E+01,1.31E-04,4.59E-01,2.52E-01,2.31E-01,2.85E+02,1.61E+01,3.01E+02,0.001240696,0.001285755
8.15E+03,3.56E+04,5.85E+01,7.52E-01,9.60E-03,8.03E+01,1.31E-04,4.59E-01,2.52E-01,2.33E-01,2.85E+02,1.64E+01,3.02E+02,0.001236731,0.001281669
8.15E+03,3.56E+04,2.51E+02,2.60E+00,9.60E-03,8.03E+01,1.31E-04,4.59E-01,2.52E-01,2.33E-01,2.85E+02,1.64E+01,3.02E+02,0.001236731,0.001281669
8.17E+03,3.57E+04,5.86E+01,7.52E-01,9.58E-03,8.03E+01,1.30E-04,4.60E-01,2.52E-01,2.33E-01,2.86E+02,1.65E+01,3.03E+02,0.001232789,0.001277607
8.17E+03,35700,2.51E+02,2.60E+00,9.58E-03,8.03E+01,1.30E-04,4.60E-01,2.52E-01,2.33E-01,2.86E+02,1.65E+01,3.03E+02,0.00123277,0.001277587
8.19E+03,35799,5.94E+01,7.51E-01,9.63E-03,8.04E+01,1.30E-04,4.60E-01,2.51E-01,2.36E-01,2.87E+02,1.70E+01,3.04E+02,0.001228891,0.00127359
8.19E+03,35800,2.51E+02,2.60E+00,9.63E-03,8.04E+01,1.30E-04,4.60E-01,2.51E-01,2.36E-01,2.87E+02,1.70E+01,3.04E+02,0.001228852,0.001273549
8.21E+03,3.59E+04,5.87E+01,7.52E-01,9.62E-03,8.04E+01,1.29E-04,4.58E-01,2.50E-01,2.34E-01,2.85E+02,1.66E+01,3.02E+02,0.001224977,0.001269556
8.21E+03,3.59E+04,2.50E+02,2.60E+00,9.62E-03,8.04E+01,1.29E-04,4.58E-01,2.50E-01,2.34E-01,2.85E+02,1.66E+01,3.02E+02,0.001224977,0.001269556
8.23E+03,35999,5.94E+01,7.52E-01,9.67E-03,8.04E+01,1.29E-04,4.58E-01,2.49E-01,2.37E-01,2.86E+02,1.70E+01,3.03E+02,0.001221124,0.001265586
8.23E+03,3.60E+04,2.50E+02,2.60E+00,9.67E-03,8.04E+01,1.29E-04,4.58E-01,2.49E-01,2.37E-01,2.86E+02,1.70E+01,3.03E+02,0.001221105,0.001265566
8.27E+03,3.61E+04,5.86E+01,7.56E-01,9.57E-03,8.04E+01,1.29E-04,4.61E-01,2.52E-01,2.33E-01,2.86E+02,1.64E+01,3.02E+02,0.001217256,0.001261599
8.27E+03,36100,2.51E+02,2.60E+00,9.57E-03,8.04E+01,1.29E-04,4.61E-01,2.52E-01,2.33E-01,2.86E+02,1.64E+01,3.02E+02,0.001217237,0.00126158
8.29E+03,3.62E+04,5.88E+01,7.53E-01,9.63E-03,8.04E+01,1.28E-04,4.57E-01,2.50E-01,2.35E-01,2.85E+02,1.66E+01,3.01E+02,0.00121343,0.001257656
8.29E+03,3.62E+04,2.50E+02,2.60E+00,9.63E-03,8.04E+01,1.28E-04,4.57E-01,2.50E-01,2.35E-01,2.85E+02,1.66E+01,3.01E+02,0.00121343,0.001257656
8.31E+03,36299,5.94E+01,7.52E-01,9.64E-03,8.04E+01,1.28E-04,4.58E-01,2.50E-01,2.37E-01,2.86E+02,1.70E+01,3.03E+02,0.001209646,0.001253756
8.31E+03,36300,2.51E+02,2.60E+00,9.64E-03,8.04E+01,1.28E-04,4.58E-01,2.50E-01,2.37E-01,2.86E+02,1.70E+01,3.03E+02,0.001209608,0.001253717
8.33E+03,3.64E+04,5.81E+01,7.51E-01,9.61E-03,8.04E+01,1.28E-04,4.57E-01,2.51E-01,2.32E-01,2.85E+02,1.62E+01,3.01E+02,0.001205846,0.00124984
8.33E+03,3.64E+04,2.50E+02,2.60E+00,9.61E-03,8.04E+01,1.28E-04,4.57E-01,2.51E-01,2.32E-01,2.85E+02,1.62E+01,3.01E+02,0.001205846,0.00124984
8.35E+03,3.65E+04,5.88E+01,7.52E-01,9.68E-03,8.05E+01,1.27E-04,4.56E-01,2.49E-01,2.36E-01,2.84E+02,1.67E+01,3.01E+02,0.001202087,0.001245965
8.35E+03,3.65E+04,2.49E+02,2.60E+00,9.68E-03,8.05E+01,1.27E-04,4.56E-01,2.49E-01,2.36E-01,2.84E+02,1.67E+01,3.01E+02,0.001202087,0.001245965
8.37E+03,3.66E+04,5.87E+01,7.52E-01,9.69E-03,8.05E+01,1.27E-04,4.56E-01,2.49E-01,2.36E-01,2.84E+02,1.67E+01,3.01E+02,0.00119835,0.001242114
8.37E+03,3.66E+04,2.49E+02,2.60E+00,9.69E-03,8.05E+01,1.27E-04,4.56E-01,2.49E-01,2.36E-01,2.84E+02,1.67E+01,3.01E+02,0.00119835,0.001242114
8.39E+03,36699,5.94E+01,7.51E-01,9.70E-03,8.05E+01,1.27E-04,4.56E-01,2.48E-01,2.38E-01,2.85E+02,1.71E+01,3.02E+02,0.001194653,0.001238304
8.39E+03,3.67E+04,2.50E+02,2.60E+00,9.70E-03,8.05E+01,1.27E-04,4.56E-01,2.48E-01,2.38E-01,2.85E+02,1.71E+01,3.02E+02,0.001194635,0.001238284
8.41E+03,3.68E+04,5.81E+01,7.53E-01,9.63E-03,8.05E+01,1.26E-04,4.56E-01,2.50E-01,2.33E-01,2.84E+02,1.63E+01,3.00E+02,0.001190941,0.001234477
8.41E+03,3.68E+04,2.50E+02,2.60E+00,9.63E-03,8.05E+01,1.26E-04,4.56E-01,2.50E-01,2.33E-01,2.84E+02,1.63E+01,3.00E+02,0.001190941,0.001234477
8.43E+03,36899,5.93E+01,7.52E-01,9.74E-03,8.05E+01,1.26E-04,4.55E-01,2.47E-01,2.38E-01,2.84E+02,1.71E+01,3.01E+02,0.001187287,0.001230711
8.43E+03,3.69E+04,2.49E+02,2.60E+00,9.74E-03,8.05E+01,1.26E-04,4.55E-01,2.47E-01,2.38E-01,2.84E+02,1.71E+01,3.01E+02,0.001187269,0.001230692
8.45E+03,36999,5.94E+01,7.52E-01,9.79E-03,8.05E+01,1.26E-04,4.53E-01,2.46E-01,2.40E-01,2.83E+02,1.72E+01,3.01E+02,0.001183636,0.001226948
8.45E+03,3.70E+04,2.48E+02,2.60E+00,9.79E-03,8.05E+01,1.26E-04,4.53E-01,2.46E-01,2.40E-01,2.83E+02,1.72E+01,3.01E+02,0.001183618,0.001226929
8.50E+03,3.71E+04,5.85E+01,7.53E-01,9.69E-03,8.05E+01,1.25E-04,4.56E-01,2.49E-01,2.35E-01,2.84E+02,1.66E+01,3.01E+02,0.001179988,0.001223187
8.50E+03,3.71E+04,2.49E+02,2.60E+00,9.69E-03,8.05E+01,1.25E-04,4.56E-01,2.49E-01,2.35E-01,2.84E+02,1.66E+01,3.01E+02,0.001179988,0.001223187
8.52E+03,37199,5.87E+01,7.51E-01,9.72E-03,8.05E+01,1.25E-04,4.54E-01,2.48E-01,2.36E-01,2.84E+02,1.68E+01,3.00E+02,0.001176397,0.001219486
8.52E+03,3.72E+04,2.49E+02,2.60E+00,9.72E-03,8.05E+01,1.25E-04,4.54E-01,2.48E-01,2.36E-01,2.84E+02,1.68E+01,3.00E+02,0.001176379,0.001219467
8.54E+03,3.73E+04,5.80E+01,7.51E-01,9.72E-03,8.06E+01,1.25E-04,4.52E-01,2.48E-01,2.34E-01,2.82E+02,1.63E+01,2.98E+02,0.00117279,0.001215768
8.54E+03,3.73E+04,2.48E+02,2.60E+00,9.72E-03,8.06E+01,1.25E-04,4.52E-01,2.48E-01,2.34E-01,2.82E+02,1.63E+01,2.98E+02,0.00117279,0.001215768
8.56E+03,37399,5.95E+01,7.50E-01,9.80E-03,8.06E+01,1.25E-04,4.53E-01,2.46E-01,2.40E-01,2.84E+02,1.73E+01,3.01E+02,0.00116924,0.001212108
8.56E+03,3.74E+04,2.48E+02,2.60E+00,9.80E-03,8.06E+01,1.25E-04,4.53E-01,2.46E-01,2.40E-01,2.84E+02,1.73E+01,3.01E+02,0.001169222,0.00121209
8.58E+03,37499,5.94E+01,7.51E-01,9.80E-03,8.06E+01,1.24E-04,4.52E-01,2.46E-01,2.40E-01,2.84E+02,1.73E+01,3.01E+02,0.001165692,0.001208451
8.58E+03,3.75E+04,2.48E+02,2.60E+00,9.80E-03,8.06E+01,1.24E-04,4.52E-01,2.46E-01,2.40E-01,2.84E+02,1.73E+01,3.01E+02,0.001165675,0.001208433
8.60E+03,37599,5.93E+01,7.50E-01,9.77E-03,8.06E+01,1.24E-04,4.54E-01,2.47E-01,2.39E-01,2.84E+02,1.72E+01,3.02E+02,0.001162165,0.001204815
8.60E+03,3.76E+04,2.48E+02,2.60E+00,9.77E-03,8.06E+01,1.24E-04,4.54E-01,2.47E-01,2.39E-01,2.84E+02,1.72E+01,3.02E+02,0.001162147,0.001204797
8.62E+03,37699,5.86E+01,7.50E-01,9.70E-03,8.06E+01,1.24E-04,4.55E-01,2.49E-01,2.35E-01,2.84E+02,1.66E+01,3.01E+02,0.001158657,0.001201199
8.62E+03,37700,2.49E+02,2.60E+00,9.70E-03,8.06E+01,1.24E-04,4.55E-01,2.49E-01,2.35E-01,2.84E+02,1.66E+01,3.01E+02,0.001158622,0.001201163
8.64E+03,37799,5.85E+01,7.51E-01,9.70E-03,8.06E+01,1.23E-04,4.54E-01,2.48E-01,2.35E-01,2.84E+02,1.66E+01,3.00E+02,0.00115517,0.001197604
8.64E+03,37800,2.49E+02,2.60E+00,9.70E-03,8.06E+01,1.23E-04,4.54E-01,2.48E-01,2.35E-01,2.84E+02,1.66E+01,3.00E+02,0.001155135,0.001197568
8.66E+03,3.79E+04,5.79E+01,7.50E-01,9.75E-03,8.06E+01,1.23E-04,4.52E-01,2.47E-01,2.34E-01,2.82E+02,1.63E+01,2.99E+02,0.001151684,0.001194011
8.66E+03,3.79E+04,2.47E+02,2.60E+00,9.75E-03,8.06E+01,1.23E-04,4.52E-01,2.47E-01,2.34E-01,2.82E+02,1.63E+01,2.99E+02,0.001151684,0.001194011
8.68E+03,37999,5.94E+01,7.52E-01,9.77E-03,8.06E+01,1.23E-04,4.53E-01,2.46E-01,2.39E-01,2.84E+02,1.72E+01,3.01E+02,0.001148253,0.001190473
8.68E+03,3.80E+04,2.48E+02,2.60E+00,9.77E-03,8.06E+01,1.23E-04,4.53E-01,2.46E-01,2.39E-01,2.84E+02,1.72E+01,3.01E+02,0.001148236,0.001190456
8.73E+03,38099,5.94E+01,7.55E-01,9.75E-03,8.07E+01,1.22E-04,4.55E-01,2.47E-01,2.39E-01,2.85E+02,1.72E+01,3.02E+02,0.001144824,0.001186938
8.73E+03,38100,2.49E+02,2.60E+00,9.75E-03,8.07E+01,1.22E-04,4.55E-01,2.47E-01,2.39E-01,2.85E+02,1.72E+01,3.02E+02,0.00114479,0.001186903
8.75E+03,38199,5.90E+01,7.53E-01,9.78E-03,8.07E+01,1.22E-04,4.52E-01,2.46E-01,2.38E-01,2.83E+02,1.70E+01,3.00E+02,0.001141414,0.001183422
8.75E+03,3.82E+04,2.48E+02,2.60E+00,9.78E-03,8.07E+01,1.22E-04,4.52E-01,2.46E-01,2.38E-01,2.83E+02,1.70E+01,3.00E+02,0.001141397,0.001183405
8.77E+03,3.83E+04,5.83E+01,7.53E-01,9.69E-03,8.07E+01,1.22E-04,4.54E-01,2.48E-01,2.34E-01,2.83E+02,1.65E+01,3.00E+02,0.001138006,0.001179909
8.77E+03,38300,2.49E+02,2.60E+00,9.69E-03,8.07E+01,1.22E-04,4.54E-01,2.48E-01,2.34E-01,2.83E+02,1.65E+01,3.00E+02,0.001137989,0.001179892
8.79E+03,38399,5.89E+01,7.52E-01,9.73E-03,8.07E+01,1.21E-04,4.54E-01,2.47E-01,2.37E-01,2.84E+02,1.69E+01,3.01E+02,0.001134651,0.00117645
8.79E+03,38400,2.49E+02,2.60E+00,9.73E-03,8.07E+01,1.21E-04,4.54E-01,2.47E-01,2.37E-01,2.84E+02,1.69E+01,3.01E+02,0.001134617,0.001176415
8.81E+03,3.85E+04,5.77E+01,7.53E-01,9.66E-03,8.07E+01,1.21E-04,4.54E-01,2.49E-01,2.32E-01,2.83E+02,1.61E+01,2.99E+02,0.001131281,0.001172975
8.81E+03,38500,2.49E+02,2.60E+00,9.66E-03,8.07E+01,1.21E-04,4.54E-01,2.49E-01,2.32E-01,2.83E+02,1.61E+01,2.99E+02,0.001131264,0.001172958
8.83E+03,3.86E+04,5.81E+01,7.53E-01,9.76E-03,8.07E+01,1.21E-04,4.51E-01,2.46E-01,2.35E-01,2.82E+02,1.65E+01,2.98E+02,0.001127946,0.001169537
8.83E+03,3.86E+04,2.47E+02,2.60E+00,9.76E-03,8.07E+01,1.21E-04,4.51E-01,2.46E-01,2.35E-01,2.82E+02,1.65E+01,2.98E+02,0.001127946,0.001169537
8.85E+03,38699,5.96E+01,7.53E-01,9.78E-03,8.07E+01,1.21E-04,4.53E-01,2.46E-01,2.40E-01,2.84E+02,1.73E+01,3.02E+02,0.001124647,0.001166135
8.85E+03,38700,2.48E+02,2.60E+00,9.78E-03,8.07E+01,1.21E-04,4.53E-01,2.46E-01,2.40E-01,2.84E+02,1.73E+01,3.02E+02,0.001124614,0.001166101
8.87E+03,38799,5.89E+01,7.52E-01,9.81E-03,8.07E+01,1.20E-04,4.50E-01,2.45E-01,2.38E-01,2.82E+02,1.70E+01,2.99E+02,0.001121349,0.001162734
8.87E+03,3.88E+04,2.47E+02,2.60E+00,9.81E-03,8.07E+01,1.20E-04,4.50E-01,2.45E-01,2.38E-01,2.82E+02,1.70E+01,2.99E+02,0.001121332,0.001162717
8.89E+03,38899,5.88E+01,7.52E-01,9.79E-03,8.07E+01,1.20E-04,4.52E-01,2.46E-01,2.38E-01,2.83E+02,1.69E+01,3.00E+02,0.001118069,0.001159352
8.89E+03,38900,2.48E+02,2.60E+00,9.79E-03,8.07E+01,1.20E-04,4.52E-01,2.46E-01,2.38E-01,2.83E+02,1.69E+01,3.00E+02,0.001118036,0.001159319
8.91E+03,3.90E+04,5.82E+01,7.54E-01,9.78E-03,8.08E+01,1.20E-04,4.50E-01,2.45E-01,2.36E-01,2.81E+02,1.65E+01,2.98E+02,0.00111479,0.001155972
8.91E+03,3.90E+04,2.47E+02,2.60E+00,9.78E-03,8.08E+01,1.20E-04,4.50E-01,2.45E-01,2.36E-01,2.81E+02,1.65E+01,2.98E+02,0.00111479,0.001155972
8.95E+03,3.91E+04,5.83E+01,7.53E-01,9.75E-03,8.08E+01,1.19E-04,4.53E-01,2.47E-01,2.35E-01,2.83E+02,1.66E+01,3.00E+02,0.001111546,0.001152627
8.95E+03,39100,2.48E+02,2.60E+00,9.75E-03,8.08E+01,1.19E-04,4.53E-01,2.47E-01,2.35E-01,2.83E+02,1.66E+01,3.00E+02,0.00111153,0.001152611
8.97E+03,3.92E+04,5.82E+01,7.49E-01,9.83E-03,8.08E+01,1.19E-04,4.49E-01,2.45E-01,2.36E-01,2.82E+02,1.66E+01,2.98E+02,0.00110832,0.0011493
8.97E+03,3.92E+04,2.46E+02,2.60E+00,9.83E-03,8.08E+01,1.19E-04,4.49E-01,2.45E-01,2.36E-01,2.82E+02,1.66E+01,2.98E+02,0.00110832,0.0011493
8.99E+03,39299,5.97E+01,7.50E-01,9.88E-03,8.08E+01,1.19E-04,4.50E-01,2.43E-01,2.42E-01,2.83E+02,1.76E+01,3.01E+02,0.001105127,0.001146008
8.99E+03,3.93E+04,2.47E+02,2.60E+00,9.88E-03,8.08E+01,1.19E-04,4.50E-01,2.43E-01,2.42E-01,2.83E+02,1.76E+01,3.01E+02,0.001105111,0.001145992
9.01E+03,39399,5.88E+01,7.50E-01,9.83E-03,8.08E+01,1.18E-04,4.50E-01,2.45E-01,2.38E-01,2.83E+02,1.70E+01,3.00E+02,0.001101936,0.001142717
9.01E+03,3.94E+04,2.47E+02,2.60E+00,9.83E-03,8.08E+01,1.18E-04,4.50E-01,2.45E-01,2.38E-01,2.83E+02,1.70E+01,3.00E+02,0.00110192,0.001142701
9.03E+03,39499,5.88E+01,7.50E-01,9.84E-03,8.08E+01,1.18E-04,4.49E-01,2.44E-01,2.38E-01,2.82E+02,1.70E+01,2.99E+02,0.001098761,0.001139444
9.03E+03,3.95E+04,2.47E+02,2.60E+00,9.84E-03,8.08E+01,1.18E-04,4.49E-01,2.44E-01,2.38E-01,2.82E+02,1.70E+01,2.99E+02,0.001098746,0.001139428
9.05E+03,3.96E+04,5.80E+01,7.49E-01,9.81E-03,8.08E+01,1.18E-04,4.48E-01,2.45E-01,2.35E-01,2.81E+02,1.65E+01,2.98E+02,0.001095589,0.001136172
9.05E+03,3.96E+04,2.46E+02,2.60E+00,9.81E-03,8.08E+01,1.18E-04,4.48E-01,2.45E-01,2.35E-01,2.81E+02,1.65E+01,2.98E+02,0.001095589,0.001136172
9.07E+03,3.97E+04,5.79E+01,7.50E-01,9.78E-03,8.08E+01,1.18E-04,4.50E-01,2.46E-01,2.35E-01,2.82E+02,1.64E+01,2.98E+02,0.001092449,0.001132934
9.07E+03,39700,2.47E+02,2.60E+00,9.78E-03,8.08E+01,1.18E-04,4.50E-01,2.46E-01,2.35E-01,2.82E+02,1.64E+01,2.98E+02,0.001092433,0.001132918
9.09E+03,3.98E+04,5.74E+01,7.50E-01,9.82E-03,8.09E+01,1.17E-04,4.47E-01,2.45E-01,2.34E-01,2.80E+02,1.62E+01,2.96E+02,0.001089325,0.001129714
9.09E+03,3.98E+04,2.46E+02,2.60E+00,9.82E-03,8.09E+01,1.17E-04,4.47E-01,2.45E-01,2.34E-01,2.80E+02,1.62E+01,2.96E+02,0.001089325,0.001129714
9.11E+03,3.99E+04,5.73E+01,7.49E-01,9.78E-03,8.09E+01,1.17E-04,4.48E-01,2.46E-01,2.33E-01,2.80E+02,1.60E+01,2.97E+02,0.001086219,0.00112651
9.11E+03,3.99E+04,2.46E+02,2.60E+00,9.78E-03,8.09E+01,1.17E-04,4.48E-01,2.46E-01,2.33E-01,2.80E+02,1.60E+01,2.97E+02,0.001086219,0.00112651
9.13E+03,4.00E+04,5.79E+01,7.50E-01,9.81E-03,8.09E+01,1.17E-04,4.48E-01,2.45E-01,2.35E-01,2.81E+02,1.64E+01,2.97E+02,0.001083129,0.001123324
9.13E+03,4.00E+04,2.46E+02,2.60E+00,9.81E-03,8.09E+01,1.17E-04,4.48E-01,2.45E-01,2.35E-01,2.81E+02,1.64E+01,2.97E+02,0.001083129,0.001123324
9.18E+03,40099,5.86E+01,7.54E-01,9.86E-03,8.09E+01,1.17E-04,4.48E-01,2.44E-01,2.38E-01,2.82E+02,1.69E+01,2.99E+02,0.001080071,0.00112017
9.18E+03,4.01E+04,2.46E+02,2.60E+00,9.86E-03,8.09E+01,1.17E-04,4.48E-01,2.44E-01,2.38E-01,2.82E+02,1.69E+01,2.99E+02,0.001080056,0.001120154
9.20E+03,4.02E+04,5.70E+01,7.53E-01,9.78E-03,8.09E+01,1.16E-04,4.47E-01,2.45E-01,2.32E-01,2.79E+02,1.59E+01,2.95E+02,0.001076999,0.001117001
9.20E+03,4.02E+04,2.46E+02,2.60E+00,9.78E-03,8.09E+01,1.16E-04,4.47E-01,2.45E-01,2.32E-01,2.79E+02,1.59E+01,2.95E+02,0.001076999,0.001117001
9.22E+03,40299,5.89E+01,7.52E-01,9.94E-03,8.09E+01,1.16E-04,4.45E-01,2.41E-01,2.41E-01,2.80E+02,1.73E+01,2.97E+02,0.001073973,0.001113881
9.22E+03,4.03E+04,2.45E+02,2.60E+00,9.94E-03,8.09E+01,1.16E-04,4.45E-01,2.41E-01,2.41E-01,2.80E+02,1.73E+01,2.97E+02,0.001073958,0.001113865
9.24E+03,40399,5.90E+01,7.49E-01,9.92E-03,8.09E+01,1.16E-04,4.46E-01,2.42E-01,2.40E-01,2.82E+02,1.72E+01,2.99E+02,0.001070949,0.001110762
9.24E+03,4.04E+04,2.45E+02,2.60E+00,9.92E-03,8.09E+01,1.16E-04,4.46E-01,2.42E-01,2.40E-01,2.82E+02,1.72E+01,2.99E+02,0.001070934,0.001110746
9.26E+03,40499,5.83E+01,7.52E-01,9.84E-03,8.09E+01,1.15E-04,4.47E-01,2.44E-01,2.37E-01,2.81E+02,1.67E+01,2.97E+02,0.00106794,0.001107658
9.26E+03,40500,2.46E+02,2.60E+00,9.84E-03,8.09E+01,1.15E-04,4.47E-01,2.44E-01,2.37E-01,2.81E+02,1.67E+01,2.97E+02,0.00106791,0.001107627
9.28E+03,4.06E+04,5.68E+01,7.50E-01,9.81E-03,8.09E+01,1.15E-04,4.45E-01,2.45E-01,2.32E-01,2.79E+02,1.58E+01,2.95E+02,0.001064932,0.001104556
9.28E+03,4.06E+04,2.45E+02,2.60E+00,9.81E-03,8.09E+01,1.15E-04,4.45E-01,2.45E-01,2.32E-01,2.79E+02,1.58E+01,2.95E+02,0.001064932,0.001104556
9.30E+03,40699,5.81E+01,7.51E-01,9.88E-03,8.10E+01,1.15E-04,4.46E-01,2.43E-01,2.37E-01,2.80E+02,1.67E+01,2.97E+02,0.00106197,0.001101501
9.30E+03,4.07E+04,2.45E+02,2.60E+00,9.88E-03,8.10E+01,1.15E-04,4.46E-01,2.43E-01,2.37E-01,2.80E+02,1.67E+01,2.97E+02,0.001061955,0.001101486
9.32E+03,40799,5.88E+01,7.52E-01,9.92E-03,8.10E+01,1.15E-04,4.45E-01,2.41E-01,2.40E-01,2.80E+02,1.71E+01,2.97E+02,0.001059008,0.001098446
9.32E+03,4.08E+04,2.45E+02,2.60E+00,9.92E-03,8.10E+01,1.15E-04,4.45E-01,2.41E-01,2.40E-01,2.80E+02,1.71E+01,2.97E+02,0.001058993,0.001098431
9.34E+03,40899,5.81E+01,7.51E-01,9.88E-03,8.10E+01,1.14E-04,4.45E-01,2.42E-01,2.37E-01,2.80E+02,1.67E+01,2.96E+02,0.001056062,0.001095408
9.34E+03,4.09E+04,2.45E+02,2.60E+00,9.88E-03,8.10E+01,1.14E-04,4.45E-01,2.42E-01,2.37E-01,2.80E+02,1.67E+01,2.96E+02,0.001056047,0.001095392
9.36E+03,4.10E+04,5.74E+01,7.52E-01,9.85E-03,8.10E+01,1.14E-04,4.45E-01,2.43E-01,2.35E-01,2.79E+02,1.62E+01,2.95E+02,0.001053116,0.00109237
9.36E+03,4.10E+04,2.45E+02,2.60E+00,9.85E-03,8.10E+01,1.14E-04,4.45E-01,2.43E-01,2.35E-01,2.79E+02,1.62E+01,2.95E+02,0.001053116,0.00109237
9.41E+03,4.11E+04,5.80E+01,7.54E-01,9.91E-03,8.10E+01,1.14E-04,4.46E-01,2.43E-01,2.37E-01,2.80E+02,1.66E+01,2.97E+02,0.001050201,0.001089362
9.41E+03,4.11E+04,2.45E+02,2.61E+00,9.91E-03,8.10E+01,1.14E-04,4.46E-01,2.43E-01,2.37E-01,2.80E+02,1.66E+01,2.97E+02,0.001050201,0.001089362
9.43E+03,41199,5.83E+01,7.52E-01,9.93E-03,8.10E+01,1.14E-04,4.44E-01,2.41E-01,2.39E-01,2.79E+02,1.69E+01,2.96E+02,0.001047315,0.001086386
9.43E+03,4.12E+04,2.44E+02,2.60E+00,9.93E-03,8.10E+01,1.14E-04,4.44E-01,2.41E-01,2.39E-01,2.79E+02,1.69E+01,2.96E+02,0.001047301,0.001086371
9.45E+03,4.13E+04,5.74E+01,7.51E-01,9.86E-03,8.10E+01,1.13E-04,4.45E-01,2.43E-01,2.35E-01,2.79E+02,1.63E+01,2.95E+02,0.001044415,0.001083395
9.45E+03,4.13E+04,2.45E+02,2.60E+00,9.86E-03,8.10E+01,1.13E-04,4.45E-01,2.43E-01,2.35E-01,2.79E+02,1.63E+01,2.95E+02,0.001044415,0.001083395
9.47E+03,41399,5.82E+01,7.50E-01,9.87E-03,8.10E+01,1.13E-04,4.46E-01,2.43E-01,2.37E-01,2.81E+02,1.67E+01,2.97E+02,0.001041559,0.001080449
9.47E+03,41400,2.45E+02,2.60E+00,9.87E-03,8.10E+01,1.13E-04,4.46E-01,2.43E-01,2.37E-01,2.81E+02,1.67E+01,2.97E+02,0.001041531,0.001080419
9.49E+03,4.15E+04,5.75E+01,7.52E-01,9.87E-03,8.11E+01,1.13E-04,4.44E-01,2.43E-01,2.35E-01,2.79E+02,1.63E+01,2.95E+02,0.001038689,0.001077488
9.49E+03,4.15E+04,2.45E+02,2.60E+00,9.87E-03,8.11E+01,1.13E-04,4.44E-01,2.43E-01,2.35E-01,2.79E+02,1.63E+01,2.95E+02,0.001038689,0.001077488
9.51E+03,41599,5.82E+01,7.50E-01,9.87E-03,8.11E+01,1.12E-04,4.45E-01,2.42E-01,2.37E-01,2.80E+02,1.67E+01,2.97E+02,0.001035862,0.001074572
9.51E+03,41600,2.45E+02,2.60E+00,9.87E-03,8.11E+01,1.12E-04,4.45E-01,2.42E-01,2.37E-01,2.80E+02,1.67E+01,2.97E+02,0.001035834,0.001074543
9.53E+03,41699,5.90E+01,7.51E-01,1.00E-02,8.11E+01,1.12E-04,4.42E-01,2.39E-01,2.42E-01,2.80E+02,1.74E+01,2.97E+02,0.001033036,0.001071657
9.53E+03,4.17E+04,2.44E+02,2.60E+00,1.00E-02,8.11E+01,1.12E-04,4.42E-01,2.39E-01,2.42E-01,2.80E+02,1.74E+01,2.97E+02,0.001033022,0.001071642
9.55E+03,4.18E+04,5.69E+01,7.52E-01,9.84E-03,8.11E+01,1.12E-04,4.44E-01,2.43E-01,2.33E-01,2.78E+02,1.59E+01,2.94E+02,0.00103021,0.001068741
9.55E+03,4.18E+04,2.44E+02,2.60E+00,9.84E-03,8.11E+01,1.12E-04,4.44E-01,2.43E-01,2.33E-01,2.78E+02,1.59E+01,2.94E+02,0.00103021,0.001068741
9.57E+03,4.19E+04,5.75E+01,7.51E-01,9.88E-03,8.11E+01,1.12E-04,4.43E-01,2.42E-01,2.35E-01,2.79E+02,1.63E+01,2.95E+02,0.001027412,0.001065855
9.57E+03,4.19E+04,2.44E+02,2.60E+00,9.88E-03,8.11E+01,1.12E-04,4.43E-01,2.42E-01,2.35E-01,2.79E+02,1.63E+01,2.95E+02,0.001027412,0.001065855
9.59E+03,41999,5.81E+01,7.51E-01,9.92E-03,8.11E+01,1.11E-04,4.43E-01,2.41E-01,2.38E-01,2.79E+02,1.68E+01,2.96E+02,0.001024643,0.001062998
9.59E+03,4.20E+04,2.44E+02,2.60E+00,9.92E-03,8.11E+01,1.11E-04,4.43E-01,2.41E-01,2.38E-01,2.79E+02,1.68E+01,2.96E+02,0.001024629,0.001062984
9.64E+03,4.21E+04,5.74E+01,7.56E-01,9.89E-03,8.11E+01,1.11E-04,4.45E-01,2.43E-01,2.35E-01,2.79E+02,1.63E+01,2.96E+02,0.00102186,0.001060127
9.64E+03,4.21E+04,2.44E+02,2.61E+00,9.89E-03,8.11E+01,1.11E-04,4.45E-01,2.43E-01,2.35E-01,2.79E+02,1.63E+01,2.96E+02,0.00102186,0.001060127
9.66E+03,42199,5.82E+01,7.55E-01,9.94E-03,8.11E+01,1.11E-04,4.42E-01,2.40E-01,2.39E-01,2.78E+02,1.69E+01,2.95E+02,0.001019118,0.001057299
9.66E+03,4.22E+04,2.44E+02,2.60E+00,9.94E-03,8.11E+01,1.11E-04,4.42E-01,2.40E-01,2.39E-01,2.78E+02,1.69E+01,2.95E+02,0.001019104,0.001057285
9.68E+03,4.23E+04,5.74E+01,7.54E-01,9.87E-03,8.11E+01,1.11E-04,4.43E-01,2.42E-01,2.35E-01,2.78E+02,1.63E+01,2.94E+02,0.001016363,0.001054457
9.68E+03,42300,2.44E+02,2.60E+00,9.87E-03,8.11E+01,1.11E-04,4.43E-01,2.42E-01,2.35E-01,2.78E+02,1.63E+01,2.94E+02,0.001016349,0.001054443
9.70E+03,42399,5.81E+01,7.53E-01,9.92E-03,8.12E+01,1.10E-04,4.43E-01,2.41E-01,2.38E-01,2.79E+02,1.67E+01,2.96E+02,0.001013649,0.001051657
9.70E+03,42400,2.44E+02,2.60E+00,9.92E-03,8.12E+01,1.10E-04,4.43E-01,2.41E-01,2.38E-01,2.79E+02,1.67E+01,2.96E+02,0.001013622,0.001051629
9.72E+03,42499,5.82E+01,7.54E-01,9.92E-03,8.12E+01,1.10E-04,4.43E-01,2.41E-01,2.38E-01,2.79E+02,1.68E+01,2.96E+02,0.001010935,0.001048857
9.72E+03,42500,2.44E+02,2.60E+00,9.92E-03,8.12E+01,1.10E-04,4.43E-01,2.41E-01,2.38E-01,2.79E+02,1.68E+01,2.96E+02,0.001010908,0.00104883
9.74E+03,42599,5.81E+01,7.52E-01,1.00E-02,8.12E+01,1.10E-04,4.40E-01,2.39E-01,2.39E-01,2.78E+02,1.69E+01,2.95E+02,0.001008235,0.001046072
9.74E+03,4.26E+04,2.43E+02,2.60E+00,1.00E-02,8.12E+01,1.10E-04,4.40E-01,2.39E-01,2.39E-01,2.78E+02,1.69E+01,2.95E+02,0.001008222,0.001046058
9.76E+03,4.27E+04,5.75E+01,7.52E-01,9.92E-03,8.12E+01,1.10E-04,4.41E-01,2.41E-01,2.36E-01,2.78E+02,1.64E+01,2.94E+02,0.001005535,0.001043286
9.76E+03,4.27E+04,2.43E+02,2.60E+00,9.92E-03,8.12E+01,1.10E-04,4.41E-01,2.41E-01,2.36E-01,2.78E+02,1.64E+01,2.94E+02,0.001005535,0.001043286
9.78E+03,42799,5.81E+01,7.54E-01,9.96E-03,8.12E+01,1.09E-04,4.41E-01,2.39E-01,2.39E-01,2.78E+02,1.68E+01,2.95E+02,0.001002875,0.001040542
9.78E+03,4.28E+04,2.43E+02,2.60E+00,9.96E-03,8.12E+01,1.09E-04,4.41E-01,2.39E-01,2.39E-01,2.78E+02,1.68E+01,2.95E+02,0.001002862,0.001040528
9.80E+03,42899,5.86E+01,7.54E-01,1.00E-02,8.12E+01,1.09E-04,4.41E-01,2.38E-01,2.41E-01,2.78E+02,1.72E+01,2.95E+02,0.001000215,0.001037797
9.80E+03,4.29E+04,2.43E+02,2.60E+00,1.00E-02,8.12E+01,1.09E-04,4.41E-01,2.38E-01,2.41E-01,2.78E+02,1.72E+01,2.95E+02,0.001000202,0.001037784
9.82E+03,42999,5.77E+01,7.50E-01,9.96E-03,8.12E+01,1.09E-04,4.40E-01,2.40E-01,2.37E-01,2.78E+02,1.66E+01,2.94E+02,0.000997569,0.001035067
9.82E+03,4.30E+04,2.43E+02,2.60E+00,9.96E-03,8.12E+01,1.09E-04,4.40E-01,2.40E-01,2.37E-01,2.78E+02,1.66E+01,2.94E+02,0.000997555,0.001035053
9.86E+03,43099,5.85E+01,7.52E-01,1.00E-02,8.12E+01,1.09E-04,4.43E-01,2.41E-01,2.40E-01,2.80E+02,1.71E+01,2.98E+02,0.000994935,0.00103235
9.86E+03,43100,2.44E+02,2.61E+00,1.00E-02,8.12E+01,1.09E-04,4.43E-01,2.41E-01,2.40E-01,2.80E+02,1.71E+01,2.98E+02,0.000994909,0.001032322
9.88E+03,4.32E+04,5.74E+01,7.52E-01,9.89E-03,8.12E+01,1.09E-04,4.42E-01,2.41E-01,2.35E-01,2.78E+02,1.63E+01,2.94E+02,0.000992301,0.001029632
9.88E+03,43200,2.44E+02,2.60E+00,9.89E-03,8.12E+01,1.09E-04,4.42E-01,2.41E-01,2.35E-01,2.78E+02,1.63E+01,2.94E+02,0.000992288,0.001029619
9.90E+03,4.33E+04,5.73E+01,7.52E-01,9.93E-03,8.12E+01,1.08E-04,4.40E-01,2.40E-01,2.36E-01,2.77E+02,1.63E+01,2.93E+02,0.000989694,0.001026942
9.90E+03,43300,2.43E+02,2.60E+00,9.93E-03,8.12E+01,1.08E-04,4.40E-01,2.40E-01,2.36E-01,2.77E+02,1.63E+01,2.93E+02,0.000989681,0.001026928
9.92E+03,43399,5.80E+01,7.51E-01,9.98E-03,8.13E+01,1.08E-04,4.40E-01,2.39E-01,2.39E-01,2.78E+02,1.68E+01,2.95E+02,0.000987112,0.001024278
9.92E+03,43400,2.43E+02,2.60E+00,9.98E-03,8.13E+01,1.08E-04,4.40E-01,2.39E-01,2.39E-01,2.78E+02,1.68E+01,2.95E+02,0.000987086,0.001024251
9.94E+03,43499,5.88E+01,7.52E-01,1.01E-02,8.13E+01,1.08E-04,4.39E-01,2.37E-01,2.43E-01,2.78E+02,1.74E+01,2.95E+02,0.00098453,0.001021614
9.94E+03,4.35E+04,2.42E+02,2.60E+00,1.01E-02,8.13E+01,1.08E-04,4.39E-01,2.37E-01,2.43E-01,2.78E+02,1.74E+01,2.95E+02,0.000984517,0.0010216
9.96E+03,4.36E+04,5.73E+01,7.50E-01,9.99E-03,8.13E+01,1.08E-04,4.38E-01,2.39E-01,2.37E-01,2.77E+02,1.64E+01,2.93E+02,0.000981948,0.001018949
9.96E+03,4.36E+04,2.42E+02,2.60E+00,9.99E-03,8.13E+01,1.08E-04,4.38E-01,2.39E-01,2.37E-01,2.77E+02,1.64E+01,2.93E+02,0.000981948,0.001018949
9.98E+03,43699,5.80E+01,7.50E-01,1.00E-02,8.13E+01,1.07E-04,4.38E-01,2.38E-01,2.39E-01,2.77E+02,1.69E+01,2.94E+02,0.000979404,0.001016324
9.98E+03,4.37E+04,2.42E+02,2.60E+00,1.00E-02,8.13E+01,1.07E-04,4.38E-01,2.38E-01,2.39E-01,2.77E+02,1.69E+01,2.94E+02,0.000979391,0.001016311
1.00E+04,43799,5.81E+01,7.50E-01,1.00E-02,8.13E+01,1.07E-04,4.39E-01,2.39E-01,2.39E-01,2.78E+02,1.69E+01,2.95E+02,0.00097686,0.001013699
1.00E+04,43800,2.43E+02,2.60E+00,1.00E-02,8.13E+01,1.07E-04,4.39E-01,2.39E-01,2.39E-01,2.78E+02,1.69E+01,2.95E+02,0.000976834,0.001013673
1.00E+04,4.39E+04,5.67E+01,7.52E-01,9.96E-03,8.13E+01,1.07E-04,4.38E-01,2.39E-01,2.34E-01,2.76E+02,1.60E+01,2.92E+02,0.000974315,0.001011073
1.00E+04,4.39E+04,2.42E+02,2.60E+00,9.96E-03,8.13E+01,1.07E-04,4.38E-01,2.39E-01,2.34E-01,2.76E+02,1.60E+01,2.92E+02,0.000974315,0.001011073
1.00E+04,4.40E+04,5.73E+01,7.51E-01,9.93E-03,8.13E+01,1.07E-04,4.40E-01,2.40E-01,2.36E-01,2.77E+02,1.63E+01,2.94E+02,0.000971795,0.001008473
1.00E+04,44000,2.43E+02,2.60E+00,9.93E-03,8.13E+01,1.07E-04,4.40E-01,2.40E-01,2.36E-01,2.77E+02,1.63E+01,2.94E+02,0.000971783,0.00100846
1.01E+04,4.41E+04,5.72E+01,7.52E-01,9.96E-03,8.13E+01,1.06E-04,4.42E-01,2.42E-01,2.35E-01,2.79E+02,1.63E+01,2.95E+02,0.000969288,0.001005886
1.01E+04,44100,2.43E+02,2.61E+00,9.96E-03,8.13E+01,1.06E-04,4.42E-01,2.42E-01,2.35E-01,2.79E+02,1.63E+01,2.95E+02,0.000969276,0.001005873
1.01E+04,44199,5.80E+01,7.52E-01,1.00E-02,8.13E+01,1.06E-04,4.38E-01,2.37E-01,2.40E-01,2.77E+02,1.68E+01,2.94E+02,0.000966805,0.001003324
1.01E+04,4.42E+04,2.42E+02,2.60E+00,1.00E-02,8.13E+01,1.06E-04,4.38E-01,2.37E-01,2.40E-01,2.77E+02,1.68E+01,2.94E+02,0.000966793,0.001003311
1.01E+04,4.43E+04,5.66E+01,7.51E-01,9.96E-03,8.14E+01,1.06E-04,4.37E-01,2.40E-01,2.34E-01,2.76E+02,1.59E+01,2.91E+02,0.00096431,0.001000748
1.01E+04,4.43E+04,2.42E+02,2.60E+00,9.96E-03,8.14E+01,1.06E-04,4.37E-01,2.40E-01,2.34E-01,2.76E+02,1.59E+01,2.91E+02,0.00096431,0.001000748
1.02E+04,44399,5.87E+01,7.52E-01,1.00E-02,8.14E+01,1.06E-04,4.38E-01,2.37E-01,2.42E-01,2.78E+02,1.73E+01,2.95E+02,0.000961851,0.000998211
1.02E+04,44400,2.43E+02,2.60E+00,1.00E-02,8.14E+01,1.06E-04,4.38E-01,2.37E-01,2.42E-01,2.78E+02,1.73E+01,2.95E+02,0.000961826,0.000998186
1.02E+04,4.45E+04,5.72E+01,7.50E-01,1.00E-02,8.14E+01,1.05E-04,4.37E-01,2.38E-01,2.36E-01,2.76E+02,1.63E+01,2.92E+02,0.000959379,0.00099566
1.02E+04,4.45E+04,2.42E+02,2.60E+00,1.00E-02,8.14E+01,1.05E-04,4.37E-01,2.38E-01,2.36E-01,2.76E+02,1.63E+01,2.92E+02,0.000959379,0.00099566
1.02E+04,44599,5.86E+01,7.51E-01,1.00E-02,8.14E+01,1.05E-04,4.38E-01,2.37E-01,2.42E-01,2.78E+02,1.73E+01,2.95E+02,0.000956944,0.000993147
1.02E+04,44600,2.42E+02,2.60E+00,1.00E-02,8.14E+01,1.05E-04,4.38E-01,2.37E-01,2.42E-01,2.78E+02,1.73E+01,2.95E+02,0.000956919,0.000993122
1.02E+04,44699,5.80E+01,7.53E-01,1.00E-02,8.14E+01,1.05E-04,4.38E-01,2.38E-01,2.39E-01,2.77E+02,1.68E+01,2.94E+02,0.000954508,0.000990633
1.02E+04,44700,2.42E+02,2.60E+00,1.00E-02,8.14E+01,1.05E-04,4.38E-01,2.38E-01,2.39E-01,2.77E+02,1.68E+01,2.94E+02,0.000954483,0.000990608
1.02E+04,44799,5.79E+01,7.51E-01,1.00E-02,8.14E+01,1.05E-04,4.38E-01,2.38E-01,2.39E-01,2.77E+02,1.68E+01,2.94E+02,0.000952083,0.000988131
1.02E+04,44800,2.42E+02,2.60E+00,1.00E-02,8.14E+01,1.05E-04,4.38E-01,2.38E-01,2.39E-01,2.77E+02,1.68E+01,2.94E+02,0.000952059,0.000988106
1.03E+04,4.49E+04,5.65E+01,7.52E-01,9.97E-03,8.14E+01,1.05E-04,4.37E-01,2.39E-01,2.34E-01,2.75E+02,1.59E+01,2.91E+02,0.000949659,0.000985629
1.03E+04,4.49E+04,2.42E+02,2.60E+00,9.97E-03,8.14E+01,1.05E-04,4.37E-01,2.39E-01,2.34E-01,2.75E+02,1.59E+01,2.91E+02,0.000949659,0.000985629
1.03E+04,44999,5.78E+01,7.51E-01,1.01E-02,8.14E+01,1.04E-04,4.35E-01,2.36E-01,2.40E-01,2.76E+02,1.69E+01,2.93E+02,0.000947269,0.000983163
1.03E+04,4.50E+04,2.41E+02,2.60E+00,1.01E-02,8.14E+01,1.04E-04,4.35E-01,2.36E-01,2.40E-01,2.76E+02,1.69E+01,2.93E+02,0.000947257,0.000983151
1.03E+04,45099,2.43E+02,2.61E+00,1.00E-02,8.14E+01,1.04E-04,4.41E-01,2.42E-01,2.33E-01,2.78E+02,1.60E+01,2.94E+02,0.00094488,0.000980696
1.03E+04,4.51E+04,5.66E+01,7.52E-01,1.00E-02,8.14E+01,1.04E-04,4.41E-01,2.42E-01,2.33E-01,2.78E+02,1.60E+01,2.94E+02,0.000944868,0.000980684
1.03E+04,45199,5.76E+01,7.51E-01,1.01E-02,8.15E+01,1.04E-04,4.36E-01,2.37E-01,2.39E-01,2.76E+02,1.67E+01,2.93E+02,0.000942501,0.000978241
1.03E+04,4.52E+04,2.41E+02,2.60E+00,1.01E-02,8.15E+01,1.04E-04,4.36E-01,2.37E-01,2.39E-01,2.76E+02,1.67E+01,2.93E+02,0.000942489,0.000978229
1.04E+04,45299,5.76E+01,7.52E-01,1.01E-02,8.15E+01,1.04E-04,4.34E-01,2.36E-01,2.40E-01,2.75E+02,1.68E+01,2.92E+02,0.000940134,0.000975798
1.04E+04,4.53E+04,2.40E+02,2.60E+00,1.01E-02,8.15E+01,1.04E-04,4.34E-01,2.36E-01,2.40E-01,2.75E+02,1.68E+01,2.92E+02,0.000940122,0.000975786
1.04E+04,45399,5.84E+01,7.52E-01,1.01E-02,8.15E+01,1.03E-04,4.35E-01,2.35E-01,2.42E-01,2.76E+02,1.72E+01,2.93E+02,0.000937777,0.000973366
1.04E+04,4.54E+04,2.41E+02,2.60E+00,1.01E-02,8.15E+01,1.03E-04,4.35E-01,2.35E-01,2.42E-01,2.76E+02,1.72E+01,2.93E+02,0.000937766,0.000973354
1.04E+04,45499,5.82E+01,7.51E-01,1.01E-02,8.15E+01,1.03E-04,4.36E-01,2.36E-01,2.41E-01,2.76E+02,1.71E+01,2.94E+02,0.000935432,0.000970946
1.04E+04,45500,2.41E+02,2.60E+00,1.01E-02,8.15E+01,1.03E-04,4.36E-01,2.36E-01,2.41E-01,2.76E+02,1.71E+01,2.94E+02,0.000935409,0.000970922
1.04E+04,4.56E+04,5.61E+01,7.52E-01,1.00E-02,8.15E+01,1.03E-04,4.34E-01,2.38E-01,2.33E-01,2.74E+02,1.58E+01,2.89E+02,0.000933086,0.000968524
1.04E+04,4.56E+04,2.41E+02,2.60E+00,1.00E-02,8.15E+01,1.03E-04,4.34E-01,2.38E-01,2.33E-01,2.74E+02,1.58E+01,2.89E+02,0.000933086,0.000968524
1.04E+04,4.57E+04,5.68E+01,7.52E-01,1.00E-02,8.15E+01,1.03E-04,4.34E-01,2.37E-01,2.36E-01,2.74E+02,1.62E+01,2.90E+02,0.000930763,0.000966127
1.04E+04,4.57E+04,2.40E+02,2.60E+00,1.00E-02,8.15E+01,1.03E-04,4.34E-01,2.37E-01,2.36E-01,2.74E+02,1.62E+01,2.90E+02,0.000930763,0.000966127
1.05E+04,45799,5.74E+01,7.52E-01,1.00E-02,8.15E+01,1.03E-04,4.35E-01,2.37E-01,2.38E-01,2.76E+02,1.66E+01,2.92E+02,0.000928462,0.000963752
1.05E+04,45800,2.41E+02,2.60E+00,1.00E-02,8.15E+01,1.03E-04,4.35E-01,2.37E-01,2.38E-01,2.76E+02,1.66E+01,2.92E+02,0.000928439,0.000963728
1.05E+04,45899,5.80E+01,7.51E-01,1.01E-02,8.15E+01,1.02E-04,4.35E-01,2.36E-01,2.41E-01,2.76E+02,1.70E+01,2.93E+02,0.000926161,0.000961376
1.05E+04,45900,2.41E+02,2.60E+00,1.01E-02,8.15E+01,1.02E-04,4.35E-01,2.36E-01,2.41E-01,2.76E+02,1.70E+01,2.93E+02,0.000926138,0.000961352
1.05E+04,45999,5.75E+01,7.52E-01,1.01E-02,8.15E+01,1.02E-04,4.32E-01,2.34E-01,2.40E-01,2.74E+02,1.67E+01,2.91E+02,0.00092387,0.000959011
1.05E+04,4.60E+04,2.40E+02,2.60E+00,1.01E-02,8.15E+01,1.02E-04,4.32E-01,2.34E-01,2.40E-01,2.74E+02,1.67E+01,2.91E+02,0.000923858,0.000959
1.05E+04,46099,2.42E+02,2.61E+00,1.00E-02,8.15E+01,1.02E-04,4.39E-01,2.40E-01,2.35E-01,2.77E+02,1.63E+01,2.94E+02,0.000921589,0.000956658
1.05E+04,4.61E+04,5.70E+01,7.53E-01,1.00E-02,8.15E+01,1.02E-04,4.39E-01,2.40E-01,2.35E-01,2.77E+02,1.63E+01,2.94E+02,0.000921578,0.000956646
1.06E+04,46199,5.75E+01,7.52E-01,1.01E-02,8.16E+01,1.02E-04,4.34E-01,2.36E-01,2.39E-01,2.75E+02,1.67E+01,2.92E+02,0.00091932,0.000954315
1.06E+04,4.62E+04,2.41E+02,2.60E+00,1.01E-02,8.16E+01,1.02E-04,4.34E-01,2.36E-01,2.39E-01,2.75E+02,1.67E+01,2.92E+02,0.000919308,0.000954303
1.06E+04,4.63E+04,5.68E+01,7.52E-01,1.01E-02,8.16E+01,1.02E-04,4.33E-01,2.36E-01,2.36E-01,2.74E+02,1.62E+01,2.90E+02,0.000917049,0.000951971
1.06E+04,4.63E+04,2.40E+02,2.60E+00,1.01E-02,8.16E+01,1.02E-04,4.33E-01,2.36E-01,2.36E-01,2.74E+02,1.62E+01,2.90E+02,0.000917049,0.000951971
1.06E+04,4.64E+04,5.68E+01,7.52E-01,1.01E-02,8.16E+01,1.01E-04,4.33E-01,2.36E-01,2.36E-01,2.74E+02,1.62E+01,2.90E+02,0.0009148,0.00094965
1.06E+04,4.64E+04,2.40E+02,2.60E+00,1.01E-02,8.16E+01,1.01E-04,4.33E-01,2.36E-01,2.36E-01,2.74E+02,1.62E+01,2.90E+02,0.0009148,0.00094965
1.06E+04,46499,5.76E+01,7.53E-01,1.01E-02,8.16E+01,1.01E-04,4.33E-01,2.35E-01,2.40E-01,2.75E+02,1.67E+01,2.92E+02,0.000912573,0.00094735
1.06E+04,4.65E+04,2.40E+02,2.60E+00,1.01E-02,8.16E+01,1.01E-04,4.33E-01,2.35E-01,2.40E-01,2.75E+02,1.67E+01,2.92E+02,0.000912562,0.000947339
1.06E+04,4.66E+04,5.68E+01,7.51E-01,1.01E-02,8.16E+01,1.01E-04,4.33E-01,2.36E-01,2.36E-01,2.74E+02,1.62E+01,2.90E+02,0.000910333,0.000945039
1.06E+04,4.66E+04,2.40E+02,2.60E+00,1.01E-02,8.16E+01,1.01E-04,4.33E-01,2.36E-01,2.36E-01,2.74E+02,1.62E+01,2.90E+02,0.000910333,0.000945039
1.07E+04,46699,5.75E+01,7.52E-01,1.01E-02,8.16E+01,1.01E-04,4.33E-01,2.35E-01,2.39E-01,2.75E+02,1.67E+01,2.91E+02,0.000908127,0.00094276
1.07E+04,4.67E+04,2.40E+02,2.60E+00,1.01E-02,8.16E+01,1.01E-04,4.33E-01,2.35E-01,2.39E-01,2.75E+02,1.67E+01,2.91E+02,0.000908115,0.000942749
1.07E+04,4.68E+04,5.68E+01,7.50E-01,1.01E-02,8.16E+01,1.01E-04,4.31E-01,2.35E-01,2.37E-01,2.73E+02,1.63E+01,2.90E+02,0.000905908,0.00094047
1.07E+04,4.68E+04,2.39E+02,2.60E+00,1.01E-02,8.16E+01,1.01E-04,4.31E-01,2.35E-01,2.37E-01,2.73E+02,1.63E+01,2.90E+02,0.000905908,0.00094047
1.07E+04,4.69E+04,5.69E+01,7.51E-01,1.00E-02,8.16E+01,1.00E-04,4.34E-01,2.37E-01,2.36E-01,2.75E+02,1.63E+01,2.91E+02,0.00090371,0.000938201
1.07E+04,46900,2.41E+02,2.60E+00,1.00E-02,8.16E+01,1.00E-04,4.34E-01,2.37E-01,2.36E-01,2.75E+02,1.63E+01,2.91E+02,0.000903699,0.00093819
1.07E+04,4.70E+04,5.62E+01,7.52E-01,1.00E-02,8.16E+01,1.00E-04,4.32E-01,2.36E-01,2.34E-01,2.73E+02,1.59E+01,2.89E+02,0.000901522,0.000935942
1.07E+04,4.70E+04,2.40E+02,2.60E+00,1.00E-02,8.16E+01,1.00E-04,4.32E-01,2.36E-01,2.34E-01,2.73E+02,1.59E+01,2.89E+02,0.000901522,0.000935942
1.08E+04,47099,2.39E+02,2.60E+00,1.02E-02,8.16E+01,9.99E-05,4.31E-01,2.32E-01,2.43E-01,2.73E+02,1.71E+01,2.90E+02,0.000899355,0.000933705
1.08E+04,4.71E+04,5.80E+01,7.62E-01,1.02E-02,8.16E+01,9.99E-05,4.31E-01,2.32E-01,2.43E-01,2.73E+02,1.71E+01,2.90E+02,0.000899344,0.000933694
1.08E+04,4.72E+04,5.63E+01,7.51E-01,1.01E-02,8.17E+01,9.97E-05,4.33E-01,2.37E-01,2.35E-01,2.74E+02,1.59E+01,2.90E+02,0.000897176,0.000931456
1.08E+04,47200,2.40E+02,2.60E+00,1.01E-02,8.17E+01,9.97E-05,4.33E-01,2.37E-01,2.35E-01,2.74E+02,1.59E+01,2.90E+02,0.000897165,0.000931445
1.08E+04,4.73E+04,5.58E+01,7.52E-01,1.00E-02,8.17E+01,9.95E-05,4.31E-01,2.36E-01,2.33E-01,2.72E+02,1.56E+01,2.88E+02,0.000895018,0.000929228
1.08E+04,4.73E+04,2.39E+02,2.60E+00,1.00E-02,8.17E+01,9.95E-05,4.31E-01,2.36E-01,2.33E-01,2.72E+02,1.56E+01,2.88E+02,0.000895018,0.000929228
1.08E+04,4.74E+04,5.63E+01,7.52E-01,1.01E-02,8.17E+01,9.93E-05,4.31E-01,2.36E-01,2.35E-01,2.73E+02,1.60E+01,2.89E+02,0.000892869,0.00092701
1.08E+04,4.74E+04,2.39E+02,2.60E+00,1.01E-02,8.17E+01,9.93E-05,4.31E-01,2.36E-01,2.35E-01,2.73E+02,1.60E+01,2.89E+02,0.000892869,0.00092701
1.09E+04,47499,5.68E+01,7.51E-01,1.01E-02,8.17E+01,9.91E-05,4.31E-01,2.35E-01,2.38E-01,2.73E+02,1.64E+01,2.90E+02,0.000890741,0.000924812
1.09E+04,4.75E+04,2.39E+02,2.60E+00,1.01E-02,8.17E+01,9.91E-05,4.31E-01,2.35E-01,2.38E-01,2.73E+02,1.64E+01,2.90E+02,0.00089073,0.000924801
1.09E+04,47599,5.68E+01,7.52E-01,1.01E-02,8.17E+01,9.89E-05,4.31E-01,2.35E-01,2.38E-01,2.73E+02,1.64E+01,2.90E+02,0.000888612,0.000922614
1.09E+04,4.76E+04,2.39E+02,2.60E+00,1.01E-02,8.17E+01,9.89E-05,4.31E-01,2.35E-01,2.38E-01,2.73E+02,1.64E+01,2.90E+02,0.000888601,0.000922603
1.09E+04,47699,5.69E+01,7.51E-01,1.01E-02,8.17E+01,9.87E-05,4.31E-01,2.35E-01,2.37E-01,2.74E+02,1.63E+01,2.90E+02,0.000886492,0.000920426
1.09E+04,47700,2.40E+02,2.60E+00,1.01E-02,8.17E+01,9.87E-05,4.31E-01,2.35E-01,2.37E-01,2.74E+02,1.63E+01,2.90E+02,0.000886471,0.000920404
1.09E+04,47799,5.68E+01,7.52E-01,1.01E-02,8.17E+01,9.85E-05,4.31E-01,2.35E-01,2.37E-01,2.73E+02,1.63E+01,2.90E+02,0.000884382,0.000918247
1.09E+04,47800,2.40E+02,2.60E+00,1.01E-02,8.17E+01,9.85E-05,4.31E-01,2.35E-01,2.37E-01,2.73E+02,1.63E+01,2.90E+02,0.000884361,0.000918225
1.09E+04,4.79E+04,5.61E+01,7.51E-01,1.01E-02,8.17E+01,9.83E-05,4.31E-01,2.36E-01,2.34E-01,2.73E+02,1.58E+01,2.89E+02,0.00088227,0.000916067
1.09E+04,47900,2.40E+02,2.60E+00,1.01E-02,8.17E+01,9.83E-05,4.31E-01,2.36E-01,2.34E-01,2.73E+02,1.58E+01,2.89E+02,0.00088226,0.000916056
1.10E+04,47999,5.67E+01,7.50E-01,1.01E-02,8.17E+01,9.81E-05,4.31E-01,2.35E-01,2.37E-01,2.74E+02,1.63E+01,2.90E+02,0.000880189,0.000913919
1.10E+04,48000,2.40E+02,2.60E+00,1.01E-02,8.17E+01,9.81E-05,4.31E-01,2.35E-01,2.37E-01,2.74E+02,1.63E+01,2.90E+02,0.000880169,0.000913897
1.10E+04,48099,2.39E+02,2.60E+00,1.02E-02,8.17E+01,9.79E-05,4.30E-01,2.30E-01,2.45E-01,2.73E+02,1.75E+01,2.90E+02,0.000878107,0.000911769
1.10E+04,4.81E+04,5.85E+01,7.65E-01,1.02E-02,8.17E+01,9.79E-05,4.30E-01,2.30E-01,2.45E-01,2.73E+02,1.75E+01,2.90E+02,0.000878097,0.000911758
1.10E+04,48199,5.79E+01,7.54E-01,1.02E-02,8.18E+01,9.78E-05,4.29E-01,2.31E-01,2.43E-01,2.73E+02,1.72E+01,2.90E+02,0.000876034,0.000909628
1.10E+04,4.82E+04,2.38E+02,2.60E+00,1.02E-02,8.18E+01,9.78E-05,4.29E-01,2.31E-01,2.43E-01,2.73E+02,1.72E+01,2.90E+02,0.000876024,0.000909618
1.10E+04,48299,5.71E+01,7.52E-01,1.02E-02,8.18E+01,9.76E-05,4.30E-01,2.34E-01,2.39E-01,2.73E+02,1.65E+01,2.90E+02,0.000873971,0.000907497
1.10E+04,48300,2.39E+02,2.60E+00,1.02E-02,8.18E+01,9.76E-05,4.30E-01,2.34E-01,2.39E-01,2.73E+02,1.65E+01,2.90E+02,0.00087395,0.000907476
1.11E+04,48399,5.72E+01,7.53E-01,1.01E-02,8.18E+01,9.74E-05,4.30E-01,2.33E-01,2.40E-01,2.73E+02,1.66E+01,2.89E+02,0.000871916,0.000905376
1.11E+04,48400,2.39E+02,2.60E+00,1.01E-02,8.18E+01,9.74E-05,4.30E-01,2.33E-01,2.40E-01,2.73E+02,1.66E+01,2.89E+02,0.000871895,0.000905355
1.11E+04,48499,5.71E+01,7.52E-01,1.02E-02,8.18E+01,9.72E-05,4.28E-01,2.32E-01,2.40E-01,2.72E+02,1.66E+01,2.89E+02,0.00086987,0.000903264
1.11E+04,4.85E+04,2.38E+02,2.60E+00,1.02E-02,8.18E+01,9.72E-05,4.28E-01,2.32E-01,2.40E-01,2.72E+02,1.66E+01,2.89E+02,0.00086986,0.000903253
1.11E+04,4.86E+04,5.66E+01,7.53E-01,1.01E-02,8.18E+01,9.70E-05,4.30E-01,2.34E-01,2.37E-01,2.73E+02,1.62E+01,2.89E+02,0.000867823,0.00090115
1.11E+04,48600,2.39E+02,2.60E+00,1.01E-02,8.18E+01,9.70E-05,4.30E-01,2.34E-01,2.37E-01,2.73E+02,1.62E+01,2.89E+02,0.000867813,0.00090114
1.11E+04,48699,5.79E+01,7.51E-01,1.03E-02,8.18E+01,9.68E-05,4.28E-01,2.31E-01,2.43E-01,2.73E+02,1.72E+01,2.90E+02,0.000865806,0.000899067
1.11E+04,4.87E+04,2.38E+02,2.60E+00,1.03E-02,8.18E+01,9.68E-05,4.28E-01,2.31E-01,2.43E-01,2.73E+02,1.72E+01,2.90E+02,0.000865796,0.000899057
1.11E+04,48799,5.70E+01,7.52E-01,1.02E-02,8.18E+01,9.66E-05,4.26E-01,2.31E-01,2.40E-01,2.71E+02,1.66E+01,2.88E+02,0.000863787,0.000896983
1.11E+04,4.88E+04,2.37E+02,2.60E+00,1.02E-02,8.18E+01,9.66E-05,4.26E-01,2.31E-01,2.40E-01,2.71E+02,1.66E+01,2.88E+02,0.000863777,0.000896972
1.12E+04,48899,5.77E+01,7.52E-01,1.02E-02,8.18E+01,9.64E-05,4.27E-01,2.31E-01,2.43E-01,2.73E+02,1.71E+01,2.90E+02,0.000861777,0.000894907
1.12E+04,4.89E+04,2.38E+02,2.60E+00,1.02E-02,8.18E+01,9.64E-05,4.27E-01,2.31E-01,2.43E-01,2.73E+02,1.71E+01,2.90E+02,0.000861767,0.000894897
1.12E+04,48999,5.78E+01,7.54E-01,1.02E-02,8.18E+01,9.62E-05,4.29E-01,2.31E-01,2.42E-01,2.73E+02,1.71E+01,2.90E+02,0.000859776,0.000892841
1.12E+04,49000,2.38E+02,2.60E+00,1.02E-02,8.18E+01,9.62E-05,4.29E-01,2.31E-01,2.42E-01,2.73E+02,1.71E+01,2.90E+02,0.000859756,0.00089282
1.12E+04,49099,2.41E+02,2.61E+00,1.08E-02,8.18E+01,9.60E-05,4.34E-01,4.34E-01,0,3.14E+02,1.70E+01,3.31E+02,0.000857784,0.000890783
1.12E+04,4.92E+04,5.60E+01,7.51E-01,1.01E-02,8.19E+01,9.59E-05,4.28E-01,2.34E-01,2.35E-01,2.72E+02,1.70E+01,2.89E+02,0.00085579,0.000888724
1.12E+04,4.92E+04,2.38E+02,2.60E+00,1.01E-02,8.19E+01,9.59E-05,4.28E-01,2.34E-01,2.35E-01,2.72E+02,1.59E+01,2.88E+02,0.00085579,0.000888724
1.13E+04,4.93E+04,5.60E+01,7.49E-01,1.01E-02,8.19E+01,9.57E-05,4.28E-01,2.34E-01,2.35E-01,2.72E+02,1.59E+01,2.88E+02,0.000853815,0.000886685
1.13E+04,4.93E+04,2.38E+02,2.60E+00,1.01E-02,8.19E+01,9.57E-05,4.28E-01,2.34E-01,2.35E-01,2.72E+02,1.62E+01,2.88E+02,0.000853815,0.000886685
1.13E+04,4.94E+04,5.66E+01,7.48E-01,1.02E-02,8.19E+01,9.55E-05,4.26E-01,2.32E-01,2.38E-01,2.72E+02,1.62E+01,2.88E+02,0.000851848,0.000884654
1.13E+04,4.94E+04,2.37E+02,2.60E+00,1.02E-02,8.19E+01,9.55E-05,4.26E-01,2.32E-01,2.38E-01,2.72E+02,1.64E+01,2.88E+02,0.000851848,0.000884654
1.13E+04,4.95E+04,5.66E+01,7.50E-01,1.02E-02,8.19E+01,9.53E-05,4.26E-01,2.32E-01,2.39E-01,2.71E+02,1.64E+01,2.88E+02,0.00084989,0.000882632
1.13E+04,4.95E+04,2.37E+02,2.60E+00,1.02E-02,8.19E+01,9.53E-05,4.26E-01,2.32E-01,2.39E-01,2.71E+02,1.64E+01,2.88E+02,0.00084989,0.000882632
1.13E+04,4.96E+04,5.66E+01,7.49E-01,1.02E-02,8.19E+01,9.51E-05,4.27E-01,2.33E-01,2.38E-01,2.72E+02,1.64E+01,2.89E+02,0.00084794,0.000880618
1.13E+04,4.96E+04,2.38E+02,2.60E+00,1.02E-02,8.19E+01,9.51E-05,4.27E-01,2.33E-01,2.38E-01,2.72E+02,1.59E+01,2.88E+02,0.00084794,0.000880618
1.13E+04,4.97E+04,5.59E+01,7.51E-01,1.02E-02,8.19E+01,9.49E-05,4.26E-01,2.32E-01,2.36E-01,2.70E+02,1.59E+01,2.86E+02,0.000845999,0.000878614
1.13E+04,4.97E+04,2.37E+02,2.60E+00,1.02E-02,8.19E+01,9.49E-05,4.26E-01,2.32E-01,2.36E-01,2.70E+02,1.59E+01,2.86E+02,0.000845999,0.000878614
1.14E+04,4.98E+04,5.59E+01,7.49E-01,1.02E-02,8.19E+01,9.48E-05,4.27E-01,2.33E-01,2.35E-01,2.71E+02,1.59E+01,2.87E+02,0.000844066,0.000876617
1.14E+04,4.98E+04,2.38E+02,2.60E+00,1.02E-02,8.19E+01,9.48E-05,4.27E-01,2.33E-01,2.35E-01,2.71E+02,1.62E+01,2.88E+02,0.000844066,0.000876617
1.14E+04,4.99E+04,5.65E+01,7.49E-01,1.02E-02,8.19E+01,9.46E-05,4.27E-01,2.33E-01,2.38E-01,2.72E+02,1.62E+01,2.88E+02,0.000842141,0.00087463
1.14E+04,4.99E+04,2.38E+02,2.60E+00,1.02E-02,8.19E+01,9.46E-05,4.27E-01,2.33E-01,2.38E-01,2.72E+02,1.63E+01,2.88E+02,0.000842141,0.00087463
1.14E+04,5.00E+04,5.64E+01,7.50E-01,1.03E-02,8.19E+01,9.44E-05,4.25E-01,2.31E-01,2.39E-01,2.71E+02,1.63E+01,2.87E+02,0.000840225,0.00087265
1.14E+04,5.00E+04,2.37E+02,2.60E+00,1.03E-02,8.19E+01,9.44E-05,4.25E-01,2.31E-01,2.39E-01,2.71E+02,1.49E+01,2.86E+02,0.000840225,0.00087265
1.14E+04,5.01E+04,5.39E+01,7.43E-01,1.38E-02,8.19E+01,9.42E-05,2.77E-02,2.77E-02,0,2.00E+01,1.49E+01,3.49E+01,0.000838316,0.00087068
1.15E+04,50199,5.66E+01,7.51E-01,1.02E-02,8.19E+01,9.40E-05,4.26E-01,2.32E-01,2.38E-01,2.72E+02,1.64E+01,2.88E+02,0.000836426,0.000868727
1.15E+04,50200,2.37E+02,2.60E+00,1.02E-02,8.19E+01,9.40E-05,4.26E-01,2.32E-01,2.38E-01,2.72E+02,1.64E+01,2.88E+02,0.000836407,0.000868707
11493,5.03E+04,5.53E+01,7.51E-01,1.01E-02,8.20E+01,9.39E-05,4.27E-01,2.34E-01,2.32E-01,2.71E+02,1.55E+01,2.86E+02,0.000834524,0.000866763
1.15E+04,50300,2.38E+02,2.60E+00,1.01E-02,8.20E+01,9.39E-05,4.27E-01,2.34E-01,2.32E-01,2.71E+02,1.55E+01,2.86E+02,0.000834515,0.000866753
1.15E+04,50399,5.66E+01,7.51E-01,1.03E-02,8.20E+01,9.37E-05,4.25E-01,2.31E-01,2.39E-01,2.71E+02,1.65E+01,2.87E+02,0.00083265,0.000864827
1.15E+04,5.04E+04,2.37E+02,2.60E+00,1.03E-02,8.20E+01,9.37E-05,4.25E-01,2.31E-01,2.39E-01,2.71E+02,1.65E+01,2.87E+02,0.00083264,0.000864817
1.15E+04,50499,5.66E+01,7.52E-01,1.02E-02,8.20E+01,9.35E-05,4.26E-01,2.32E-01,2.38E-01,2.71E+02,1.63E+01,2.88E+02,0.000830773,0.000862889
1.15E+04,50500,2.37E+02,2.60E+00,1.02E-02,8.20E+01,9.35E-05,4.26E-01,2.32E-01,2.38E-01,2.71E+02,1.63E+01,2.88E+02,0.000830755,0.00086287
1.16E+04,5.06E+04,5.58E+01,7.50E-01,1.02E-02,8.20E+01,9.33E-05,4.24E-01,2.32E-01,2.36E-01,2.70E+02,1.59E+01,2.86E+02,0.000828896,0.00086095
1.16E+04,5.06E+04,2.36E+02,2.60E+00,1.02E-02,8.20E+01,9.33E-05,4.24E-01,2.32E-01,2.36E-01,2.70E+02,1.59E+01,2.86E+02,0.000828896,0.00086095
1.16E+04,5.07E+04,5.59E+01,7.51E-01,1.03E-02,8.20E+01,9.32E-05,4.23E-01,2.30E-01,2.37E-01,2.69E+02,1.60E+01,2.85E+02,0.000827036,0.000859029
1.16E+04,5.07E+04,2.36E+02,2.60E+00,1.03E-02,8.20E+01,9.32E-05,4.23E-01,2.30E-01,2.37E-01,2.69E+02,1.60E+01,2.85E+02,0.000827036,0.000859029
1.16E+04,50799,5.65E+01,7.51E-01,1.02E-02,8.20E+01,9.30E-05,4.25E-01,2.31E-01,2.38E-01,2.71E+02,1.63E+01,2.87E+02,0.000825192,0.000857125
1.16E+04,50800,2.37E+02,2.60E+00,1.02E-02,8.20E+01,9.30E-05,4.25E-01,2.31E-01,2.38E-01,2.71E+02,1.63E+01,2.87E+02,0.000825174,0.000857106
1.16E+04,5.09E+04,5.59E+01,7.50E-01,1.02E-02,8.20E+01,9.28E-05,4.26E-01,2.33E-01,2.35E-01,2.71E+02,1.58E+01,2.87E+02,0.000823338,0.00085521
1.16E+04,50900,2.38E+02,2.60E+00,1.02E-02,8.20E+01,9.28E-05,4.26E-01,2.33E-01,2.35E-01,2.71E+02,1.58E+01,2.87E+02,0.000823329,0.000855201
1.16E+04,50999,5.72E+01,7.53E-01,1.03E-02,8.20E+01,9.26E-05,4.24E-01,2.29E-01,2.42E-01,2.71E+02,1.68E+01,2.88E+02,0.000821511,0.000853322
1.16E+04,5.10E+04,2.36E+02,2.60E+00,1.03E-02,8.20E+01,9.26E-05,4.24E-01,2.29E-01,2.42E-01,2.71E+02,1.68E+01,2.88E+02,0.000821502,0.000853313
1.17E+04,51099,5.66E+01,7.50E-01,1.02E-02,8.20E+01,9.25E-05,4.25E-01,2.31E-01,2.39E-01,2.71E+02,1.64E+01,2.88E+02,0.000819681,0.000851433
1.17E+04,51100,2.37E+02,2.60E+00,1.02E-02,8.20E+01,9.25E-05,4.25E-01,2.31E-01,2.39E-01,2.71E+02,1.64E+01,2.88E+02,0.000819663,0.000851414
1.17E+04,5.12E+04,5.61E+01,7.51E-01,1.02E-02,8.20E+01,9.23E-05,4.25E-01,2.31E-01,2.37E-01,2.70E+02,1.61E+01,2.87E+02,0.000817851,0.000849542
1.17E+04,5.12E+04,2.37E+02,2.60E+00,1.02E-02,8.20E+01,9.23E-05,4.25E-01,2.31E-01,2.37E-01,2.70E+02,1.61E+01,2.87E+02,0.000817851,0.000849542
1.17E+04,51299,5.76E+01,7.52E-01,1.03E-02,8.20E+01,9.21E-05,4.24E-01,2.29E-01,2.44E-01,2.71E+02,1.71E+01,2.89E+02,0.000816046,0.000847677
1.17E+04,5.13E+04,2.36E+02,2.60E+00,1.03E-02,8.20E+01,9.21E-05,4.24E-01,2.29E-01,2.44E-01,2.71E+02,1.71E+01,2.89E+02,0.000816037,0.000847668
1.17E+04,5.14E+04,5.60E+01,7.52E-01,1.02E-02,8.21E+01,9.19E-05,4.24E-01,2.31E-01,2.37E-01,2.70E+02,1.61E+01,2.86E+02,0.00081423,0.000845802
1.17E+04,5.14E+04,2.36E+02,2.60E+00,1.02E-02,8.21E+01,9.19E-05,4.24E-01,2.31E-01,2.37E-01,2.70E+02,1.61E+01,2.86E+02,0.00081423,0.000845802
1.18E+04,5.15E+04,5.54E+01,7.52E-01,1.03E-02,8.21E+01,9.18E-05,4.23E-01,2.31E-01,2.35E-01,2.69E+02,1.57E+01,2.84E+02,0.000812431,0.000843944
1.18E+04,5.15E+04,2.36E+02,2.60E+00,1.03E-02,8.21E+01,9.18E-05,4.23E-01,2.31E-01,2.35E-01,2.69E+02,1.57E+01,2.84E+02,0.000812431,0.000843944
1.18E+04,51599,5.66E+01,7.51E-01,1.03E-02,8.21E+01,9.16E-05,4.22E-01,2.29E-01,2.41E-01,2.70E+02,1.66E+01,2.87E+02,0.000810649,0.000842102
1.18E+04,5.16E+04,2.36E+02,2.60E+00,1.03E-02,8.21E+01,9.16E-05,4.22E-01,2.29E-01,2.41E-01,2.70E+02,1.66E+01,2.87E+02,0.00081064,0.000842093
1.18E+04,5.17E+04,5.59E+01,7.50E-01,1.02E-02,8.21E+01,9.14E-05,4.23E-01,2.31E-01,2.37E-01,2.70E+02,1.60E+01,2.86E+02,0.000808855,0.00084025
1.18E+04,5.17E+04,2.36E+02,2.60E+00,1.02E-02,8.21E+01,9.14E-05,4.23E-01,2.31E-01,2.37E-01,2.70E+02,1.60E+01,2.86E+02,0.000808855,0.00084025
1.18E+04,5.18E+04,5.57E+01,7.53E-01,1.03E-02,8.21E+01,9.13E-05,4.22E-01,2.30E-01,2.37E-01,2.68E+02,1.59E+01,2.84E+02,0.000807079,0.000838415
1.18E+04,5.18E+04,2.35E+02,2.60E+00,1.03E-02,8.21E+01,9.13E-05,4.22E-01,2.30E-01,2.37E-01,2.68E+02,1.59E+01,2.84E+02,0.000807079,0.000838415
1.18E+04,5.19E+04,5.56E+01,7.54E-01,1.02E-02,8.21E+01,9.11E-05,4.24E-01,2.31E-01,2.35E-01,2.69E+02,1.58E+01,2.85E+02,0.000805309,0.000836587
1.18E+04,51900,2.37E+02,2.60E+00,1.02E-02,8.21E+01,9.11E-05,4.24E-01,2.31E-01,2.35E-01,2.69E+02,1.58E+01,2.85E+02,0.0008053,0.000836578
1.19E+04,51999,5.67E+01,7.52E-01,1.03E-02,8.21E+01,9.09E-05,4.23E-01,2.29E-01,2.40E-01,2.70E+02,1.66E+01,2.87E+02,0.000803556,0.000834776
1.19E+04,5.20E+04,2.36E+02,2.60E+00,1.03E-02,8.21E+01,9.09E-05,4.23E-01,2.29E-01,2.40E-01,2.70E+02,1.66E+01,2.87E+02,0.000803547,0.000834767
1.19E+04,5.21E+04,5.55E+01,7.52E-01,1.03E-02,8.21E+01,9.08E-05,4.22E-01,2.30E-01,2.36E-01,2.68E+02,1.58E+01,2.84E+02,0.000801792,0.000832954
1.19E+04,5.21E+04,2.35E+02,2.60E+00,1.03E-02,8.21E+01,9.08E-05,4.22E-01,2.30E-01,2.36E-01,2.68E+02,1.58E+01,2.84E+02,0.000801792,0.000832954
1.19E+04,52199,5.64E+01,7.52E-01,1.03E-02,8.21E+01,9.06E-05,4.23E-01,2.30E-01,2.39E-01,2.70E+02,1.63E+01,2.86E+02,0.000800053,0.000831157
1.19E+04,52200,2.36E+02,2.60E+00,1.03E-02,8.21E+01,9.06E-05,4.23E-01,2.30E-01,2.39E-01,2.70E+02,1.63E+01,2.86E+02,0.000800036,0.000831139
1.19E+04,5.23E+04,5.58E+01,7.53E-01,1.03E-02,8.21E+01,9.04E-05,4.22E-01,2.30E-01,2.37E-01,2.69E+02,1.60E+01,2.84E+02,0.000798304,0.00082935
1.19E+04,5.23E+04,2.35E+02,2.60E+00,1.03E-02,8.21E+01,9.04E-05,4.22E-01,2.30E-01,2.37E-01,2.69E+02,1.60E+01,2.84E+02,0.000798304,0.00082935
1.20E+04,52399,5.64E+01,7.52E-01,1.02E-02,8.21E+01,9.03E-05,4.24E-01,2.30E-01,2.38E-01,2.70E+02,1.63E+01,2.87E+02,0.000796579,0.000827568
1.20E+04,52400,2.37E+02,2.60E+00,1.02E-02,8.21E+01,9.03E-05,4.24E-01,2.30E-01,2.38E-01,2.70E+02,1.63E+01,2.87E+02,0.000796562,0.000827551
1.20E+04,52499,5.63E+01,7.52E-01,1.03E-02,8.22E+01,9.01E-05,4.22E-01,2.29E-01,2.39E-01,2.69E+02,1.63E+01,2.86E+02,0.000794852,0.000825785
1.20E+04,5.25E+04,2.35E+02,2.60E+00,1.03E-02,8.22E+01,9.01E-05,4.22E-01,2.29E-01,2.39E-01,2.69E+02,1.63E+01,2.86E+02,0.000794844,0.000825776
1.20E+04,52599,5.62E+01,7.52E-01,1.03E-02,8.22E+01,8.99E-05,4.21E-01,2.29E-01,2.39E-01,2.69E+02,1.63E+01,2.85E+02,0.000793133,0.000824009
1.20E+04,5.26E+04,2.35E+02,2.60E+00,1.03E-02,8.22E+01,8.99E-05,4.21E-01,2.29E-01,2.39E-01,2.69E+02,1.63E+01,2.85E+02,0.000793124,0.000824
1.20E+04,5.27E+04,5.56E+01,7.52E-01,1.02E-02,8.22E+01,8.98E-05,4.22E-01,2.30E-01,2.36E-01,2.69E+02,1.58E+01,2.85E+02,0.000791412,0.000822231
1.20E+04,52700,2.36E+02,2.60E+00,1.02E-02,8.22E+01,8.98E-05,4.22E-01,2.30E-01,2.36E-01,2.69E+02,1.58E+01,2.85E+02,0.000791403,0.000822222
1.20E+04,52799,5.62E+01,7.52E-01,1.03E-02,8.22E+01,8.96E-05,4.22E-01,2.29E-01,2.38E-01,2.69E+02,1.62E+01,2.85E+02,0.000789715,0.000820477
1.20E+04,52800,2.36E+02,2.60E+00,1.03E-02,8.22E+01,8.96E-05,4.22E-01,2.29E-01,2.38E-01,2.69E+02,1.62E+01,2.85E+02,0.000789698,0.00082046
1.21E+04,52899,5.61E+01,7.52E-01,1.03E-02,8.22E+01,8.95E-05,4.22E-01,2.30E-01,2.38E-01,2.69E+02,1.62E+01,2.86E+02,0.000788016,0.000818722
1.21E+04,52900,2.36E+02,2.60E+00,1.03E-02,8.22E+01,8.95E-05,4.22E-01,2.30E-01,2.38E-01,2.69E+02,1.62E+01,2.86E+02,0.000787999,0.000818705
1.21E+04,52999,5.62E+01,7.52E-01,1.03E-02,8.22E+01,8.93E-05,4.20E-01,2.28E-01,2.39E-01,2.69E+02,1.63E+01,2.85E+02,0.000786324,0.000816975
1.21E+04,5.30E+04,2.35E+02,2.60E+00,1.03E-02,8.22E+01,8.93E-05,4.20E-01,2.28E-01,2.39E-01,2.69E+02,1.63E+01,2.85E+02,0.000786316,0.000816966
1.21E+04,53099,2.36E+02,2.60E+00,1.02E-02,8.22E+01,8.91E-05,4.22E-01,2.31E-01,2.35E-01,2.69E+02,1.58E+01,2.85E+02,0.000784639,0.000815234
1.21E+04,5.31E+04,5.55E+01,7.52E-01,1.02E-02,8.22E+01,8.91E-05,4.22E-01,2.31E-01,2.35E-01,2.69E+02,1.58E+01,2.85E+02,0.000784631,0.000815225
1.22E+04,5.32E+04,5.57E+01,7.51E-01,1.03E-02,8.22E+01,8.90E-05,4.21E-01,2.29E-01,2.37E-01,2.68E+02,1.59E+01,2.84E+02,0.000782953,0.000813491
1.22E+04,53200,2.35E+02,2.60E+00,1.03E-02,8.22E+01,8.90E-05,4.21E-01,2.29E-01,2.37E-01,2.68E+02,1.59E+01,2.84E+02,0.000782944,0.000813483
1.22E+04,5.33E+04,5.56E+01,7.51E-01,1.03E-02,8.22E+01,8.88E-05,4.21E-01,2.30E-01,2.36E-01,2.69E+02,1.59E+01,2.85E+02,0.000781281,0.000811764
1.22E+04,53300,2.36E+02,2.60E+00,1.03E-02,8.22E+01,8.88E-05,4.21E-01,2.30E-01,2.36E-01,2.69E+02,1.59E+01,2.85E+02,0.000781273,0.000811756
1.22E+04,5.34E+04,5.56E+01,7.51E-01,1.03E-02,8.22E+01,8.87E-05,4.19E-01,2.28E-01,2.38E-01,2.68E+02,1.60E+01,2.84E+02,0.000779617,0.000810044
1.22E+04,5.34E+04,2.34E+02,2.60E+00,1.03E-02,8.22E+01,8.87E-05,4.19E-01,2.28E-01,2.38E-01,2.68E+02,1.60E+01,2.84E+02,0.000779617,0.000810044
1.22E+04,5.35E+04,5.50E+01,7.51E-01,1.03E-02,8.22E+01,8.85E-05,4.20E-01,2.30E-01,2.34E-01,2.67E+02,1.56E+01,2.83E+02,0.000777958,0.000808331
1.22E+04,53500,2.35E+02,2.60E+00,1.03E-02,8.22E+01,8.85E-05,4.20E-01,2.30E-01,2.34E-01,2.67E+02,1.56E+01,2.83E+02,0.00077795,0.000808323
1.22E+04,53599,5.63E+01,7.51E-01,1.03E-02,8.23E+01,8.83E-05,4.20E-01,2.28E-01,2.40E-01,2.69E+02,1.64E+01,2.85E+02,0.000776315,0.000806633
1.22E+04,53600,2.35E+02,2.60E+00,1.03E-02,8.23E+01,8.83E-05,4.20E-01,2.28E-01,2.40E-01,2.69E+02,1.64E+01,2.85E+02,0.000776299,0.000806616
1.23E+04,5.37E+04,5.57E+01,7.52E-01,1.04E-02,8.23E+01,8.82E-05,4.18E-01,2.28E-01,2.38E-01,2.67E+02,1.60E+01,2.83E+02,0.000774662,0.000804925
1.23E+04,5.37E+04,2.34E+02,2.60E+00,1.04E-02,8.23E+01,8.82E-05,4.18E-01,2.28E-01,2.38E-01,2.67E+02,1.60E+01,2.83E+02,0.000774662,0.000804925
1.23E+04,53799,5.63E+01,7.50E-01,1.04E-02,8.23E+01,8.80E-05,4.18E-01,2.27E-01,2.40E-01,2.68E+02,1.64E+01,2.84E+02,0.000773032,0.000803241
1.23E+04,5.38E+04,2.34E+02,2.60E+00,1.04E-02,8.23E+01,8.80E-05,4.18E-01,2.27E-01,2.40E-01,2.68E+02,1.64E+01,2.84E+02,0.000773024,0.000803232
1.23E+04,53899,5.63E+01,7.51E-01,1.04E-02,8.23E+01,8.79E-05,4.18E-01,2.27E-01,2.41E-01,2.68E+02,1.65E+01,2.84E+02,0.0007714,0.000801555
1.23E+04,5.39E+04,2.34E+02,2.60E+00,1.04E-02,8.23E+01,8.79E-05,4.18E-01,2.27E-01,2.41E-01,2.68E+02,1.65E+01,2.84E+02,0.000771392,0.000801546
1.23E+04,53999,5.63E+01,7.52E-01,1.04E-02,8.23E+01,8.77E-05,4.19E-01,2.27E-01,2.40E-01,2.68E+02,1.64E+01,2.85E+02,0.000769774,0.000799875
1.23E+04,54000,2.34E+02,2.60E+00,1.04E-02,8.23E+01,8.77E-05,4.19E-01,2.27E-01,2.40E-01,2.68E+02,1.64E+01,2.85E+02,0.000769758,0.000799858
1.23E+04,5.41E+04,5.57E+01,7.51E-01,1.04E-02,8.23E+01,8.76E-05,4.18E-01,2.28E-01,2.38E-01,2.67E+02,1.61E+01,2.84E+02,0.000768147,0.000798194
1.23E+04,5.41E+04,2.34E+02,2.60E+00,1.04E-02,8.23E+01,8.76E-05,4.18E-01,2.28E-01,2.38E-01,2.67E+02,1.61E+01,2.84E+02,0.000768147,0.000798194
1.24E+04,5.42E+04,5.53E+01,7.53E-01,1.04E-02,8.23E+01,8.74E-05,4.17E-01,2.27E-01,2.37E-01,2.66E+02,1.58E+01,2.82E+02,0.000766535,0.000796527
1.24E+04,5.42E+04,2.33E+02,2.60E+00,1.04E-02,8.23E+01,8.74E-05,4.17E-01,2.27E-01,2.37E-01,2.66E+02,1.58E+01,2.82E+02,0.000766535,0.000796527
1.24E+04,5.43E+04,5.58E+01,7.51E-01,1.04E-02,8.23E+01,8.73E-05,4.18E-01,2.27E-01,2.38E-01,2.67E+02,1.61E+01,2.84E+02,0.000764928,0.000794868
1.24E+04,5.43E+04,2.34E+02,2.60E+00,1.04E-02,8.23E+01,8.73E-05,4.18E-01,2.27E-01,2.38E-01,2.67E+02,1.61E+01,2.84E+02,0.000764928,0.000794868
1.24E+04,5.44E+04,5.59E+01,7.50E-01,1.04E-02,8.23E+01,8.71E-05,4.18E-01,2.27E-01,2.39E-01,2.68E+02,1.62E+01,2.84E+02,0.000763328,0.000793214
1.24E+04,5.44E+04,2.34E+02,2.60E+00,1.04E-02,8.23E+01,8.71E-05,4.18E-01,2.27E-01,2.39E-01,2.68E+02,1.62E+01,2.84E+02,0.000763328,0.000793214
1.24E+04,5.45E+04,5.53E+01,7.51E-01,1.03E-02,8.23E+01,8.69E-05,4.18E-01,2.28E-01,2.36E-01,2.67E+02,1.58E+01,2.83E+02,0.000761735,0.000791568
1.24E+04,5.45E+04,2.34E+02,2.60E+00,1.03E-02,8.23E+01,8.69E-05,4.18E-01,2.28E-01,2.36E-01,2.67E+02,1.58E+01,2.83E+02,0.000761735,0.000791568
1.25E+04,54599,5.65E+01,7.51E-01,1.04E-02,8.23E+01,8.68E-05,4.17E-01,2.26E-01,2.42E-01,2.68E+02,1.66E+01,2.84E+02,0.000760155,0.000789936
1.25E+04,5.46E+04,2.34E+02,2.60E+00,1.04E-02,8.23E+01,8.68E-05,4.17E-01,2.26E-01,2.42E-01,2.68E+02,1.66E+01,2.84E+02,0.000760147,0.000789927
1.25E+04,5.47E+04,5.58E+01,7.51E-01,1.04E-02,8.24E+01,8.66E-05,4.17E-01,2.27E-01,2.39E-01,2.67E+02,1.62E+01,2.83E+02,0.000758566,0.000788293
1.25E+04,5.47E+04,2.34E+02,2.60E+00,1.04E-02,8.24E+01,8.66E-05,4.17E-01,2.27E-01,2.39E-01,2.67E+02,1.62E+01,2.83E+02,0.000758566,0.000788293
1.25E+04,5.48E+04,5.58E+01,7.51E-01,1.04E-02,8.24E+01,8.65E-05,4.17E-01,2.27E-01,2.39E-01,2.67E+02,1.62E+01,2.83E+02,0.000756991,0.000786666
1.25E+04,5.48E+04,2.34E+02,2.60E+00,1.04E-02,8.24E+01,8.65E-05,4.17E-01,2.27E-01,2.39E-01,2.67E+02,1.62E+01,2.83E+02,0.000756991,0.000786666
1.25E+04,5.49E+04,5.57E+01,7.52E-01,1.03E-02,8.24E+01,8.63E-05,4.18E-01,2.28E-01,2.38E-01,2.68E+02,1.60E+01,2.84E+02,0.000755422,0.000785044
1.25E+04,54900,2.34E+02,2.60E+00,1.03E-02,8.24E+01,8.63E-05,4.18E-01,2.28E-01,2.38E-01,2.68E+02,1.60E+01,2.84E+02,0.000755414,0.000785036
1.25E+04,5.50E+04,5.51E+01,7.52E-01,1.03E-02,8.24E+01,8.62E-05,4.17E-01,2.27E-01,2.36E-01,2.66E+02,1.57E+01,2.82E+02,0.000753859,0.000783429
1.25E+04,5.50E+04,2.33E+02,2.60E+00,1.03E-02,8.24E+01,8.62E-05,4.17E-01,2.27E-01,2.36E-01,2.66E+02,1.57E+01,2.82E+02,0.000753859,0.000783429
1.26E+04,5.51E+04,5.57E+01,7.51E-01,1.04E-02,8.24E+01,8.60E-05,4.18E-01,2.27E-01,2.38E-01,2.67E+02,1.60E+01,2.83E+02,0.000752302,0.000781821
1.26E+04,55100,2.34E+02,2.60E+00,1.04E-02,8.24E+01,8.60E-05,4.18E-01,2.27E-01,2.38E-01,2.67E+02,1.60E+01,2.83E+02,0.000752294,0.000781813
1.26E+04,5.52E+04,5.54E+01,7.52E-01,1.03E-02,8.24E+01,8.59E-05,4.18E-01,2.28E-01,2.37E-01,2.67E+02,1.58E+01,2.83E+02,0.000750751,0.000780218
1.26E+04,55200,2.34E+02,2.60E+00,1.03E-02,8.24E+01,8.59E-05,4.18E-01,2.28E-01,2.37E-01,2.67E+02,1.58E+01,2.83E+02,0.000750744,0.00078021
1.26E+04,55299,5.59E+01,7.52E-01,1.04E-02,8.24E+01,8.57E-05,4.17E-01,2.26E-01,2.39E-01,2.67E+02,1.62E+01,2.83E+02,0.000749214,0.00077863
1.26E+04,55300,2.33E+02,2.60E+00,1.04E-02,8.24E+01,8.57E-05,4.17E-01,2.26E-01,2.39E-01,2.67E+02,1.62E+01,2.83E+02,0.000749199,0.000778614
1.26E+04,55399,2.34E+02,2.60E+00,1.04E-02,8.24E+01,8.56E-05,4.18E-01,2.26E-01,2.42E-01,2.68E+02,1.67E+01,2.85E+02,0.000747676,0.000777039
1.26E+04,55399,5.66E+01,7.51E-01,1.04E-02,8.24E+01,8.56E-05,4.18E-01,2.26E-01,2.42E-01,2.68E+02,1.67E+01,2.85E+02,0.000747676,0.000777039
1.27E+04,55499,5.58E+01,7.50E-01,1.04E-02,8.24E+01,8.55E-05,4.16E-01,2.26E-01,2.39E-01,2.67E+02,1.62E+01,2.83E+02,0.000746143,0.000775455
1.27E+04,55500,2.33E+02,2.60E+00,1.04E-02,8.24E+01,8.55E-05,4.16E-01,2.26E-01,2.39E-01,2.67E+02,1.62E+01,2.83E+02,0.000746127,0.000775439
1.27E+04,55599,5.57E+01,7.51E-01,1.04E-02,8.24E+01,8.53E-05,4.17E-01,2.27E-01,2.38E-01,2.67E+02,1.61E+01,2.83E+02,0.000744616,0.000773877
1.27E+04,55600,2.34E+02,2.60E+00,1.04E-02,8.24E+01,8.53E-05,4.17E-01,2.27E-01,2.38E-01,2.67E+02,1.61E+01,2.83E+02,0.0007446,0.000773861
1.27E+04,5.57E+04,5.51E+01,7.52E-01,1.04E-02,8.24E+01,8.52E-05,4.15E-01,2.26E-01,2.37E-01,2.65E+02,1.58E+01,2.81E+02,0.000743087,0.000772297
1.27E+04,5.57E+04,2.33E+02,2.60E+00,1.04E-02,8.24E+01,8.52E-05,4.15E-01,2.26E-01,2.37E-01,2.65E+02,1.58E+01,2.81E+02,0.000743087,0.000772297
1.27E+04,5.58E+04,5.52E+01,7.52E-01,1.04E-02,8.24E+01,8.50E-05,4.15E-01,2.26E-01,2.37E-01,2.66E+02,1.58E+01,2.81E+02,0.000741572,0.000770731
1.27E+04,5.58E+04,2.33E+02,2.60E+00,1.04E-02,8.24E+01,8.50E-05,4.15E-01,2.26E-01,2.37E-01,2.66E+02,1.58E+01,2.81E+02,0.000741572,0.000770731
1.27E+04,55899,2.34E+02,2.60E+00,1.03E-02,8.25E+01,8.49E-05,4.17E-01,2.27E-01,2.36E-01,2.67E+02,1.58E+01,2.82E+02,0.00074007,0.000769179
1.27E+04,5.59E+04,5.52E+01,7.52E-01,1.03E-02,8.25E+01,8.49E-05,4.17E-01,2.27E-01,2.36E-01,2.67E+02,1.58E+01,2.82E+02,0.000740062,0.000769171
1.28E+04,55999,5.59E+01,7.52E-01,1.05E-02,8.25E+01,8.47E-05,4.15E-01,2.25E-01,2.40E-01,2.66E+02,1.63E+01,2.82E+02,0.000738566,0.000767625
1.28E+04,5.60E+04,2.32E+02,2.60E+00,1.05E-02,8.25E+01,8.47E-05,4.15E-01,2.25E-01,2.40E-01,2.66E+02,1.63E+01,2.82E+02,0.000738558,0.000767617
1.28E+04,56099,5.59E+01,7.51E-01,1.04E-02,8.25E+01,8.46E-05,4.16E-01,2.26E-01,2.40E-01,2.67E+02,1.63E+01,2.83E+02,0.000737068,0.000766077
1.28E+04,56100,2.33E+02,2.60E+00,1.04E-02,8.25E+01,8.46E-05,4.16E-01,2.26E-01,2.40E-01,2.67E+02,1.63E+01,2.83E+02,0.000737053,0.000766061
1.28E+04,56199,5.64E+01,7.53E-01,1.05E-02,8.25E+01,8.44E-05,4.16E-01,2.24E-01,2.42E-01,2.67E+02,1.67E+01,2.84E+02,0.000735575,0.000764534
1.28E+04,5.62E+04,2.33E+02,2.60E+00,1.05E-02,8.25E+01,8.44E-05,4.16E-01,2.24E-01,2.42E-01,2.67E+02,1.67E+01,2.84E+02,0.000735568,0.000764527
1.29E+04,5.63E+04,5.52E+01,7.53E-01,1.04E-02,8.25E+01,8.43E-05,4.14E-01,2.25E-01,2.38E-01,2.65E+02,1.59E+01,2.81E+02,0.000734081,0.00076299
1.29E+04,5.63E+04,2.32E+02,2.60E+00,1.04E-02,8.25E+01,8.43E-05,4.14E-01,2.25E-01,2.38E-01,2.65E+02,1.59E+01,2.81E+02,0.000734081,0.00076299
1.29E+04,5.64E+04,5.51E+01,7.53E-01,1.04E-02,8.25E+01,8.42E-05,4.15E-01,2.26E-01,2.37E-01,2.65E+02,1.58E+01,2.81E+02,0.0007326,0.000761459
1.29E+04,5.64E+04,2.33E+02,2.60E+00,1.04E-02,8.25E+01,8.42E-05,4.15E-01,2.26E-01,2.37E-01,2.65E+02,1.58E+01,2.81E+02,0.0007326,0.000761459
1.29E+04,5.65E+04,5.52E+01,7.54E-01,1.04E-02,8.25E+01,8.40E-05,4.16E-01,2.26E-01,2.37E-01,2.66E+02,1.58E+01,2.82E+02,0.000731125,0.000759934
1.29E+04,56500,2.33E+02,2.60E+00,1.04E-02,8.25E+01,8.40E-05,4.16E-01,2.26E-01,2.37E-01,2.66E+02,1.58E+01,2.82E+02,0.000731118,0.000759927
1.29E+04,56599,5.64E+01,7.53E-01,1.05E-02,8.25E+01,8.39E-05,4.13E-01,2.23E-01,2.43E-01,2.66E+02,1.67E+01,2.83E+02,0.000729662,0.000758423
1.29E+04,5.66E+04,2.32E+02,2.60E+00,1.05E-02,8.25E+01,8.39E-05,4.13E-01,2.23E-01,2.43E-01,2.66E+02,1.67E+01,2.83E+02,0.000729655,0.000758415
1.29E+04,5.67E+04,5.50E+01,7.52E-01,1.04E-02,8.25E+01,8.37E-05,4.14E-01,2.25E-01,2.37E-01,2.65E+02,1.58E+01,2.81E+02,0.000728191,0.000756902
1.29E+04,5.67E+04,2.32E+02,2.60E+00,1.04E-02,8.25E+01,8.37E-05,4.14E-01,2.25E-01,2.37E-01,2.65E+02,1.58E+01,2.81E+02,0.000728191,0.000756902
1.30E+04,5.68E+04,5.52E+01,7.54E-01,1.04E-02,8.25E+01,8.36E-05,4.14E-01,2.25E-01,2.37E-01,2.65E+02,1.58E+01,2.81E+02,0.000726732,0.000755394
1.30E+04,5.68E+04,2.32E+02,2.60E+00,1.04E-02,8.25E+01,8.36E-05,4.14E-01,2.25E-01,2.37E-01,2.65E+02,1.58E+01,2.81E+02,0.000726732,0.000755394
1.30E+04,5.69E+04,5.56E+01,7.54E-01,1.04E-02,8.25E+01,8.34E-05,4.14E-01,2.25E-01,2.39E-01,2.66E+02,1.61E+01,2.82E+02,0.000725279,0.000753892
1.30E+04,5.69E+04,2.32E+02,2.60E+00,1.04E-02,8.25E+01,8.34E-05,4.14E-01,2.25E-01,2.39E-01,2.66E+02,1.61E+01,2.82E+02,0.000725279,0.000753892
1.30E+04,5.70E+04,5.57E+01,7.53E-01,1.05E-02,8.25E+01,8.33E-05,4.13E-01,2.24E-01,2.40E-01,2.65E+02,1.63E+01,2.81E+02,0.000723831,0.000752395
1.30E+04,5.70E+04,2.32E+02,2.60E+00,1.05E-02,8.25E+01,8.33E-05,4.13E-01,2.24E-01,2.40E-01,2.65E+02,1.63E+01,2.81E+02,0.000723831,0.000752395
1.30E+04,5.71E+04,5.50E+01,7.52E-01,1.04E-02,8.26E+01,8.32E-05,4.14E-01,2.26E-01,2.37E-01,2.65E+02,1.58E+01,2.81E+02,0.000722388,0.000750905
1.30E+04,5.71E+04,2.32E+02,2.60E+00,1.04E-02,8.26E+01,8.32E-05,4.14E-01,2.26E-01,2.37E-01,2.65E+02,1.58E+01,2.81E+02,0.000722388,0.000750905
1.31E+04,5.72E+04,5.48E+01,7.51E-01,1.04E-02,8.26E+01,8.30E-05,4.14E-01,2.26E-01,2.36E-01,2.65E+02,1.56E+01,2.81E+02,0.000720951,0.000749419
1.31E+04,57200,2.33E+02,2.60E+00,1.04E-02,8.26E+01,8.30E-05,4.14E-01,2.26E-01,2.36E-01,2.65E+02,1.56E+01,2.81E+02,0.000720944,0.000749412
1.31E+04,5.73E+04,5.48E+01,7.49E-01,1.04E-02,8.26E+01,8.29E-05,4.13E-01,2.25E-01,2.37E-01,2.65E+02,1.57E+01,2.80E+02,0.00071952,0.000747939
1.31E+04,5.73E+04,2.32E+02,2.60E+00,1.04E-02,8.26E+01,8.29E-05,4.13E-01,2.25E-01,2.37E-01,2.65E+02,1.57E+01,2.80E+02,0.00071952,0.000747939
1.31E+04,57399,5.54E+01,7.50E-01,1.05E-02,8.26E+01,8.28E-05,4.12E-01,2.23E-01,2.40E-01,2.65E+02,1.62E+01,2.81E+02,0.000718101,0.000746472
1.31E+04,5.74E+04,2.31E+02,2.60E+00,1.05E-02,8.26E+01,8.28E-05,4.12E-01,2.23E-01,2.40E-01,2.65E+02,1.62E+01,2.81E+02,0.000718093,0.000746465
1.31E+04,57499,5.61E+01,7.51E-01,1.05E-02,8.26E+01,8.26E-05,4.13E-01,2.23E-01,2.42E-01,2.66E+02,1.66E+01,2.82E+02,0.000716679,0.000745003
1.31E+04,5.75E+04,2.32E+02,2.60E+00,1.05E-02,8.26E+01,8.26E-05,4.13E-01,2.23E-01,2.42E-01,2.66E+02,1.66E+01,2.82E+02,0.000716672,0.000744996
1.31E+04,5.76E+04,5.47E+01,7.52E-01,1.04E-02,8.26E+01,8.25E-05,4.13E-01,2.26E-01,2.36E-01,2.65E+02,1.56E+01,2.80E+02,0.000715257,0.000743533
1.31E+04,57600,2.32E+02,2.60E+00,1.04E-02,8.26E+01,8.25E-05,4.13E-01,2.26E-01,2.36E-01,2.65E+02,1.56E+01,2.80E+02,0.00071525,0.000743525
1.32E+04,57699,5.53E+01,7.49E-01,1.05E-02,8.26E+01,8.23E-05,4.13E-01,2.24E-01,2.39E-01,2.65E+02,1.61E+01,2.81E+02,0.000713853,0.000742082
1.32E+04,5.77E+04,2.32E+02,2.60E+00,1.05E-02,8.26E+01,8.23E-05,4.13E-01,2.24E-01,2.39E-01,2.65E+02,1.61E+01,2.81E+02,0.000713846,0.000742075
1.32E+04,57799,5.53E+01,7.50E-01,1.05E-02,8.26E+01,8.22E-05,4.12E-01,2.24E-01,2.39E-01,2.65E+02,1.60E+01,2.81E+02,0.000712448,0.000740629
1.32E+04,5.78E+04,2.31E+02,2.60E+00,1.05E-02,8.26E+01,8.22E-05,4.12E-01,2.24E-01,2.39E-01,2.65E+02,1.60E+01,2.81E+02,0.000712441,0.000740622
1.32E+04,57899,5.53E+01,7.51E-01,1.05E-02,8.26E+01,8.21E-05,4.13E-01,2.25E-01,2.39E-01,2.66E+02,1.60E+01,2.82E+02,0.000711048,0.000739182
1.32E+04,57900,2.32E+02,2.60E+00,1.05E-02,8.26E+01,8.21E-05,4.13E-01,2.25E-01,2.39E-01,2.66E+02,1.60E+01,2.82E+02,0.000711034,0.000739167
1.32E+04,57999,5.59E+01,7.51E-01,1.05E-02,8.26E+01,8.19E-05,4.12E-01,2.23E-01,2.42E-01,2.65E+02,1.65E+01,2.82E+02,0.000709653,0.00073774
1.32E+04,5.80E+04,2.31E+02,2.60E+00,1.05E-02,8.26E+01,8.19E-05,4.12E-01,2.23E-01,2.42E-01,2.65E+02,1.65E+01,2.82E+02,0.000709646,0.000737733
1.32E+04,58099,5.53E+01,7.51E-01,1.05E-02,8.26E+01,8.18E-05,4.13E-01,2.24E-01,2.39E-01,2.65E+02,1.60E+01,2.81E+02,0.000708263,0.000736303
1.32E+04,58100,2.32E+02,2.60E+00,1.05E-02,8.26E+01,8.18E-05,4.13E-01,2.24E-01,2.39E-01,2.65E+02,1.60E+01,2.81E+02,0.000708249,0.000736289
1.33E+04,58199,5.56E+01,7.52E-01,1.05E-02,8.26E+01,8.17E-05,4.12E-01,2.23E-01,2.40E-01,2.65E+02,1.63E+01,2.81E+02,0.000706878,0.000734872
1.33E+04,58200,2.31E+02,2.60E+00,1.05E-02,8.26E+01,8.17E-05,4.12E-01,2.23E-01,2.40E-01,2.65E+02,1.63E+01,2.81E+02,0.000706864,0.000734857
1.33E+04,5.83E+04,5.49E+01,7.51E-01,1.05E-02,8.27E+01,8.15E-05,4.10E-01,2.23E-01,2.38E-01,2.64E+02,1.58E+01,2.79E+02,0.000705492,0.000733438
1.33E+04,5.83E+04,2.31E+02,2.60E+00,1.05E-02,8.27E+01,8.15E-05,4.10E-01,2.23E-01,2.38E-01,2.64E+02,1.58E+01,2.79E+02,0.000705492,0.000733438
1.33E+04,58399,5.56E+01,7.51E-01,1.05E-02,8.27E+01,8.14E-05,4.11E-01,2.23E-01,2.41E-01,2.65E+02,1.63E+01,2.81E+02,0.000704124,0.000732024
1.33E+04,5.84E+04,2.31E+02,2.60E+00,1.05E-02,8.27E+01,8.14E-05,4.11E-01,2.23E-01,2.41E-01,2.65E+02,1.63E+01,2.81E+02,0.000704117,0.000732017
1.34E+04,58499,5.56E+01,7.52E-01,1.05E-02,8.27E+01,8.13E-05,4.11E-01,2.22E-01,2.41E-01,2.64E+02,1.63E+01,2.80E+02,0.000702754,0.000730608
1.34E+04,5.85E+04,2.31E+02,2.60E+00,1.05E-02,8.27E+01,8.13E-05,4.11E-01,2.22E-01,2.41E-01,2.64E+02,1.63E+01,2.80E+02,0.000702747,0.000730601
1.34E+04,58599,5.56E+01,7.51E-01,1.06E-02,8.27E+01,8.11E-05,4.10E-01,2.22E-01,2.41E-01,2.64E+02,1.63E+01,2.81E+02,0.00070139,0.000729198
1.34E+04,5.86E+04,2.31E+02,2.60E+00,1.06E-02,8.27E+01,8.11E-05,4.10E-01,2.22E-01,2.41E-01,2.64E+02,1.63E+01,2.81E+02,0.000701383,0.000729191
1.34E+04,58699,5.56E+01,7.51E-01,1.05E-02,8.27E+01,8.10E-05,4.11E-01,2.23E-01,2.40E-01,2.65E+02,1.63E+01,2.81E+02,0.00070003,0.000727792
1.34E+04,58700,2.31E+02,2.60E+00,1.05E-02,8.27E+01,8.10E-05,4.11E-01,2.23E-01,2.40E-01,2.65E+02,1.63E+01,2.81E+02,0.000700016,0.000727778
1.34E+04,58799,5.56E+01,7.52E-01,1.05E-02,8.27E+01,8.09E-05,4.11E-01,2.23E-01,2.41E-01,2.65E+02,1.63E+01,2.81E+02,0.000698675,0.000726392
1.34E+04,58800,2.31E+02,2.60E+00,1.05E-02,8.27E+01,8.09E-05,4.11E-01,2.23E-01,2.41E-01,2.65E+02,1.63E+01,2.81E+02,0.000698662,0.000726378
1.34E+04,58899,5.63E+01,7.51E-01,1.06E-02,8.27E+01,8.07E-05,4.10E-01,2.21E-01,2.44E-01,2.65E+02,1.68E+01,2.82E+02,0.000697326,0.000724996
1.34E+04,5.89E+04,2.30E+02,2.60E+00,1.06E-02,8.27E+01,8.07E-05,4.10E-01,2.21E-01,2.44E-01,2.65E+02,1.68E+01,2.82E+02,0.000697319,0.000724989
1.35E+04,5.90E+04,5.49E+01,7.51E-01,1.05E-02,8.27E+01,8.06E-05,4.11E-01,2.24E-01,2.38E-01,2.64E+02,1.58E+01,2.80E+02,0.000695974,0.000723599
1.35E+04,59000,2.31E+02,2.60E+00,1.05E-02,8.27E+01,8.06E-05,4.11E-01,2.24E-01,2.38E-01,2.64E+02,1.58E+01,2.80E+02,0.000695967,0.000723592
1.35E+04,59099,5.55E+01,7.51E-01,1.06E-02,8.27E+01,8.05E-05,4.10E-01,2.22E-01,2.41E-01,2.64E+02,1.63E+01,2.80E+02,0.000694641,0.00072222
1.35E+04,5.91E+04,2.30E+02,2.60E+00,1.06E-02,8.27E+01,8.05E-05,4.10E-01,2.22E-01,2.41E-01,2.64E+02,1.63E+01,2.80E+02,0.000694634,0.000722213
1.35E+04,5.92E+04,5.52E+01,7.52E-01,1.05E-02,8.27E+01,8.04E-05,4.10E-01,2.23E-01,2.39E-01,2.64E+02,1.60E+01,2.80E+02,0.000693299,0.000720833
1.35E+04,5.92E+04,2.31E+02,2.60E+00,1.05E-02,8.27E+01,8.04E-05,4.10E-01,2.23E-01,2.39E-01,2.64E+02,1.60E+01,2.80E+02,0.000693299,0.000720833
1.35E+04,59299,5.58E+01,7.51E-01,1.06E-02,8.27E+01,8.02E-05,4.10E-01,2.22E-01,2.42E-01,2.65E+02,1.65E+01,2.81E+02,0.000691975,0.000719465
1.35E+04,5.93E+04,2.31E+02,2.60E+00,1.06E-02,8.27E+01,8.02E-05,4.10E-01,2.22E-01,2.42E-01,2.65E+02,1.65E+01,2.81E+02,0.000691968,0.000719458
1.36E+04,59399,5.57E+01,7.52E-01,1.05E-02,8.27E+01,8.01E-05,4.11E-01,2.23E-01,2.41E-01,2.65E+02,1.64E+01,2.81E+02,0.00069065,0.000718094
1.36E+04,59400,2.31E+02,2.60E+00,1.05E-02,8.27E+01,8.01E-05,4.11E-01,2.23E-01,2.41E-01,2.65E+02,1.64E+01,2.81E+02,0.000690636,0.00071808
1.36E+04,5.95E+04,5.46E+01,7.52E-01,1.05E-02,8.28E+01,8.00E-05,4.09E-01,2.23E-01,2.37E-01,2.63E+02,1.56E+01,2.79E+02,0.000689322,0.000716722
1.36E+04,5.95E+04,2.30E+02,2.60E+00,1.05E-02,8.28E+01,8.00E-05,4.09E-01,2.23E-01,2.37E-01,2.63E+02,1.56E+01,2.79E+02,0.000689322,0.000716722
1.36E+04,59599,5.58E+01,7.52E-01,1.06E-02,8.28E+01,7.98E-05,4.09E-01,2.21E-01,2.42E-01,2.64E+02,1.65E+01,2.80E+02,0.000688013,0.000715368
1.36E+04,5.96E+04,2.30E+02,2.60E+00,1.06E-02,8.28E+01,7.98E-05,4.09E-01,2.21E-01,2.42E-01,2.64E+02,1.65E+01,2.80E+02,0.000688006,0.000715361
1.36E+04,5.97E+04,5.45E+01,7.52E-01,1.05E-02,8.28E+01,7.97E-05,4.08E-01,2.22E-01,2.37E-01,2.62E+02,1.56E+01,2.78E+02,0.000686695,0.000714005
1.36E+04,5.97E+04,2.30E+02,2.60E+00,1.05E-02,8.28E+01,7.97E-05,4.08E-01,2.22E-01,2.37E-01,2.62E+02,1.56E+01,2.78E+02,0.000686695,0.000714005
1.36E+04,59799,5.57E+01,7.52E-01,1.05E-02,8.28E+01,7.96E-05,4.10E-01,2.22E-01,2.41E-01,2.64E+02,1.64E+01,2.81E+02,0.000685395,0.000712661
1.36E+04,59800,2.31E+02,2.60E+00,1.05E-02,8.28E+01,7.96E-05,4.10E-01,2.22E-01,2.41E-01,2.64E+02,1.64E+01,2.81E+02,0.000685382,0.000712648
1.37E+04,5.99E+04,5.45E+01,7.51E-01,1.05E-02,8.28E+01,7.95E-05,4.10E-01,2.24E-01,2.36E-01,2.64E+02,1.56E+01,2.79E+02,0.000684086,0.000711308
1.37E+04,59900,2.31E+02,2.60E+00,1.05E-02,8.28E+01,7.95E-05,4.10E-01,2.24E-01,2.36E-01,2.64E+02,1.56E+01,2.79E+02,0.00068408,0.000711301
1.37E+04,59999,5.58E+01,7.51E-01,1.05E-02,8.28E+01,7.93E-05,4.10E-01,2.22E-01,2.42E-01,2.65E+02,1.64E+01,2.81E+02,0.000682795,0.000709973
1.37E+04,60000,2.31E+02,2.60E+00,1.05E-02,8.28E+01,7.93E-05,4.10E-01,2.22E-01,2.42E-01,2.65E+02,1.64E+01,2.81E+02,0.000682782,0.00070996
1.37E+04,6.01E+04,5.51E+01,7.51E-01,1.05E-02,8.28E+01,7.92E-05,4.10E-01,2.23E-01,2.39E-01,2.64E+02,1.59E+01,2.80E+02,0.000681496,0.00070863
1.37E+04,60100,2.31E+02,2.60E+00,1.05E-02,8.28E+01,7.92E-05,4.10E-01,2.23E-01,2.39E-01,2.64E+02,1.59E+01,2.80E+02,0.00068149,0.000708623
1.37E+04,60199,5.65E+01,7.53E-01,1.06E-02,8.28E+01,7.91E-05,4.09E-01,2.20E-01,2.45E-01,2.65E+02,1.69E+01,2.82E+02,0.000680214,0.000707305
1.37E+04,60200,2.30E+02,2.60E+00,1.06E-02,8.28E+01,7.91E-05,4.09E-01,2.20E-01,2.45E-01,2.65E+02,1.69E+01,2.82E+02,0.000680201,0.000707292
1.38E+04,60299,5.58E+01,7.53E-01,1.06E-02,8.28E+01,7.90E-05,4.09E-01,2.21E-01,2.42E-01,2.64E+02,1.64E+01,2.80E+02,0.000678931,0.000705978
1.38E+04,60300,2.30E+02,2.60E+00,1.06E-02,8.28E+01,7.90E-05,4.09E-01,2.21E-01,2.42E-01,2.64E+02,1.64E+01,2.80E+02,0.000678918,0.000705964
1.38E+04,60399,5.57E+01,7.53E-01,1.06E-02,8.28E+01,7.88E-05,4.09E-01,2.21E-01,2.42E-01,2.64E+02,1.64E+01,2.80E+02,0.000677652,0.000704655
1.38E+04,60400,2.30E+02,2.60E+00,1.06E-02,8.28E+01,7.88E-05,4.09E-01,2.21E-01,2.42E-01,2.64E+02,1.64E+01,2.80E+02,0.000677639,0.000704642
1.38E+04,60499,5.56E+01,7.53E-01,1.06E-02,8.28E+01,7.87E-05,4.08E-01,2.20E-01,2.42E-01,2.63E+02,1.64E+01,2.79E+02,0.000676377,0.000703337
1.38E+04,6.05E+04,2.30E+02,2.60E+00,1.06E-02,8.28E+01,7.87E-05,4.08E-01,2.20E-01,2.42E-01,2.63E+02,1.64E+01,2.79E+02,0.000676371,0.000703331
1.38E+04,60599,5.57E+01,7.52E-01,1.06E-02,8.28E+01,7.86E-05,4.08E-01,2.20E-01,2.43E-01,2.63E+02,1.65E+01,2.80E+02,0.000675107,0.000702024
1.38E+04,6.06E+04,2.29E+02,2.60E+00,1.06E-02,8.28E+01,7.86E-05,4.08E-01,2.20E-01,2.43E-01,2.63E+02,1.65E+01,2.80E+02,0.000675101,0.000702017
1.38E+04,6.07E+04,5.44E+01,7.54E-01,1.05E-02,8.28E+01,7.85E-05,4.08E-01,2.22E-01,2.37E-01,2.62E+02,1.56E+01,2.78E+02,0.000673835,0.000700709
1.38E+04,60700,2.30E+02,2.60E+00,1.05E-02,8.28E+01,7.85E-05,4.08E-01,2.22E-01,2.37E-01,2.62E+02,1.56E+01,2.78E+02,0.000673829,0.000700702
1.39E+04,6.08E+04,5.51E+01,7.54E-01,1.06E-02,8.29E+01,7.83E-05,4.07E-01,2.21E-01,2.40E-01,2.62E+02,1.60E+01,2.78E+02,0.000672574,0.000699405
1.39E+04,6.08E+04,2.29E+02,2.60E+00,1.06E-02,8.29E+01,7.83E-05,4.07E-01,2.21E-01,2.40E-01,2.62E+02,1.60E+01,2.78E+02,0.000672574,0.000699405
1.39E+04,6.09E+04,5.50E+01,7.52E-01,1.05E-02,8.29E+01,7.82E-05,4.09E-01,2.22E-01,2.39E-01,2.63E+02,1.59E+01,2.79E+02,0.000671317,0.000698105
1.39E+04,60900,2.30E+02,2.60E+00,1.05E-02,8.29E+01,7.82E-05,4.09E-01,2.22E-01,2.39E-01,2.63E+02,1.59E+01,2.79E+02,0.000671311,0.000698099
1.39E+04,6.10E+04,5.50E+01,7.52E-01,1.06E-02,8.29E+01,7.81E-05,4.08E-01,2.22E-01,2.39E-01,2.63E+02,1.60E+01,2.79E+02,0.000670065,0.00069681
1.39E+04,61000,2.30E+02,2.60E+00,1.06E-02,8.29E+01,7.81E-05,4.08E-01,2.22E-01,2.39E-01,2.63E+02,1.60E+01,2.79E+02,0.000670059,0.000696804
1.39E+04,6.11E+04,5.49E+01,7.53E-01,1.06E-02,8.29E+01,7.80E-05,4.05E-01,2.20E-01,2.41E-01,2.61E+02,1.60E+01,2.77E+02,0.000668817,0.00069552
1.39E+04,6.11E+04,2.28E+02,2.60E+00,1.06E-02,8.29E+01,7.80E-05,4.05E-01,2.20E-01,2.41E-01,2.61E+02,1.60E+01,2.77E+02,0.000668817,0.00069552
1.40E+04,6.12E+04,5.42E+01,7.51E-01,1.06E-02,8.29E+01,7.78E-05,4.06E-01,2.21E-01,2.37E-01,2.61E+02,1.56E+01,2.77E+02,0.000667574,0.000694234
1.40E+04,6.12E+04,2.29E+02,2.60E+00,1.06E-02,8.29E+01,7.78E-05,4.06E-01,2.21E-01,2.37E-01,2.61E+02,1.56E+01,2.77E+02,0.000667574,0.000694234
1.40E+04,6.13E+04,5.47E+01,7.50E-01,1.06E-02,8.29E+01,7.77E-05,4.06E-01,2.21E-01,2.39E-01,2.62E+02,1.59E+01,2.78E+02,0.000666335,0.000692953
1.40E+04,6.13E+04,2.29E+02,2.60E+00,1.06E-02,8.29E+01,7.77E-05,4.06E-01,2.21E-01,2.39E-01,2.62E+02,1.59E+01,2.78E+02,0.000666335,0.000692953
1.40E+04,6.14E+04,5.42E+01,7.50E-01,1.06E-02,8.29E+01,7.76E-05,4.05E-01,2.21E-01,2.37E-01,2.61E+02,1.55E+01,2.76E+02,0.0006651,0.000691676
1.40E+04,6.14E+04,2.29E+02,2.60E+00,1.06E-02,8.29E+01,7.76E-05,4.05E-01,2.21E-01,2.37E-01,2.61E+02,1.55E+01,2.76E+02,0.0006651,0.000691676
1.40E+04,6.15E+04,5.48E+01,7.51E-01,1.06E-02,8.29E+01,7.75E-05,4.07E-01,2.21E-01,2.39E-01,2.62E+02,1.59E+01,2.78E+02,0.000663869,0.000690403
1.40E+04,6.15E+04,2.29E+02,2.60E+00,1.06E-02,8.29E+01,7.75E-05,4.07E-01,2.21E-01,2.39E-01,2.62E+02,1.59E+01,2.78E+02,0.000663869,0.000690403
1.41E+04,61599,5.53E+01,7.51E-01,1.07E-02,8.29E+01,7.74E-05,4.05E-01,2.19E-01,2.42E-01,2.62E+02,1.63E+01,2.78E+02,0.000662649,0.000689141
1.41E+04,6.16E+04,2.28E+02,2.60E+00,1.07E-02,8.29E+01,7.74E-05,4.05E-01,2.19E-01,2.42E-01,2.62E+02,1.63E+01,2.78E+02,0.000662643,0.000689135
1.41E+04,61699,5.53E+01,7.51E-01,1.06E-02,8.29E+01,7.72E-05,4.07E-01,2.21E-01,2.41E-01,2.63E+02,1.62E+01,2.79E+02,0.000661427,0.000687877
1.41E+04,61700,2.30E+02,2.60E+00,1.06E-02,8.29E+01,7.72E-05,4.07E-01,2.21E-01,2.41E-01,2.63E+02,1.62E+01,2.79E+02,0.000661415,0.000687865
1.41E+04,6.18E+04,5.48E+01,7.51E-01,1.06E-02,8.29E+01,7.71E-05,4.06E-01,2.21E-01,2.39E-01,2.62E+02,1.59E+01,2.78E+02,0.000660203,0.000686612
1.41E+04,6.18E+04,2.29E+02,2.60E+00,1.06E-02,8.29E+01,7.71E-05,4.06E-01,2.21E-01,2.39E-01,2.62E+02,1.59E+01,2.78E+02,0.000660203,0.000686612
1.41E+04,6.19E+04,5.47E+01,7.50E-01,1.06E-02,8.29E+01,7.70E-05,4.06E-01,2.21E-01,2.39E-01,2.62E+02,1.58E+01,2.78E+02,0.000658989,0.000685357
1.41E+04,6.19E+04,2.29E+02,2.60E+00,1.06E-02,8.29E+01,7.70E-05,4.06E-01,2.21E-01,2.39E-01,2.62E+02,1.58E+01,2.78E+02,0.000658989,0.000685357
1.41E+04,6.20E+04,5.47E+01,7.51E-01,1.06E-02,8.29E+01,7.69E-05,4.05E-01,2.20E-01,2.40E-01,2.61E+02,1.59E+01,2.77E+02,0.00065778,0.000684106
1.41E+04,6.20E+04,2.28E+02,2.60E+00,1.06E-02,8.29E+01,7.69E-05,4.05E-01,2.20E-01,2.40E-01,2.61E+02,1.59E+01,2.77E+02,0.00065778,0.000684106
1.42E+04,6.21E+04,5.48E+01,7.51E-01,1.06E-02,8.30E+01,7.68E-05,4.05E-01,2.20E-01,2.40E-01,2.61E+02,1.60E+01,2.77E+02,0.000656575,0.000682859
1.42E+04,6.21E+04,2.28E+02,2.60E+00,1.06E-02,8.30E+01,7.68E-05,4.05E-01,2.20E-01,2.40E-01,2.61E+02,1.60E+01,2.77E+02,0.000656575,0.000682859
1.42E+04,62199,5.57E+01,7.52E-01,1.06E-02,8.30E+01,7.67E-05,4.07E-01,2.20E-01,2.43E-01,2.63E+02,1.65E+01,2.80E+02,0.00065538,0.000681623
1.42E+04,62200,2.29E+02,2.60E+00,1.06E-02,8.30E+01,7.66E-05,4.07E-01,2.20E-01,2.43E-01,2.63E+02,1.65E+01,2.80E+02,0.000655368,0.000681611
1.42E+04,62299,5.50E+01,7.51E-01,1.07E-02,8.30E+01,7.65E-05,4.04E-01,2.19E-01,2.42E-01,2.61E+02,1.62E+01,2.77E+02,0.000654182,0.000680385
1.42E+04,6.23E+04,2.28E+02,2.60E+00,1.07E-02,8.30E+01,7.65E-05,4.04E-01,2.19E-01,2.42E-01,2.61E+02,1.62E+01,2.77E+02,0.000654177,0.000680379
1.42E+04,6.24E+04,5.43E+01,7.51E-01,1.06E-02,8.30E+01,7.64E-05,4.05E-01,2.20E-01,2.38E-01,2.61E+02,1.56E+01,2.77E+02,0.000652984,0.000679146
1.42E+04,6.24E+04,2.28E+02,2.60E+00,1.06E-02,8.30E+01,7.64E-05,4.05E-01,2.20E-01,2.38E-01,2.61E+02,1.56E+01,2.77E+02,0.000652984,0.000679146
1.43E+04,62499,5.49E+01,7.53E-01,1.07E-02,8.30E+01,7.63E-05,4.04E-01,2.18E-01,2.41E-01,2.61E+02,1.61E+01,2.77E+02,0.000651801,0.000677922
1.43E+04,6.25E+04,2.28E+02,2.60E+00,1.07E-02,8.30E+01,7.63E-05,4.04E-01,2.18E-01,2.41E-01,2.61E+02,1.61E+01,2.77E+02,0.000651795,0.000677916
1.43E+04,62599,5.56E+01,7.52E-01,1.07E-02,8.30E+01,7.62E-05,4.05E-01,2.18E-01,2.44E-01,2.62E+02,1.65E+01,2.78E+02,0.000650616,0.000676697
1.43E+04,6.26E+04,2.28E+02,2.60E+00,1.07E-02,8.30E+01,7.62E-05,4.05E-01,2.18E-01,2.44E-01,2.62E+02,1.65E+01,2.78E+02,0.00065061,0.000676691
1.43E+04,62699,5.57E+01,7.51E-01,1.07E-02,8.30E+01,7.61E-05,4.05E-01,2.19E-01,2.44E-01,2.63E+02,1.66E+01,2.79E+02,0.000649435,0.000675476
1.43E+04,6.27E+04,2.28E+02,2.60E+00,1.07E-02,8.30E+01,7.61E-05,4.05E-01,2.19E-01,2.44E-01,2.63E+02,1.66E+01,2.79E+02,0.000649429,0.00067547
1.43E+04,6.28E+04,5.43E+01,7.52E-01,1.06E-02,8.30E+01,7.60E-05,4.04E-01,2.20E-01,2.38E-01,2.61E+02,1.56E+01,2.76E+02,0.000648253,0.000674253
1.43E+04,6.28E+04,2.28E+02,2.60E+00,1.06E-02,8.30E+01,7.60E-05,4.04E-01,2.20E-01,2.38E-01,2.61E+02,1.56E+01,2.76E+02,0.000648253,0.000674253
1.43E+04,6.29E+04,5.44E+01,7.53E-01,1.06E-02,8.30E+01,7.58E-05,4.04E-01,2.20E-01,2.38E-01,2.61E+02,1.57E+01,2.76E+02,0.00064708,0.00067304
1.43E+04,6.29E+04,2.28E+02,2.60E+00,1.06E-02,8.30E+01,7.58E-05,4.04E-01,2.20E-01,2.38E-01,2.61E+02,1.57E+01,2.76E+02,0.00064708,0.00067304
1.44E+04,62999,5.48E+01,7.51E-01,1.06E-02,8.30E+01,7.57E-05,4.05E-01,2.20E-01,2.40E-01,2.62E+02,1.60E+01,2.78E+02,0.000645917,0.000671837
1.44E+04,63000,2.29E+02,2.60E+00,1.06E-02,8.30E+01,7.57E-05,4.05E-01,2.20E-01,2.40E-01,2.62E+02,1.60E+01,2.78E+02,0.000645905,0.000671825
1.44E+04,6.31E+04,5.42E+01,7.51E-01,1.06E-02,8.30E+01,7.56E-05,4.04E-01,2.20E-01,2.38E-01,2.61E+02,1.56E+01,2.76E+02,0.000644746,0.000670626
1.44E+04,6.31E+04,2.28E+02,2.60E+00,1.06E-02,8.30E+01,7.56E-05,4.04E-01,2.20E-01,2.38E-01,2.61E+02,1.56E+01,2.76E+02,0.000644746,0.000670626
1.44E+04,63199,5.49E+01,7.52E-01,1.07E-02,8.30E+01,7.55E-05,4.03E-01,2.18E-01,2.41E-01,2.61E+02,1.61E+01,2.77E+02,0.000643591,0.000669432
1.44E+04,6.32E+04,2.28E+02,2.60E+00,1.07E-02,8.30E+01,7.55E-05,4.03E-01,2.18E-01,2.41E-01,2.61E+02,1.61E+01,2.77E+02,0.000643586,0.000669426
1.44E+04,63299,5.50E+01,7.53E-01,1.07E-02,8.30E+01,7.54E-05,4.03E-01,2.18E-01,2.42E-01,2.60E+02,1.62E+01,2.77E+02,0.000642434,0.000668235
1.44E+04,6.33E+04,2.27E+02,2.60E+00,1.07E-02,8.30E+01,7.54E-05,4.03E-01,2.18E-01,2.42E-01,2.60E+02,1.62E+01,2.77E+02,0.000642429,0.000668229
1.45E+04,63399,5.50E+01,7.52E-01,1.06E-02,8.31E+01,7.53E-05,4.05E-01,2.20E-01,2.41E-01,2.62E+02,1.61E+01,2.78E+02,0.000641281,0.000667042
1.45E+04,63400,2.29E+02,2.60E+00,1.06E-02,8.31E+01,7.53E-05,4.05E-01,2.20E-01,2.41E-01,2.62E+02,1.61E+01,2.78E+02,0.00064127,0.00066703
1.45E+04,6.35E+04,5.43E+01,7.51E-01,1.07E-02,8.31E+01,7.52E-05,4.03E-01,2.19E-01,2.39E-01,2.60E+02,1.57E+01,2.76E+02,0.000640126,0.000665848
1.45E+04,6.35E+04,2.28E+02,2.60E+00,1.07E-02,8.31E+01,7.52E-05,4.03E-01,2.19E-01,2.39E-01,2.60E+02,1.57E+01,2.76E+02,0.000640126,0.000665848
1.45E+04,6.36E+04,5.44E+01,7.52E-01,1.06E-02,8.31E+01,7.50E-05,4.04E-01,2.20E-01,2.39E-01,2.61E+02,1.57E+01,2.76E+02,0.000638981,0.000664663
1.45E+04,63600,2.28E+02,2.60E+00,1.06E-02,8.31E+01,7.50E-05,4.04E-01,2.20E-01,2.39E-01,2.61E+02,1.57E+01,2.76E+02,0.000638975,0.000664657
1.45E+04,6.37E+04,5.44E+01,7.52E-01,1.06E-02,8.31E+01,7.49E-05,4.04E-01,2.19E-01,2.39E-01,2.61E+02,1.57E+01,2.76E+02,0.00063784,0.000663483
1.45E+04,63700,2.28E+02,2.60E+00,1.06E-02,8.31E+01,7.49E-05,4.04E-01,2.19E-01,2.39E-01,2.61E+02,1.57E+01,2.76E+02,0.000637834,0.000663477
1.45E+04,63799,5.50E+01,7.50E-01,1.07E-02,8.31E+01,7.48E-05,4.03E-01,2.18E-01,2.42E-01,2.61E+02,1.62E+01,2.77E+02,0.000636708,0.000662312
1.45E+04,6.38E+04,2.27E+02,2.60E+00,1.07E-02,8.31E+01,7.48E-05,4.03E-01,2.18E-01,2.42E-01,2.61E+02,1.62E+01,2.77E+02,0.000636702,0.000662306
1.46E+04,6.39E+04,5.42E+01,7.53E-01,1.06E-02,8.31E+01,7.47E-05,4.03E-01,2.19E-01,2.38E-01,2.60E+02,1.56E+01,2.76E+02,0.000635568,0.000661133
1.46E+04,63900,2.28E+02,2.60E+00,1.06E-02,8.31E+01,7.47E-05,4.03E-01,2.19E-01,2.38E-01,2.60E+02,1.56E+01,2.76E+02,0.000635563,0.000661127
1.46E+04,6.40E+04,5.44E+01,7.54E-01,1.07E-02,8.31E+01,7.46E-05,4.02E-01,2.18E-01,2.40E-01,2.60E+02,1.58E+01,2.75E+02,0.000634438,0.000659964
1.46E+04,6.40E+04,2.27E+02,2.60E+00,1.07E-02,8.31E+01,7.46E-05,4.02E-01,2.18E-01,2.40E-01,2.60E+02,1.58E+01,2.75E+02,0.000634438,0.000659964
1.46E+04,6.41E+04,5.43E+01,7.50E-01,1.06E-02,8.31E+01,7.45E-05,4.03E-01,2.19E-01,2.38E-01,2.61E+02,1.57E+01,2.76E+02,0.000633312,0.000658799
1.46E+04,64100,2.28E+02,2.60E+00,1.06E-02,8.31E+01,7.45E-05,4.03E-01,2.19E-01,2.38E-01,2.61E+02,1.57E+01,2.76E+02,0.000633306,0.000658793
1.47E+04,64199,5.54E+01,7.53E-01,1.08E-02,8.31E+01,7.44E-05,4.01E-01,2.16E-01,2.44E-01,2.60E+02,1.65E+01,2.77E+02,0.000632195,0.000657644
1.47E+04,6.42E+04,2.27E+02,2.60E+00,1.08E-02,8.31E+01,7.44E-05,4.01E-01,2.16E-01,2.44E-01,2.60E+02,1.65E+01,2.77E+02,0.00063219,0.000657638
1.47E+04,64299,5.53E+01,7.52E-01,1.07E-02,8.31E+01,7.43E-05,4.04E-01,2.18E-01,2.42E-01,2.62E+02,1.63E+01,2.78E+02,0.000631076,0.000656487
1.47E+04,64300,2.28E+02,2.60E+00,1.07E-02,8.31E+01,7.43E-05,4.04E-01,2.18E-01,2.42E-01,2.62E+02,1.63E+01,2.78E+02,0.000631065,0.000656475
1.47E+04,64399,5.52E+01,7.52E-01,1.07E-02,8.31E+01,7.42E-05,4.02E-01,2.17E-01,2.43E-01,2.60E+02,1.63E+01,2.77E+02,0.000629961,0.000655333
1.47E+04,6.44E+04,2.27E+02,2.60E+00,1.07E-02,8.31E+01,7.42E-05,4.02E-01,2.17E-01,2.43E-01,2.60E+02,1.63E+01,2.77E+02,0.000629956,0.000655328
1.47E+04,6.45E+04,5.46E+01,7.52E-01,1.07E-02,8.31E+01,7.40E-05,4.02E-01,2.18E-01,2.40E-01,2.60E+02,1.59E+01,2.76E+02,0.000628844,0.000654178
1.47E+04,6.45E+04,2.27E+02,2.60E+00,1.07E-02,8.31E+01,7.40E-05,4.02E-01,2.18E-01,2.40E-01,2.60E+02,1.59E+01,2.76E+02,0.000628844,0.000654178
1.47E+04,6.46E+04,5.45E+01,7.51E-01,1.07E-02,8.31E+01,7.39E-05,4.02E-01,2.18E-01,2.40E-01,2.60E+02,1.59E+01,2.76E+02,0.000627737,0.000653032
1.47E+04,6.46E+04,2.27E+02,2.60E+00,1.07E-02,8.31E+01,7.39E-05,4.02E-01,2.18E-01,2.40E-01,2.60E+02,1.59E+01,2.76E+02,0.000627737,0.000653032
1.48E+04,64699,5.52E+01,7.53E-01,1.07E-02,8.32E+01,7.38E-05,4.03E-01,2.18E-01,2.42E-01,2.61E+02,1.63E+01,2.77E+02,0.000626638,0.000651896
1.48E+04,64700,2.28E+02,2.60E+00,1.07E-02,8.32E+01,7.38E-05,4.03E-01,2.18E-01,2.42E-01,2.61E+02,1.63E+01,2.77E+02,0.000626627,0.000651884
1.48E+04,64799,5.53E+01,7.52E-01,1.07E-02,8.32E+01,7.37E-05,4.02E-01,2.17E-01,2.44E-01,2.61E+02,1.64E+01,2.77E+02,0.000625538,0.000650757
1.48E+04,6.48E+04,2.27E+02,2.60E+00,1.07E-02,8.32E+01,7.37E-05,4.02E-01,2.17E-01,2.44E-01,2.61E+02,1.64E+01,2.77E+02,0.000625532,0.000650752
1.48E+04,6.49E+04,5.39E+01,7.52E-01,1.06E-02,8.32E+01,7.36E-05,4.03E-01,2.20E-01,2.37E-01,2.60E+02,1.55E+01,2.75E+02,0.000624436,0.000649617
1.48E+04,64900,2.28E+02,2.60E+00,1.06E-02,8.32E+01,7.36E-05,4.03E-01,2.20E-01,2.37E-01,2.60E+02,1.55E+01,2.75E+02,0.00062443,0.000649612
1.48E+04,64999,5.52E+01,7.54E-01,1.08E-02,8.32E+01,7.35E-05,4.00E-01,2.16E-01,2.44E-01,2.60E+02,1.64E+01,2.76E+02,0.000623348,0.000648492
1.48E+04,6.50E+04,2.26E+02,2.60E+00,1.08E-02,8.32E+01,7.35E-05,4.00E-01,2.16E-01,2.44E-01,2.60E+02,1.64E+01,2.76E+02,0.000623343,0.000648486
1.48E+04,6.51E+04,5.40E+01,7.52E-01,1.07E-02,8.32E+01,7.34E-05,4.02E-01,2.18E-01,2.38E-01,2.59E+02,1.56E+01,2.75E+02,0.000622253,0.000647359
1.48E+04,6.51E+04,2.27E+02,2.60E+00,1.07E-02,8.32E+01,7.34E-05,4.02E-01,2.18E-01,2.38E-01,2.59E+02,1.56E+01,2.75E+02,0.000622253,0.000647359
1.49E+04,65199,5.49E+01,7.52E-01,1.07E-02,8.32E+01,7.33E-05,4.02E-01,2.18E-01,2.41E-01,2.60E+02,1.61E+01,2.77E+02,0.000621172,0.000646241
14880,65200,2.27E+02,2.60E+00,1.07E-02,8.32E+01,7.33E-05,4.02E-01,2.18E-01,2.41E-01,2.60E+02,1.61E+01,2.77E+02,0.000621162,0.00064623
1.49E+04,65299,5.48E+01,7.52E-01,1.07E-02,8.32E+01,7.32E-05,4.02E-01,2.17E-01,2.41E-01,2.60E+02,1.61E+01,2.76E+02,0.00062009,0.000645122
14900,65300,2.27E+02,2.60E+00,1.07E-02,8.32E+01,7.32E-05,4.02E-01,2.17E-01,2.41E-01,2.60E+02,1.61E+01,2.76E+02,0.000620079,0.00064511
1.49E+04,6.54E+04,5.35E+01,7.51E-01,1.06E-02,8.32E+01,7.31E-05,4.02E-01,2.19E-01,2.35E-01,2.59E+02,1.52E+01,2.74E+02,0.000619006,0.000644
14920,65400,2.27E+02,2.60E+00,1.06E-02,8.32E+01,7.31E-05,4.02E-01,2.19E-01,2.35E-01,2.59E+02,1.52E+01,2.74E+02,0.000619,0.000643994
1.49E+04,6.55E+04,5.41E+01,7.52E-01,1.06E-02,8.32E+01,7.30E-05,4.03E-01,2.19E-01,2.38E-01,2.60E+02,1.56E+01,2.76E+02,0.00061793,0.000642887
14940,65500,2.28E+02,2.60E+00,1.06E-02,8.32E+01,7.30E-05,4.03E-01,2.19E-01,2.38E-01,2.60E+02,1.56E+01,2.76E+02,0.000617925,0.000642882
1.50E+04,65599,5.47E+01,7.52E-01,1.07E-02,8.32E+01,7.29E-05,4.00E-01,2.17E-01,2.41E-01,2.59E+02,1.61E+01,2.76E+02,0.000616864,0.000641784
14960,6.56E+04,2.27E+02,2.60E+00,1.07E-02,8.32E+01,7.29E-05,4.00E-01,2.17E-01,2.41E-01,2.59E+02,1.61E+01,2.76E+02,0.000616859,0.000641779
1.50E+04,65699,5.54E+01,7.52E-01,1.08E-02,8.32E+01,7.28E-05,3.99E-01,2.15E-01,2.46E-01,2.59E+02,1.66E+01,2.76E+02,0.000615796,0.000640679
14980,6.57E+04,2.26E+02,2.60E+00,1.08E-02,8.32E+01,7.28E-05,3.99E-01,2.15E-01,2.46E-01,2.59E+02,1.66E+01,2.76E+02,0.00061579,0.000640673
1.50E+04,65799,5.53E+01,7.52E-01,1.08E-02,8.32E+01,7.26E-05,3.99E-01,2.15E-01,2.45E-01,2.59E+02,1.66E+01,2.76E+02,0.000614731,0.000639577
15000,6.58E+04,2.26E+02,2.60E+00,1.08E-02,8.32E+01,7.26E-05,3.99E-01,2.15E-01,2.45E-01,2.59E+02,1.66E+01,2.76E+02,0.000614725,0.000639572
1.50E+04,65899,5.53E+01,7.53E-01,1.08E-02,8.32E+01,7.25E-05,4.01E-01,2.16E-01,2.44E-01,2.60E+02,1.65E+01,2.77E+02,0.000613669,0.000638479
15020,65900,2.27E+02,2.60E+00,1.08E-02,8.32E+01,7.25E-05,4.01E-01,2.16E-01,2.44E-01,2.60E+02,1.65E+01,2.77E+02,0.000613659,0.000638468
1.50E+04,65999,5.46E+01,7.51E-01,1.08E-02,8.32E+01,7.24E-05,4.00E-01,2.17E-01,2.41E-01,2.59E+02,1.60E+01,2.75E+02,0.000612611,0.000637384
15040,6.60E+04,2.26E+02,2.60E+00,1.08E-02,8.32E+01,7.24E-05,4.00E-01,2.17E-01,2.41E-01,2.59E+02,1.60E+01,2.75E+02,0.000612606,0.000637379
1.51E+04,66099,2.28E+02,2.60E+00,1.06E-02,8.33E+01,7.23E-05,4.03E-01,2.19E-01,2.37E-01,2.60E+02,1.55E+01,2.76E+02,0.000611557,0.000636293
1.51E+04,6.61E+04,5.40E+01,7.51E-01,1.06E-02,8.33E+01,7.23E-05,4.03E-01,2.19E-01,2.37E-01,2.60E+02,1.55E+01,2.76E+02,0.000611551,0.000636288
1.51E+04,6.62E+04,5.47E+01,7.53E-01,1.08E-02,8.33E+01,7.22E-05,4.00E-01,2.16E-01,2.42E-01,2.59E+02,1.61E+01,2.75E+02,0.0006105,0.0006352
1.51E+04,6.62E+04,2.26E+02,2.60E+00,1.08E-02,8.33E+01,7.22E-05,4.00E-01,2.16E-01,2.42E-01,2.59E+02,1.61E+01,2.75E+02,0.0006105,0.0006352
1.51E+04,6.63E+04,5.45E+01,7.53E-01,1.07E-02,8.33E+01,7.21E-05,4.01E-01,2.17E-01,2.41E-01,2.59E+02,1.59E+01,2.75E+02,0.000609452,0.000634116
1.51E+04,6.63E+04,2.27E+02,2.60E+00,1.07E-02,8.33E+01,7.21E-05,4.01E-01,2.17E-01,2.41E-01,2.59E+02,1.59E+01,2.75E+02,0.000609452,0.000634116
1.51E+04,6.64E+04,5.45E+01,7.53E-01,1.06E-02,8.33E+01,7.20E-05,4.02E-01,2.18E-01,2.39E-01,2.60E+02,1.58E+01,2.76E+02,0.000608408,0.000633036
1.51E+04,66400,2.28E+02,2.60E+00,1.06E-02,8.33E+01,7.20E-05,4.02E-01,2.18E-01,2.39E-01,2.60E+02,1.58E+01,2.76E+02,0.000608403,0.00063303
1.52E+04,6.65E+04,5.43E+01,7.52E-01,1.08E-02,8.33E+01,7.19E-05,3.99E-01,2.16E-01,2.41E-01,2.59E+02,1.59E+01,2.75E+02,0.000607367,0.000631958
1.52E+04,6.65E+04,2.26E+02,2.60E+00,1.08E-02,8.33E+01,7.19E-05,3.99E-01,2.16E-01,2.41E-01,2.59E+02,1.59E+01,2.75E+02,0.000607367,0.000631958
1.52E+04,66599,5.52E+01,7.52E-01,1.08E-02,8.33E+01,7.18E-05,4.00E-01,2.16E-01,2.44E-01,2.60E+02,1.64E+01,2.76E+02,0.000606334,0.00063089
1.52E+04,6.66E+04,2.26E+02,2.60E+00,1.08E-02,8.33E+01,7.18E-05,4.00E-01,2.16E-01,2.44E-01,2.60E+02,1.64E+01,2.76E+02,0.000606329,0.000630885
1.52E+04,6.67E+04,5.46E+01,7.53E-01,1.07E-02,8.33E+01,7.17E-05,4.00E-01,2.16E-01,2.41E-01,2.59E+02,1.60E+01,2.75E+02,0.000605295,0.000629815
1.52E+04,6.67E+04,2.26E+02,2.60E+00,1.07E-02,8.33E+01,7.17E-05,4.00E-01,2.16E-01,2.41E-01,2.59E+02,1.60E+01,2.75E+02,0.000605295,0.000629815
1.52E+04,6.68E+04,5.40E+01,7.52E-01,1.07E-02,8.33E+01,7.16E-05,4.01E-01,2.18E-01,2.38E-01,2.59E+02,1.55E+01,2.75E+02,0.000604264,0.000628748
1.52E+04,66800,2.27E+02,2.60E+00,1.07E-02,8.33E+01,7.16E-05,4.01E-01,2.18E-01,2.38E-01,2.59E+02,1.55E+01,2.75E+02,0.000604258,0.000628742
1.52E+04,6.69E+04,5.45E+01,7.51E-01,1.07E-02,8.33E+01,7.15E-05,4.01E-01,2.17E-01,2.40E-01,2.60E+02,1.59E+01,2.76E+02,0.000603236,0.000627684
1.52E+04,66900,2.27E+02,2.60E+00,1.07E-02,8.33E+01,7.15E-05,4.01E-01,2.17E-01,2.40E-01,2.60E+02,1.59E+01,2.76E+02,0.000603231,0.000627679
1.53E+04,66999,5.53E+01,7.52E-01,1.08E-02,8.33E+01,7.14E-05,3.98E-01,2.14E-01,2.45E-01,2.59E+02,1.66E+01,2.76E+02,0.000602216,0.00062663
1.53E+04,6.70E+04,2.26E+02,2.60E+00,1.08E-02,8.33E+01,7.14E-05,3.98E-01,2.14E-01,2.45E-01,2.59E+02,1.66E+01,2.76E+02,0.000602211,0.000626624
1.53E+04,67099,5.52E+01,7.54E-01,1.08E-02,8.33E+01,7.13E-05,4.00E-01,2.15E-01,2.44E-01,2.60E+02,1.65E+01,2.76E+02,0.000601195,0.000625573
1.53E+04,6.71E+04,2.26E+02,2.60E+00,1.08E-02,8.33E+01,7.13E-05,4.00E-01,2.15E-01,2.44E-01,2.60E+02,1.65E+01,2.76E+02,0.00060119,0.000625568
1.53E+04,67199,5.43E+01,7.51E-01,1.07E-02,8.33E+01,7.12E-05,3.99E-01,2.17E-01,2.40E-01,2.59E+02,1.58E+01,2.75E+02,0.000600177,0.00062452
1.53E+04,67200,2.26E+02,2.60E+00,1.07E-02,8.33E+01,7.12E-05,3.99E-01,2.17E-01,2.40E-01,2.59E+02,1.58E+01,2.75E+02,0.000600167,0.000624509
1.54E+04,67299,5.50E+01,7.51E-01,1.08E-02,8.33E+01,7.11E-05,3.98E-01,2.15E-01,2.44E-01,2.59E+02,1.64E+01,2.76E+02,0.000599162,0.00062347
1.54E+04,6.73E+04,2.26E+02,2.60E+00,1.08E-02,8.33E+01,7.11E-05,3.98E-01,2.15E-01,2.44E-01,2.59E+02,1.64E+01,2.76E+02,0.000599157,0.000623464
1.54E+04,6.74E+04,5.39E+01,7.50E-01,1.08E-02,8.33E+01,7.10E-05,3.97E-01,2.16E-01,2.39E-01,2.58E+02,1.56E+01,2.73E+02,0.000598146,0.000622418
1.54E+04,6.74E+04,2.25E+02,2.60E+00,1.08E-02,8.33E+01,7.10E-05,3.97E-01,2.16E-01,2.39E-01,2.58E+02,1.56E+01,2.73E+02,0.000598146,0.000622418
1.54E+04,67499,5.43E+01,7.51E-01,1.08E-02,8.34E+01,7.09E-05,3.98E-01,2.16E-01,2.41E-01,2.58E+02,1.59E+01,2.74E+02,0.000597143,0.00062138
1.54E+04,6.75E+04,2.26E+02,2.60E+00,1.08E-02,8.34E+01,7.09E-05,3.98E-01,2.16E-01,2.41E-01,2.58E+02,1.59E+01,2.74E+02,0.000597138,0.000621374
1.54E+04,67599,5.43E+01,7.50E-01,1.08E-02,8.34E+01,7.08E-05,3.98E-01,2.16E-01,2.41E-01,2.59E+02,1.59E+01,2.75E+02,0.000596137,0.000620339
1.54E+04,6.76E+04,2.26E+02,2.60E+00,1.08E-02,8.34E+01,7.08E-05,3.98E-01,2.16E-01,2.41E-01,2.59E+02,1.59E+01,2.75E+02,0.000596132,0.000620334
1.54E+04,67699,5.50E+01,7.50E-01,1.08E-02,8.34E+01,7.07E-05,3.98E-01,2.15E-01,2.44E-01,2.59E+02,1.64E+01,2.76E+02,0.000595135,0.000619303
1.54E+04,6.77E+04,2.26E+02,2.60E+00,1.08E-02,8.34E+01,7.07E-05,3.98E-01,2.15E-01,2.44E-01,2.59E+02,1.64E+01,2.76E+02,0.00059513,0.000619297
1.55E+04,67799,5.44E+01,7.50E-01,1.08E-02,8.34E+01,7.06E-05,3.98E-01,2.16E-01,2.41E-01,2.59E+02,1.60E+01,2.75E+02,0.000594137,0.000618269
1.55E+04,6.78E+04,2.25E+02,2.60E+00,1.08E-02,8.34E+01,7.06E-05,3.98E-01,2.16E-01,2.41E-01,2.59E+02,1.60E+01,2.75E+02,0.000594132,0.000618264
1.55E+04,67899,5.43E+01,7.49E-01,1.08E-02,8.34E+01,7.05E-05,3.99E-01,2.16E-01,2.40E-01,2.59E+02,1.59E+01,2.75E+02,0.000593141,0.000617239
1.55E+04,67900,2.26E+02,2.60E+00,1.08E-02,8.34E+01,7.05E-05,3.99E-01,2.16E-01,2.40E-01,2.59E+02,1.59E+01,2.75E+02,0.000593131,0.000617229
1.55E+04,67999,5.43E+01,7.51E-01,1.07E-02,8.34E+01,7.04E-05,3.99E-01,2.16E-01,2.40E-01,2.59E+02,1.58E+01,2.74E+02,0.000592148,0.000616212
1.55E+04,68000,2.26E+02,2.60E+00,1.07E-02,8.34E+01,7.04E-05,3.99E-01,2.16E-01,2.40E-01,2.59E+02,1.58E+01,2.74E+02,0.000592138,0.000616201
1.55E+04,6.81E+04,5.36E+01,7.50E-01,1.08E-02,8.34E+01,7.03E-05,3.97E-01,2.16E-01,2.38E-01,2.58E+02,1.55E+01,2.73E+02,0.000591154,0.000615183
1.55E+04,6.81E+04,2.25E+02,2.60E+00,1.08E-02,8.34E+01,7.03E-05,3.97E-01,2.16E-01,2.38E-01,2.58E+02,1.55E+01,2.73E+02,0.000591154,0.000615183
1.56E+04,6.82E+04,5.41E+01,7.53E-01,1.08E-02,8.34E+01,7.02E-05,3.97E-01,2.15E-01,2.41E-01,2.58E+02,1.58E+01,2.73E+02,0.000590168,0.000614162
1.56E+04,6.82E+04,2.25E+02,2.60E+00,1.08E-02,8.34E+01,7.02E-05,3.97E-01,2.15E-01,2.41E-01,2.58E+02,1.58E+01,2.73E+02,0.000590168,0.000614162
1.56E+04,6.83E+04,5.35E+01,7.52E-01,1.07E-02,8.34E+01,7.01E-05,3.98E-01,2.16E-01,2.37E-01,2.57E+02,1.54E+01,2.73E+02,0.000589184,0.000613145
1.56E+04,68300,2.25E+02,2.60E+00,1.07E-02,8.34E+01,7.01E-05,3.98E-01,2.16E-01,2.37E-01,2.57E+02,1.54E+01,2.73E+02,0.000589179,0.00061314
1.56E+04,68399,5.46E+01,7.52E-01,1.08E-02,8.34E+01,7.00E-05,3.97E-01,2.15E-01,2.42E-01,2.58E+02,1.61E+01,2.74E+02,0.000588209,0.000612135
1.56E+04,68400,2.25E+02,2.60E+00,1.08E-02,8.34E+01,7.00E-05,3.97E-01,2.15E-01,2.42E-01,2.58E+02,1.61E+01,2.74E+02,0.000588199,0.000612125
1.56E+04,68499,5.46E+01,7.52E-01,1.08E-02,8.34E+01,6.99E-05,3.98E-01,2.15E-01,2.42E-01,2.59E+02,1.61E+01,2.75E+02,0.000587232,0.000611124
1.56E+04,68500,2.26E+02,2.60E+00,1.08E-02,8.34E+01,6.99E-05,3.98E-01,2.15E-01,2.42E-01,2.59E+02,1.61E+01,2.75E+02,0.000587222,0.000611114
1.56E+04,6.86E+04,5.41E+01,7.52E-01,1.08E-02,8.34E+01,6.98E-05,3.97E-01,2.15E-01,2.40E-01,2.58E+02,1.57E+01,2.74E+02,0.000586253,0.000610111
1.56E+04,68600,2.25E+02,2.60E+00,1.08E-02,8.34E+01,6.98E-05,3.97E-01,2.15E-01,2.40E-01,2.58E+02,1.57E+01,2.74E+02,0.000586248,0.000610106
1.57E+04,68699,5.46E+01,7.52E-01,1.08E-02,8.34E+01,6.97E-05,3.99E-01,2.16E-01,2.42E-01,2.59E+02,1.61E+01,2.75E+02,0.000585287,0.000609111
1.57E+04,68700,2.26E+02,2.60E+00,1.08E-02,8.34E+01,6.97E-05,3.99E-01,2.16E-01,2.42E-01,2.59E+02,1.61E+01,2.75E+02,0.000585277,0.000609101
1.57E+04,6.88E+04,5.35E+01,7.52E-01,1.07E-02,8.34E+01,6.96E-05,3.97E-01,2.16E-01,2.37E-01,2.57E+02,1.54E+01,2.73E+02,0.000584314,0.000608105
1.57E+04,68800,2.25E+02,2.60E+00,1.07E-02,8.34E+01,6.96E-05,3.97E-01,2.16E-01,2.37E-01,2.57E+02,1.54E+01,2.73E+02,0.000584309,0.0006081
1.57E+04,68899,5.45E+01,7.52E-01,1.08E-02,8.35E+01,6.95E-05,3.96E-01,2.14E-01,2.43E-01,2.58E+02,1.61E+01,2.74E+02,0.000583354,0.000607111
1.57E+04,6.89E+04,2.25E+02,2.60E+00,1.08E-02,8.35E+01,6.95E-05,3.96E-01,2.14E-01,2.43E-01,2.58E+02,1.61E+01,2.74E+02,0.000583349,0.000607106
1.57E+04,68999,5.45E+01,7.51E-01,1.08E-02,8.35E+01,6.94E-05,3.97E-01,2.15E-01,2.42E-01,2.58E+02,1.61E+01,2.74E+02,0.000582392,0.000606115
1.57E+04,69000,2.25E+02,2.60E+00,1.08E-02,8.35E+01,6.94E-05,3.97E-01,2.15E-01,2.42E-01,2.58E+02,1.61E+01,2.74E+02,0.000582382,0.000606105
1.57E+04,69099,5.44E+01,7.51E-01,1.09E-02,8.35E+01,6.93E-05,3.96E-01,2.14E-01,2.42E-01,2.58E+02,1.61E+01,2.74E+02,0.000581433,0.000605123
1.57E+04,6.91E+04,2.24E+02,2.60E+00,1.09E-02,8.35E+01,6.93E-05,3.96E-01,2.14E-01,2.42E-01,2.58E+02,1.61E+01,2.74E+02,0.000581428,0.000605118
1.58E+04,69199,5.48E+01,7.52E-01,1.09E-02,8.35E+01,6.92E-05,3.97E-01,2.14E-01,2.44E-01,2.58E+02,1.63E+01,2.75E+02,0.000580477,0.000604133
1.58E+04,6.92E+04,2.25E+02,2.60E+00,1.09E-02,8.35E+01,6.92E-05,3.97E-01,2.14E-01,2.44E-01,2.58E+02,1.63E+01,2.75E+02,0.000580472,0.000604128
1.58E+04,6.93E+04,5.35E+01,7.52E-01,1.08E-02,8.35E+01,6.91E-05,3.96E-01,2.15E-01,2.38E-01,2.57E+02,1.54E+01,2.72E+02,0.000579519,0.000603142
1.58E+04,6.93E+04,2.25E+02,2.60E+00,1.08E-02,8.35E+01,6.91E-05,3.96E-01,2.15E-01,2.38E-01,2.57E+02,1.54E+01,2.72E+02,0.000579519,0.000603142
1.58E+04,69399,5.47E+01,7.51E-01,1.08E-02,8.35E+01,6.90E-05,3.97E-01,2.15E-01,2.43E-01,2.59E+02,1.62E+01,2.75E+02,0.000578573,0.000602164
1.58E+04,69400,2.25E+02,2.60E+00,1.08E-02,8.35E+01,6.90E-05,3.97E-01,2.15E-01,2.43E-01,2.59E+02,1.62E+01,2.75E+02,0.000578564,0.000602154
1.58E+04,6.95E+04,5.41E+01,7.52E-01,1.08E-02,8.35E+01,6.90E-05,3.97E-01,2.15E-01,2.40E-01,2.58E+02,1.58E+01,2.74E+02,0.000577621,0.000601178
1.58E+04,69500,2.25E+02,2.60E+00,1.08E-02,8.35E+01,6.90E-05,3.97E-01,2.15E-01,2.40E-01,2.58E+02,1.58E+01,2.74E+02,0.000577617,0.000601173
1.59E+04,6.96E+04,5.40E+01,7.51E-01,1.08E-02,8.35E+01,6.89E-05,3.96E-01,2.15E-01,2.41E-01,2.57E+02,1.58E+01,2.73E+02,0.000576677,0.000600201
1.59E+04,6.96E+04,2.25E+02,2.60E+00,1.08E-02,8.35E+01,6.89E-05,3.96E-01,2.15E-01,2.41E-01,2.57E+02,1.58E+01,2.73E+02,0.000576677,0.000600201
1.59E+04,69699,5.47E+01,7.52E-01,1.09E-02,8.35E+01,6.88E-05,3.96E-01,2.13E-01,2.43E-01,2.58E+02,1.62E+01,2.74E+02,0.00057574,0.000599232
1.59E+04,6.97E+04,2.24E+02,2.60E+00,1.09E-02,8.35E+01,6.88E-05,3.96E-01,2.13E-01,2.43E-01,2.58E+02,1.62E+01,2.74E+02,0.000575736,0.000599227
1.59E+04,6.98E+04,5.39E+01,7.51E-01,1.08E-02,8.35E+01,6.87E-05,3.95E-01,2.14E-01,2.40E-01,2.57E+02,1.58E+01,2.73E+02,0.000574797,0.000598255
1.59E+04,6.98E+04,2.24E+02,2.60E+00,1.08E-02,8.35E+01,6.87E-05,3.95E-01,2.14E-01,2.40E-01,2.57E+02,1.58E+01,2.73E+02,0.000574797,0.000598255
1.59E+04,69899,5.46E+01,7.52E-01,1.09E-02,8.35E+01,6.86E-05,3.94E-01,2.12E-01,2.44E-01,2.57E+02,1.63E+01,2.73E+02,0.000573866,0.000597292
1.59E+04,6.99E+04,2.24E+02,2.60E+00,1.09E-02,8.35E+01,6.86E-05,3.94E-01,2.12E-01,2.44E-01,2.57E+02,1.63E+01,2.73E+02,0.000573861,0.000597287
1.59E+04,69999,5.45E+01,7.50E-01,1.08E-02,8.35E+01,6.85E-05,3.97E-01,2.15E-01,2.42E-01,2.59E+02,1.61E+01,2.75E+02,0.000572933,0.000596326
1.59E+04,70000,2.25E+02,2.60E+00,1.08E-02,8.35E+01,6.85E-05,3.97E-01,2.15E-01,2.42E-01,2.59E+02,1.61E+01,2.75E+02,0.000572924,0.000596317
1.60E+04,70099,5.46E+01,7.52E-01,1.09E-02,8.35E+01,6.84E-05,3.95E-01,2.13E-01,2.44E-01,2.57E+02,1.62E+01,2.74E+02,0.000572003,0.000595364
1.60E+04,7.01E+04,2.24E+02,2.60E+00,1.09E-02,8.35E+01,6.84E-05,3.95E-01,2.13E-01,2.44E-01,2.57E+02,1.62E+01,2.74E+02,0.000571998,0.000595359
1.60E+04,7.02E+04,5.39E+01,7.55E-01,1.09E-02,8.35E+01,6.83E-05,3.93E-01,2.12E-01,2.42E-01,2.55E+02,1.58E+01,2.71E+02,0.000571071,0.000594399
1.60E+04,7.02E+04,2.23E+02,2.60E+00,1.09E-02,8.35E+01,6.83E-05,3.93E-01,2.12E-01,2.42E-01,2.55E+02,1.58E+01,2.71E+02,0.000571071,0.000594399
1.60E+04,7.03E+04,5.38E+01,7.52E-01,1.09E-02,8.35E+01,6.82E-05,3.94E-01,2.13E-01,2.41E-01,2.56E+02,1.57E+01,2.72E+02,0.000570147,0.000593443
1.60E+04,7.03E+04,2.24E+02,2.60E+00,1.09E-02,8.35E+01,6.82E-05,3.94E-01,2.13E-01,2.41E-01,2.56E+02,1.57E+01,2.72E+02,0.000570147,0.000593443
1.61E+04,70399,5.45E+01,7.52E-01,1.09E-02,8.36E+01,6.81E-05,3.94E-01,2.13E-01,2.43E-01,2.57E+02,1.62E+01,2.73E+02,0.00056923,0.000592493
1.61E+04,7.04E+04,2.24E+02,2.60E+00,1.09E-02,8.36E+01,6.81E-05,3.94E-01,2.13E-01,2.43E-01,2.57E+02,1.62E+01,2.73E+02,0.000569225,0.000592489
1.61E+04,7.05E+04,5.38E+01,7.54E-01,1.08E-02,8.36E+01,6.80E-05,3.95E-01,2.14E-01,2.40E-01,2.56E+02,1.56E+01,2.72E+02,0.000568307,0.000591538
1.61E+04,70500,2.24E+02,2.60E+00,1.08E-02,8.36E+01,6.80E-05,3.95E-01,2.14E-01,2.40E-01,2.56E+02,1.56E+01,2.72E+02,0.000568302,0.000591533
1.61E+04,70599,5.44E+01,7.54E-01,1.09E-02,8.36E+01,6.79E-05,3.95E-01,2.13E-01,2.43E-01,2.57E+02,1.61E+01,2.73E+02,0.000567395,0.000590594
1.61E+04,70600,2.24E+02,2.60E+00,1.09E-02,8.36E+01,6.79E-05,3.95E-01,2.13E-01,2.43E-01,2.57E+02,1.61E+01,2.73E+02,0.000567386,0.000590585
1.61E+04,7.07E+04,5.33E+01,7.54E-01,1.08E-02,8.36E+01,6.78E-05,3.94E-01,2.14E-01,2.38E-01,2.56E+02,1.53E+01,2.71E+02,0.000566477,0.000589645
1.61E+04,70700,2.24E+02,2.60E+00,1.08E-02,8.36E+01,6.78E-05,3.94E-01,2.14E-01,2.38E-01,2.56E+02,1.53E+01,2.71E+02,0.000566473,0.00058964
1.61E+04,70799,5.44E+01,7.54E-01,1.08E-02,8.36E+01,6.77E-05,3.96E-01,2.14E-01,2.42E-01,2.57E+02,1.60E+01,2.73E+02,0.000565571,0.000588707
1.61E+04,70800,2.25E+02,2.60E+00,1.08E-02,8.36E+01,6.77E-05,3.96E-01,2.14E-01,2.42E-01,2.57E+02,1.60E+01,2.73E+02,0.000565562,0.000588698
1.62E+04,7.09E+04,5.38E+01,7.52E-01,1.08E-02,8.36E+01,6.77E-05,3.95E-01,2.14E-01,2.40E-01,2.57E+02,1.57E+01,2.72E+02,0.000564659,0.000587763
1.62E+04,70900,2.24E+02,2.60E+00,1.08E-02,8.36E+01,6.77E-05,3.95E-01,2.14E-01,2.40E-01,2.57E+02,1.57E+01,2.72E+02,0.000564655,0.000587758
1.62E+04,7.10E+04,5.38E+01,7.53E-01,1.09E-02,8.36E+01,6.76E-05,3.94E-01,2.13E-01,2.40E-01,2.56E+02,1.57E+01,2.72E+02,0.000563754,0.000586826
1.62E+04,7.10E+04,2.24E+02,2.60E+00,1.09E-02,8.36E+01,6.76E-05,3.94E-01,2.13E-01,2.40E-01,2.56E+02,1.57E+01,2.72E+02,0.000563754,0.000586826
1.62E+04,71099,5.44E+01,7.53E-01,1.09E-02,8.36E+01,6.75E-05,3.93E-01,2.12E-01,2.44E-01,2.56E+02,1.62E+01,2.73E+02,0.000562857,0.000585897
1.62E+04,7.11E+04,2.23E+02,2.60E+00,1.09E-02,8.36E+01,6.75E-05,3.93E-01,2.12E-01,2.44E-01,2.56E+02,1.62E+01,2.73E+02,0.000562852,0.000585892
1.62E+04,71199,5.44E+01,7.51E-01,1.09E-02,8.36E+01,6.74E-05,3.94E-01,2.13E-01,2.43E-01,2.57E+02,1.62E+01,2.73E+02,0.000561957,0.000584966
1.62E+04,7.12E+04,2.24E+02,2.60E+00,1.09E-02,8.36E+01,6.74E-05,3.94E-01,2.13E-01,2.43E-01,2.57E+02,1.62E+01,2.73E+02,0.000561953,0.000584961
1.63E+04,7.13E+04,5.36E+01,7.49E-01,1.09E-02,8.36E+01,6.73E-05,3.93E-01,2.13E-01,2.40E-01,2.56E+02,1.56E+01,2.72E+02,0.000561056,0.000584033
1.63E+04,7.13E+04,2.24E+02,2.60E+00,1.09E-02,8.36E+01,6.73E-05,3.93E-01,2.13E-01,2.40E-01,2.56E+02,1.56E+01,2.72E+02,0.000561056,0.000584033
1.63E+04,7.14E+04,5.36E+01,7.49E-01,1.09E-02,8.36E+01,6.72E-05,3.93E-01,2.13E-01,2.40E-01,2.56E+02,1.56E+01,2.72E+02,0.000560162,0.000583107
1.63E+04,7.14E+04,2.24E+02,2.60E+00,1.09E-02,8.36E+01,6.72E-05,3.93E-01,2.13E-01,2.40E-01,2.56E+02,1.56E+01,2.72E+02,0.000560162,0.000583107
1.63E+04,7.15E+04,5.31E+01,7.51E-01,1.09E-02,8.36E+01,6.71E-05,3.92E-01,2.13E-01,2.39E-01,2.54E+02,1.54E+01,2.70E+02,0.00055927,0.000582184
1.63E+04,7.15E+04,2.23E+02,2.60E+00,1.09E-02,8.36E+01,6.71E-05,3.92E-01,2.13E-01,2.39E-01,2.54E+02,1.54E+01,2.70E+02,0.00055927,0.000582184
1.63E+04,7.16E+04,5.31E+01,7.49E-01,1.08E-02,8.36E+01,6.70E-05,3.94E-01,2.15E-01,2.37E-01,2.56E+02,1.52E+01,2.71E+02,0.000558381,0.000581264
1.63E+04,71600,2.24E+02,2.60E+00,1.08E-02,8.36E+01,6.70E-05,3.94E-01,2.15E-01,2.37E-01,2.56E+02,1.52E+01,2.71E+02,0.000558377,0.00058126
1.63E+04,71699,5.44E+01,7.52E-01,1.09E-02,8.36E+01,6.69E-05,3.93E-01,2.12E-01,2.43E-01,2.56E+02,1.61E+01,2.72E+02,0.000557499,0.000580352
1.63E+04,7.17E+04,2.23E+02,2.60E+00,1.09E-02,8.36E+01,6.69E-05,3.93E-01,2.12E-01,2.43E-01,2.56E+02,1.61E+01,2.72E+02,0.000557495,0.000580347
1.64E+04,7.18E+04,5.29E+01,7.49E-01,1.08E-02,8.36E+01,6.68E-05,3.93E-01,2.14E-01,2.37E-01,2.55E+02,1.52E+01,2.70E+02,0.000556612,0.000579432
1.64E+04,7.18E+04,2.23E+02,2.60E+00,1.08E-02,8.36E+01,6.68E-05,3.93E-01,2.14E-01,2.37E-01,2.55E+02,1.52E+01,2.70E+02,0.000556612,0.000579432
1.64E+04,71899,5.43E+01,7.49E-01,1.09E-02,8.37E+01,6.68E-05,3.93E-01,2.13E-01,2.43E-01,2.57E+02,1.61E+01,2.73E+02,0.000555735,0.000578525
1.64E+04,71900,2.24E+02,2.60E+00,1.09E-02,8.37E+01,6.68E-05,3.93E-01,2.13E-01,2.43E-01,2.57E+02,1.61E+01,2.73E+02,0.000555726,0.000578516
1.64E+04,71999,5.49E+01,7.49E-01,1.10E-02,8.37E+01,6.67E-05,3.92E-01,2.11E-01,2.46E-01,2.57E+02,1.65E+01,2.73E+02,0.000554857,0.000577616
1.64E+04,7.20E+04,2.23E+02,2.60E+00,1.10E-02,8.37E+01,6.67E-05,3.92E-01,2.11E-01,2.46E-01,2.57E+02,1.65E+01,2.73E+02,0.000554852,0.000577611
1.64E+04,7.21E+04,5.35E+01,7.51E-01,1.09E-02,8.37E+01,6.66E-05,3.91E-01,2.12E-01,2.41E-01,2.54E+02,1.56E+01,2.70E+02,0.000553977,0.000576705
1.64E+04,7.21E+04,2.22E+02,2.60E+00,1.09E-02,8.37E+01,6.66E-05,3.91E-01,2.12E-01,2.41E-01,2.54E+02,1.56E+01,2.70E+02,0.000553977,0.000576705
1.65E+04,72199,5.39E+01,7.52E-01,1.09E-02,8.37E+01,6.65E-05,3.92E-01,2.12E-01,2.42E-01,2.55E+02,1.59E+01,2.71E+02,0.000553108,0.000575806
1.65E+04,7.22E+04,2.23E+02,2.60E+00,1.09E-02,8.37E+01,6.65E-05,3.92E-01,2.12E-01,2.42E-01,2.55E+02,1.59E+01,2.71E+02,0.000553104,0.000575801
1.65E+04,72299,5.37E+01,7.51E-01,1.09E-02,8.37E+01,6.64E-05,3.93E-01,2.13E-01,2.40E-01,2.56E+02,1.57E+01,2.71E+02,0.000552237,0.000574905
1.65E+04,72300,2.23E+02,2.60E+00,1.09E-02,8.37E+01,6.64E-05,3.93E-01,2.13E-01,2.40E-01,2.56E+02,1.57E+01,2.71E+02,0.000552229,0.000574896
1.65E+04,7.24E+04,5.32E+01,7.51E-01,1.09E-02,8.37E+01,6.63E-05,3.91E-01,2.13E-01,2.39E-01,2.55E+02,1.54E+01,2.70E+02,0.000551365,0.000574002
1.65E+04,7.24E+04,2.23E+02,2.60E+00,1.09E-02,8.37E+01,6.63E-05,3.91E-01,2.13E-01,2.39E-01,2.55E+02,1.54E+01,2.70E+02,0.000551365,0.000574002
1.65E+04,7.25E+04,5.32E+01,7.51E-01,1.09E-02,8.37E+01,6.62E-05,3.92E-01,2.13E-01,2.38E-01,2.55E+02,1.54E+01,2.70E+02,0.0005505,0.000573106
1.65E+04,72500,2.23E+02,2.60E+00,1.09E-02,8.37E+01,6.62E-05,3.92E-01,2.13E-01,2.38E-01,2.55E+02,1.54E+01,2.70E+02,0.000550495,0.000573101
1.65E+04,7.26E+04,5.26E+01,7.51E-01,1.09E-02,8.37E+01,6.61E-05,3.92E-01,2.14E-01,2.36E-01,2.54E+02,1.50E+01,2.69E+02,0.000549637,0.000572212
1.65E+04,7.26E+04,2.23E+02,2.60E+00,1.09E-02,8.37E+01,6.61E-05,3.92E-01,2.14E-01,2.36E-01,2.54E+02,1.50E+01,2.69E+02,0.000549637,0.000572212
1.66E+04,72699,5.37E+01,7.50E-01,1.10E-02,8.37E+01,6.61E-05,3.90E-01,2.11E-01,2.42E-01,2.55E+02,1.58E+01,2.70E+02,0.000548781,0.000571326
1.66E+04,7.27E+04,2.22E+02,2.60E+00,1.10E-02,8.37E+01,6.61E-05,3.90E-01,2.11E-01,2.42E-01,2.55E+02,1.58E+01,2.70E+02,0.000548777,0.000571322
1.66E+04,72799,5.37E+01,7.51E-01,1.10E-02,8.37E+01,6.60E-05,3.90E-01,2.11E-01,2.42E-01,2.54E+02,1.59E+01,2.70E+02,0.000547923,0.000570438
1.66E+04,7.28E+04,2.22E+02,2.60E+00,1.10E-02,8.37E+01,6.60E-05,3.90E-01,2.11E-01,2.42E-01,2.54E+02,1.59E+01,2.70E+02,0.000547919,0.000570434
1.66E+04,72899,5.37E+01,7.53E-01,1.09E-02,8.37E+01,6.59E-05,3.91E-01,2.12E-01,2.41E-01,2.55E+02,1.57E+01,2.70E+02,0.000547068,0.000569553
1.66E+04,7.29E+04,2.23E+02,2.60E+00,1.09E-02,8.37E+01,6.59E-05,3.91E-01,2.12E-01,2.41E-01,2.55E+02,1.57E+01,2.70E+02,0.000547064,0.000569549
1.66E+04,72999,5.36E+01,7.51E-01,1.09E-02,8.37E+01,6.58E-05,3.91E-01,2.12E-01,2.41E-01,2.55E+02,1.57E+01,2.71E+02,0.000546215,0.00056867
1.66E+04,7.30E+04,2.23E+02,2.60E+00,1.09E-02,8.37E+01,6.58E-05,3.91E-01,2.12E-01,2.41E-01,2.55E+02,1.57E+01,2.71E+02,0.000546211,0.000568666
1.66E+04,73099,5.42E+01,7.51E-01,1.10E-02,8.37E+01,6.57E-05,3.91E-01,2.11E-01,2.44E-01,2.55E+02,1.61E+01,2.71E+02,0.000545365,0.00056779
1.66E+04,7.31E+04,2.22E+02,2.60E+00,1.10E-02,8.37E+01,6.57E-05,3.91E-01,2.11E-01,2.44E-01,2.55E+02,1.61E+01,2.71E+02,0.000545361,0.000567785
1.67E+04,7.32E+04,5.37E+01,7.53E-01,1.09E-02,8.37E+01,6.56E-05,3.93E-01,2.13E-01,2.40E-01,2.56E+02,1.56E+01,2.71E+02,0.000544513,0.000566908
1.67E+04,73200,2.23E+02,2.60E+00,1.09E-02,8.37E+01,6.56E-05,3.93E-01,2.13E-01,2.40E-01,2.56E+02,1.56E+01,2.71E+02,0.000544509,0.000566903
1.67E+04,73299,5.42E+01,7.52E-01,1.10E-02,8.37E+01,6.55E-05,3.90E-01,2.10E-01,2.44E-01,2.55E+02,1.61E+01,2.71E+02,0.000543672,0.000566037
1.67E+04,7.33E+04,2.22E+02,2.60E+00,1.10E-02,8.37E+01,6.55E-05,3.90E-01,2.10E-01,2.44E-01,2.55E+02,1.61E+01,2.71E+02,0.000543668,0.000566033
1.67E+04,7.34E+04,5.35E+01,7.52E-01,1.09E-02,8.38E+01,6.55E-05,3.91E-01,2.12E-01,2.40E-01,2.55E+02,1.56E+01,2.71E+02,0.000542825,0.00056516
1.67E+04,73400,2.23E+02,2.60E+00,1.09E-02,8.38E+01,6.55E-05,3.91E-01,2.12E-01,2.40E-01,2.55E+02,1.56E+01,2.71E+02,0.000542821,0.000565156
1.68E+04,7.35E+04,5.34E+01,7.51E-01,1.10E-02,8.38E+01,6.54E-05,3.90E-01,2.11E-01,2.41E-01,2.54E+02,1.57E+01,2.70E+02,0.000541984,0.00056429
1.68E+04,7.35E+04,2.22E+02,2.60E+00,1.10E-02,8.38E+01,6.54E-05,3.90E-01,2.11E-01,2.41E-01,2.54E+02,1.57E+01,2.70E+02,0.000541984,0.00056429
1.68E+04,73599,5.41E+01,7.52E-01,1.10E-02,8.38E+01,6.53E-05,3.90E-01,2.11E-01,2.43E-01,2.55E+02,1.60E+01,2.71E+02,0.000541151,0.000563427
1.68E+04,7.36E+04,2.22E+02,2.60E+00,1.10E-02,8.38E+01,6.53E-05,3.90E-01,2.11E-01,2.43E-01,2.55E+02,1.60E+01,2.71E+02,0.000541146,0.000563423
1.68E+04,73699,5.41E+01,7.52E-01,1.09E-02,8.38E+01,6.52E-05,3.91E-01,2.11E-01,2.43E-01,2.55E+02,1.60E+01,2.71E+02,0.000540315,0.000562562
1.68E+04,73700,2.23E+02,2.60E+00,1.09E-02,8.38E+01,6.52E-05,3.91E-01,2.11E-01,2.43E-01,2.55E+02,1.60E+01,2.71E+02,0.000540307,0.000562553
1.68E+04,73799,5.48E+01,7.53E-01,1.10E-02,8.38E+01,6.51E-05,3.92E-01,2.11E-01,2.45E-01,2.56E+02,1.64E+01,2.73E+02,0.000539482,0.000561699
1.68E+04,73800,2.23E+02,2.60E+00,1.10E-02,8.38E+01,6.51E-05,3.92E-01,2.11E-01,2.45E-01,2.56E+02,1.64E+01,2.73E+02,0.000539474,0.000561691
1.68E+04,73899,5.41E+01,7.51E-01,1.10E-02,8.38E+01,6.50E-05,3.89E-01,2.10E-01,2.44E-01,2.55E+02,1.61E+01,2.71E+02,0.000538651,0.000560839
1.68E+04,7.39E+04,2.22E+02,2.60E+00,1.10E-02,8.38E+01,6.50E-05,3.89E-01,2.10E-01,2.44E-01,2.55E+02,1.61E+01,2.71E+02,0.000538647,0.000560835
1.69E+04,7.40E+04,5.35E+01,7.53E-01,1.09E-02,8.38E+01,6.49E-05,3.91E-01,2.12E-01,2.40E-01,2.55E+02,1.56E+01,2.70E+02,0.000537819,0.000559977
1.69E+04,74000,2.23E+02,2.60E+00,1.09E-02,8.38E+01,6.49E-05,3.91E-01,2.12E-01,2.40E-01,2.55E+02,1.56E+01,2.70E+02,0.000537815,0.000559973
1.69E+04,74099,5.41E+01,7.51E-01,1.10E-02,8.38E+01,6.49E-05,3.91E-01,2.11E-01,2.43E-01,2.56E+02,1.61E+01,2.72E+02,0.000536997,0.000559127
1.69E+04,74100,2.23E+02,2.60E+00,1.10E-02,8.38E+01,6.49E-05,3.91E-01,2.11E-01,2.43E-01,2.56E+02,1.61E+01,2.72E+02,0.000536989,0.000559118
1.69E+04,7.42E+04,5.32E+01,7.54E-01,1.09E-02,8.38E+01,6.48E-05,3.90E-01,2.12E-01,2.39E-01,2.54E+02,1.54E+01,2.69E+02,0.000536169,0.00055827
1.69E+04,7.42E+04,2.22E+02,2.60E+00,1.09E-02,8.38E+01,6.48E-05,3.90E-01,2.12E-01,2.39E-01,2.54E+02,1.54E+01,2.69E+02,0.000536169,0.00055827
1.69E+04,74299,5.42E+01,7.52E-01,1.10E-02,8.38E+01,6.47E-05,3.88E-01,2.09E-01,2.45E-01,2.54E+02,1.62E+01,2.70E+02,0.000535352,0.000557424
1.69E+04,7.43E+04,2.21E+02,2.60E+00,1.10E-02,8.38E+01,6.47E-05,3.88E-01,2.09E-01,2.45E-01,2.54E+02,1.62E+01,2.70E+02,0.000535348,0.00055742
1.70E+04,74399,5.42E+01,7.53E-01,1.10E-02,8.38E+01,6.46E-05,3.88E-01,2.09E-01,2.45E-01,2.54E+02,1.62E+01,2.70E+02,0.000534534,0.000556576
1.70E+04,7.44E+04,2.21E+02,2.60E+00,1.10E-02,8.38E+01,6.46E-05,3.88E-01,2.09E-01,2.45E-01,2.54E+02,1.62E+01,2.70E+02,0.00053453,0.000556572
1.70E+04,7.45E+04,5.37E+01,7.52E-01,1.10E-02,8.38E+01,6.45E-05,3.90E-01,2.11E-01,2.42E-01,2.54E+02,1.58E+01,2.70E+02,0.000533713,0.000555726
1.70E+04,7.45E+04,2.22E+02,2.60E+00,1.10E-02,8.38E+01,6.45E-05,3.90E-01,2.11E-01,2.42E-01,2.54E+02,1.58E+01,2.70E+02,0.000533713,0.000555726
1.70E+04,74599,5.43E+01,7.52E-01,1.10E-02,8.38E+01,6.44E-05,3.88E-01,2.09E-01,2.45E-01,2.54E+02,1.63E+01,2.70E+02,0.000532903,0.000554888
1.70E+04,7.46E+04,2.21E+02,2.60E+00,1.10E-02,8.38E+01,6.44E-05,3.88E-01,2.09E-01,2.45E-01,2.54E+02,1.63E+01,2.70E+02,0.000532899,0.000554884
1.70E+04,7.47E+04,5.36E+01,7.53E-01,1.10E-02,8.38E+01,6.44E-05,3.89E-01,2.10E-01,2.42E-01,2.54E+02,1.58E+01,2.70E+02,0.000532087,0.000554043
1.70E+04,7.47E+04,2.22E+02,2.60E+00,1.10E-02,8.38E+01,6.44E-05,3.89E-01,2.10E-01,2.42E-01,2.54E+02,1.58E+01,2.70E+02,0.000532087,0.000554043
1.70E+04,74799,5.49E+01,7.52E-01,1.11E-02,8.38E+01,6.43E-05,3.89E-01,2.08E-01,2.48E-01,2.55E+02,1.67E+01,2.72E+02,0.000531282,0.000553209
1.70E+04,7.48E+04,2.22E+02,2.60E+00,1.11E-02,8.38E+01,6.43E-05,3.89E-01,2.08E-01,2.48E-01,2.55E+02,1.67E+01,2.72E+02,0.000531278,0.000553205
1.71E+04,74899,5.42E+01,7.52E-01,1.10E-02,8.39E+01,6.42E-05,3.89E-01,2.09E-01,2.45E-01,2.54E+02,1.62E+01,2.70E+02,0.000530475,0.000552373
1.71E+04,7.49E+04,2.22E+02,2.60E+00,1.10E-02,8.39E+01,6.42E-05,3.89E-01,2.09E-01,2.45E-01,2.54E+02,1.62E+01,2.70E+02,0.000530471,0.000552369
1.71E+04,74999,5.49E+01,7.52E-01,1.10E-02,8.39E+01,6.41E-05,3.90E-01,2.09E-01,2.47E-01,2.56E+02,1.66E+01,2.72E+02,0.00052967,0.00055154
1.71E+04,75000,2.22E+02,2.60E+00,1.10E-02,8.39E+01,6.41E-05,3.90E-01,2.09E-01,2.47E-01,2.56E+02,1.66E+01,2.72E+02,0.000529662,0.000551532
1.71E+04,75099,5.41E+01,7.52E-01,1.10E-02,8.39E+01,6.40E-05,3.89E-01,2.10E-01,2.44E-01,2.54E+02,1.61E+01,2.71E+02,0.000528867,0.000550709
1.71E+04,7.51E+04,2.22E+02,2.60E+00,1.10E-02,8.39E+01,6.40E-05,3.89E-01,2.10E-01,2.44E-01,2.54E+02,1.61E+01,2.71E+02,0.000528863,0.000550705
1.72E+04,7.52E+04,5.31E+01,7.52E-01,1.10E-02,8.39E+01,6.40E-05,3.89E-01,2.11E-01,2.40E-01,2.54E+02,1.55E+01,2.69E+02,0.000528063,0.000549876
1.72E+04,7.52E+04,2.22E+02,2.60E+00,1.10E-02,8.39E+01,6.40E-05,3.89E-01,2.11E-01,2.40E-01,2.54E+02,1.55E+01,2.69E+02,0.000528063,0.000549876
1.72E+04,75299,5.37E+01,7.51E-01,1.09E-02,8.39E+01,6.39E-05,3.90E-01,2.11E-01,2.41E-01,2.55E+02,1.57E+01,2.71E+02,0.000527269,0.000549054
1.72E+04,75300,2.22E+02,2.60E+00,1.09E-02,8.39E+01,6.39E-05,3.90E-01,2.11E-01,2.41E-01,2.55E+02,1.57E+01,2.71E+02,0.000527261,0.000549046
1.72E+04,75399,2.22E+02,2.60E+00,1.10E-02,8.39E+01,6.38E-05,3.90E-01,2.11E-01,2.41E-01,2.55E+02,1.58E+01,2.71E+02,0.000526473,0.00054823
1.72E+04,75399,5.37E+01,7.51E-01,1.10E-02,8.39E+01,6.38E-05,3.90E-01,2.11E-01,2.41E-01,2.55E+02,1.58E+01,2.71E+02,0.000526473,0.00054823
1.72E+04,7.55E+04,5.31E+01,7.52E-01,1.10E-02,8.39E+01,6.37E-05,3.87E-01,2.10E-01,2.41E-01,2.53E+02,1.55E+01,2.68E+02,0.000525676,0.000547404
1.72E+04,7.55E+04,2.21E+02,2.60E+00,1.10E-02,8.39E+01,6.37E-05,3.87E-01,2.10E-01,2.41E-01,2.53E+02,1.55E+01,2.68E+02,0.000525676,0.000547404
1.72E+04,7.56E+04,5.31E+01,7.51E-01,1.10E-02,8.39E+01,6.36E-05,3.88E-01,2.10E-01,2.40E-01,2.53E+02,1.55E+01,2.69E+02,0.000524885,0.000546585
1.72E+04,7.56E+04,2.21E+02,2.60E+00,1.10E-02,8.39E+01,6.36E-05,3.88E-01,2.10E-01,2.40E-01,2.53E+02,1.55E+01,2.69E+02,0.000524885,0.000546585
1.73E+04,75699,5.37E+01,7.51E-01,1.09E-02,8.39E+01,6.36E-05,3.90E-01,2.11E-01,2.42E-01,2.55E+02,1.58E+01,2.71E+02,0.0005241,0.000545772
1.73E+04,75700,2.22E+02,2.60E+00,1.09E-02,8.39E+01,6.36E-05,3.90E-01,2.11E-01,2.42E-01,2.55E+02,1.58E+01,2.71E+02,0.000524092,0.000545764
1.73E+04,75799,5.36E+01,7.52E-01,1.11E-02,8.39E+01,6.35E-05,3.86E-01,2.09E-01,2.43E-01,2.53E+02,1.59E+01,2.69E+02,0.000523313,0.000544958
1.73E+04,7.58E+04,2.21E+02,2.60E+00,1.11E-02,8.39E+01,6.35E-05,3.86E-01,2.09E-01,2.43E-01,2.53E+02,1.59E+01,2.69E+02,0.000523309,0.000544953
1.73E+04,7.59E+04,5.31E+01,7.52E-01,1.09E-02,8.39E+01,6.34E-05,3.89E-01,2.11E-01,2.39E-01,2.54E+02,1.54E+01,2.69E+02,0.000522524,0.000544141
1.73E+04,75900,2.22E+02,2.60E+00,1.09E-02,8.39E+01,6.34E-05,3.89E-01,2.11E-01,2.39E-01,2.54E+02,1.54E+01,2.69E+02,0.00052252,0.000544137
1.73E+04,7.60E+04,5.30E+01,7.52E-01,1.09E-02,8.39E+01,6.33E-05,3.89E-01,2.11E-01,2.39E-01,2.53E+02,1.54E+01,2.69E+02,0.000521742,0.000543331
1.73E+04,76000,2.22E+02,2.60E+00,1.09E-02,8.39E+01,6.33E-05,3.89E-01,2.11E-01,2.39E-01,2.53E+02,1.54E+01,2.69E+02,0.000521738,0.000543327
1.73E+04,76099,5.36E+01,7.51E-01,1.10E-02,8.39E+01,6.32E-05,3.87E-01,2.09E-01,2.42E-01,2.54E+02,1.58E+01,2.69E+02,0.000520966,0.000542527
1.73E+04,7.61E+04,2.21E+02,2.60E+00,1.10E-02,8.39E+01,6.32E-05,3.87E-01,2.09E-01,2.42E-01,2.54E+02,1.58E+01,2.69E+02,0.000520962,0.000542523
1.74E+04,76199,5.42E+01,7.55E-01,1.10E-02,8.39E+01,6.32E-05,3.89E-01,2.09E-01,2.45E-01,2.54E+02,1.62E+01,2.71E+02,0.000520188,0.000541721
1.74E+04,7.62E+04,2.22E+02,2.60E+00,1.10E-02,8.39E+01,6.32E-05,3.89E-01,2.09E-01,2.45E-01,2.54E+02,1.62E+01,2.71E+02,0.000520184,0.000541717
1.74E+04,76299,5.41E+01,7.53E-01,1.10E-02,8.39E+01,6.31E-05,3.88E-01,2.09E-01,2.44E-01,2.54E+02,1.61E+01,2.70E+02,0.000519412,0.000540918
1.74E+04,7.63E+04,2.21E+02,2.60E+00,1.10E-02,8.39E+01,6.31E-05,3.88E-01,2.09E-01,2.44E-01,2.54E+02,1.61E+01,2.70E+02,0.000519408,0.000540914
1.74E+04,76399,5.40E+01,7.53E-01,1.10E-02,8.39E+01,6.30E-05,3.88E-01,2.09E-01,2.44E-01,2.54E+02,1.61E+01,2.70E+02,0.000518638,0.000540117
1.74E+04,7.64E+04,2.21E+02,2.60E+00,1.10E-02,8.39E+01,6.30E-05,3.88E-01,2.09E-01,2.44E-01,2.54E+02,1.61E+01,2.70E+02,0.000518634,0.000540113
1.74E+04,76499,5.39E+01,7.52E-01,1.10E-02,8.40E+01,6.29E-05,3.88E-01,2.09E-01,2.44E-01,2.54E+02,1.60E+01,2.70E+02,0.000517867,0.000539318
1.74E+04,7.65E+04,2.21E+02,2.60E+00,1.10E-02,8.40E+01,6.29E-05,3.88E-01,2.09E-01,2.44E-01,2.54E+02,1.60E+01,2.70E+02,0.000517863,0.000539314
1.75E+04,76599,5.40E+01,7.52E-01,1.11E-02,8.40E+01,6.28E-05,3.86E-01,2.08E-01,2.45E-01,2.53E+02,1.62E+01,2.69E+02,0.000517098,0.000538521
1.75E+04,7.66E+04,2.20E+02,2.60E+00,1.11E-02,8.40E+01,6.28E-05,3.86E-01,2.08E-01,2.45E-01,2.53E+02,1.62E+01,2.69E+02,0.000517094,0.000538517
1.75E+04,7.67E+04,5.28E+01,7.53E-01,1.09E-02,8.40E+01,6.28E-05,3.88E-01,2.11E-01,2.38E-01,2.53E+02,1.53E+01,2.68E+02,0.000516327,0.000537723
1.75E+04,76700,2.22E+02,2.60E+00,1.09E-02,8.40E+01,6.28E-05,3.88E-01,2.11E-01,2.38E-01,2.53E+02,1.53E+01,2.68E+02,0.000516323,0.000537719
1.75E+04,76799,5.38E+01,7.52E-01,1.11E-02,8.40E+01,6.27E-05,3.86E-01,2.08E-01,2.44E-01,2.53E+02,1.61E+01,2.69E+02,0.000515565,0.000536935
1.75E+04,7.68E+04,2.20E+02,2.60E+00,1.11E-02,8.40E+01,6.27E-05,3.86E-01,2.08E-01,2.44E-01,2.53E+02,1.61E+01,2.69E+02,0.000515562,0.000536931
1.75E+04,7.69E+04,5.29E+01,7.53E-01,1.09E-02,8.40E+01,6.26E-05,3.88E-01,2.11E-01,2.39E-01,2.53E+02,1.53E+01,2.68E+02,0.000514799,0.000536141
1.75E+04,76900,2.22E+02,2.60E+00,1.09E-02,8.40E+01,6.26E-05,3.88E-01,2.11E-01,2.39E-01,2.53E+02,1.53E+01,2.68E+02,0.000514795,0.000536137
1.75E+04,7.70E+04,5.35E+01,7.53E-01,1.10E-02,8.40E+01,6.25E-05,3.87E-01,2.09E-01,2.42E-01,2.53E+02,1.58E+01,2.69E+02,0.000514038,0.000535353
1.75E+04,7.70E+04,2.21E+02,2.60E+00,1.10E-02,8.40E+01,6.25E-05,3.87E-01,2.09E-01,2.42E-01,2.53E+02,1.58E+01,2.69E+02,0.000514038,0.000535353
1.76E+04,77099,5.40E+01,7.53E-01,1.11E-02,8.40E+01,6.25E-05,3.86E-01,2.08E-01,2.45E-01,2.53E+02,1.62E+01,2.69E+02,0.000513283,0.000534571
1.76E+04,7.71E+04,2.20E+02,2.60E+00,1.11E-02,8.40E+01,6.25E-05,3.86E-01,2.08E-01,2.45E-01,2.53E+02,1.62E+01,2.69E+02,0.000513279,0.000534567
1.76E+04,77199,5.37E+01,7.52E-01,1.11E-02,8.40E+01,6.24E-05,3.87E-01,2.09E-01,2.43E-01,2.54E+02,1.59E+01,2.70E+02,0.000512526,0.000533788
1.76E+04,7.72E+04,2.21E+02,2.60E+00,1.11E-02,8.40E+01,6.24E-05,3.87E-01,2.09E-01,2.43E-01,2.54E+02,1.59E+01,2.70E+02,0.000512523,0.000533784
1.76E+04,77299,5.35E+01,7.50E-01,1.11E-02,8.40E+01,6.23E-05,3.87E-01,2.09E-01,2.42E-01,2.53E+02,1.58E+01,2.69E+02,0.000511772,0.000533006
1.76E+04,7.73E+04,2.21E+02,2.60E+00,1.11E-02,8.40E+01,6.23E-05,3.87E-01,2.09E-01,2.42E-01,2.53E+02,1.58E+01,2.69E+02,0.000511768,0.000533002
1.76E+04,77399,5.34E+01,7.50E-01,1.10E-02,8.40E+01,6.22E-05,3.86E-01,2.09E-01,2.42E-01,2.53E+02,1.58E+01,2.69E+02,0.00051102,0.000532227
1.76E+04,7.74E+04,2.21E+02,2.60E+00,1.10E-02,8.40E+01,6.22E-05,3.86E-01,2.09E-01,2.42E-01,2.53E+02,1.58E+01,2.69E+02,0.000511016,0.000532223
1.77E+04,77499,5.35E+01,7.50E-01,1.10E-02,8.40E+01,6.21E-05,3.87E-01,2.09E-01,2.42E-01,2.53E+02,1.58E+01,2.69E+02,0.000510269,0.00053145
1.77E+04,7.75E+04,2.21E+02,2.60E+00,1.10E-02,8.40E+01,6.21E-05,3.87E-01,2.09E-01,2.42E-01,2.53E+02,1.58E+01,2.69E+02,0.000510266,0.000531446
1.77E+04,77599,5.36E+01,7.51E-01,1.11E-02,8.40E+01,6.21E-05,3.85E-01,2.08E-01,2.44E-01,2.52E+02,1.59E+01,2.68E+02,0.000509521,0.000530675
1.77E+04,7.76E+04,2.20E+02,2.60E+00,1.11E-02,8.40E+01,6.21E-05,3.85E-01,2.08E-01,2.44E-01,2.52E+02,1.59E+01,2.68E+02,0.000509517,0.000530671
1.77E+04,77699,5.34E+01,7.49E-01,1.11E-02,8.40E+01,6.20E-05,3.86E-01,2.09E-01,2.42E-01,2.53E+02,1.58E+01,2.69E+02,0.000508775,0.000529902
1.77E+04,7.77E+04,2.20E+02,2.60E+00,1.11E-02,8.40E+01,6.20E-05,3.86E-01,2.09E-01,2.42E-01,2.53E+02,1.58E+01,2.69E+02,0.000508771,0.000529898
1.77E+04,77799,5.41E+01,7.49E-01,1.11E-02,8.40E+01,6.19E-05,3.87E-01,2.09E-01,2.45E-01,2.54E+02,1.62E+01,2.70E+02,0.000508031,0.000529132
1.77E+04,77800,2.21E+02,2.60E+00,1.11E-02,8.40E+01,6.19E-05,3.87E-01,2.09E-01,2.45E-01,2.54E+02,1.62E+01,2.70E+02,0.000508023,0.000529124
1.77E+04,77899,5.34E+01,7.50E-01,1.11E-02,8.40E+01,6.18E-05,3.85E-01,2.08E-01,2.43E-01,2.52E+02,1.58E+01,2.68E+02,0.000507289,0.000528363
1.77E+04,7.79E+04,2.20E+02,2.60E+00,1.11E-02,8.40E+01,6.18E-05,3.85E-01,2.08E-01,2.43E-01,2.52E+02,1.58E+01,2.68E+02,0.000507285,0.000528359
1.78E+04,7.80E+04,5.29E+01,7.50E-01,1.10E-02,8.40E+01,6.18E-05,3.86E-01,2.09E-01,2.40E-01,2.52E+02,1.54E+01,2.68E+02,0.000506545,0.000527593
1.78E+04,7.80E+04,2.20E+02,2.60E+00,1.10E-02,8.40E+01,6.18E-05,3.86E-01,2.09E-01,2.40E-01,2.52E+02,1.54E+01,2.68E+02,0.000506545,0.000527593
1.78E+04,78099,2.21E+02,2.60E+00,1.10E-02,8.41E+01,6.17E-05,3.87E-01,2.09E-01,2.44E-01,2.54E+02,1.61E+01,2.70E+02,0.00050581,0.000526832
1.78E+04,78099,5.41E+01,7.51E-01,1.10E-02,8.41E+01,6.17E-05,3.87E-01,2.09E-01,2.44E-01,2.54E+02,1.61E+01,2.70E+02,0.00050581,0.000526832
1.78E+04,7.82E+04,5.32E+01,7.53E-01,1.11E-02,8.41E+01,6.16E-05,3.86E-01,2.09E-01,2.42E-01,2.52E+02,1.57E+01,2.68E+02,0.000505071,0.000526066
1.78E+04,7.82E+04,2.20E+02,2.60E+00,1.11E-02,8.41E+01,6.16E-05,3.86E-01,2.09E-01,2.42E-01,2.52E+02,1.57E+01,2.68E+02,0.000505071,0.000526066
1.79E+04,7.83E+04,5.29E+01,7.50E-01,1.11E-02,8.41E+01,6.15E-05,3.85E-01,2.09E-01,2.40E-01,2.52E+02,1.54E+01,2.67E+02,0.000504337,0.000525306
1.79E+04,7.83E+04,2.20E+02,2.60E+00,1.11E-02,8.41E+01,6.15E-05,3.85E-01,2.09E-01,2.40E-01,2.52E+02,1.54E+01,2.67E+02,0.000504337,0.000525306
1.79E+04,78399,5.34E+01,7.50E-01,1.11E-02,8.41E+01,6.15E-05,3.84E-01,2.08E-01,2.43E-01,2.52E+02,1.58E+01,2.68E+02,0.000503608,0.000524551
1.79E+04,7.84E+04,2.20E+02,2.60E+00,1.11E-02,8.41E+01,6.15E-05,3.84E-01,2.08E-01,2.43E-01,2.52E+02,1.58E+01,2.68E+02,0.000503605,0.000524548
1.79E+04,78499,5.34E+01,7.51E-01,1.11E-02,8.41E+01,6.14E-05,3.84E-01,2.08E-01,2.43E-01,2.52E+02,1.58E+01,2.68E+02,0.000502878,0.000523795
1.79E+04,7.85E+04,2.20E+02,2.60E+00,1.11E-02,8.41E+01,6.14E-05,3.84E-01,2.08E-01,2.43E-01,2.52E+02,1.58E+01,2.68E+02,0.000502875,0.000523792
1.79E+04,7.86E+04,5.28E+01,7.49E-01,1.10E-02,8.41E+01,6.13E-05,3.85E-01,2.09E-01,2.40E-01,2.52E+02,1.54E+01,2.68E+02,0.000502147,0.000523037
1.79E+04,78600,2.20E+02,2.60E+00,1.10E-02,8.41E+01,6.13E-05,3.85E-01,2.09E-01,2.40E-01,2.52E+02,1.54E+01,2.68E+02,0.000502143,0.000523034
1.79E+04,78699,5.34E+01,7.52E-01,1.11E-02,8.41E+01,6.12E-05,3.85E-01,2.08E-01,2.42E-01,2.53E+02,1.57E+01,2.68E+02,0.000501424,0.000522289
1.79E+04,78700,2.20E+02,2.60E+00,1.11E-02,8.41E+01,6.12E-05,3.85E-01,2.08E-01,2.42E-01,2.53E+02,1.57E+01,2.68E+02,0.000501417,0.000522282
1.80E+04,7.88E+04,5.27E+01,7.50E-01,1.10E-02,8.41E+01,6.12E-05,3.85E-01,2.09E-01,2.39E-01,2.52E+02,1.53E+01,2.67E+02,0.000500697,0.000521536
1.80E+04,78800,2.20E+02,2.60E+00,1.10E-02,8.41E+01,6.12E-05,3.85E-01,2.09E-01,2.39E-01,2.52E+02,1.53E+01,2.67E+02,0.000500693,0.000521532
1.80E+04,78899,5.34E+01,7.50E-01,1.11E-02,8.41E+01,6.11E-05,3.85E-01,2.08E-01,2.42E-01,2.53E+02,1.58E+01,2.69E+02,0.000499978,0.000520791
1.80E+04,78900,2.20E+02,2.60E+00,1.11E-02,8.41E+01,6.11E-05,3.85E-01,2.08E-01,2.42E-01,2.53E+02,1.58E+01,2.69E+02,0.000499971,0.000520784
1.80E+04,78999,5.33E+01,7.50E-01,1.10E-02,8.41E+01,6.10E-05,3.86E-01,2.09E-01,2.41E-01,2.53E+02,1.56E+01,2.69E+02,0.000499258,0.000520045
1.80E+04,79000,2.21E+02,2.60E+00,1.10E-02,8.41E+01,6.10E-05,3.86E-01,2.09E-01,2.41E-01,2.53E+02,1.56E+01,2.69E+02,0.000499251,0.000520038
1.80E+04,79099,5.33E+01,7.50E-01,1.11E-02,8.41E+01,6.09E-05,3.85E-01,2.08E-01,2.42E-01,2.52E+02,1.57E+01,2.68E+02,0.00049854,0.000519301
1.80E+04,79100,2.20E+02,2.60E+00,1.11E-02,8.41E+01,6.09E-05,3.85E-01,2.08E-01,2.42E-01,2.52E+02,1.57E+01,2.68E+02,0.000498533,0.000519294
1.81E+04,7.92E+04,5.33E+01,7.54E-01,1.11E-02,8.41E+01,6.09E-05,3.85E-01,2.08E-01,2.42E-01,2.52E+02,1.57E+01,2.68E+02,0.00049782,0.000518556
1.81E+04,7.92E+04,2.20E+02,2.60E+00,1.11E-02,8.41E+01,6.09E-05,3.85E-01,2.08E-01,2.42E-01,2.52E+02,1.57E+01,2.68E+02,0.00049782,0.000518556
1.81E+04,7.93E+04,5.30E+01,7.51E-01,1.11E-02,8.41E+01,6.08E-05,3.84E-01,2.08E-01,2.42E-01,2.52E+02,1.56E+01,2.67E+02,0.000497106,0.000517816
1.81E+04,7.93E+04,2.19E+02,2.60E+00,1.11E-02,8.41E+01,6.08E-05,3.84E-01,2.08E-01,2.42E-01,2.52E+02,1.56E+01,2.67E+02,0.000497106,0.000517816
1.81E+04,7.94E+04,5.30E+01,7.50E-01,1.11E-02,8.41E+01,6.07E-05,3.83E-01,2.08E-01,2.42E-01,2.52E+02,1.56E+01,2.67E+02,0.000496393,0.000517078
1.81E+04,7.94E+04,2.19E+02,2.60E+00,1.11E-02,8.41E+01,6.07E-05,3.83E-01,2.08E-01,2.42E-01,2.52E+02,1.56E+01,2.67E+02,0.000496393,0.000517078
1.81E+04,7.95E+04,5.29E+01,7.51E-01,1.10E-02,8.41E+01,6.07E-05,3.86E-01,2.09E-01,2.40E-01,2.53E+02,1.55E+01,2.68E+02,0.000495683,0.000516342
1.81E+04,79500,2.20E+02,2.60E+00,1.10E-02,8.41E+01,6.07E-05,3.86E-01,2.09E-01,2.40E-01,2.53E+02,1.55E+01,2.68E+02,0.000495679,0.000516338
1.81E+04,7.96E+04,5.30E+01,7.52E-01,1.11E-02,8.41E+01,6.06E-05,3.83E-01,2.07E-01,2.42E-01,2.51E+02,1.56E+01,2.67E+02,0.000494974,0.000515608
1.81E+04,7.96E+04,2.19E+02,2.60E+00,1.11E-02,8.41E+01,6.06E-05,3.83E-01,2.07E-01,2.42E-01,2.51E+02,1.56E+01,2.67E+02,0.000494974,0.000515608
1.82E+04,7.97E+04,5.29E+01,7.50E-01,1.11E-02,8.42E+01,6.05E-05,3.84E-01,2.08E-01,2.41E-01,2.52E+02,1.55E+01,2.67E+02,0.000494267,0.000514876
1.82E+04,7.97E+04,2.20E+02,2.60E+00,1.11E-02,8.42E+01,6.05E-05,3.84E-01,2.08E-01,2.41E-01,2.52E+02,1.55E+01,2.67E+02,0.000494267,0.000514876
1.82E+04,7.98E+04,5.29E+01,7.50E-01,1.10E-02,8.42E+01,6.04E-05,3.85E-01,2.09E-01,2.40E-01,2.53E+02,1.55E+01,2.68E+02,0.000493563,0.000514146
1.82E+04,79800,2.20E+02,2.60E+00,1.10E-02,8.42E+01,6.04E-05,3.85E-01,2.09E-01,2.40E-01,2.53E+02,1.55E+01,2.68E+02,0.000493559,0.000514142
1.82E+04,7.99E+04,5.30E+01,7.50E-01,1.11E-02,8.42E+01,6.04E-05,3.84E-01,2.08E-01,2.41E-01,2.52E+02,1.55E+01,2.67E+02,0.00049286,0.000513418
1.82E+04,7.99E+04,2.20E+02,2.60E+00,1.11E-02,8.42E+01,6.04E-05,3.84E-01,2.08E-01,2.41E-01,2.52E+02,1.55E+01,2.67E+02,0.00049286,0.000513418
1.82E+04,8.00E+04,5.29E+01,7.50E-01,1.11E-02,8.42E+01,6.03E-05,3.84E-01,2.08E-01,2.41E-01,2.52E+02,1.55E+01,2.67E+02,0.000492159,0.000512692
1.82E+04,8.00E+04,2.20E+02,2.60E+00,1.11E-02,8.42E+01,6.03E-05,3.84E-01,2.08E-01,2.41E-01,2.52E+02,1.55E+01,2.67E+02,0.000492159,0.000512692
1.82E+04,80099,5.36E+01,7.51E-01,1.11E-02,8.42E+01,6.02E-05,3.84E-01,2.07E-01,2.44E-01,2.52E+02,1.60E+01,2.68E+02,0.000491463,0.000511971
1.82E+04,8.01E+04,2.20E+02,2.60E+00,1.11E-02,8.42E+01,6.02E-05,3.84E-01,2.07E-01,2.44E-01,2.52E+02,1.60E+01,2.68E+02,0.000491459,0.000511967
1.83E+04,8.02E+04,5.32E+01,7.55E-01,1.11E-02,8.42E+01,6.01E-05,3.84E-01,2.07E-01,2.42E-01,2.51E+02,1.57E+01,2.67E+02,0.000490762,0.000511245
1.83E+04,8.02E+04,2.19E+02,2.60E+00,1.11E-02,8.42E+01,6.01E-05,3.84E-01,2.07E-01,2.42E-01,2.51E+02,1.57E+01,2.67E+02,0.000490762,0.000511245
1.83E+04,80299,2.20E+02,2.60E+00,1.10E-02,8.42E+01,6.01E-05,3.85E-01,2.08E-01,2.41E-01,2.52E+02,1.55E+01,2.67E+02,0.00049007,0.000510528
1.83E+04,8.03E+04,5.31E+01,7.54E-01,1.10E-02,8.42E+01,6.01E-05,3.85E-01,2.08E-01,2.41E-01,2.52E+02,1.55E+01,2.67E+02,0.000490067,0.000510525
1.83E+04,8.04E+04,5.30E+01,7.53E-01,1.11E-02,8.42E+01,6.00E-05,3.83E-01,2.07E-01,2.42E-01,2.51E+02,1.56E+01,2.67E+02,0.000489373,0.000509806
1.83E+04,8.04E+04,2.19E+02,2.60E+00,1.11E-02,8.42E+01,6.00E-05,3.83E-01,2.07E-01,2.42E-01,2.51E+02,1.56E+01,2.67E+02,0.000489373,0.000509806
1.83E+04,8.05E+04,5.26E+01,7.56E-01,1.11E-02,8.42E+01,5.99E-05,3.83E-01,2.07E-01,2.40E-01,2.50E+02,1.53E+01,2.65E+02,0.000488681,0.00050909
1.83E+04,8.05E+04,2.19E+02,2.60E+00,1.11E-02,8.42E+01,5.99E-05,3.83E-01,2.07E-01,2.40E-01,2.50E+02,1.53E+01,2.65E+02,0.000488681,0.00050909
1.84E+04,80599,5.37E+01,7.55E-01,1.11E-02,8.42E+01,5.99E-05,3.83E-01,2.06E-01,2.45E-01,2.52E+02,1.61E+01,2.68E+02,0.000487995,0.000508379
1.84E+04,8.06E+04,2.19E+02,2.60E+00,1.11E-02,8.42E+01,5.99E-05,3.83E-01,2.06E-01,2.45E-01,2.52E+02,1.61E+01,2.68E+02,0.000487991,0.000508375
1.84E+04,80699,2.20E+02,2.60E+00,1.11E-02,8.42E+01,5.98E-05,3.85E-01,2.07E-01,2.44E-01,2.52E+02,1.59E+01,2.68E+02,0.000487307,0.000507666
1.84E+04,80699,5.36E+01,7.54E-01,1.11E-02,8.42E+01,5.98E-05,3.85E-01,2.07E-01,2.44E-01,2.52E+02,1.59E+01,2.68E+02,0.000487307,0.000507666
1.84E+04,8.08E+04,5.30E+01,7.54E-01,1.11E-02,8.42E+01,5.97E-05,3.82E-01,2.07E-01,2.42E-01,2.50E+02,1.56E+01,2.66E+02,0.000486617,0.000506951
1.84E+04,8.08E+04,2.19E+02,2.60E+00,1.11E-02,8.42E+01,5.97E-05,3.82E-01,2.07E-01,2.42E-01,2.50E+02,1.56E+01,2.66E+02,0.000486617,0.000506951
1.84E+04,8.09E+04,5.28E+01,7.52E-01,1.11E-02,8.42E+01,5.97E-05,3.82E-01,2.07E-01,2.41E-01,2.51E+02,1.55E+01,2.66E+02,0.000485933,0.000506242
1.84E+04,8.09E+04,2.19E+02,2.60E+00,1.11E-02,8.42E+01,5.97E-05,3.82E-01,2.07E-01,2.41E-01,2.51E+02,1.55E+01,2.66E+02,0.000485933,0.000506242
1.84E+04,8.10E+04,5.29E+01,7.54E-01,1.11E-02,8.42E+01,5.96E-05,3.82E-01,2.07E-01,2.42E-01,2.51E+02,1.55E+01,2.66E+02,0.00048525,0.000505535
1.84E+04,8.10E+04,2.19E+02,2.60E+00,1.11E-02,8.42E+01,5.96E-05,3.82E-01,2.07E-01,2.42E-01,2.51E+02,1.55E+01,2.66E+02,0.00048525,0.000505535
1.85E+04,81099,5.35E+01,7.53E-01,1.12E-02,8.42E+01,5.95E-05,3.82E-01,2.06E-01,2.45E-01,2.51E+02,1.60E+01,2.67E+02,0.000484572,0.000504833
1.85E+04,8.11E+04,2.19E+02,2.60E+00,1.12E-02,8.42E+01,5.95E-05,3.82E-01,2.06E-01,2.45E-01,2.51E+02,1.60E+01,2.67E+02,0.000484569,0.00050483
1.85E+04,8.12E+04,5.31E+01,7.54E-01,1.11E-02,8.42E+01,5.94E-05,3.84E-01,2.08E-01,2.41E-01,2.52E+02,1.56E+01,2.67E+02,0.00048389,0.000504126
1.85E+04,81200,2.20E+02,2.60E+00,1.11E-02,8.42E+01,5.94E-05,3.84E-01,2.08E-01,2.41E-01,2.52E+02,1.56E+01,2.67E+02,0.000483887,0.000504123
1.85E+04,8.13E+04,5.28E+01,7.49E-01,1.12E-02,8.42E+01,5.94E-05,3.82E-01,2.07E-01,2.42E-01,2.51E+02,1.56E+01,2.66E+02,0.000483213,0.000503425
1.85E+04,8.13E+04,2.19E+02,2.60E+00,1.12E-02,8.42E+01,5.94E-05,3.82E-01,2.07E-01,2.42E-01,2.51E+02,1.56E+01,2.66E+02,0.000483213,0.000503425
1.86E+04,8.14E+04,5.27E+01,7.49E-01,1.11E-02,8.43E+01,5.93E-05,3.82E-01,2.08E-01,2.40E-01,2.51E+02,1.54E+01,2.67E+02,0.000482537,0.000502725
1.86E+04,8.14E+04,2.19E+02,2.60E+00,1.11E-02,8.43E+01,5.93E-05,3.82E-01,2.08E-01,2.40E-01,2.51E+02,1.54E+01,2.67E+02,0.000482537,0.000502725
1.86E+04,8.15E+04,5.28E+01,7.51E-01,1.11E-02,8.43E+01,5.92E-05,3.82E-01,2.07E-01,2.41E-01,2.51E+02,1.55E+01,2.66E+02,0.000481864,0.000502027
1.86E+04,8.15E+04,2.19E+02,2.60E+00,1.11E-02,8.43E+01,5.92E-05,3.82E-01,2.07E-01,2.41E-01,2.51E+02,1.55E+01,2.66E+02,0.000481864,0.000502027
1.86E+04,81599,5.35E+01,7.51E-01,1.12E-02,8.43E+01,5.92E-05,3.82E-01,2.06E-01,2.44E-01,2.51E+02,1.59E+01,2.67E+02,0.000481195,0.000501334
1.86E+04,8.16E+04,2.19E+02,2.60E+00,1.12E-02,8.43E+01,5.92E-05,3.82E-01,2.06E-01,2.44E-01,2.51E+02,1.59E+01,2.67E+02,0.000481192,0.000501331
1.86E+04,8.17E+04,5.27E+01,7.50E-01,1.11E-02,8.43E+01,5.91E-05,3.83E-01,2.08E-01,2.40E-01,2.51E+02,1.54E+01,2.67E+02,0.000480521,0.000500636
1.86E+04,81700,2.19E+02,2.60E+00,1.11E-02,8.43E+01,5.91E-05,3.83E-01,2.08E-01,2.40E-01,2.51E+02,1.54E+01,2.67E+02,0.000480518,0.000500633
1.86E+04,8.18E+04,5.22E+01,7.51E-01,1.11E-02,8.43E+01,5.90E-05,3.81E-01,2.07E-01,2.39E-01,2.50E+02,1.52E+01,2.65E+02,0.000479853,0.000499944
1.86E+04,8.18E+04,2.18E+02,2.60E+00,1.11E-02,8.43E+01,5.90E-05,3.81E-01,2.07E-01,2.39E-01,2.50E+02,1.52E+01,2.65E+02,0.000479853,0.000499944
1.87E+04,8.19E+04,5.27E+01,7.52E-01,1.12E-02,8.43E+01,5.90E-05,3.81E-01,2.06E-01,2.42E-01,2.50E+02,1.55E+01,2.65E+02,0.000479186,0.000499253
1.87E+04,8.19E+04,2.18E+02,2.60E+00,1.12E-02,8.43E+01,5.90E-05,3.81E-01,2.06E-01,2.42E-01,2.50E+02,1.55E+01,2.65E+02,0.000479186,0.000499253
1.87E+04,8.20E+04,5.29E+01,7.52E-01,1.12E-02,8.43E+01,5.89E-05,3.81E-01,2.06E-01,2.43E-01,2.50E+02,1.56E+01,2.66E+02,0.000478521,0.000498564
1.87E+04,8.20E+04,2.18E+02,2.60E+00,1.12E-02,8.43E+01,5.89E-05,3.81E-01,2.06E-01,2.43E-01,2.50E+02,1.56E+01,2.66E+02,0.000478521,0.000498564
1.87E+04,8.21E+04,5.28E+01,7.51E-01,1.11E-02,8.43E+01,5.88E-05,3.83E-01,2.07E-01,2.41E-01,2.51E+02,1.54E+01,2.66E+02,0.000477858,0.000497877
1.87E+04,82100,2.19E+02,2.60E+00,1.11E-02,8.43E+01,5.88E-05,3.83E-01,2.07E-01,2.41E-01,2.51E+02,1.54E+01,2.66E+02,0.000477855,0.000497874
1.87E+04,82199,5.36E+01,7.54E-01,1.12E-02,8.43E+01,5.88E-05,3.80E-01,2.04E-01,2.46E-01,2.50E+02,1.61E+01,2.66E+02,0.0004772,0.000497195
1.87E+04,8.22E+04,2.18E+02,2.60E+00,1.12E-02,8.43E+01,5.88E-05,3.80E-01,2.04E-01,2.46E-01,2.50E+02,1.61E+01,2.66E+02,0.000477197,0.000497192
1.88E+04,8.23E+04,5.23E+01,7.51E-01,1.12E-02,8.43E+01,5.87E-05,3.80E-01,2.06E-01,2.40E-01,2.49E+02,1.52E+01,2.64E+02,0.000476537,0.000496508
1.88E+04,8.23E+04,2.18E+02,2.60E+00,1.12E-02,8.43E+01,5.87E-05,3.80E-01,2.06E-01,2.40E-01,2.49E+02,1.52E+01,2.64E+02,0.000476537,0.000496508
1.88E+04,8.24E+04,5.22E+01,7.51E-01,1.12E-02,8.43E+01,5.86E-05,3.80E-01,2.06E-01,2.40E-01,2.49E+02,1.52E+01,2.64E+02,0.000475879,0.000495826
1.88E+04,8.24E+04,2.18E+02,2.60E+00,1.12E-02,8.43E+01,5.86E-05,3.80E-01,2.06E-01,2.40E-01,2.49E+02,1.52E+01,2.64E+02,0.000475879,0.000495826
1.88E+04,8.25E+04,5.22E+01,7.51E-01,1.12E-02,8.43E+01,5.85E-05,3.80E-01,2.06E-01,2.40E-01,2.49E+02,1.52E+01,2.64E+02,0.000475222,0.000495146
1.88E+04,8.25E+04,2.18E+02,2.60E+00,1.12E-02,8.43E+01,5.85E-05,3.80E-01,2.06E-01,2.40E-01,2.49E+02,1.52E+01,2.64E+02,0.000475222,0.000495146
1.88E+04,82599,5.28E+01,7.52E-01,1.12E-02,8.43E+01,5.85E-05,3.81E-01,2.06E-01,2.42E-01,2.50E+02,1.55E+01,2.66E+02,0.000474571,0.000494471
1.88E+04,8.26E+04,2.18E+02,2.60E+00,1.12E-02,8.43E+01,5.85E-05,3.81E-01,2.06E-01,2.42E-01,2.50E+02,1.55E+01,2.66E+02,0.000474568,0.000494468
1.88E+04,82699,5.28E+01,7.50E-01,1.11E-02,8.43E+01,5.84E-05,3.82E-01,2.07E-01,2.41E-01,2.51E+02,1.55E+01,2.66E+02,0.000473918,0.000493795
1.88E+04,82700,2.19E+02,2.60E+00,1.11E-02,8.43E+01,5.84E-05,3.82E-01,2.07E-01,2.41E-01,2.51E+02,1.55E+01,2.66E+02,0.000473911,0.000493788
1.89E+04,82799,5.27E+01,7.50E-01,1.11E-02,8.43E+01,5.83E-05,3.81E-01,2.07E-01,2.41E-01,2.51E+02,1.55E+01,2.66E+02,0.000473267,0.00049312
1.89E+04,82800,2.19E+02,2.60E+00,1.11E-02,8.43E+01,5.83E-05,3.81E-01,2.07E-01,2.41E-01,2.51E+02,1.55E+01,2.66E+02,0.00047326,0.000493113
1.89E+04,82899,5.27E+01,7.50E-01,1.11E-02,8.43E+01,5.83E-05,3.81E-01,2.07E-01,2.41E-01,2.50E+02,1.54E+01,2.66E+02,0.000472617,0.000492447
1.89E+04,82900,2.19E+02,2.60E+00,1.11E-02,8.43E+01,5.83E-05,3.81E-01,2.07E-01,2.41E-01,2.50E+02,1.54E+01,2.66E+02,0.00047261,0.00049244
1.89E+04,82999,5.28E+01,7.52E-01,1.12E-02,8.43E+01,5.82E-05,3.80E-01,2.06E-01,2.42E-01,2.50E+02,1.56E+01,2.66E+02,0.000471969,0.000491776
1.89E+04,8.30E+04,2.18E+02,2.60E+00,1.12E-02,8.43E+01,5.82E-05,3.80E-01,2.06E-01,2.42E-01,2.50E+02,1.56E+01,2.66E+02,0.000471966,0.000491772
1.89E+04,83099,5.33E+01,7.51E-01,1.12E-02,8.44E+01,5.81E-05,3.80E-01,2.05E-01,2.44E-01,2.50E+02,1.59E+01,2.66E+02,0.000471323,0.000491106
1.89E+04,8.31E+04,2.18E+02,2.60E+00,1.12E-02,8.44E+01,5.81E-05,3.80E-01,2.05E-01,2.44E-01,2.50E+02,1.59E+01,2.66E+02,0.000471319,0.000491103
1.90E+04,83199,5.36E+01,7.55E-01,1.12E-02,8.44E+01,5.81E-05,3.81E-01,2.04E-01,2.46E-01,2.51E+02,1.61E+01,2.67E+02,0.000470678,0.000490438
1.90E+04,8.32E+04,2.18E+02,2.60E+00,1.12E-02,8.44E+01,5.81E-05,3.81E-01,2.04E-01,2.46E-01,2.51E+02,1.61E+01,2.67E+02,0.000470675,0.000490435
1.90E+04,83299,5.34E+01,7.53E-01,1.12E-02,8.44E+01,5.80E-05,3.80E-01,2.04E-01,2.45E-01,2.50E+02,1.60E+01,2.66E+02,0.000470035,0.000489772
1.90E+04,8.33E+04,2.18E+02,2.60E+00,1.12E-02,8.44E+01,5.80E-05,3.80E-01,2.04E-01,2.45E-01,2.50E+02,1.60E+01,2.66E+02,0.000470032,0.000489769
1.90E+04,8.34E+04,5.27E+01,7.53E-01,1.12E-02,8.44E+01,5.79E-05,3.80E-01,2.05E-01,2.42E-01,2.49E+02,1.55E+01,2.65E+02,0.000469391,0.000489104
1.90E+04,8.34E+04,2.18E+02,2.60E+00,1.12E-02,8.44E+01,5.79E-05,3.80E-01,2.05E-01,2.42E-01,2.49E+02,1.55E+01,2.65E+02,0.000469391,0.000489104
1.90E+04,8.35E+04,5.28E+01,7.53E-01,1.11E-02,8.44E+01,5.79E-05,3.81E-01,2.06E-01,2.42E-01,2.50E+02,1.55E+01,2.66E+02,0.000468751,0.000488441
1.90E+04,83500,2.18E+02,2.60E+00,1.11E-02,8.44E+01,5.79E-05,3.81E-01,2.06E-01,2.42E-01,2.50E+02,1.55E+01,2.66E+02,0.000468748,0.000488438
1.90E+04,8.36E+04,5.27E+01,7.52E-01,1.11E-02,8.44E+01,5.78E-05,3.82E-01,2.07E-01,2.41E-01,2.51E+02,1.54E+01,2.66E+02,0.000468113,0.00048778
1.90E+04,83600,2.19E+02,2.60E+00,1.11E-02,8.44E+01,5.78E-05,3.82E-01,2.07E-01,2.41E-01,2.51E+02,1.54E+01,2.66E+02,0.00046811,0.000487777
1.91E+04,8.37E+04,5.21E+01,7.52E-01,1.12E-02,8.44E+01,5.77E-05,3.79E-01,2.06E-01,2.40E-01,2.49E+02,1.52E+01,2.64E+02,0.000467476,0.000487121
1.91E+04,8.37E+04,2.18E+02,2.60E+00,1.12E-02,8.44E+01,5.77E-05,3.79E-01,2.06E-01,2.40E-01,2.49E+02,1.52E+01,2.64E+02,0.000467476,0.000487121
1.91E+04,8.38E+04,5.21E+01,7.52E-01,1.11E-02,8.44E+01,5.77E-05,3.81E-01,2.07E-01,2.38E-01,2.50E+02,1.50E+01,2.65E+02,0.000466842,0.000486463
1.91E+04,83800,2.19E+02,2.60E+00,1.11E-02,8.44E+01,5.77E-05,3.81E-01,2.07E-01,2.38E-01,2.50E+02,1.50E+01,2.65E+02,0.000466839,0.00048646
1.91E+04,83899,5.32E+01,7.53E-01,1.12E-02,8.44E+01,5.76E-05,3.81E-01,2.05E-01,2.44E-01,2.51E+02,1.58E+01,2.66E+02,0.000466212,0.00048581
1.91E+04,83900,2.19E+02,2.60E+00,1.12E-02,8.44E+01,5.76E-05,3.81E-01,2.05E-01,2.44E-01,2.51E+02,1.58E+01,2.66E+02,0.000466205,0.000485804
1.91E+04,8.40E+04,5.26E+01,7.52E-01,1.12E-02,8.44E+01,5.76E-05,3.80E-01,2.06E-01,2.41E-01,2.50E+02,1.54E+01,2.65E+02,0.000465577,0.000485153
1.91E+04,84000,2.18E+02,2.60E+00,1.12E-02,8.44E+01,5.76E-05,3.80E-01,2.06E-01,2.41E-01,2.50E+02,1.54E+01,2.65E+02,0.000465574,0.000485149
1.91E+04,8.41E+04,5.27E+01,7.53E-01,1.11E-02,8.44E+01,5.75E-05,3.80E-01,2.05E-01,2.42E-01,2.50E+02,1.55E+01,2.65E+02,0.000464947,0.0004845
1.91E+04,84100,2.18E+02,2.60E+00,1.11E-02,8.44E+01,5.75E-05,3.80E-01,2.05E-01,2.42E-01,2.50E+02,1.55E+01,2.65E+02,0.000464944,0.000484497
1.92E+04,84199,5.35E+01,7.55E-01,1.12E-02,8.44E+01,5.74E-05,3.81E-01,2.05E-01,2.45E-01,2.51E+02,1.60E+01,2.67E+02,0.000464322,0.000483852
1.92E+04,84200,2.18E+02,2.60E+00,1.12E-02,8.44E+01,5.74E-05,3.81E-01,2.05E-01,2.45E-01,2.51E+02,1.60E+01,2.67E+02,0.000464316,0.000483845
1.92E+04,8.43E+04,5.20E+01,7.51E-01,1.11E-02,8.44E+01,5.74E-05,3.80E-01,2.07E-01,2.38E-01,2.49E+02,1.50E+01,2.64E+02,0.000463692,0.000483199
1.92E+04,84300,2.18E+02,2.60E+00,1.11E-02,8.44E+01,5.74E-05,3.80E-01,2.07E-01,2.38E-01,2.49E+02,1.50E+01,2.64E+02,0.000463689,0.000483196
1.92E+04,84399,5.31E+01,7.52E-01,1.12E-02,8.44E+01,5.73E-05,3.80E-01,2.05E-01,2.43E-01,2.50E+02,1.57E+01,2.66E+02,0.00046307,0.000482555
1.92E+04,84400,2.18E+02,2.60E+00,1.12E-02,8.44E+01,5.73E-05,3.80E-01,2.05E-01,2.43E-01,2.50E+02,1.57E+01,2.66E+02,0.000463064,0.000482548
1.93E+04,84499,5.31E+01,7.52E-01,1.13E-02,8.44E+01,5.72E-05,3.78E-01,2.03E-01,2.45E-01,2.49E+02,1.59E+01,2.65E+02,0.000462446,0.000481909
1.93E+04,8.45E+04,2.17E+02,2.60E+00,1.13E-02,8.44E+01,5.72E-05,3.78E-01,2.03E-01,2.45E-01,2.49E+02,1.59E+01,2.65E+02,0.000462443,0.000481905
1.93E+04,8.46E+04,5.24E+01,7.52E-01,1.11E-02,8.44E+01,5.72E-05,3.79E-01,2.06E-01,2.41E-01,2.49E+02,1.53E+01,2.65E+02,0.000461821,0.000481261
1.93E+04,84600,2.18E+02,2.60E+00,1.11E-02,8.44E+01,5.72E-05,3.79E-01,2.06E-01,2.41E-01,2.49E+02,1.53E+01,2.65E+02,0.000461818,0.000481258
1.93E+04,8.47E+04,5.24E+01,7.51E-01,1.12E-02,8.44E+01,5.71E-05,3.79E-01,2.05E-01,2.41E-01,2.49E+02,1.53E+01,2.65E+02,0.000461201,0.000480618
1.93E+04,84700,2.18E+02,2.60E+00,1.12E-02,8.44E+01,5.71E-05,3.79E-01,2.05E-01,2.41E-01,2.49E+02,1.53E+01,2.65E+02,0.000461198,0.000480615
1.93E+04,8.48E+04,5.19E+01,7.51E-01,1.12E-02,8.45E+01,5.70E-05,3.79E-01,2.06E-01,2.39E-01,2.48E+02,1.50E+01,2.64E+02,0.000460582,0.000479977
1.93E+04,8.48E+04,2.17E+02,2.60E+00,1.12E-02,8.45E+01,5.70E-05,3.79E-01,2.06E-01,2.39E-01,2.48E+02,1.50E+01,2.64E+02,0.000460582,0.000479977
1.93E+04,84899,5.30E+01,7.50E-01,1.12E-02,8.45E+01,5.70E-05,3.79E-01,2.05E-01,2.43E-01,2.50E+02,1.57E+01,2.66E+02,0.000459968,0.00047934
1.93E+04,84900,2.18E+02,2.60E+00,1.12E-02,8.45E+01,5.70E-05,3.79E-01,2.05E-01,2.43E-01,2.50E+02,1.57E+01,2.66E+02,0.000459961,0.000479334
1.94E+04,8.50E+04,5.24E+01,7.50E-01,1.12E-02,8.45E+01,5.69E-05,3.77E-01,2.04E-01,2.42E-01,2.49E+02,1.54E+01,2.64E+02,0.000459349,0.000478699
1.94E+04,8.50E+04,2.17E+02,2.60E+00,1.12E-02,8.45E+01,5.69E-05,3.77E-01,2.04E-01,2.42E-01,2.49E+02,1.54E+01,2.64E+02,0.000459349,0.000478699
1.94E+04,85099,5.31E+01,7.50E-01,1.12E-02,8.45E+01,5.68E-05,3.79E-01,2.05E-01,2.44E-01,2.50E+02,1.58E+01,2.66E+02,0.000458738,0.000478065
1.94E+04,85100,2.18E+02,2.60E+00,1.12E-02,8.45E+01,5.68E-05,3.79E-01,2.05E-01,2.44E-01,2.50E+02,1.58E+01,2.66E+02,0.000458731,0.000478059
1.94E+04,8.52E+04,5.25E+01,7.54E-01,1.12E-02,8.45E+01,5.68E-05,3.80E-01,2.06E-01,2.41E-01,2.49E+02,1.54E+01,2.65E+02,0.000458122,0.000477427
1.94E+04,85200,2.18E+02,2.60E+00,1.12E-02,8.45E+01,5.68E-05,3.80E-01,2.06E-01,2.41E-01,2.49E+02,1.54E+01,2.65E+02,0.000458119,0.000477424
1.94E+04,8.53E+04,5.22E+01,7.52E-01,1.12E-02,8.45E+01,5.67E-05,3.79E-01,2.05E-01,2.40E-01,2.49E+02,1.52E+01,2.64E+02,0.000457511,0.000476794
1.94E+04,85300,2.18E+02,2.60E+00,1.12E-02,8.45E+01,5.67E-05,3.79E-01,2.05E-01,2.40E-01,2.49E+02,1.52E+01,2.64E+02,0.000457508,0.000476791
1.95E+04,85399,5.33E+01,7.49E-01,1.13E-02,8.45E+01,5.67E-05,3.79E-01,2.04E-01,2.45E-01,2.50E+02,1.60E+01,2.66E+02,0.000456904,0.000476165
1.95E+04,85400,2.17E+02,2.60E+00,1.13E-02,8.45E+01,5.67E-05,3.79E-01,2.04E-01,2.45E-01,2.50E+02,1.60E+01,2.66E+02,0.000456898,0.000476159
1.95E+04,85499,5.27E+01,7.50E-01,1.13E-02,8.45E+01,5.66E-05,3.78E-01,2.04E-01,2.43E-01,2.49E+02,1.56E+01,2.65E+02,0.000456296,0.000475535
1.95E+04,8.55E+04,2.17E+02,2.60E+00,1.13E-02,8.45E+01,5.66E-05,3.78E-01,2.04E-01,2.43E-01,2.49E+02,1.56E+01,2.65E+02,0.000456293,0.000475532
1.95E+04,85599,5.27E+01,7.52E-01,1.12E-02,8.45E+01,5.65E-05,3.78E-01,2.04E-01,2.43E-01,2.49E+02,1.56E+01,2.65E+02,0.000455689,0.000474907
1.95E+04,85600,2.17E+02,2.60E+00,1.12E-02,8.45E+01,5.65E-05,3.78E-01,2.04E-01,2.43E-01,2.49E+02,1.56E+01,2.65E+02,0.000455683,0.0004749
1.95E+04,85699,5.27E+01,7.51E-01,1.12E-02,8.45E+01,5.65E-05,3.78E-01,2.05E-01,2.42E-01,2.49E+02,1.56E+01,2.65E+02,0.000455084,0.00047428
1.95E+04,85700,2.17E+02,2.60E+00,1.12E-02,8.45E+01,5.65E-05,3.78E-01,2.05E-01,2.42E-01,2.49E+02,1.56E+01,2.65E+02,0.000455078,0.000474273
1.95E+04,8.58E+04,5.21E+01,7.51E-01,1.12E-02,8.45E+01,5.64E-05,3.77E-01,2.04E-01,2.40E-01,2.48E+02,1.52E+01,2.63E+02,0.000454478,0.000473651
1.95E+04,8.58E+04,2.17E+02,2.60E+00,1.12E-02,8.45E+01,5.64E-05,3.77E-01,2.04E-01,2.40E-01,2.48E+02,1.52E+01,2.63E+02,0.000454478,0.000473651
1.96E+04,85899,5.26E+01,7.52E-01,1.12E-02,8.45E+01,5.63E-05,3.78E-01,2.04E-01,2.42E-01,2.49E+02,1.55E+01,2.64E+02,0.000453879,0.00047303
1.96E+04,85900,2.17E+02,2.60E+00,1.12E-02,8.45E+01,5.63E-05,3.78E-01,2.04E-01,2.42E-01,2.49E+02,1.55E+01,2.64E+02,0.000453873,0.000473024
1.96E+04,85999,5.33E+01,7.51E-01,1.13E-02,8.45E+01,5.63E-05,3.77E-01,2.03E-01,2.46E-01,2.49E+02,1.61E+01,2.65E+02,0.000453278,0.000472408
1.96E+04,8.60E+04,2.17E+02,2.60E+00,1.13E-02,8.45E+01,5.63E-05,3.77E-01,2.03E-01,2.46E-01,2.49E+02,1.61E+01,2.65E+02,0.000453275,0.000472405
1.96E+04,8.61E+04,5.22E+01,7.53E-01,1.12E-02,8.45E+01,5.62E-05,3.78E-01,2.05E-01,2.40E-01,2.49E+02,1.52E+01,2.64E+02,0.000452676,0.000471784
1.96E+04,86100,2.17E+02,2.60E+00,1.12E-02,8.45E+01,5.62E-05,3.78E-01,2.05E-01,2.40E-01,2.49E+02,1.52E+01,2.64E+02,0.000452673,0.000471781
1.96E+04,8.62E+04,5.27E+01,7.55E-01,1.12E-02,8.45E+01,5.61E-05,3.79E-01,2.05E-01,2.42E-01,2.49E+02,1.56E+01,2.65E+02,0.000452079,0.000471165
1.96E+04,86200,2.18E+02,2.60E+00,1.12E-02,8.45E+01,5.61E-05,3.79E-01,2.05E-01,2.42E-01,2.49E+02,1.56E+01,2.65E+02,0.000452076,0.000471162
1.97E+04,86299,5.29E+01,7.51E-01,1.13E-02,8.45E+01,5.61E-05,3.77E-01,2.03E-01,2.44E-01,2.49E+02,1.58E+01,2.65E+02,0.000451486,0.00047055
1.97E+04,8.63E+04,2.17E+02,2.60E+00,1.13E-02,8.45E+01,5.61E-05,3.77E-01,2.03E-01,2.44E-01,2.49E+02,1.58E+01,2.65E+02,0.000451483,0.000470547
1.97E+04,8.64E+04,5.23E+01,7.52E-01,1.12E-02,8.45E+01,5.60E-05,3.78E-01,2.04E-01,2.41E-01,2.49E+02,1.54E+01,2.64E+02,0.000450888,0.000469931
1.97E+04,8.64E+04,2.17E+02,2.60E+00,1.12E-02,8.45E+01,5.60E-05,3.78E-01,2.04E-01,2.41E-01,2.49E+02,1.54E+01,2.64E+02,0.000450888,0.000469931
1.97E+04,86499,5.28E+01,7.51E-01,1.13E-02,8.45E+01,5.60E-05,3.76E-01,2.02E-01,2.45E-01,2.48E+02,1.58E+01,2.64E+02,0.000450298,0.000469319
1.97E+04,8.65E+04,2.16E+02,2.60E+00,1.13E-02,8.45E+01,5.60E-05,3.76E-01,2.02E-01,2.45E-01,2.48E+02,1.58E+01,2.64E+02,0.000450295,0.000469316
1.97E+04,86599,5.28E+01,7.52E-01,1.13E-02,8.46E+01,5.59E-05,3.77E-01,2.03E-01,2.44E-01,2.49E+02,1.57E+01,2.64E+02,0.000449706,0.000468706
1.97E+04,8.66E+04,2.17E+02,2.60E+00,1.13E-02,8.46E+01,5.59E-05,3.77E-01,2.03E-01,2.44E-01,2.49E+02,1.57E+01,2.64E+02,0.000449703,0.000468703
1.97E+04,86699,5.27E+01,7.51E-01,1.13E-02,8.46E+01,5.58E-05,3.77E-01,2.03E-01,2.44E-01,2.49E+02,1.57E+01,2.64E+02,0.000449116,0.000468094
1.97E+04,8.67E+04,2.17E+02,2.60E+00,1.13E-02,8.46E+01,5.58E-05,3.77E-01,2.03E-01,2.44E-01,2.49E+02,1.57E+01,2.64E+02,0.000449113,0.000468091
1.98E+04,8.68E+04,5.22E+01,7.52E-01,1.12E-02,8.46E+01,5.58E-05,3.77E-01,2.04E-01,2.41E-01,2.48E+02,1.53E+01,2.63E+02,0.000448524,0.000467481
1.98E+04,8.68E+04,2.17E+02,2.60E+00,1.12E-02,8.46E+01,5.58E-05,3.77E-01,2.04E-01,2.41E-01,2.48E+02,1.53E+01,2.63E+02,0.000448524,0.000467481
1.98E+04,8.69E+04,5.23E+01,7.53E-01,1.12E-02,8.46E+01,5.57E-05,3.77E-01,2.04E-01,2.41E-01,2.48E+02,1.53E+01,2.63E+02,0.000447937,0.000466872
1.98E+04,8.69E+04,2.17E+02,2.60E+00,1.12E-02,8.46E+01,5.57E-05,3.77E-01,2.04E-01,2.41E-01,2.48E+02,1.53E+01,2.63E+02,0.000447937,0.000466872
1.98E+04,8.70E+04,5.21E+01,7.51E-01,1.12E-02,8.46E+01,5.57E-05,3.76E-01,2.04E-01,2.41E-01,2.48E+02,1.53E+01,2.63E+02,0.000447351,0.000466265
1.98E+04,8.70E+04,2.16E+02,2.60E+00,1.12E-02,8.46E+01,5.57E-05,3.76E-01,2.04E-01,2.41E-01,2.48E+02,1.53E+01,2.63E+02,0.000447351,0.000466265
1.98E+04,8.71E+04,5.22E+01,7.52E-01,1.12E-02,8.46E+01,5.56E-05,3.77E-01,2.04E-01,2.41E-01,2.48E+02,1.53E+01,2.64E+02,0.000446766,0.000465659
1.98E+04,87100,2.17E+02,2.60E+00,1.12E-02,8.46E+01,5.56E-05,3.77E-01,2.04E-01,2.41E-01,2.48E+02,1.53E+01,2.64E+02,0.000446764,0.000465656
1.99E+04,87199,5.29E+01,7.55E-01,1.12E-02,8.46E+01,5.55E-05,3.78E-01,2.04E-01,2.44E-01,2.49E+02,1.58E+01,2.65E+02,0.000446186,0.000465058
1.99E+04,87200,2.17E+02,2.60E+00,1.12E-02,8.46E+01,5.55E-05,3.78E-01,2.04E-01,2.44E-01,2.49E+02,1.58E+01,2.65E+02,0.000446181,0.000465052
1.99E+04,87299,5.26E+01,7.48E-01,1.13E-02,8.46E+01,5.55E-05,3.77E-01,2.04E-01,2.43E-01,2.49E+02,1.56E+01,2.64E+02,0.000445605,0.000464455
1.99E+04,87300,2.17E+02,2.60E+00,1.13E-02,8.46E+01,5.55E-05,3.77E-01,2.04E-01,2.43E-01,2.49E+02,1.56E+01,2.64E+02,0.000445599,0.000464449
1.99E+04,87399,5.27E+01,7.52E-01,1.13E-02,8.46E+01,5.54E-05,3.76E-01,2.03E-01,2.43E-01,2.48E+02,1.56E+01,2.64E+02,0.000445025,0.000463854
1.99E+04,8.74E+04,2.16E+02,2.60E+00,1.13E-02,8.46E+01,5.54E-05,3.76E-01,2.03E-01,2.43E-01,2.48E+02,1.56E+01,2.64E+02,0.000445022,0.000463851
1.99E+04,87499,5.27E+01,7.50E-01,1.13E-02,8.46E+01,5.54E-05,3.76E-01,2.03E-01,2.44E-01,2.48E+02,1.57E+01,2.64E+02,0.000444446,0.000463254
1.99E+04,8.75E+04,2.16E+02,2.60E+00,1.13E-02,8.46E+01,5.54E-05,3.76E-01,2.03E-01,2.44E-01,2.48E+02,1.57E+01,2.64E+02,0.000444443,0.000463251
2.00E+04,8.76E+04,5.14E+01,7.50E-01,1.12E-02,8.46E+01,5.53E-05,3.76E-01,2.05E-01,2.38E-01,2.47E+02,1.48E+01,2.62E+02,0.000443866,0.000462653
2.00E+04,8.76E+04,2.16E+02,2.60E+00,1.12E-02,8.46E+01,5.53E-05,3.76E-01,2.05E-01,2.38E-01,2.47E+02,1.48E+01,2.62E+02,0.000443866,0.000462653
2.00E+04,8.77E+04,5.20E+01,7.51E-01,1.12E-02,8.46E+01,5.52E-05,3.77E-01,2.04E-01,2.40E-01,2.48E+02,1.51E+01,2.63E+02,0.00044329,0.000462056
2.00E+04,87700,2.17E+02,2.60E+00,1.12E-02,8.46E+01,5.52E-05,3.77E-01,2.04E-01,2.40E-01,2.48E+02,1.51E+01,2.63E+02,0.000443287,0.000462053
2.00E+04,8.78E+04,5.19E+01,7.50E-01,1.12E-02,8.46E+01,5.52E-05,3.77E-01,2.05E-01,2.39E-01,2.48E+02,1.51E+01,2.63E+02,0.000442715,0.00046146
2.00E+04,87800,2.17E+02,2.60E+00,1.12E-02,8.46E+01,5.52E-05,3.77E-01,2.05E-01,2.39E-01,2.48E+02,1.51E+01,2.63E+02,0.000442712,0.000461457
2.00E+04,8.79E+04,5.19E+01,7.50E-01,1.13E-02,8.46E+01,5.51E-05,3.75E-01,2.04E-01,2.40E-01,2.47E+02,1.52E+01,2.63E+02,0.000442142,0.000460866
2.00E+04,8.79E+04,2.16E+02,2.60E+00,1.13E-02,8.46E+01,5.51E-05,3.75E-01,2.04E-01,2.40E-01,2.47E+02,1.52E+01,2.63E+02,0.000442142,0.000460866
2.00E+04,8.80E+04,5.20E+01,7.50E-01,1.12E-02,8.46E+01,5.51E-05,3.77E-01,2.05E-01,2.40E-01,2.48E+02,1.51E+01,2.64E+02,0.00044157,0.000460274
2.00E+04,88000,2.17E+02,2.60E+00,1.12E-02,8.46E+01,5.51E-05,3.77E-01,2.05E-01,2.40E-01,2.48E+02,1.51E+01,2.64E+02,0.000441567,0.000460271
2.01E+04,88099,5.24E+01,7.50E-01,1.13E-02,8.46E+01,5.50E-05,3.75E-01,2.03E-01,2.43E-01,2.48E+02,1.55E+01,2.63E+02,0.000441003,0.000459685
2.01E+04,8.81E+04,2.16E+02,2.60E+00,1.13E-02,8.46E+01,5.50E-05,3.75E-01,2.03E-01,2.43E-01,2.48E+02,1.55E+01,2.63E+02,0.000441,0.000459682
2.01E+04,8.82E+04,5.22E+01,7.53E-01,1.13E-02,8.46E+01,5.49E-05,3.76E-01,2.03E-01,2.42E-01,2.48E+02,1.54E+01,2.63E+02,0.000440431,0.000459093
2.01E+04,8.82E+04,2.16E+02,2.60E+00,1.13E-02,8.46E+01,5.49E-05,3.76E-01,2.03E-01,2.42E-01,2.48E+02,1.54E+01,2.63E+02,0.000440431,0.000459093
2.01E+04,8.83E+04,5.19E+01,7.50E-01,1.13E-02,8.46E+01,5.49E-05,3.74E-01,2.03E-01,2.41E-01,2.47E+02,1.52E+01,2.62E+02,0.000439863,0.000458504
2.01E+04,8.83E+04,2.16E+02,2.60E+00,1.13E-02,8.46E+01,5.49E-05,3.74E-01,2.03E-01,2.41E-01,2.47E+02,1.52E+01,2.62E+02,0.000439863,0.000458504
2.01E+04,8.84E+04,5.20E+01,7.51E-01,1.12E-02,8.47E+01,5.48E-05,3.75E-01,2.04E-01,2.40E-01,2.47E+02,1.52E+01,2.63E+02,0.000439297,0.000457917
2.01E+04,88400,2.16E+02,2.60E+00,1.12E-02,8.47E+01,5.48E-05,3.75E-01,2.04E-01,2.40E-01,2.47E+02,1.52E+01,2.63E+02,0.000439294,0.000457915
2.02E+04,8.85E+04,5.20E+01,7.51E-01,1.13E-02,8.47E+01,5.48E-05,3.75E-01,2.03E-01,2.41E-01,2.47E+02,1.53E+01,2.62E+02,0.000438732,0.000457332
2.02E+04,8.85E+04,2.16E+02,2.60E+00,1.13E-02,8.47E+01,5.48E-05,3.75E-01,2.03E-01,2.41E-01,2.47E+02,1.53E+01,2.62E+02,0.000438732,0.000457332
2.02E+04,8.86E+04,5.20E+01,7.50E-01,1.13E-02,8.47E+01,5.47E-05,3.75E-01,2.04E-01,2.41E-01,2.48E+02,1.52E+01,2.63E+02,0.000438169,0.000456748
2.02E+04,88600,2.16E+02,2.60E+00,1.13E-02,8.47E+01,5.47E-05,3.75E-01,2.04E-01,2.41E-01,2.48E+02,1.52E+01,2.63E+02,0.000438166,0.000456745
2.02E+04,8.87E+04,5.18E+01,7.51E-01,1.12E-02,8.47E+01,5.46E-05,3.75E-01,2.03E-01,2.40E-01,2.47E+02,1.51E+01,2.62E+02,0.000437607,0.000456165
2.02E+04,88700,2.16E+02,2.60E+00,1.12E-02,8.47E+01,5.46E-05,3.75E-01,2.03E-01,2.40E-01,2.47E+02,1.51E+01,2.62E+02,0.000437604,0.000456162
2.02E+04,8.88E+04,5.17E+01,7.50E-01,1.13E-02,8.47E+01,5.46E-05,3.75E-01,2.04E-01,2.39E-01,2.47E+02,1.50E+01,2.62E+02,0.000437046,0.000455584
2.02E+04,88800,2.16E+02,2.60E+00,1.13E-02,8.47E+01,5.46E-05,3.75E-01,2.04E-01,2.39E-01,2.47E+02,1.50E+01,2.62E+02,0.000437043,0.000455581
2.02E+04,88899,5.24E+01,7.51E-01,1.13E-02,8.47E+01,5.45E-05,3.75E-01,2.03E-01,2.43E-01,2.48E+02,1.55E+01,2.63E+02,0.000436489,0.000455007
2.02E+04,88900,2.16E+02,2.60E+00,1.13E-02,8.47E+01,5.45E-05,3.75E-01,2.03E-01,2.43E-01,2.48E+02,1.55E+01,2.63E+02,0.000436484,0.000455001
2.03E+04,88999,5.24E+01,7.50E-01,1.13E-02,8.47E+01,5.45E-05,3.75E-01,2.03E-01,2.43E-01,2.48E+02,1.55E+01,2.63E+02,0.000435931,0.000454429
2.03E+04,89000,2.16E+02,2.60E+00,1.13E-02,8.47E+01,5.45E-05,3.75E-01,2.03E-01,2.43E-01,2.48E+02,1.55E+01,2.63E+02,0.000435926,0.000454423
2.03E+04,8.91E+04,5.12E+01,7.51E-01,1.12E-02,8.47E+01,5.44E-05,3.76E-01,2.05E-01,2.37E-01,2.47E+02,1.47E+01,2.62E+02,0.000435372,0.000453849
2.03E+04,89100,2.16E+02,2.60E+00,1.12E-02,8.47E+01,5.44E-05,3.76E-01,2.05E-01,2.37E-01,2.47E+02,1.47E+01,2.62E+02,0.000435369,0.000453846
2.03E+04,8.92E+04,5.19E+01,7.54E-01,1.12E-02,8.47E+01,5.43E-05,3.77E-01,2.04E-01,2.40E-01,2.48E+02,1.52E+01,2.63E+02,0.000434816,0.000453273
2.03E+04,89200,2.16E+02,2.60E+00,1.12E-02,8.47E+01,5.43E-05,3.77E-01,2.04E-01,2.40E-01,2.48E+02,1.52E+01,2.63E+02,0.000434814,0.00045327
2.04E+04,8.93E+04,5.16E+01,7.51E-01,1.13E-02,8.47E+01,5.43E-05,3.74E-01,2.03E-01,2.39E-01,2.47E+02,1.50E+01,2.62E+02,0.000434262,0.000452699
2.04E+04,8.93E+04,2.16E+02,2.60E+00,1.13E-02,8.47E+01,5.43E-05,3.74E-01,2.03E-01,2.39E-01,2.47E+02,1.50E+01,2.62E+02,0.000434262,0.000452699
2.04E+04,8.94E+04,5.21E+01,7.51E-01,1.13E-02,8.47E+01,5.42E-05,3.75E-01,2.03E-01,2.42E-01,2.47E+02,1.53E+01,2.63E+02,0.00043371,0.000452126
2.04E+04,8.94E+04,2.16E+02,2.60E+00,1.13E-02,8.47E+01,5.42E-05,3.75E-01,2.03E-01,2.42E-01,2.47E+02,1.53E+01,2.63E+02,0.00043371,0.000452126
2.04E+04,89499,5.27E+01,7.50E-01,1.13E-02,8.47E+01,5.42E-05,3.74E-01,2.02E-01,2.45E-01,2.48E+02,1.58E+01,2.63E+02,0.000433161,0.000451557
2.04E+04,8.95E+04,2.16E+02,2.60E+00,1.13E-02,8.47E+01,5.42E-05,3.74E-01,2.02E-01,2.45E-01,2.48E+02,1.58E+01,2.63E+02,0.000433158,0.000451554
2.04E+04,89599,5.27E+01,7.50E-01,1.13E-02,8.47E+01,5.41E-05,3.75E-01,2.03E-01,2.44E-01,2.48E+02,1.57E+01,2.64E+02,0.000432611,0.000450987
2.04E+04,89600,2.16E+02,2.60E+00,1.13E-02,8.47E+01,5.41E-05,3.75E-01,2.03E-01,2.44E-01,2.48E+02,1.57E+01,2.64E+02,0.000432605,0.000450981
2.04E+04,89699,5.26E+01,7.51E-01,1.13E-02,8.47E+01,5.41E-05,3.75E-01,2.02E-01,2.44E-01,2.48E+02,1.57E+01,2.64E+02,0.000432062,0.000450418
2.04E+04,89700,2.16E+02,2.60E+00,1.13E-02,8.47E+01,5.41E-05,3.75E-01,2.02E-01,2.44E-01,2.48E+02,1.57E+01,2.64E+02,0.000432057,0.000450412
2.05E+04,89799,5.27E+01,7.50E-01,1.13E-02,8.47E+01,5.40E-05,3.74E-01,2.02E-01,2.44E-01,2.48E+02,1.57E+01,2.63E+02,0.000431515,0.00044985
2.05E+04,8.98E+04,2.15E+02,2.60E+00,1.13E-02,8.47E+01,5.40E-05,3.74E-01,2.02E-01,2.44E-01,2.48E+02,1.57E+01,2.63E+02,0.000431512,0.000449847
2.05E+04,8.99E+04,5.20E+01,7.50E-01,1.13E-02,8.47E+01,5.39E-05,3.74E-01,2.03E-01,2.41E-01,2.47E+02,1.53E+01,2.62E+02,0.000430966,0.000449281
2.05E+04,8.99E+04,2.15E+02,2.60E+00,1.13E-02,8.47E+01,5.39E-05,3.74E-01,2.03E-01,2.41E-01,2.47E+02,1.53E+01,2.62E+02,0.000430966,0.000449281
2.05E+04,89999,5.26E+01,7.52E-01,1.13E-02,8.47E+01,5.39E-05,3.74E-01,2.01E-01,2.44E-01,2.47E+02,1.57E+01,2.63E+02,0.000430423,0.000448719
2.05E+04,9.00E+04,2.15E+02,2.60E+00,1.13E-02,8.47E+01,5.39E-05,3.74E-01,2.01E-01,2.44E-01,2.47E+02,1.57E+01,2.63E+02,0.000430421,0.000448716
2.05E+04,90099,5.26E+01,7.50E-01,1.14E-02,8.47E+01,5.38E-05,3.73E-01,2.01E-01,2.45E-01,2.47E+02,1.58E+01,2.63E+02,0.00042988,0.000448155
2.05E+04,9.01E+04,2.15E+02,2.60E+00,1.14E-02,8.47E+01,5.38E-05,3.73E-01,2.01E-01,2.45E-01,2.47E+02,1.58E+01,2.63E+02,0.000429877,0.000448153
2.06E+04,9.02E+04,5.24E+01,7.58E-01,1.13E-02,8.47E+01,5.38E-05,3.75E-01,2.02E-01,2.43E-01,2.47E+02,1.55E+01,2.62E+02,0.000429335,0.00044759
2.06E+04,9.02E+04,2.16E+02,2.60E+00,1.13E-02,8.47E+01,5.38E-05,3.75E-01,2.02E-01,2.43E-01,2.47E+02,1.55E+01,2.62E+02,0.000429335,0.00044759
2.06E+04,90299,5.25E+01,7.53E-01,1.13E-02,8.48E+01,5.37E-05,3.73E-01,2.01E-01,2.44E-01,2.47E+02,1.56E+01,2.62E+02,0.000428796,0.000447032
2.06E+04,9.03E+04,2.15E+02,2.60E+00,1.13E-02,8.48E+01,5.37E-05,3.73E-01,2.01E-01,2.44E-01,2.47E+02,1.56E+01,2.62E+02,0.000428794,0.00044703
2.06E+04,9.04E+04,5.18E+01,7.53E-01,1.13E-02,8.48E+01,5.37E-05,3.73E-01,2.02E-01,2.41E-01,2.46E+02,1.52E+01,2.61E+02,0.000428254,0.00044647
2.06E+04,9.04E+04,2.15E+02,2.60E+00,1.13E-02,8.48E+01,5.37E-05,3.73E-01,2.02E-01,2.41E-01,2.46E+02,1.52E+01,2.61E+02,0.000428254,0.00044647
2.06E+04,9.05E+04,5.20E+01,7.52E-01,1.13E-02,8.48E+01,5.36E-05,3.74E-01,2.02E-01,2.41E-01,2.47E+02,1.53E+01,2.62E+02,0.000427716,0.000445912
2.06E+04,90500,2.15E+02,2.60E+00,1.13E-02,8.48E+01,5.36E-05,3.74E-01,2.02E-01,2.41E-01,2.47E+02,1.53E+01,2.62E+02,0.000427713,0.000445909
2.06E+04,9.06E+04,5.17E+01,7.51E-01,1.13E-02,8.48E+01,5.35E-05,3.73E-01,2.02E-01,2.41E-01,2.46E+02,1.51E+01,2.61E+02,0.000427178,0.000445355
2.06E+04,9.06E+04,2.15E+02,2.60E+00,1.13E-02,8.48E+01,5.35E-05,3.73E-01,2.02E-01,2.41E-01,2.46E+02,1.51E+01,2.61E+02,0.000427178,0.000445355
2.07E+04,90699,5.23E+01,7.50E-01,1.13E-02,8.48E+01,5.35E-05,3.74E-01,2.02E-01,2.42E-01,2.48E+02,1.54E+01,2.63E+02,0.000426645,0.000444802
2.07E+04,90700,2.16E+02,2.60E+00,1.13E-02,8.48E+01,5.35E-05,3.74E-01,2.02E-01,2.42E-01,2.48E+02,1.54E+01,2.63E+02,0.00042664,0.000444797
2.07E+04,9.08E+04,5.19E+01,7.51E-01,1.13E-02,8.48E+01,5.34E-05,3.74E-01,2.02E-01,2.41E-01,2.47E+02,1.52E+01,2.62E+02,0.000426108,0.000444245
2.07E+04,90800,2.15E+02,2.60E+00,1.13E-02,8.48E+01,5.34E-05,3.74E-01,2.02E-01,2.41E-01,2.47E+02,1.52E+01,2.62E+02,0.000426105,0.000444242
2.07E+04,90899,5.24E+01,7.51E-01,1.13E-02,8.48E+01,5.34E-05,3.73E-01,2.02E-01,2.43E-01,2.47E+02,1.55E+01,2.63E+02,0.000425577,0.000443695
2.07E+04,90900,2.15E+02,2.60E+00,1.13E-02,8.48E+01,5.34E-05,3.73E-01,2.02E-01,2.43E-01,2.47E+02,1.55E+01,2.63E+02,0.000425572,0.000443689
2.07E+04,9.10E+04,5.17E+01,7.50E-01,1.13E-02,8.48E+01,5.33E-05,3.72E-01,2.02E-01,2.41E-01,2.46E+02,1.52E+01,2.61E+02,0.000425042,0.00044314
2.07E+04,9.10E+04,2.15E+02,2.60E+00,1.13E-02,8.48E+01,5.33E-05,3.72E-01,2.02E-01,2.41E-01,2.46E+02,1.52E+01,2.61E+02,0.000425042,0.00044314
2.07E+04,91099,5.24E+01,7.50E-01,1.14E-02,8.48E+01,5.33E-05,3.72E-01,2.01E-01,2.44E-01,2.46E+02,1.56E+01,2.62E+02,0.000424514,0.000442593
2.07E+04,9.11E+04,2.15E+02,2.60E+00,1.14E-02,8.48E+01,5.33E-05,3.72E-01,2.01E-01,2.44E-01,2.46E+02,1.56E+01,2.62E+02,0.000424511,0.00044259
2.08E+04,91199,5.30E+01,7.54E-01,1.14E-02,8.48E+01,5.32E-05,3.75E-01,2.01E-01,2.46E-01,2.48E+02,1.60E+01,2.64E+02,0.000423984,0.000442044
2.08E+04,9.12E+04,2.15E+02,2.60E+00,1.14E-02,8.48E+01,5.32E-05,3.75E-01,2.01E-01,2.46E-01,2.48E+02,1.60E+01,2.64E+02,0.000423982,0.000442041
2.08E+04,9.13E+04,5.14E+01,7.52E-01,1.13E-02,8.48E+01,5.32E-05,3.72E-01,2.02E-01,2.40E-01,2.45E+02,1.50E+01,2.60E+02,0.000423453,0.000441493
2.08E+04,9.13E+04,2.14E+02,2.60E+00,1.13E-02,8.48E+01,5.32E-05,3.72E-01,2.02E-01,2.40E-01,2.45E+02,1.50E+01,2.60E+02,0.000423453,0.000441493
2.08E+04,9.14E+04,5.19E+01,7.52E-01,1.14E-02,8.48E+01,5.31E-05,3.71E-01,2.01E-01,2.42E-01,2.45E+02,1.53E+01,2.61E+02,0.000422926,0.000440946
2.08E+04,9.14E+04,2.14E+02,2.60E+00,1.14E-02,8.48E+01,5.31E-05,3.71E-01,2.01E-01,2.42E-01,2.45E+02,1.53E+01,2.61E+02,0.000422926,0.000440946
2.08E+04,9.15E+04,5.18E+01,7.52E-01,1.13E-02,8.48E+01,5.30E-05,3.72E-01,2.02E-01,2.41E-01,2.46E+02,1.52E+01,2.61E+02,0.0004224,0.000440401
2.08E+04,9.15E+04,2.15E+02,2.60E+00,1.13E-02,8.48E+01,5.30E-05,3.72E-01,2.02E-01,2.41E-01,2.46E+02,1.52E+01,2.61E+02,0.0004224,0.000440401
2.09E+04,91599,5.24E+01,7.52E-01,1.14E-02,8.48E+01,5.30E-05,3.72E-01,2.01E-01,2.44E-01,2.46E+02,1.56E+01,2.62E+02,0.000421878,0.00043986
2.09E+04,9.16E+04,2.15E+02,2.60E+00,1.14E-02,8.48E+01,5.30E-05,3.72E-01,2.01E-01,2.44E-01,2.46E+02,1.56E+01,2.62E+02,0.000421875,0.000439857
2.09E+04,9.17E+04,5.15E+01,7.53E-01,1.13E-02,8.48E+01,5.29E-05,3.73E-01,2.03E-01,2.39E-01,2.46E+02,1.49E+01,2.61E+02,0.000421352,0.000439314
2.09E+04,91700,2.15E+02,2.60E+00,1.13E-02,8.48E+01,5.29E-05,3.73E-01,2.03E-01,2.39E-01,2.46E+02,1.49E+01,2.61E+02,0.000421349,0.000439312
2.09E+04,91799,5.28E+01,7.53E-01,1.14E-02,8.48E+01,5.29E-05,3.72E-01,2.00E-01,2.46E-01,2.47E+02,1.59E+01,2.62E+02,0.000420832,0.000438776
2.09E+04,9.18E+04,2.15E+02,2.60E+00,1.14E-02,8.48E+01,5.29E-05,3.72E-01,2.00E-01,2.46E-01,2.47E+02,1.59E+01,2.62E+02,0.000420829,0.000438773
2.09E+04,91899,5.27E+01,7.52E-01,1.14E-02,8.48E+01,5.28E-05,3.71E-01,1.99E-01,2.46E-01,2.46E+02,1.58E+01,2.62E+02,0.000420311,0.000438235
2.09E+04,9.19E+04,2.14E+02,2.60E+00,1.14E-02,8.48E+01,5.28E-05,3.71E-01,1.99E-01,2.46E-01,2.46E+02,1.58E+01,2.62E+02,0.000420308,0.000438233
2.09E+04,91999,5.27E+01,7.52E-01,1.14E-02,8.48E+01,5.28E-05,3.72E-01,2.00E-01,2.45E-01,2.47E+02,1.58E+01,2.62E+02,0.000419791,0.000437696
2.09E+04,9.20E+04,2.15E+02,2.60E+00,1.14E-02,8.48E+01,5.28E-05,3.72E-01,2.00E-01,2.45E-01,2.47E+02,1.58E+01,2.62E+02,0.000419788,0.000437694
2.10E+04,9.21E+04,5.14E+01,7.51E-01,1.13E-02,8.49E+01,5.27E-05,3.73E-01,2.02E-01,2.39E-01,2.46E+02,1.49E+01,2.61E+02,0.00041927,0.000437156
2.10E+04,92100,2.15E+02,2.60E+00,1.13E-02,8.49E+01,5.27E-05,3.73E-01,2.02E-01,2.39E-01,2.46E+02,1.49E+01,2.61E+02,0.000419267,0.000437153
2.10E+04,92199,5.24E+01,7.54E-01,1.14E-02,8.49E+01,5.27E-05,3.73E-01,2.01E-01,2.44E-01,2.47E+02,1.57E+01,2.63E+02,0.000418755,0.000436622
2.10E+04,9.22E+04,2.15E+02,2.60E+00,1.14E-02,8.49E+01,5.27E-05,3.73E-01,2.01E-01,2.44E-01,2.47E+02,1.57E+01,2.63E+02,0.000418752,0.000436619
2.10E+04,92299,5.26E+01,7.51E-01,1.14E-02,8.49E+01,5.26E-05,3.72E-01,2.00E-01,2.45E-01,2.47E+02,1.58E+01,2.63E+02,0.000418239,0.000436087
2.10E+04,92300,2.15E+02,2.60E+00,1.14E-02,8.49E+01,5.26E-05,3.72E-01,2.00E-01,2.45E-01,2.47E+02,1.58E+01,2.63E+02,0.000418234,0.000436081
2.11E+04,92399,5.19E+01,7.51E-01,1.13E-02,8.49E+01,5.26E-05,3.73E-01,2.02E-01,2.42E-01,2.46E+02,1.53E+01,2.62E+02,0.000417724,0.000435553
2.11E+04,92400,2.15E+02,2.60E+00,1.13E-02,8.49E+01,5.25E-05,3.73E-01,2.02E-01,2.42E-01,2.46E+02,1.53E+01,2.62E+02,0.000417718,0.000435547
2.11E+04,92499,5.19E+01,7.51E-01,1.14E-02,8.49E+01,5.25E-05,3.71E-01,2.01E-01,2.42E-01,2.46E+02,1.53E+01,2.61E+02,0.00041721,0.00043502
2.11E+04,9.25E+04,2.14E+02,2.60E+00,1.14E-02,8.49E+01,5.25E-05,3.71E-01,2.01E-01,2.42E-01,2.46E+02,1.53E+01,2.61E+02,0.000417207,0.000435017
2.11E+04,9.26E+04,5.08E+01,7.50E-01,1.14E-02,8.49E+01,5.24E-05,3.70E-01,2.01E-01,2.38E-01,2.44E+02,1.47E+01,2.59E+02,0.000416694,0.000434486
2.11E+04,9.26E+04,2.13E+02,2.60E+00,1.14E-02,8.49E+01,5.24E-05,3.70E-01,2.01E-01,2.38E-01,2.44E+02,1.47E+01,2.59E+02,0.000416694,0.000434486
2.11E+04,92699,5.25E+01,7.51E-01,1.14E-02,8.49E+01,5.24E-05,3.72E-01,2.00E-01,2.45E-01,2.47E+02,1.57E+01,2.62E+02,0.000416186,0.000433958
2.11E+04,92700,2.15E+02,2.60E+00,1.14E-02,8.49E+01,5.24E-05,3.72E-01,2.00E-01,2.45E-01,2.47E+02,1.57E+01,2.62E+02,0.00041618,0.000433953
2.11E+04,92799,5.18E+01,7.50E-01,1.14E-02,8.49E+01,5.23E-05,3.71E-01,2.01E-01,2.42E-01,2.46E+02,1.53E+01,2.61E+02,0.000415675,0.000433429
2.11E+04,9.28E+04,2.14E+02,2.60E+00,1.14E-02,8.49E+01,5.23E-05,3.71E-01,2.01E-01,2.42E-01,2.46E+02,1.53E+01,2.61E+02,0.000415673,0.000433426
2.12E+04,92899,5.26E+01,7.52E-01,1.14E-02,8.49E+01,5.23E-05,3.72E-01,2.00E-01,2.45E-01,2.46E+02,1.58E+01,2.62E+02,0.000415166,0.000432901
2.12E+04,92900,2.15E+02,2.60E+00,1.14E-02,8.49E+01,5.23E-05,3.72E-01,2.00E-01,2.45E-01,2.46E+02,1.58E+01,2.62E+02,0.000415161,0.000432896
2.12E+04,92999,5.18E+01,7.50E-01,1.14E-02,8.49E+01,5.22E-05,3.70E-01,2.00E-01,2.43E-01,2.45E+02,1.54E+01,2.60E+02,0.000414658,0.000432374
2.12E+04,9.30E+04,2.13E+02,2.60E+00,1.14E-02,8.49E+01,5.22E-05,3.70E-01,2.00E-01,2.43E-01,2.45E+02,1.54E+01,2.60E+02,0.000414656,0.000432372
2.12E+04,93099,5.19E+01,7.51E-01,1.14E-02,8.49E+01,5.22E-05,3.70E-01,2.00E-01,2.43E-01,2.45E+02,1.54E+01,2.61E+02,0.000414151,0.000431849
2.12E+04,9.31E+04,2.14E+02,2.60E+00,1.14E-02,8.49E+01,5.22E-05,3.70E-01,2.00E-01,2.43E-01,2.45E+02,1.54E+01,2.61E+02,0.000414149,0.000431846
2.12E+04,9.32E+04,5.22E+01,7.54E-01,1.14E-02,8.49E+01,5.21E-05,3.75E-01,2.03E-01,2.42E-01,2.48E+02,1.55E+01,2.63E+02,0.000413643,0.000431322
2.12E+04,93200,2.15E+02,2.61E+00,1.14E-02,8.49E+01,5.21E-05,3.75E-01,2.03E-01,2.42E-01,2.48E+02,1.55E+01,2.63E+02,0.000413641,0.000431319
2.13E+04,93299,5.25E+01,7.53E-01,1.14E-02,8.49E+01,5.21E-05,3.71E-01,2.00E-01,2.45E-01,2.46E+02,1.57E+01,2.62E+02,0.000413141,0.000430801
2.13E+04,93300,2.14E+02,2.60E+00,1.14E-02,8.49E+01,5.21E-05,3.71E-01,2.00E-01,2.45E-01,2.46E+02,1.57E+01,2.62E+02,0.000413136,0.000430796
2.13E+04,93399,5.24E+01,7.53E-01,1.14E-02,8.49E+01,5.20E-05,3.70E-01,1.99E-01,2.45E-01,2.45E+02,1.57E+01,2.61E+02,0.000412638,0.000430279
2.13E+04,9.34E+04,2.13E+02,2.60E+00,1.14E-02,8.49E+01,5.20E-05,3.70E-01,1.99E-01,2.45E-01,2.45E+02,1.57E+01,2.61E+02,0.000412635,0.000430277
2.13E+04,93499,5.24E+01,7.53E-01,1.15E-02,8.49E+01,5.20E-05,3.70E-01,1.99E-01,2.45E-01,2.45E+02,1.57E+01,2.61E+02,0.000412136,0.000429759
2.13E+04,9.35E+04,2.13E+02,2.60E+00,1.15E-02,8.49E+01,5.20E-05,3.70E-01,1.99E-01,2.45E-01,2.45E+02,1.57E+01,2.61E+02,0.000412133,0.000429756
2.13E+04,9.36E+04,5.17E+01,7.53E-01,1.14E-02,8.49E+01,5.19E-05,3.71E-01,2.00E-01,2.42E-01,2.45E+02,1.52E+01,2.60E+02,0.000411632,0.000429237
2.13E+04,93600,2.14E+02,2.60E+00,1.14E-02,8.49E+01,5.19E-05,3.71E-01,2.00E-01,2.42E-01,2.45E+02,1.52E+01,2.60E+02,0.000411629,0.000429234
2.13E+04,9.37E+04,5.17E+01,7.53E-01,1.14E-02,8.49E+01,5.19E-05,3.71E-01,2.00E-01,2.42E-01,2.45E+02,1.52E+01,2.60E+02,0.000411132,0.000428718
2.13E+04,93700,2.14E+02,2.60E+00,1.14E-02,8.49E+01,5.19E-05,3.71E-01,2.00E-01,2.42E-01,2.45E+02,1.52E+01,2.60E+02,0.00041113,0.000428716
2.14E+04,9.38E+04,5.17E+01,7.53E-01,1.14E-02,8.49E+01,5.18E-05,3.71E-01,2.01E-01,2.42E-01,2.45E+02,1.52E+01,2.60E+02,0.000410633,0.000428201
2.14E+04,93800,2.14E+02,2.60E+00,1.14E-02,8.49E+01,5.18E-05,3.71E-01,2.01E-01,2.42E-01,2.45E+02,1.52E+01,2.60E+02,0.000410631,0.000428198
2.14E+04,9.39E+04,5.17E+01,7.53E-01,1.14E-02,8.49E+01,5.17E-05,3.70E-01,2.00E-01,2.42E-01,2.45E+02,1.52E+01,2.60E+02,0.000410136,0.000427685
2.14E+04,93900,2.14E+02,2.60E+00,1.14E-02,8.49E+01,5.17E-05,3.70E-01,2.00E-01,2.42E-01,2.45E+02,1.52E+01,2.60E+02,0.000410133,0.000427682
2.14E+04,9.40E+04,5.12E+01,7.54E-01,1.14E-02,8.49E+01,5.17E-05,3.70E-01,2.00E-01,2.40E-01,2.44E+02,1.49E+01,2.59E+02,0.000409639,0.00042717
2.14E+04,9.40E+04,2.13E+02,2.60E+00,1.14E-02,8.49E+01,5.17E-05,3.70E-01,2.00E-01,2.40E-01,2.44E+02,1.49E+01,2.59E+02,0.000409639,0.00042717
2.14E+04,94099,5.22E+01,7.51E-01,1.14E-02,8.50E+01,5.16E-05,3.71E-01,2.00E-01,2.44E-01,2.46E+02,1.56E+01,2.61E+02,0.000409146,0.000426659
2.14E+04,94100,2.14E+02,2.60E+00,1.14E-02,8.50E+01,5.16E-05,3.71E-01,2.00E-01,2.44E-01,2.46E+02,1.56E+01,2.61E+02,0.000409141,0.000426654
2.15E+04,94199,2.15E+02,2.61E+00,1.13E-02,8.50E+01,5.16E-05,3.74E-01,2.04E-01,2.37E-01,2.47E+02,1.47E+01,2.61E+02,0.000408652,0.000426147
2.15E+04,9.42E+04,5.10E+01,7.53E-01,1.13E-02,8.50E+01,5.16E-05,3.74E-01,2.04E-01,2.37E-01,2.47E+02,1.47E+01,2.61E+02,0.00040865,0.000426144
2.15E+04,9.43E+04,5.15E+01,7.51E-01,1.14E-02,8.50E+01,5.15E-05,3.69E-01,2.00E-01,2.41E-01,2.44E+02,1.51E+01,2.59E+02,0.000408156,0.000425633
2.15E+04,9.43E+04,2.13E+02,2.60E+00,1.14E-02,8.50E+01,5.15E-05,3.69E-01,2.00E-01,2.41E-01,2.44E+02,1.51E+01,2.59E+02,0.000408156,0.000425633
2.15E+04,94399,5.22E+01,7.51E-01,1.14E-02,8.50E+01,5.15E-05,3.70E-01,2.00E-01,2.44E-01,2.46E+02,1.56E+01,2.61E+02,0.000407667,0.000425125
2.15E+04,94400,2.14E+02,2.60E+00,1.14E-02,8.50E+01,5.15E-05,3.70E-01,2.00E-01,2.44E-01,2.46E+02,1.56E+01,2.61E+02,0.000407662,0.00042512
2.15E+04,9.45E+04,5.15E+01,7.52E-01,1.14E-02,8.50E+01,5.14E-05,3.70E-01,2.00E-01,2.41E-01,2.45E+02,1.51E+01,2.60E+02,0.000407174,0.000424613
2.15E+04,94500,2.14E+02,2.60E+00,1.14E-02,8.50E+01,5.14E-05,3.70E-01,2.00E-01,2.41E-01,2.45E+02,1.51E+01,2.60E+02,0.000407171,0.000424611
2.15E+04,9.46E+04,5.16E+01,7.51E-01,1.14E-02,8.50E+01,5.14E-05,3.68E-01,1.99E-01,2.42E-01,2.44E+02,1.52E+01,2.59E+02,0.000406684,0.000424106
2.15E+04,9.46E+04,2.13E+02,2.60E+00,1.14E-02,8.50E+01,5.14E-05,3.68E-01,1.99E-01,2.42E-01,2.44E+02,1.52E+01,2.59E+02,0.000406684,0.000424106
2.16E+04,94699,5.22E+01,7.52E-01,1.15E-02,8.50E+01,5.13E-05,3.68E-01,1.98E-01,2.45E-01,2.44E+02,1.56E+01,2.60E+02,0.000406198,0.000423601
2.16E+04,9.47E+04,2.13E+02,2.60E+00,1.15E-02,8.50E+01,5.13E-05,3.68E-01,1.98E-01,2.45E-01,2.44E+02,1.56E+01,2.60E+02,0.000406195,0.000423599
2.16E+04,94799,5.22E+01,7.52E-01,1.15E-02,8.50E+01,5.13E-05,3.69E-01,1.99E-01,2.45E-01,2.45E+02,1.56E+01,2.61E+02,0.00040571,0.000423096
2.16E+04,9.48E+04,2.13E+02,2.60E+00,1.15E-02,8.50E+01,5.13E-05,3.69E-01,1.99E-01,2.45E-01,2.45E+02,1.56E+01,2.61E+02,0.000405708,0.000423093
2.16E+04,9.49E+04,5.10E+01,7.52E-01,1.14E-02,8.50E+01,5.12E-05,3.69E-01,2.00E-01,2.39E-01,2.44E+02,1.48E+01,2.59E+02,0.000405221,0.000422589
2.16E+04,9.49E+04,2.13E+02,2.60E+00,1.14E-02,8.50E+01,5.12E-05,3.69E-01,2.00E-01,2.39E-01,2.44E+02,1.48E+01,2.59E+02,0.000405221,0.000422589
2.16E+04,9.50E+04,5.15E+01,7.50E-01,1.14E-02,8.50E+01,5.12E-05,3.70E-01,2.00E-01,2.41E-01,2.45E+02,1.51E+01,2.60E+02,0.000404736,0.000422085
2.16E+04,95000,2.14E+02,2.60E+00,1.14E-02,8.50E+01,5.12E-05,3.70E-01,2.00E-01,2.41E-01,2.45E+02,1.51E+01,2.60E+02,0.000404733,0.000422083
2.16E+04,95099,5.21E+01,7.52E-01,1.15E-02,8.50E+01,5.11E-05,3.68E-01,1.98E-01,2.45E-01,2.44E+02,1.56E+01,2.60E+02,0.000404254,0.000421586
2.16E+04,9.51E+04,2.13E+02,2.60E+00,1.15E-02,8.50E+01,5.11E-05,3.68E-01,1.98E-01,2.45E-01,2.44E+02,1.56E+01,2.60E+02,0.000404251,0.000421583
2.17E+04,95199,2.14E+02,2.61E+00,1.15E-02,8.50E+01,5.11E-05,3.72E-01,2.01E-01,2.43E-01,2.47E+02,1.55E+01,2.63E+02,0.000403771,0.000421085
2.17E+04,9.52E+04,5.20E+01,7.52E-01,1.15E-02,8.50E+01,5.11E-05,3.72E-01,2.01E-01,2.43E-01,2.47E+02,1.55E+01,2.63E+02,0.000403768,0.000421082
2.17E+04,9.53E+04,5.10E+01,7.50E-01,1.14E-02,8.50E+01,5.10E-05,3.68E-01,2.00E-01,2.40E-01,2.44E+02,1.48E+01,2.58E+02,0.000403286,0.000420582
2.17E+04,9.53E+04,2.13E+02,2.60E+00,1.14E-02,8.50E+01,5.10E-05,3.68E-01,2.00E-01,2.40E-01,2.44E+02,1.48E+01,2.58E+02,0.000403286,0.000420582
2.17E+04,95399,5.22E+01,7.51E-01,1.15E-02,8.50E+01,5.10E-05,3.69E-01,1.99E-01,2.45E-01,2.45E+02,1.57E+01,2.61E+02,0.000402807,0.000420086
2.17E+04,95400,2.13E+02,2.60E+00,1.15E-02,8.50E+01,5.10E-05,3.69E-01,1.99E-01,2.45E-01,2.45E+02,1.57E+01,2.61E+02,0.000402803,0.000420081
2.18E+04,95499,2.14E+02,2.60E+00,1.14E-02,8.50E+01,5.09E-05,3.69E-01,2.00E-01,2.42E-01,2.45E+02,1.52E+01,2.60E+02,0.000402328,0.000419588
2.18E+04,95499,5.16E+01,7.51E-01,1.14E-02,8.50E+01,5.09E-05,3.69E-01,2.00E-01,2.42E-01,2.45E+02,1.52E+01,2.60E+02,0.000402328,0.000419588
2.18E+04,95599,5.23E+01,7.52E-01,1.15E-02,8.50E+01,5.09E-05,3.68E-01,1.98E-01,2.46E-01,2.44E+02,1.57E+01,2.60E+02,0.000401849,0.000419091
2.18E+04,9.56E+04,2.13E+02,2.60E+00,1.15E-02,8.50E+01,5.09E-05,3.68E-01,1.98E-01,2.46E-01,2.44E+02,1.57E+01,2.60E+02,0.000401846,0.000419089
2.18E+04,95699,5.16E+01,7.50E-01,1.14E-02,8.50E+01,5.08E-05,3.69E-01,2.00E-01,2.42E-01,2.45E+02,1.52E+01,2.60E+02,0.000401371,0.000418596
2.18E+04,95700,2.13E+02,2.60E+00,1.14E-02,8.50E+01,5.08E-05,3.69E-01,2.00E-01,2.42E-01,2.45E+02,1.52E+01,2.60E+02,0.000401366,0.000418591
2.18E+04,95799,5.17E+01,7.50E-01,1.15E-02,8.50E+01,5.08E-05,3.67E-01,1.98E-01,2.43E-01,2.44E+02,1.53E+01,2.59E+02,0.000400894,0.000418102
2.18E+04,9.58E+04,2.12E+02,2.60E+00,1.15E-02,8.50E+01,5.08E-05,3.67E-01,1.98E-01,2.43E-01,2.44E+02,1.53E+01,2.59E+02,0.000400892,0.000418099
2.18E+04,95899,5.24E+01,7.53E-01,1.15E-02,8.50E+01,5.07E-05,3.68E-01,1.97E-01,2.46E-01,2.44E+02,1.58E+01,2.60E+02,0.000400418,0.000417608
2.18E+04,9.59E+04,2.13E+02,2.60E+00,1.15E-02,8.50E+01,5.07E-05,3.68E-01,1.97E-01,2.46E-01,2.44E+02,1.58E+01,2.60E+02,0.000400416,0.000417606
2.19E+04,9.60E+04,5.10E+01,7.50E-01,1.14E-02,8.51E+01,5.07E-05,3.67E-01,1.99E-01,2.40E-01,2.43E+02,1.49E+01,2.58E+02,0.000399941,0.000417114
2.19E+04,9.60E+04,2.12E+02,2.60E+00,1.14E-02,8.51E+01,5.07E-05,3.67E-01,1.99E-01,2.40E-01,2.43E+02,1.49E+01,2.58E+02,0.000399941,0.000417114
2.19E+04,96099,5.15E+01,7.52E-01,1.15E-02,8.51E+01,5.06E-05,3.67E-01,1.98E-01,2.43E-01,2.43E+02,1.52E+01,2.59E+02,0.00039947,0.000416625
2.19E+04,9.61E+04,2.12E+02,2.60E+00,1.15E-02,8.51E+01,5.06E-05,3.67E-01,1.98E-01,2.43E-01,2.43E+02,1.52E+01,2.59E+02,0.000399468,0.000416622
2.19E+04,96199,2.14E+02,2.61E+00,1.14E-02,8.51E+01,5.06E-05,3.72E-01,2.02E-01,2.39E-01,2.46E+02,1.49E+01,2.61E+02,0.000398998,0.000416135
2.19E+04,9.62E+04,5.13E+01,7.55E-01,1.14E-02,8.51E+01,5.06E-05,3.72E-01,2.02E-01,2.39E-01,2.46E+02,1.49E+01,2.61E+02,0.000398995,0.000416132
2.19E+04,9.63E+04,5.13E+01,7.53E-01,1.14E-02,8.51E+01,5.05E-05,3.68E-01,1.99E-01,2.41E-01,2.43E+02,1.50E+01,2.58E+02,0.000398524,0.000415643
2.19E+04,9.63E+04,2.13E+02,2.60E+00,1.14E-02,8.51E+01,5.05E-05,3.68E-01,1.99E-01,2.41E-01,2.43E+02,1.50E+01,2.58E+02,0.000398524,0.000415643
2.20E+04,9.64E+04,5.12E+01,7.53E-01,1.14E-02,8.51E+01,5.05E-05,3.69E-01,2.00E-01,2.40E-01,2.44E+02,1.49E+01,2.59E+02,0.000398053,0.000415156
2.20E+04,96400,2.13E+02,2.60E+00,1.14E-02,8.51E+01,5.05E-05,3.69E-01,2.00E-01,2.40E-01,2.44E+02,1.49E+01,2.59E+02,0.000398051,0.000415153
2.20E+04,9.65E+04,5.14E+01,7.53E-01,1.15E-02,8.51E+01,5.04E-05,3.67E-01,1.98E-01,2.43E-01,2.43E+02,1.52E+01,2.58E+02,0.000397584,0.000414669
2.20E+04,9.65E+04,2.12E+02,2.60E+00,1.15E-02,8.51E+01,5.04E-05,3.67E-01,1.98E-01,2.43E-01,2.43E+02,1.52E+01,2.58E+02,0.000397584,0.000414669
2.20E+04,96599,5.19E+01,7.52E-01,1.14E-02,8.51E+01,5.04E-05,3.69E-01,1.99E-01,2.43E-01,2.45E+02,1.54E+01,2.60E+02,0.000397118,0.000414185
2.20E+04,96600,2.13E+02,2.60E+00,1.14E-02,8.51E+01,5.04E-05,3.69E-01,1.99E-01,2.43E-01,2.45E+02,1.54E+01,2.60E+02,0.000397113,0.000414181
2.20E+04,96699,5.26E+01,7.52E-01,1.15E-02,8.51E+01,5.03E-05,3.68E-01,1.97E-01,2.47E-01,2.45E+02,1.59E+01,2.61E+02,0.000396651,0.000413701
2.20E+04,9.67E+04,2.13E+02,2.60E+00,1.15E-02,8.51E+01,5.03E-05,3.68E-01,1.97E-01,2.47E-01,2.45E+02,1.59E+01,2.61E+02,0.000396648,0.000413698
2.20E+04,96799,5.27E+01,7.53E-01,1.15E-02,8.51E+01,5.03E-05,3.68E-01,1.97E-01,2.48E-01,2.45E+02,1.60E+01,2.61E+02,0.000396184,0.000413217
2.20E+04,9.68E+04,2.13E+02,2.60E+00,1.15E-02,8.51E+01,5.03E-05,3.68E-01,1.97E-01,2.48E-01,2.45E+02,1.60E+01,2.61E+02,0.000396182,0.000413215
2.21E+04,9.69E+04,5.12E+01,7.52E-01,1.15E-02,8.51E+01,5.02E-05,3.66E-01,1.98E-01,2.42E-01,2.43E+02,1.51E+01,2.58E+02,0.000395717,0.000412732
2.21E+04,9.69E+04,2.12E+02,2.60E+00,1.15E-02,8.51E+01,5.02E-05,3.66E-01,1.98E-01,2.42E-01,2.43E+02,1.51E+01,2.58E+02,0.000395717,0.000412732
2.21E+04,9.70E+04,5.12E+01,7.52E-01,1.14E-02,8.51E+01,5.02E-05,3.67E-01,1.99E-01,2.41E-01,2.43E+02,1.50E+01,2.58E+02,0.000395253,0.000412251
2.21E+04,9.70E+04,2.12E+02,2.60E+00,1.14E-02,8.51E+01,5.02E-05,3.67E-01,1.99E-01,2.41E-01,2.43E+02,1.50E+01,2.58E+02,0.000395253,0.000412251
2.21E+04,9.71E+04,5.12E+01,7.52E-01,1.14E-02,8.51E+01,5.01E-05,3.67E-01,1.99E-01,2.41E-01,2.43E+02,1.50E+01,2.58E+02,0.000394789,0.00041177
2.21E+04,9.71E+04,2.12E+02,2.60E+00,1.14E-02,8.51E+01,5.01E-05,3.67E-01,1.99E-01,2.41E-01,2.43E+02,1.50E+01,2.58E+02,0.000394789,0.00041177
2.21E+04,97199,2.12E+02,2.60E+00,1.16E-02,8.51E+01,5.01E-05,3.67E-01,1.95E-01,2.50E-01,2.43E+02,1.63E+01,2.59E+02,0.000394329,0.000411293
2.21E+04,9.72E+04,5.31E+01,7.64E-01,1.16E-02,8.51E+01,5.01E-05,3.67E-01,1.95E-01,2.50E-01,2.43E+02,1.63E+01,2.59E+02,0.000394327,0.000411291
2.22E+04,9.73E+04,5.11E+01,7.52E-01,1.14E-02,8.51E+01,5.00E-05,3.67E-01,1.98E-01,2.41E-01,2.43E+02,1.50E+01,2.58E+02,0.000393866,0.000410813
2.22E+04,9.73E+04,2.12E+02,2.60E+00,1.14E-02,8.51E+01,5.00E-05,3.67E-01,1.98E-01,2.41E-01,2.43E+02,1.50E+01,2.58E+02,0.000393866,0.000410813
2.22E+04,97399,5.16E+01,7.52E-01,1.15E-02,8.51E+01,5.00E-05,3.65E-01,1.97E-01,2.44E-01,2.42E+02,1.54E+01,2.58E+02,0.000393408,0.000410338
2.22E+04,9.74E+04,2.11E+02,2.60E+00,1.15E-02,8.51E+01,5.00E-05,3.65E-01,1.97E-01,2.44E-01,2.42E+02,1.54E+01,2.58E+02,0.000393406,0.000410335
2.22E+04,97499,5.17E+01,7.52E-01,1.15E-02,8.51E+01,4.99E-05,3.66E-01,1.98E-01,2.44E-01,2.43E+02,1.54E+01,2.59E+02,0.000392949,0.000409862
2.22E+04,9.75E+04,2.12E+02,2.60E+00,1.15E-02,8.51E+01,4.99E-05,3.66E-01,1.98E-01,2.44E-01,2.43E+02,1.54E+01,2.59E+02,0.000392947,0.000409859
2.22E+04,97599,5.17E+01,7.52E-01,1.15E-02,8.51E+01,4.99E-05,3.66E-01,1.97E-01,2.44E-01,2.43E+02,1.54E+01,2.58E+02,0.000392491,0.000409386
2.22E+04,9.76E+04,2.12E+02,2.60E+00,1.15E-02,8.51E+01,4.99E-05,3.66E-01,1.97E-01,2.44E-01,2.43E+02,1.54E+01,2.58E+02,0.000392489,0.000409384
2.22E+04,9.77E+04,5.11E+01,7.52E-01,1.15E-02,8.51E+01,4.98E-05,3.66E-01,1.98E-01,2.41E-01,2.43E+02,1.50E+01,2.58E+02,0.000392031,0.00040891
2.22E+04,9.77E+04,2.12E+02,2.60E+00,1.15E-02,8.51E+01,4.98E-05,3.66E-01,1.98E-01,2.41E-01,2.43E+02,1.50E+01,2.58E+02,0.000392031,0.00040891
2.23E+04,97799,5.17E+01,7.53E-01,1.15E-02,8.51E+01,4.98E-05,3.66E-01,1.97E-01,2.44E-01,2.43E+02,1.54E+01,2.59E+02,0.000391578,0.000408439
2.23E+04,9.78E+04,2.12E+02,2.60E+00,1.15E-02,8.51E+01,4.98E-05,3.66E-01,1.97E-01,2.44E-01,2.43E+02,1.54E+01,2.59E+02,0.000391575,0.000408437
2.23E+04,9.79E+04,5.12E+01,7.52E-01,1.15E-02,8.51E+01,4.97E-05,3.66E-01,1.98E-01,2.41E-01,2.43E+02,1.50E+01,2.58E+02,0.00039112,0.000407965
2.23E+04,9.79E+04,2.12E+02,2.60E+00,1.15E-02,8.51E+01,4.97E-05,3.66E-01,1.98E-01,2.41E-01,2.43E+02,1.50E+01,2.58E+02,0.00039112,0.000407965
2.23E+04,97999,5.24E+01,7.53E-01,1.16E-02,8.52E+01,4.97E-05,3.66E-01,1.96E-01,2.47E-01,2.44E+02,1.59E+01,2.60E+02,0.000390668,0.000407496
2.23E+04,9.80E+04,2.12E+02,2.60E+00,1.16E-02,8.52E+01,4.97E-05,3.66E-01,1.96E-01,2.47E-01,2.44E+02,1.59E+01,2.60E+02,0.000390666,0.000407494
2.23E+04,9.81E+04,5.12E+01,7.52E-01,1.15E-02,8.52E+01,4.96E-05,3.66E-01,1.98E-01,2.41E-01,2.43E+02,1.50E+01,2.58E+02,0.000390213,0.000407024
2.23E+04,9.81E+04,2.12E+02,2.60E+00,1.15E-02,8.52E+01,4.96E-05,3.66E-01,1.98E-01,2.41E-01,2.43E+02,1.50E+01,2.58E+02,0.000390213,0.000407024
22375,98199,2.12E+02,2.60E+00,1.16E-02,8.52E+01,4.96E-05,3.66E-01,1.94E-01,2.52E-01,2.43E+02,1.65E+01,2.60E+02,0.000389763,0.000406557
2.24E+04,9.82E+04,5.33E+01,7.65E-01,1.16E-02,8.52E+01,4.96E-05,3.66E-01,1.94E-01,2.52E-01,2.43E+02,1.65E+01,2.60E+02,0.000389761,0.000406555
2.24E+04,98299,5.16E+01,7.51E-01,1.15E-02,8.52E+01,4.95E-05,3.66E-01,1.98E-01,2.43E-01,2.43E+02,1.53E+01,2.59E+02,0.000389312,0.000406089
2.24E+04,98300,2.12E+02,2.60E+00,1.15E-02,8.52E+01,4.95E-05,3.66E-01,1.98E-01,2.43E-01,2.43E+02,1.53E+01,2.59E+02,0.000389307,0.000406084
2.24E+04,98399,5.17E+01,7.52E-01,1.15E-02,8.52E+01,4.95E-05,3.66E-01,1.97E-01,2.44E-01,2.43E+02,1.53E+01,2.58E+02,0.000388862,0.000405622
2.24E+04,98400,2.12E+02,2.60E+00,1.15E-02,8.52E+01,4.95E-05,3.66E-01,1.97E-01,2.44E-01,2.43E+02,1.53E+01,2.58E+02,0.000388857,0.000405617
2.24E+04,9.85E+04,5.10E+01,7.49E-01,1.15E-02,8.52E+01,4.94E-05,3.66E-01,1.98E-01,2.41E-01,2.43E+02,1.49E+01,2.58E+02,0.00038841,0.000405154
2.24E+04,98500,2.12E+02,2.60E+00,1.15E-02,8.52E+01,4.94E-05,3.66E-01,1.98E-01,2.41E-01,2.43E+02,1.49E+01,2.58E+02,0.000388408,0.000405151
2.25E+04,9.86E+04,5.11E+01,7.52E-01,1.15E-02,8.52E+01,4.94E-05,3.66E-01,1.98E-01,2.41E-01,2.43E+02,1.50E+01,2.58E+02,0.000387962,0.000404689
2.25E+04,98600,2.12E+02,2.60E+00,1.15E-02,8.52E+01,4.94E-05,3.66E-01,1.98E-01,2.41E-01,2.43E+02,1.50E+01,2.58E+02,0.00038796,0.000404686
2.25E+04,9.87E+04,5.10E+01,7.51E-01,1.15E-02,8.52E+01,4.93E-05,3.66E-01,1.98E-01,2.40E-01,2.43E+02,1.49E+01,2.57E+02,0.000387515,0.000404225
2.25E+04,98700,2.12E+02,2.60E+00,1.15E-02,8.52E+01,4.93E-05,3.66E-01,1.98E-01,2.40E-01,2.43E+02,1.49E+01,2.57E+02,0.000387512,0.000404223
2.25E+04,9.88E+04,5.11E+01,7.51E-01,1.15E-02,8.52E+01,4.93E-05,3.65E-01,1.97E-01,2.42E-01,2.42E+02,1.50E+01,2.57E+02,0.000387068,0.000403762
2.25E+04,9.88E+04,2.11E+02,2.60E+00,1.15E-02,8.52E+01,4.93E-05,3.65E-01,1.97E-01,2.42E-01,2.42E+02,1.50E+01,2.57E+02,0.000387068,0.000403762
2.25E+04,98899,5.16E+01,7.52E-01,1.15E-02,8.52E+01,4.93E-05,3.67E-01,1.98E-01,2.43E-01,2.44E+02,1.53E+01,2.59E+02,0.000386625,0.000403302
2.25E+04,98900,2.12E+02,2.60E+00,1.15E-02,8.52E+01,4.93E-05,3.67E-01,1.98E-01,2.43E-01,2.44E+02,1.53E+01,2.59E+02,0.000386621,0.000403298
2.25E+04,98999,5.17E+01,7.50E-01,1.15E-02,8.52E+01,4.92E-05,3.66E-01,1.98E-01,2.44E-01,2.44E+02,1.54E+01,2.59E+02,0.000386181,0.000402841
2.25E+04,99000,2.12E+02,2.60E+00,1.15E-02,8.52E+01,4.92E-05,3.66E-01,1.98E-01,2.44E-01,2.44E+02,1.54E+01,2.59E+02,0.000386176,0.000402837
2.26E+04,9.91E+04,5.11E+01,7.51E-01,1.15E-02,8.52E+01,4.92E-05,3.66E-01,1.98E-01,2.41E-01,2.43E+02,1.49E+01,2.58E+02,0.000385735,0.000402379
2.26E+04,99100,2.12E+02,2.60E+00,1.15E-02,8.52E+01,4.92E-05,3.66E-01,1.98E-01,2.41E-01,2.43E+02,1.49E+01,2.58E+02,0.000385733,0.000402377
2.26E+04,99199,2.14E+02,2.61E+00,1.22E-02,8.52E+01,4.91E-05,3.71E-01,3.71E-01,0,2.79E+02,1.58E+01,2.95E+02,0.000385295,0.000401922
2.26E+04,9.93E+04,5.09E+01,7.52E-01,1.15E-02,8.52E+01,4.91E-05,3.66E-01,1.98E-01,2.40E-01,2.42E+02,1.58E+01,2.58E+02,0.000384851,0.000401462
2.26E+04,9.93E+04,2.12E+02,2.60E+00,1.15E-02,8.52E+01,4.91E-05,3.66E-01,1.98E-01,2.40E-01,2.42E+02,1.51E+01,2.58E+02,0.000384851,0.000401462
2.26E+04,9.94E+04,5.14E+01,7.54E-01,1.15E-02,8.52E+01,4.90E-05,3.65E-01,1.97E-01,2.43E-01,2.42E+02,1.51E+01,2.57E+02,0.00038441,0.000401005
2.26E+04,9.94E+04,2.12E+02,2.60E+00,1.15E-02,8.52E+01,4.90E-05,3.65E-01,1.97E-01,2.43E-01,2.42E+02,1.52E+01,2.58E+02,0.00038441,0.000401005
2.27E+04,9.95E+04,5.14E+01,7.54E-01,1.15E-02,8.52E+01,4.90E-05,3.66E-01,1.98E-01,2.42E-01,2.43E+02,1.52E+01,2.58E+02,0.000383971,0.000400549
2.27E+04,99500,2.12E+02,2.60E+00,1.15E-02,8.52E+01,4.90E-05,3.66E-01,1.98E-01,2.42E-01,2.43E+02,1.51E+01,2.58E+02,0.000383969,0.000400547
2.27E+04,9.96E+04,5.14E+01,7.53E-01,1.15E-02,8.52E+01,4.89E-05,3.65E-01,1.97E-01,2.43E-01,2.43E+02,1.51E+01,2.58E+02,0.000383532,0.000400094
2.27E+04,9.96E+04,2.12E+02,2.60E+00,1.15E-02,8.52E+01,4.89E-05,3.65E-01,1.97E-01,2.43E-01,2.43E+02,1.52E+01,2.58E+02,0.000383532,0.000400094
2.27E+04,9.97E+04,5.14E+01,7.53E-01,1.15E-02,8.52E+01,4.89E-05,3.65E-01,1.97E-01,2.43E-01,2.42E+02,1.52E+01,2.58E+02,0.000383094,0.00039964
2.27E+04,9.97E+04,2.12E+02,2.60E+00,1.15E-02,8.52E+01,4.89E-05,3.65E-01,1.97E-01,2.43E-01,2.42E+02,1.53E+01,2.58E+02,0.000383094,0.00039964
2.27E+04,9.98E+04,5.15E+01,7.53E-01,1.15E-02,8.52E+01,4.88E-05,3.65E-01,1.97E-01,2.43E-01,2.43E+02,1.53E+01,2.58E+02,0.000382658,0.000399187
2.27E+04,9.98E+04,2.12E+02,2.60E+00,1.15E-02,8.52E+01,4.88E-05,3.65E-01,1.97E-01,2.43E-01,2.43E+02,1.56E+01,2.58E+02,0.000382658,0.000399187
2.27E+04,99899,5.20E+01,7.52E-01,1.17E-02,8.52E+01,4.88E-05,3.63E-01,1.94E-01,2.47E-01,2.42E+02,1.56E+01,2.57E+02,0.000382224,0.000398737
2.27E+04,9.99E+04,2.10E+02,2.60E+00,1.17E-02,8.52E+01,4.88E-05,3.63E-01,1.94E-01,2.47E-01,2.42E+02,1.57E+01,2.58E+02,0.000382222,0.000398735
2.28E+04,99999,5.20E+01,7.53E-01,1.15E-02,8.53E+01,4.87E-05,3.66E-01,1.97E-01,2.45E-01,2.44E+02,1.57E+01,2.59E+02,0.000381789,0.000398286
2.28E+04,100000,2.12E+02,2.60E+00,1.15E-02,8.53E+01,4.87E-05,3.66E-01,1.97E-01,2.45E-01,2.44E+02,1.49E+01,2.58E+02,0.000381785,0.000398281
2.28E+04,1.00E+05,5.08E+01,7.53E-01,1.15E-02,8.53E+01,4.87E-05,3.65E-01,1.98E-01,2.40E-01,2.42E+02,1.49E+01,2.57E+02,0.000381353,0.000397833
2.28E+04,1.00E+05,2.12E+02,2.60E+00,1.15E-02,8.53E+01,4.87E-05,3.65E-01,1.98E-01,2.40E-01,2.42E+02,1.37E+01,2.56E+02,0.000381353,0.000397833
2.28E+04,1.00E+05,4.89E+01,7.43E-01,1.52E-02,8.53E+01,4.86E-05,2.41E-02,2.41E-02,0,1.82E+01,1.37E+01,3.19E+01,0.00038092,0.000397384
2.28E+04,1.00E+05,5.11E+01,7.51E-01,1.15E-02,8.53E+01,4.86E-05,3.64E-01,1.97E-01,2.42E-01,2.42E+02,1.50E+01,2.57E+02,0.000380487,0.000396936
2.28E+04,1.00E+05,2.11E+02,2.60E+00,1.15E-02,8.53E+01,4.86E-05,3.64E-01,1.97E-01,2.42E-01,2.42E+02,1.50E+01,2.57E+02,0.000380487,0.000396936
2.29E+04,1.00E+05,5.11E+01,7.51E-01,1.16E-02,8.53E+01,4.85E-05,3.63E-01,1.96E-01,2.43E-01,2.41E+02,1.51E+01,2.56E+02,0.000380056,0.000396488
2.29E+04,1.00E+05,2.10E+02,2.60E+00,1.16E-02,8.53E+01,4.85E-05,3.63E-01,1.96E-01,2.43E-01,2.41E+02,1.51E+01,2.56E+02,0.000380056,0.000396488
2.29E+04,1.00E+05,5.11E+01,7.53E-01,1.16E-02,8.53E+01,4.85E-05,3.63E-01,1.96E-01,2.43E-01,2.41E+02,1.51E+01,2.56E+02,0.000379626,0.000396042
2.29E+04,1.00E+05,2.10E+02,2.60E+00,1.16E-02,8.53E+01,4.85E-05,3.63E-01,1.96E-01,2.43E-01,2.41E+02,1.51E+01,2.56E+02,0.000379626,0.000396042
2.29E+04,100599,2.12E+02,2.60E+00,1.16E-02,8.53E+01,4.85E-05,3.66E-01,1.97E-01,2.47E-01,2.44E+02,1.58E+01,2.60E+02,0.000379199,0.000395599
2.29E+04,100599,5.23E+01,7.51E-01,1.16E-02,8.53E+01,4.85E-05,3.66E-01,1.97E-01,2.47E-01,2.44E+02,1.58E+01,2.60E+02,0.000379199,0.000395599
2.29E+04,100699,5.17E+01,7.51E-01,1.16E-02,8.53E+01,4.84E-05,3.65E-01,1.97E-01,2.44E-01,2.43E+02,1.54E+01,2.59E+02,0.00037877,0.000395154
2.29E+04,100700,2.12E+02,2.60E+00,1.16E-02,8.53E+01,4.84E-05,3.65E-01,1.97E-01,2.44E-01,2.43E+02,1.54E+01,2.59E+02,0.000378766,0.00039515
2.29E+04,100799,5.17E+01,7.52E-01,1.16E-02,8.53E+01,4.84E-05,3.64E-01,1.96E-01,2.45E-01,2.42E+02,1.55E+01,2.58E+02,0.000378343,0.000394711
2.29E+04,1.01E+05,2.11E+02,2.60E+00,1.16E-02,8.53E+01,4.84E-05,3.64E-01,1.96E-01,2.45E-01,2.42E+02,1.55E+01,2.58E+02,0.00037834,0.000394708
2.30E+04,1.01E+05,5.06E+01,7.52E-01,1.15E-02,8.53E+01,4.83E-05,3.65E-01,1.98E-01,2.39E-01,2.42E+02,1.47E+01,2.57E+02,0.000377914,0.000394266
2.30E+04,100900,2.11E+02,2.60E+00,1.15E-02,8.53E+01,4.83E-05,3.65E-01,1.98E-01,2.39E-01,2.42E+02,1.47E+01,2.57E+02,0.000377912,0.000394264
2.30E+04,100999,5.16E+01,7.52E-01,1.16E-02,8.53E+01,4.83E-05,3.65E-01,1.96E-01,2.44E-01,2.43E+02,1.54E+01,2.58E+02,0.00037749,0.000393826
2.30E+04,101000,2.11E+02,2.60E+00,1.16E-02,8.53E+01,4.83E-05,3.65E-01,1.96E-01,2.44E-01,2.43E+02,1.54E+01,2.58E+02,0.000377486,0.000393822
2.30E+04,1.01E+05,5.09E+01,7.51E-01,1.15E-02,8.53E+01,4.82E-05,3.65E-01,1.98E-01,2.41E-01,2.42E+02,1.49E+01,2.57E+02,0.000377063,0.000393383
2.30E+04,101100,2.12E+02,2.60E+00,1.15E-02,8.53E+01,4.82E-05,3.65E-01,1.98E-01,2.41E-01,2.42E+02,1.49E+01,2.57E+02,0.000377061,0.000393381
2.30E+04,1.01E+05,5.09E+01,7.50E-01,1.16E-02,8.53E+01,4.82E-05,3.63E-01,1.97E-01,2.42E-01,2.41E+02,1.50E+01,2.56E+02,0.000376639,0.000392943
2.30E+04,1.01E+05,2.11E+02,2.60E+00,1.16E-02,8.53E+01,4.82E-05,3.63E-01,1.97E-01,2.42E-01,2.41E+02,1.50E+01,2.56E+02,0.000376639,0.000392943
2.31E+04,101299,5.18E+01,7.53E-01,1.16E-02,8.53E+01,4.81E-05,3.63E-01,1.95E-01,2.46E-01,2.42E+02,1.56E+01,2.57E+02,0.000376218,0.000392507
2.31E+04,1.01E+05,2.10E+02,2.60E+00,1.16E-02,8.53E+01,4.81E-05,3.63E-01,1.95E-01,2.46E-01,2.42E+02,1.56E+01,2.57E+02,0.000376216,0.000392504
2.31E+04,1.01E+05,5.06E+01,7.52E-01,1.15E-02,8.53E+01,4.81E-05,3.64E-01,1.97E-01,2.40E-01,2.41E+02,1.48E+01,2.56E+02,0.000375794,0.000392066
2.31E+04,1.01E+05,2.11E+02,2.60E+00,1.15E-02,8.53E+01,4.81E-05,3.64E-01,1.97E-01,2.40E-01,2.41E+02,1.48E+01,2.56E+02,0.000375794,0.000392066
2.31E+04,101499,5.26E+01,7.53E-01,1.17E-02,8.53E+01,4.80E-05,3.63E-01,1.94E-01,2.50E-01,2.42E+02,1.62E+01,2.59E+02,0.000375375,0.000391632
2.31E+04,1.01E+05,2.10E+02,2.60E+00,1.17E-02,8.53E+01,4.80E-05,3.63E-01,1.94E-01,2.50E-01,2.42E+02,1.62E+01,2.59E+02,0.000375373,0.000391629
2.31E+04,101599,5.18E+01,7.52E-01,1.16E-02,8.53E+01,4.80E-05,3.63E-01,1.95E-01,2.46E-01,2.42E+02,1.56E+01,2.58E+02,0.000374954,0.000391195
2.31E+04,1.02E+05,2.10E+02,2.60E+00,1.16E-02,8.53E+01,4.80E-05,3.63E-01,1.95E-01,2.46E-01,2.42E+02,1.56E+01,2.58E+02,0.000374952,0.000391193
2.32E+04,101699,5.18E+01,7.52E-01,1.16E-02,8.53E+01,4.80E-05,3.63E-01,1.96E-01,2.45E-01,2.42E+02,1.55E+01,2.58E+02,0.000374535,0.00039076
2.32E+04,1.02E+05,2.11E+02,2.60E+00,1.16E-02,8.53E+01,4.80E-05,3.63E-01,1.96E-01,2.45E-01,2.42E+02,1.55E+01,2.58E+02,0.000374533,0.000390758
2.32E+04,101799,5.18E+01,7.53E-01,1.15E-02,8.53E+01,4.79E-05,3.64E-01,1.96E-01,2.45E-01,2.42E+02,1.55E+01,2.58E+02,0.000374116,0.000390326
2.32E+04,101800,2.11E+02,2.60E+00,1.15E-02,8.53E+01,4.79E-05,3.64E-01,1.96E-01,2.45E-01,2.42E+02,1.55E+01,2.58E+02,0.000374112,0.000390321
2.32E+04,1.02E+05,5.07E+01,7.53E-01,1.16E-02,8.53E+01,4.79E-05,3.62E-01,1.96E-01,2.41E-01,2.40E+02,1.49E+01,2.55E+02,0.000373696,0.00038989
2.32E+04,1.02E+05,2.10E+02,2.60E+00,1.16E-02,8.53E+01,4.79E-05,3.62E-01,1.96E-01,2.41E-01,2.40E+02,1.49E+01,2.55E+02,0.000373696,0.00038989
2.32E+04,1.02E+05,5.11E+01,7.51E-01,1.15E-02,8.53E+01,4.78E-05,3.64E-01,1.97E-01,2.42E-01,2.42E+02,1.51E+01,2.57E+02,0.000373279,0.000389458
2.32E+04,102000,2.11E+02,2.60E+00,1.15E-02,8.53E+01,4.78E-05,3.64E-01,1.97E-01,2.42E-01,2.42E+02,1.51E+01,2.57E+02,0.000373277,0.000389456
2.32E+04,1.02E+05,5.07E+01,7.52E-01,1.15E-02,8.54E+01,4.78E-05,3.63E-01,1.97E-01,2.41E-01,2.41E+02,1.48E+01,2.56E+02,0.000372863,0.000389026
2.32E+04,1.02E+05,2.11E+02,2.60E+00,1.15E-02,8.54E+01,4.78E-05,3.63E-01,1.97E-01,2.41E-01,2.41E+02,1.48E+01,2.56E+02,0.000372863,0.000389026
2.33E+04,1.02E+05,5.13E+01,7.52E-01,1.16E-02,8.54E+01,4.77E-05,3.63E-01,1.96E-01,2.43E-01,2.42E+02,1.52E+01,2.57E+02,0.000372448,0.000388595
2.33E+04,1.02E+05,2.11E+02,2.60E+00,1.16E-02,8.54E+01,4.77E-05,3.63E-01,1.96E-01,2.43E-01,2.42E+02,1.52E+01,2.57E+02,0.000372448,0.000388595
2.33E+04,102299,5.20E+01,7.52E-01,1.16E-02,8.54E+01,4.77E-05,3.63E-01,1.95E-01,2.47E-01,2.42E+02,1.58E+01,2.58E+02,0.000372036,0.000388168
2.33E+04,1.02E+05,2.11E+02,2.60E+00,1.16E-02,8.54E+01,4.77E-05,3.63E-01,1.95E-01,2.47E-01,2.42E+02,1.58E+01,2.58E+02,0.000372034,0.000388166
2.33E+04,1.02E+05,5.07E+01,7.52E-01,1.16E-02,8.54E+01,4.76E-05,3.61E-01,1.95E-01,2.42E-01,2.40E+02,1.49E+01,2.55E+02,0.00037162,0.000387737
2.33E+04,1.02E+05,2.10E+02,2.60E+00,1.16E-02,8.54E+01,4.76E-05,3.61E-01,1.95E-01,2.42E-01,2.40E+02,1.49E+01,2.55E+02,0.00037162,0.000387737
2.33E+04,102499,5.13E+01,7.52E-01,1.16E-02,8.54E+01,4.76E-05,3.63E-01,1.96E-01,2.44E-01,2.41E+02,1.52E+01,2.57E+02,0.00037121,0.000387311
2.33E+04,1.02E+05,2.10E+02,2.60E+00,1.16E-02,8.54E+01,4.76E-05,3.63E-01,1.96E-01,2.44E-01,2.41E+02,1.52E+01,2.57E+02,0.000371208,0.000387309
2.34E+04,102599,5.19E+01,7.51E-01,1.16E-02,8.54E+01,4.76E-05,3.63E-01,1.95E-01,2.47E-01,2.42E+02,1.57E+01,2.58E+02,0.000370798,0.000386884
2.34E+04,1.03E+05,2.10E+02,2.60E+00,1.16E-02,8.54E+01,4.76E-05,3.63E-01,1.95E-01,2.47E-01,2.42E+02,1.57E+01,2.58E+02,0.000370796,0.000386881
2.34E+04,102699,5.19E+01,7.52E-01,1.16E-02,8.54E+01,4.75E-05,3.62E-01,1.94E-01,2.47E-01,2.42E+02,1.57E+01,2.58E+02,0.000370387,0.000386457
2.34E+04,1.03E+05,2.10E+02,2.60E+00,1.16E-02,8.54E+01,4.75E-05,3.62E-01,1.94E-01,2.47E-01,2.42E+02,1.57E+01,2.58E+02,0.000370385,0.000386455
2.34E+04,102799,5.14E+01,7.50E-01,1.16E-02,8.54E+01,4.75E-05,3.63E-01,1.96E-01,2.43E-01,2.42E+02,1.53E+01,2.57E+02,0.000369977,0.000386032
2.34E+04,102800,2.11E+02,2.60E+00,1.16E-02,8.54E+01,4.75E-05,3.63E-01,1.96E-01,2.43E-01,2.42E+02,1.53E+01,2.57E+02,0.000369973,0.000386028
2.34E+04,102899,5.20E+01,7.51E-01,1.17E-02,8.54E+01,4.74E-05,3.61E-01,1.94E-01,2.48E-01,2.42E+02,1.58E+01,2.57E+02,0.000369568,0.000385607
2.34E+04,1.03E+05,2.10E+02,2.60E+00,1.17E-02,8.54E+01,4.74E-05,3.61E-01,1.94E-01,2.48E-01,2.42E+02,1.58E+01,2.57E+02,0.000369566,0.000385605
2.34E+04,102999,5.13E+01,7.51E-01,1.16E-02,8.54E+01,4.74E-05,3.64E-01,1.96E-01,2.43E-01,2.42E+02,1.53E+01,2.58E+02,0.00036916,0.000385184
2.34E+04,103000,2.11E+02,2.60E+00,1.16E-02,8.54E+01,4.74E-05,3.64E-01,1.96E-01,2.43E-01,2.42E+02,1.53E+01,2.58E+02,0.000369156,0.00038518
2.35E+04,1.03E+05,5.07E+01,7.51E-01,1.16E-02,8.54E+01,4.73E-05,3.62E-01,1.96E-01,2.41E-01,2.41E+02,1.49E+01,2.56E+02,0.00036875,0.000384759
2.35E+04,1.03E+05,2.10E+02,2.60E+00,1.16E-02,8.54E+01,4.73E-05,3.62E-01,1.96E-01,2.41E-01,2.41E+02,1.49E+01,2.56E+02,0.00036875,0.000384759
2.35E+04,1.03E+05,5.07E+01,7.52E-01,1.16E-02,8.54E+01,4.73E-05,3.62E-01,1.96E-01,2.41E-01,2.41E+02,1.49E+01,2.56E+02,0.000368344,0.000384337
2.35E+04,1.03E+05,2.10E+02,2.60E+00,1.16E-02,8.54E+01,4.73E-05,3.62E-01,1.96E-01,2.41E-01,2.41E+02,1.49E+01,2.56E+02,0.000368344,0.000384337
2.35E+04,103299,5.17E+01,7.54E-01,1.16E-02,8.54E+01,4.72E-05,3.63E-01,1.95E-01,2.46E-01,2.42E+02,1.55E+01,2.57E+02,0.00036794,0.000383918
2.35E+04,103300,2.11E+02,2.60E+00,1.16E-02,8.54E+01,4.72E-05,3.63E-01,1.95E-01,2.46E-01,2.42E+02,1.55E+01,2.57E+02,0.000367936,0.000383914
2.36E+04,103399,5.16E+01,7.54E-01,1.16E-02,8.54E+01,4.72E-05,3.62E-01,1.95E-01,2.45E-01,2.41E+02,1.55E+01,2.57E+02,0.000367535,0.000383498
2.36E+04,103400,2.10E+02,2.60E+00,1.16E-02,8.54E+01,4.72E-05,3.62E-01,1.95E-01,2.45E-01,2.41E+02,1.55E+01,2.57E+02,0.000367531,0.000383494
2.36E+04,1.03E+05,5.12E+01,7.54E-01,1.16E-02,8.54E+01,4.72E-05,3.62E-01,1.95E-01,2.44E-01,2.41E+02,1.52E+01,2.56E+02,0.000367129,0.000383077
2.36E+04,1.03E+05,2.10E+02,2.60E+00,1.16E-02,8.54E+01,4.72E-05,3.62E-01,1.95E-01,2.44E-01,2.41E+02,1.52E+01,2.56E+02,0.000367129,0.000383077
2.36E+04,103599,5.18E+01,7.52E-01,1.17E-02,8.54E+01,4.71E-05,3.62E-01,1.94E-01,2.47E-01,2.42E+02,1.57E+01,2.57E+02,0.000366728,0.00038266
2.36E+04,1.04E+05,2.10E+02,2.60E+00,1.17E-02,8.54E+01,4.71E-05,3.62E-01,1.94E-01,2.47E-01,2.42E+02,1.57E+01,2.57E+02,0.000366726,0.000382658
2.36E+04,1.04E+05,5.12E+01,7.55E-01,1.15E-02,8.54E+01,4.71E-05,3.63E-01,1.96E-01,2.42E-01,2.42E+02,1.51E+01,2.57E+02,0.000366323,0.000382241
2.36E+04,103700,2.11E+02,2.60E+00,1.15E-02,8.54E+01,4.71E-05,3.63E-01,1.96E-01,2.42E-01,2.42E+02,1.51E+01,2.57E+02,0.000366321,0.000382239
2.36E+04,103799,5.17E+01,7.53E-01,1.16E-02,8.54E+01,4.70E-05,3.63E-01,1.95E-01,2.46E-01,2.42E+02,1.55E+01,2.58E+02,0.000365924,0.000381826
2.36E+04,103800,2.11E+02,2.60E+00,1.16E-02,8.54E+01,4.70E-05,3.63E-01,1.95E-01,2.46E-01,2.42E+02,1.55E+01,2.58E+02,0.00036592,0.000381822
2.37E+04,103899,5.17E+01,7.54E-01,1.17E-02,8.54E+01,4.70E-05,3.61E-01,1.94E-01,2.47E-01,2.41E+02,1.56E+01,2.57E+02,0.000365523,0.00038141
2.37E+04,1.04E+05,2.10E+02,2.60E+00,1.17E-02,8.54E+01,4.70E-05,3.61E-01,1.94E-01,2.47E-01,2.41E+02,1.56E+01,2.57E+02,0.000365521,0.000381408
2.37E+04,1.04E+05,5.11E+01,7.52E-01,1.16E-02,8.54E+01,4.69E-05,3.61E-01,1.95E-01,2.44E-01,2.41E+02,1.52E+01,2.56E+02,0.000365121,0.000380993
2.37E+04,1.04E+05,2.10E+02,2.60E+00,1.16E-02,8.54E+01,4.69E-05,3.61E-01,1.95E-01,2.44E-01,2.41E+02,1.52E+01,2.56E+02,0.000365121,0.000380993
2.37E+04,104099,5.17E+01,7.54E-01,1.17E-02,8.54E+01,4.69E-05,3.60E-01,1.93E-01,2.47E-01,2.40E+02,1.57E+01,2.56E+02,0.000364724,0.000380581
2.37E+04,1.04E+05,2.09E+02,2.60E+00,1.17E-02,8.54E+01,4.69E-05,3.60E-01,1.93E-01,2.47E-01,2.40E+02,1.57E+01,2.56E+02,0.000364722,0.000380579
2.37E+04,104199,5.18E+01,7.54E-01,1.16E-02,8.55E+01,4.69E-05,3.63E-01,1.95E-01,2.45E-01,2.42E+02,1.55E+01,2.58E+02,0.000364326,0.000380168
2.37E+04,104200,2.11E+02,2.60E+00,1.16E-02,8.55E+01,4.69E-05,3.63E-01,1.95E-01,2.45E-01,2.42E+02,1.55E+01,2.58E+02,0.000364322,0.000380164
2.38E+04,1.04E+05,5.11E+01,7.50E-01,1.17E-02,8.55E+01,4.68E-05,3.60E-01,1.94E-01,2.44E-01,2.40E+02,1.52E+01,2.56E+02,0.000363926,0.000379753
2.38E+04,1.04E+05,2.09E+02,2.60E+00,1.17E-02,8.55E+01,4.68E-05,3.60E-01,1.94E-01,2.44E-01,2.40E+02,1.52E+01,2.56E+02,0.000363926,0.000379753
2.38E+04,1.04E+05,5.00E+01,7.51E-01,1.15E-02,8.55E+01,4.68E-05,3.62E-01,1.97E-01,2.38E-01,2.40E+02,1.44E+01,2.54E+02,0.000363529,0.000379342
2.38E+04,1.04E+05,2.10E+02,2.60E+00,1.15E-02,8.55E+01,4.68E-05,3.62E-01,1.97E-01,2.38E-01,2.40E+02,1.44E+01,2.54E+02,0.000363529,0.000379342
2.38E+04,104499,5.16E+01,7.50E-01,1.17E-02,8.55E+01,4.67E-05,3.62E-01,1.95E-01,2.46E-01,2.42E+02,1.55E+01,2.57E+02,0.000363136,0.000378933
2.38E+04,1.04E+05,2.10E+02,2.60E+00,1.17E-02,8.55E+01,4.67E-05,3.62E-01,1.95E-01,2.46E-01,2.42E+02,1.55E+01,2.57E+02,0.000363134,0.000378931
2.38E+04,1.05E+05,5.10E+01,7.51E-01,1.16E-02,8.55E+01,4.67E-05,3.62E-01,1.95E-01,2.43E-01,2.41E+02,1.51E+01,2.56E+02,0.000362739,0.000378521
2.38E+04,1.05E+05,2.10E+02,2.60E+00,1.16E-02,8.55E+01,4.67E-05,3.62E-01,1.95E-01,2.43E-01,2.41E+02,1.51E+01,2.56E+02,0.000362739,0.000378521
2.38E+04,1.05E+05,5.08E+01,7.50E-01,1.16E-02,8.55E+01,4.66E-05,3.61E-01,1.95E-01,2.42E-01,2.41E+02,1.50E+01,2.56E+02,0.000362344,0.000378112
2.38E+04,1.05E+05,2.10E+02,2.60E+00,1.16E-02,8.55E+01,4.66E-05,3.61E-01,1.95E-01,2.42E-01,2.41E+02,1.50E+01,2.56E+02,0.000362344,0.000378112
2.39E+04,104799,5.15E+01,7.50E-01,1.17E-02,8.55E+01,4.66E-05,3.61E-01,1.95E-01,2.45E-01,2.41E+02,1.55E+01,2.57E+02,0.000361953,0.000377706
2.39E+04,1.05E+05,2.10E+02,2.60E+00,1.17E-02,8.55E+01,4.66E-05,3.61E-01,1.95E-01,2.45E-01,2.41E+02,1.55E+01,2.57E+02,0.000361951,0.000377704
2.39E+04,104899,5.15E+01,7.50E-01,1.16E-02,8.55E+01,4.66E-05,3.62E-01,1.95E-01,2.45E-01,2.42E+02,1.54E+01,2.57E+02,0.00036156,0.000377298
2.39E+04,104900,2.10E+02,2.60E+00,1.16E-02,8.55E+01,4.66E-05,3.62E-01,1.95E-01,2.45E-01,2.42E+02,1.54E+01,2.57E+02,0.000361556,0.000377294
2.39E+04,1.05E+05,5.04E+01,7.50E-01,1.16E-02,8.55E+01,4.65E-05,3.60E-01,1.95E-01,2.41E-01,2.40E+02,1.48E+01,2.55E+02,0.000361166,0.00037689
2.39E+04,1.05E+05,2.09E+02,2.60E+00,1.16E-02,8.55E+01,4.65E-05,3.60E-01,1.95E-01,2.41E-01,2.40E+02,1.48E+01,2.55E+02,0.000361166,0.00037689
2.39E+04,1.05E+05,5.10E+01,7.49E-01,1.16E-02,8.55E+01,4.65E-05,3.61E-01,1.95E-01,2.43E-01,2.41E+02,1.51E+01,2.56E+02,0.000360775,0.000376484
2.39E+04,1.05E+05,2.10E+02,2.60E+00,1.16E-02,8.55E+01,4.65E-05,3.61E-01,1.95E-01,2.43E-01,2.41E+02,1.51E+01,2.56E+02,0.000360775,0.000376484
2.39E+04,1.05E+05,5.09E+01,7.51E-01,1.16E-02,8.55E+01,4.64E-05,3.61E-01,1.95E-01,2.43E-01,2.40E+02,1.50E+01,2.56E+02,0.000360385,0.000376079
2.39E+04,1.05E+05,2.10E+02,2.60E+00,1.16E-02,8.55E+01,4.64E-05,3.61E-01,1.95E-01,2.43E-01,2.40E+02,1.50E+01,2.56E+02,0.000360385,0.000376079
2.40E+04,1.05E+05,5.07E+01,7.52E-01,1.16E-02,8.55E+01,4.64E-05,3.61E-01,1.96E-01,2.41E-01,2.41E+02,1.49E+01,2.55E+02,0.000359996,0.000375675
2.40E+04,105300,2.10E+02,2.60E+00,1.16E-02,8.55E+01,4.64E-05,3.61E-01,1.96E-01,2.41E-01,2.41E+02,1.49E+01,2.55E+02,0.000359994,0.000375673
2.40E+04,105399,5.11E+01,7.52E-01,1.17E-02,8.55E+01,4.63E-05,3.60E-01,1.94E-01,2.44E-01,2.40E+02,1.52E+01,2.55E+02,0.000359609,0.000375274
2.40E+04,1.05E+05,2.09E+02,2.60E+00,1.17E-02,8.55E+01,4.63E-05,3.60E-01,1.94E-01,2.44E-01,2.40E+02,1.52E+01,2.55E+02,0.000359607,0.000375272
2.40E+04,105499,5.11E+01,7.51E-01,1.16E-02,8.55E+01,4.63E-05,3.61E-01,1.95E-01,2.44E-01,2.41E+02,1.52E+01,2.56E+02,0.000359221,0.000374871
2.40E+04,105500,2.10E+02,2.60E+00,1.16E-02,8.55E+01,4.63E-05,3.61E-01,1.95E-01,2.44E-01,2.41E+02,1.52E+01,2.56E+02,0.000359217,0.000374867
2.40E+04,105599,5.10E+01,7.50E-01,1.17E-02,8.55E+01,4.63E-05,3.60E-01,1.94E-01,2.44E-01,2.40E+02,1.52E+01,2.55E+02,0.000358834,0.000374469
2.40E+04,1.06E+05,2.09E+02,2.60E+00,1.17E-02,8.55E+01,4.63E-05,3.60E-01,1.94E-01,2.44E-01,2.40E+02,1.52E+01,2.55E+02,0.000358832,0.000374467
2.41E+04,1.06E+05,5.05E+01,7.53E-01,1.17E-02,8.55E+01,4.62E-05,3.59E-01,1.94E-01,2.42E-01,2.39E+02,1.49E+01,2.54E+02,0.000358446,0.000374067
2.41E+04,1.06E+05,2.09E+02,2.60E+00,1.17E-02,8.55E+01,4.62E-05,3.59E-01,1.94E-01,2.42E-01,2.39E+02,1.49E+01,2.54E+02,0.000358446,0.000374067
2.41E+04,105799,5.11E+01,7.52E-01,1.17E-02,8.55E+01,4.62E-05,3.60E-01,1.94E-01,2.44E-01,2.40E+02,1.52E+01,2.55E+02,0.000358062,0.000373669
2.41E+04,1.06E+05,2.09E+02,2.60E+00,1.17E-02,8.55E+01,4.62E-05,3.60E-01,1.94E-01,2.44E-01,2.40E+02,1.52E+01,2.55E+02,0.00035806,0.000373667
2.41E+04,105899,5.12E+01,7.51E-01,1.17E-02,8.55E+01,4.61E-05,3.59E-01,1.93E-01,2.45E-01,2.40E+02,1.53E+01,2.55E+02,0.000357677,0.000373269
2.41E+04,1.06E+05,2.09E+02,2.60E+00,1.17E-02,8.55E+01,4.61E-05,3.59E-01,1.93E-01,2.45E-01,2.40E+02,1.53E+01,2.55E+02,0.000357675,0.000373267
2.41E+04,105999,5.11E+01,7.50E-01,1.16E-02,8.55E+01,4.61E-05,3.61E-01,1.95E-01,2.43E-01,2.41E+02,1.52E+01,2.56E+02,0.000357293,0.000372871
2.41E+04,106000,2.10E+02,2.60E+00,1.16E-02,8.55E+01,4.61E-05,3.61E-01,1.95E-01,2.43E-01,2.41E+02,1.52E+01,2.56E+02,0.00035729,0.000372867
2.41E+04,106099,5.11E+01,7.50E-01,1.16E-02,8.55E+01,4.61E-05,3.62E-01,1.95E-01,2.43E-01,2.41E+02,1.51E+01,2.57E+02,0.00035691,0.000372473
2.41E+04,106100,2.10E+02,2.60E+00,1.16E-02,8.55E+01,4.61E-05,3.62E-01,1.95E-01,2.43E-01,2.41E+02,1.51E+01,2.57E+02,0.000356906,0.000372469
2.42E+04,106199,5.24E+01,7.51E-01,1.17E-02,8.55E+01,4.60E-05,3.61E-01,1.93E-01,2.50E-01,2.42E+02,1.61E+01,2.58E+02,0.000356528,0.000372076
2.42E+04,106200,2.10E+02,2.60E+00,1.17E-02,8.55E+01,4.60E-05,3.61E-01,1.93E-01,2.50E-01,2.42E+02,1.61E+01,2.58E+02,0.000356524,0.000372072
2.42E+04,106299,5.12E+01,7.52E-01,1.17E-02,8.55E+01,4.60E-05,3.60E-01,1.94E-01,2.45E-01,2.41E+02,1.53E+01,2.56E+02,0.000356146,0.00037168
2.42E+04,1.06E+05,2.09E+02,2.60E+00,1.17E-02,8.55E+01,4.60E-05,3.60E-01,1.94E-01,2.45E-01,2.41E+02,1.53E+01,2.56E+02,0.000356144,0.000371678
2.42E+04,1.06E+05,5.06E+01,7.51E-01,1.16E-02,8.56E+01,4.59E-05,3.61E-01,1.96E-01,2.41E-01,2.41E+02,1.48E+01,2.55E+02,0.000355763,0.000371283
2.42E+04,106400,2.10E+02,2.60E+00,1.16E-02,8.56E+01,4.59E-05,3.61E-01,1.96E-01,2.41E-01,2.41E+02,1.48E+01,2.55E+02,0.000355761,0.000371281
2.43E+04,106499,5.13E+01,7.51E-01,1.17E-02,8.56E+01,4.59E-05,3.59E-01,1.93E-01,2.46E-01,2.40E+02,1.54E+01,2.56E+02,0.000355385,0.00037089
2.43E+04,1.06E+05,2.09E+02,2.60E+00,1.17E-02,8.56E+01,4.59E-05,3.59E-01,1.93E-01,2.46E-01,2.40E+02,1.54E+01,2.56E+02,0.000355383,0.000370888
2.43E+04,106599,5.13E+01,7.51E-01,1.17E-02,8.56E+01,4.59E-05,3.59E-01,1.93E-01,2.46E-01,2.40E+02,1.54E+01,2.55E+02,0.000355006,0.000370497
2.43E+04,1.07E+05,2.09E+02,2.60E+00,1.17E-02,8.56E+01,4.59E-05,3.59E-01,1.93E-01,2.46E-01,2.40E+02,1.54E+01,2.55E+02,0.000355004,0.000370495
2.43E+04,106699,5.13E+01,7.51E-01,1.17E-02,8.56E+01,4.58E-05,3.60E-01,1.94E-01,2.45E-01,2.41E+02,1.54E+01,2.56E+02,0.000354627,0.000370104
2.43E+04,1.07E+05,2.09E+02,2.60E+00,1.17E-02,8.56E+01,4.58E-05,3.60E-01,1.94E-01,2.45E-01,2.41E+02,1.54E+01,2.56E+02,0.000354625,0.000370102
2.43E+04,1.07E+05,5.07E+01,7.50E-01,1.17E-02,8.56E+01,4.58E-05,3.58E-01,1.93E-01,2.44E-01,2.39E+02,1.51E+01,2.54E+02,0.000354247,0.00036971
2.43E+04,1.07E+05,2.08E+02,2.60E+00,1.17E-02,8.56E+01,4.58E-05,3.58E-01,1.93E-01,2.44E-01,2.39E+02,1.51E+01,2.54E+02,0.000354247,0.00036971
2.43E+04,106899,5.14E+01,7.52E-01,1.16E-02,8.56E+01,4.57E-05,3.61E-01,1.94E-01,2.45E-01,2.41E+02,1.54E+01,2.57E+02,0.000353872,0.00036932
2.43E+04,106900,2.10E+02,2.60E+00,1.16E-02,8.56E+01,4.57E-05,3.61E-01,1.94E-01,2.45E-01,2.41E+02,1.54E+01,2.57E+02,0.000353868,0.000369316
2.44E+04,1.07E+05,5.08E+01,7.51E-01,1.16E-02,8.56E+01,4.57E-05,3.61E-01,1.95E-01,2.42E-01,2.40E+02,1.49E+01,2.55E+02,0.000353494,0.000368928
2.44E+04,107000,2.10E+02,2.60E+00,1.16E-02,8.56E+01,4.57E-05,3.61E-01,1.95E-01,2.42E-01,2.40E+02,1.49E+01,2.55E+02,0.000353492,0.000368926
2.44E+04,1.07E+05,5.09E+01,7.51E-01,1.17E-02,8.56E+01,4.56E-05,3.59E-01,1.94E-01,2.44E-01,2.40E+02,1.51E+01,2.55E+02,0.000353118,0.000368538
2.44E+04,1.07E+05,2.09E+02,2.60E+00,1.17E-02,8.56E+01,4.56E-05,3.59E-01,1.94E-01,2.44E-01,2.40E+02,1.51E+01,2.55E+02,0.000353118,0.000368538
2.44E+04,1.07E+05,5.08E+01,7.52E-01,1.17E-02,8.56E+01,4.56E-05,3.58E-01,1.93E-01,2.44E-01,2.39E+02,1.51E+01,2.54E+02,0.000352744,0.000368149
2.44E+04,1.07E+05,2.09E+02,2.60E+00,1.17E-02,8.56E+01,4.56E-05,3.58E-01,1.93E-01,2.44E-01,2.39E+02,1.51E+01,2.54E+02,0.000352744,0.000368149
2.44E+04,1.07E+05,5.08E+01,7.53E-01,1.16E-02,8.56E+01,4.56E-05,3.60E-01,1.94E-01,2.43E-01,2.40E+02,1.50E+01,2.55E+02,0.000352369,0.000367761
2.44E+04,107300,2.09E+02,2.60E+00,1.16E-02,8.56E+01,4.56E-05,3.60E-01,1.94E-01,2.43E-01,2.40E+02,1.50E+01,2.55E+02,0.000352368,0.000367759
2.45E+04,1.07E+05,5.09E+01,7.55E-01,1.16E-02,8.56E+01,4.55E-05,3.61E-01,1.95E-01,2.42E-01,2.40E+02,1.50E+01,2.55E+02,0.000351996,0.000367373
2.45E+04,107400,2.10E+02,2.60E+00,1.16E-02,8.56E+01,4.55E-05,3.61E-01,1.95E-01,2.42E-01,2.40E+02,1.50E+01,2.55E+02,0.000351994,0.000367371
2.45E+04,107499,5.13E+01,7.54E-01,1.17E-02,8.56E+01,4.55E-05,3.60E-01,1.93E-01,2.45E-01,2.40E+02,1.54E+01,2.56E+02,0.000351625,0.000366989
2.45E+04,107500,2.09E+02,2.60E+00,1.17E-02,8.56E+01,4.55E-05,3.60E-01,1.93E-01,2.45E-01,2.40E+02,1.54E+01,2.56E+02,0.000351622,0.000366985
2.45E+04,107599,5.13E+01,7.54E-01,1.16E-02,8.56E+01,4.54E-05,3.61E-01,1.94E-01,2.44E-01,2.41E+02,1.53E+01,2.56E+02,0.000351253,0.000366603
2.45E+04,107600,2.10E+02,2.60E+00,1.16E-02,8.56E+01,4.54E-05,3.61E-01,1.94E-01,2.44E-01,2.41E+02,1.53E+01,2.56E+02,0.00035125,0.000366599
2.45E+04,107699,5.13E+01,7.54E-01,1.17E-02,8.56E+01,4.54E-05,3.59E-01,1.93E-01,2.46E-01,2.40E+02,1.54E+01,2.55E+02,0.000350882,0.000366218
2.45E+04,1.08E+05,2.09E+02,2.60E+00,1.17E-02,8.56E+01,4.54E-05,3.59E-01,1.93E-01,2.46E-01,2.40E+02,1.54E+01,2.55E+02,0.00035088,0.000366216
2.45E+04,107799,5.13E+01,7.54E-01,1.18E-02,8.56E+01,4.54E-05,3.58E-01,1.92E-01,2.46E-01,2.39E+02,1.55E+01,2.55E+02,0.000350512,0.000365833
2.45E+04,1.08E+05,2.08E+02,2.60E+00,1.18E-02,8.56E+01,4.54E-05,3.58E-01,1.92E-01,2.46E-01,2.39E+02,1.55E+01,2.55E+02,0.00035051,0.000365831
2.46E+04,107899,5.12E+01,7.53E-01,1.17E-02,8.56E+01,4.53E-05,3.60E-01,1.94E-01,2.44E-01,2.40E+02,1.53E+01,2.56E+02,0.000350142,0.000365449
2.46E+04,107900,2.09E+02,2.60E+00,1.17E-02,8.56E+01,4.53E-05,3.60E-01,1.94E-01,2.44E-01,2.40E+02,1.53E+01,2.56E+02,0.000350139,0.000365446
2.46E+04,1.08E+05,5.01E+01,7.54E-01,1.16E-02,8.56E+01,4.53E-05,3.59E-01,1.95E-01,2.40E-01,2.39E+02,1.46E+01,2.53E+02,0.000349772,0.000365065
2.46E+04,108000,2.09E+02,2.60E+00,1.16E-02,8.56E+01,4.53E-05,3.59E-01,1.95E-01,2.40E-01,2.39E+02,1.46E+01,2.53E+02,0.00034977,0.000365063
2.46E+04,108099,5.13E+01,7.54E-01,1.17E-02,8.56E+01,4.52E-05,3.59E-01,1.93E-01,2.45E-01,2.40E+02,1.53E+01,2.55E+02,0.000349405,0.000364684
2.46E+04,108100,2.09E+02,2.60E+00,1.17E-02,8.56E+01,4.52E-05,3.59E-01,1.93E-01,2.45E-01,2.40E+02,1.53E+01,2.55E+02,0.000349401,0.000364681
2.46E+04,1.08E+05,5.09E+01,7.54E-01,1.17E-02,8.56E+01,4.52E-05,3.58E-01,1.93E-01,2.44E-01,2.39E+02,1.51E+01,2.54E+02,0.000349036,0.000364301
2.46E+04,1.08E+05,2.09E+02,2.60E+00,1.17E-02,8.56E+01,4.52E-05,3.58E-01,1.93E-01,2.44E-01,2.39E+02,1.51E+01,2.54E+02,0.000349036,0.000364301
2.47E+04,1.08E+05,5.07E+01,7.52E-01,1.16E-02,8.56E+01,4.52E-05,3.60E-01,1.94E-01,2.42E-01,2.40E+02,1.50E+01,2.55E+02,0.000348669,0.000363921
2.47E+04,108300,2.09E+02,2.60E+00,1.16E-02,8.56E+01,4.52E-05,3.60E-01,1.94E-01,2.42E-01,2.40E+02,1.50E+01,2.55E+02,0.000348667,0.000363919
2.47E+04,1.08E+05,5.07E+01,7.52E-01,1.17E-02,8.56E+01,4.51E-05,3.57E-01,1.93E-01,2.44E-01,2.39E+02,1.50E+01,2.54E+02,0.000348303,0.000363541
2.47E+04,1.08E+05,2.08E+02,2.60E+00,1.17E-02,8.56E+01,4.51E-05,3.57E-01,1.93E-01,2.44E-01,2.39E+02,1.50E+01,2.54E+02,0.000348303,0.000363541
2.47E+04,108499,5.19E+01,7.51E-01,1.18E-02,8.56E+01,4.51E-05,3.58E-01,1.91E-01,2.49E-01,2.40E+02,1.59E+01,2.56E+02,0.00034794,0.000363163
2.47E+04,1.08E+05,2.08E+02,2.60E+00,1.18E-02,8.56E+01,4.51E-05,3.58E-01,1.91E-01,2.49E-01,2.40E+02,1.59E+01,2.56E+02,0.000347938,0.000363162
2.47E+04,1.09E+05,5.07E+01,7.51E-01,1.16E-02,8.57E+01,4.50E-05,3.59E-01,1.94E-01,2.42E-01,2.40E+02,1.50E+01,2.55E+02,0.000347573,0.000362783
2.47E+04,108600,2.09E+02,2.60E+00,1.16E-02,8.57E+01,4.50E-05,3.59E-01,1.94E-01,2.42E-01,2.40E+02,1.50E+01,2.55E+02,0.000347571,0.000362781
2.47E+04,1.09E+05,5.07E+01,7.51E-01,1.17E-02,8.57E+01,4.50E-05,3.58E-01,1.93E-01,2.43E-01,2.39E+02,1.50E+01,2.54E+02,0.000347209,0.000362405
2.47E+04,108700,2.09E+02,2.60E+00,1.17E-02,8.57E+01,4.50E-05,3.58E-01,1.93E-01,2.43E-01,2.39E+02,1.50E+01,2.54E+02,0.000347208,0.000362404
2.48E+04,1.09E+05,5.01E+01,7.51E-01,1.16E-02,8.57E+01,4.50E-05,3.58E-01,1.94E-01,2.40E-01,2.39E+02,1.46E+01,2.53E+02,0.000346846,0.000362029
2.48E+04,108800,2.09E+02,2.60E+00,1.16E-02,8.57E+01,4.50E-05,3.58E-01,1.94E-01,2.40E-01,2.39E+02,1.46E+01,2.53E+02,0.000346844,0.000362027
2.48E+04,108899,5.12E+01,7.50E-01,1.17E-02,8.57E+01,4.49E-05,3.58E-01,1.93E-01,2.45E-01,2.40E+02,1.54E+01,2.55E+02,0.000346486,0.000361654
2.48E+04,108900,2.09E+02,2.60E+00,1.17E-02,8.57E+01,4.49E-05,3.58E-01,1.93E-01,2.45E-01,2.40E+02,1.54E+01,2.55E+02,0.000346482,0.000361651
2.48E+04,108999,5.11E+01,7.51E-01,1.17E-02,8.57E+01,4.49E-05,3.58E-01,1.93E-01,2.45E-01,2.40E+02,1.53E+01,2.55E+02,0.000346124,0.000361279
2.48E+04,109000,2.09E+02,2.60E+00,1.17E-02,8.57E+01,4.49E-05,3.58E-01,1.93E-01,2.45E-01,2.40E+02,1.53E+01,2.55E+02,0.00034612,0.000361275
2.48E+04,1.09E+05,5.01E+01,7.52E-01,1.16E-02,8.57E+01,4.48E-05,3.58E-01,1.94E-01,2.40E-01,2.39E+02,1.46E+01,2.53E+02,0.000345761,0.000360902
2.48E+04,109100,2.09E+02,2.60E+00,1.16E-02,8.57E+01,4.48E-05,3.58E-01,1.94E-01,2.40E-01,2.39E+02,1.46E+01,2.53E+02,0.000345759,0.0003609
2.48E+04,109199,5.12E+01,7.53E-01,1.17E-02,8.57E+01,4.48E-05,3.58E-01,1.93E-01,2.46E-01,2.40E+02,1.54E+01,2.55E+02,0.000345403,0.00036053
2.48E+04,109200,2.09E+02,2.60E+00,1.17E-02,8.57E+01,4.48E-05,3.58E-01,1.93E-01,2.46E-01,2.40E+02,1.54E+01,2.55E+02,0.000345399,0.000360526
2.49E+04,1.09E+05,5.01E+01,7.52E-01,1.16E-02,8.57E+01,4.48E-05,3.58E-01,1.94E-01,2.40E-01,2.39E+02,1.46E+01,2.53E+02,0.000345041,0.000360155
2.49E+04,109300,2.09E+02,2.60E+00,1.16E-02,8.57E+01,4.48E-05,3.58E-01,1.94E-01,2.40E-01,2.39E+02,1.46E+01,2.53E+02,0.000345039,0.000360153
2.49E+04,1.09E+05,5.06E+01,7.52E-01,1.17E-02,8.57E+01,4.47E-05,3.58E-01,1.94E-01,2.42E-01,2.39E+02,1.49E+01,2.54E+02,0.000344682,0.000359783
2.49E+04,109400,2.09E+02,2.60E+00,1.17E-02,8.57E+01,4.47E-05,3.58E-01,1.94E-01,2.42E-01,2.39E+02,1.49E+01,2.54E+02,0.00034468,0.000359781
2.49E+04,1.09E+05,5.01E+01,7.51E-01,1.17E-02,8.57E+01,4.47E-05,3.56E-01,1.93E-01,2.41E-01,2.38E+02,1.47E+01,2.53E+02,0.000344324,0.000359411
2.49E+04,1.09E+05,2.08E+02,2.60E+00,1.17E-02,8.57E+01,4.47E-05,3.56E-01,1.93E-01,2.41E-01,2.38E+02,1.47E+01,2.53E+02,0.000344324,0.000359411
2.50E+04,1.10E+05,5.06E+01,7.52E-01,1.17E-02,8.57E+01,4.47E-05,3.57E-01,1.93E-01,2.43E-01,2.39E+02,1.50E+01,2.54E+02,0.000343967,0.00035904
2.50E+04,1.10E+05,2.08E+02,2.60E+00,1.17E-02,8.57E+01,4.47E-05,3.57E-01,1.93E-01,2.43E-01,2.39E+02,1.50E+01,2.54E+02,0.000343967,0.00035904
2.50E+04,1.10E+05,5.06E+01,7.51E-01,1.17E-02,8.57E+01,4.46E-05,3.57E-01,1.93E-01,2.43E-01,2.39E+02,1.50E+01,2.54E+02,0.00034361,0.000358669
2.50E+04,1.10E+05,2.08E+02,2.60E+00,1.17E-02,8.57E+01,4.46E-05,3.57E-01,1.93E-01,2.43E-01,2.39E+02,1.50E+01,2.54E+02,0.00034361,0.000358669
2.50E+04,109799,5.12E+01,7.52E-01,1.17E-02,8.57E+01,4.46E-05,3.58E-01,1.93E-01,2.45E-01,2.40E+02,1.54E+01,2.55E+02,0.000343255,0.000358302
2.50E+04,109800,2.09E+02,2.60E+00,1.17E-02,8.57E+01,4.46E-05,3.58E-01,1.93E-01,2.45E-01,2.40E+02,1.54E+01,2.55E+02,0.000343252,0.000358298
2.50E+04,1.10E+05,5.01E+01,7.53E-01,1.16E-02,8.57E+01,4.45E-05,3.58E-01,1.94E-01,2.40E-01,2.39E+02,1.46E+01,2.53E+02,0.000342898,0.000357931
2.50E+04,109900,2.09E+02,2.60E+00,1.16E-02,8.57E+01,4.45E-05,3.58E-01,1.94E-01,2.40E-01,2.39E+02,1.46E+01,2.53E+02,0.000342896,0.000357929
2.50E+04,1.10E+05,5.05E+01,7.50E-01,1.17E-02,8.57E+01,4.45E-05,3.57E-01,1.93E-01,2.43E-01,2.39E+02,1.50E+01,2.54E+02,0.000342544,0.000357563
2.50E+04,1.10E+05,2.08E+02,2.60E+00,1.17E-02,8.57E+01,4.45E-05,3.57E-01,1.93E-01,2.43E-01,2.39E+02,1.50E+01,2.54E+02,0.000342544,0.000357563
2.51E+04,1.10E+05,5.01E+01,7.51E-01,1.17E-02,8.57E+01,4.45E-05,3.57E-01,1.93E-01,2.41E-01,2.38E+02,1.47E+01,2.53E+02,0.000342189,0.000357195
2.51E+04,1.10E+05,2.08E+02,2.60E+00,1.17E-02,8.57E+01,4.45E-05,3.57E-01,1.93E-01,2.41E-01,2.38E+02,1.47E+01,2.53E+02,0.000342189,0.000357195
2.51E+04,1.10E+05,5.05E+01,7.50E-01,1.17E-02,8.57E+01,4.44E-05,3.58E-01,1.94E-01,2.42E-01,2.39E+02,1.49E+01,2.54E+02,0.000341836,0.000356828
2.51E+04,110200,2.09E+02,2.60E+00,1.17E-02,8.57E+01,4.44E-05,3.58E-01,1.94E-01,2.42E-01,2.39E+02,1.49E+01,2.54E+02,0.000341834,0.000356827
2.51E+04,1.10E+05,5.05E+01,7.53E-01,1.17E-02,8.57E+01,4.44E-05,3.57E-01,1.92E-01,2.43E-01,2.38E+02,1.50E+01,2.53E+02,0.000341483,0.000356462
2.51E+04,1.10E+05,2.08E+02,2.60E+00,1.17E-02,8.57E+01,4.44E-05,3.57E-01,1.92E-01,2.43E-01,2.38E+02,1.50E+01,2.53E+02,0.000341483,0.000356462
2.51E+04,1.10E+05,5.00E+01,7.52E-01,1.17E-02,8.57E+01,4.43E-05,3.55E-01,1.92E-01,2.42E-01,2.37E+02,1.47E+01,2.52E+02,0.000341131,0.000356097
2.51E+04,1.10E+05,2.07E+02,2.60E+00,1.17E-02,8.57E+01,4.43E-05,3.55E-01,1.92E-01,2.42E-01,2.37E+02,1.47E+01,2.52E+02,0.000341131,0.000356097
2.52E+04,1.10E+05,5.00E+01,7.52E-01,1.17E-02,8.57E+01,4.43E-05,3.57E-01,1.93E-01,2.41E-01,2.38E+02,1.46E+01,2.53E+02,0.00034078,0.000355732
2.52E+04,1.10E+05,2.08E+02,2.60E+00,1.17E-02,8.57E+01,4.43E-05,3.57E-01,1.93E-01,2.41E-01,2.38E+02,1.46E+01,2.53E+02,0.00034078,0.000355732
2.52E+04,1.11E+05,5.05E+01,7.52E-01,1.17E-02,8.57E+01,4.43E-05,3.56E-01,1.92E-01,2.43E-01,2.38E+02,1.50E+01,2.53E+02,0.00034043,0.000355368
2.52E+04,1.11E+05,2.08E+02,2.60E+00,1.17E-02,8.57E+01,4.43E-05,3.56E-01,1.92E-01,2.43E-01,2.38E+02,1.50E+01,2.53E+02,0.00034043,0.000355368
2.52E+04,1.11E+05,5.05E+01,7.52E-01,1.17E-02,8.57E+01,4.42E-05,3.56E-01,1.92E-01,2.43E-01,2.38E+02,1.50E+01,2.53E+02,0.00034008,0.000355005
2.52E+04,1.11E+05,2.08E+02,2.60E+00,1.17E-02,8.57E+01,4.42E-05,3.56E-01,1.92E-01,2.43E-01,2.38E+02,1.50E+01,2.53E+02,0.00034008,0.000355005
2.52E+04,110799,5.11E+01,7.53E-01,1.18E-02,8.58E+01,4.42E-05,3.56E-01,1.92E-01,2.46E-01,2.39E+02,1.54E+01,2.54E+02,0.000339732,0.000354644
2.52E+04,1.11E+05,2.08E+02,2.60E+00,1.18E-02,8.58E+01,4.42E-05,3.56E-01,1.92E-01,2.46E-01,2.39E+02,1.54E+01,2.54E+02,0.00033973,0.000354643
2.52E+04,1.11E+05,5.05E+01,7.53E-01,1.17E-02,8.58E+01,4.42E-05,3.58E-01,1.93E-01,2.42E-01,2.39E+02,1.48E+01,2.54E+02,0.000339382,0.000354281
2.52E+04,110900,2.09E+02,2.60E+00,1.17E-02,8.58E+01,4.42E-05,3.58E-01,1.93E-01,2.42E-01,2.39E+02,1.48E+01,2.54E+02,0.00033938,0.000354279
2.53E+04,110999,5.10E+01,7.51E-01,1.18E-02,8.58E+01,4.41E-05,3.56E-01,1.91E-01,2.46E-01,2.38E+02,1.53E+01,2.54E+02,0.000339036,0.000353921
2.53E+04,1.11E+05,2.07E+02,2.60E+00,1.18E-02,8.58E+01,4.41E-05,3.56E-01,1.91E-01,2.46E-01,2.38E+02,1.53E+01,2.54E+02,0.000339034,0.00035392
2.53E+04,1.11E+05,5.04E+01,7.53E-01,1.17E-02,8.58E+01,4.41E-05,3.58E-01,1.94E-01,2.42E-01,2.39E+02,1.48E+01,2.54E+02,0.000338687,0.000353559
2.53E+04,111100,2.09E+02,2.60E+00,1.17E-02,8.58E+01,4.41E-05,3.58E-01,1.94E-01,2.42E-01,2.39E+02,1.48E+01,2.54E+02,0.000338685,0.000353557
2.53E+04,111199,5.09E+01,7.51E-01,1.18E-02,8.58E+01,4.40E-05,3.56E-01,1.92E-01,2.45E-01,2.38E+02,1.53E+01,2.54E+02,0.000338342,0.000353201
2.53E+04,1.11E+05,2.08E+02,2.60E+00,1.18E-02,8.58E+01,4.40E-05,3.56E-01,1.92E-01,2.45E-01,2.38E+02,1.53E+01,2.54E+02,0.00033834,0.000353199
2.53E+04,1.11E+05,5.04E+01,7.52E-01,1.17E-02,8.58E+01,4.40E-05,3.56E-01,1.92E-01,2.43E-01,2.38E+02,1.49E+01,2.53E+02,0.000337994,0.00035284
2.53E+04,1.11E+05,2.08E+02,2.60E+00,1.17E-02,8.58E+01,4.40E-05,3.56E-01,1.92E-01,2.43E-01,2.38E+02,1.49E+01,2.53E+02,0.000337994,0.00035284
2.54E+04,111399,5.09E+01,7.51E-01,1.18E-02,8.58E+01,4.40E-05,3.55E-01,1.91E-01,2.46E-01,2.38E+02,1.53E+01,2.53E+02,0.000337651,0.000352484
2.54E+04,1.11E+05,2.07E+02,2.60E+00,1.18E-02,8.58E+01,4.40E-05,3.55E-01,1.91E-01,2.46E-01,2.38E+02,1.53E+01,2.53E+02,0.000337649,0.000352482
2.54E+04,1.11E+05,5.03E+01,7.52E-01,1.17E-02,8.58E+01,4.39E-05,3.56E-01,1.92E-01,2.42E-01,2.38E+02,1.49E+01,2.53E+02,0.000337304,0.000352124
2.54E+04,1.11E+05,2.08E+02,2.60E+00,1.17E-02,8.58E+01,4.39E-05,3.56E-01,1.92E-01,2.42E-01,2.38E+02,1.49E+01,2.53E+02,0.000337304,0.000352124
2.54E+04,111599,5.09E+01,7.52E-01,1.17E-02,8.58E+01,4.39E-05,3.57E-01,1.92E-01,2.45E-01,2.39E+02,1.52E+01,2.54E+02,0.000336962,0.000351769
2.54E+04,111600,2.08E+02,2.60E+00,1.17E-02,8.58E+01,4.39E-05,3.57E-01,1.92E-01,2.45E-01,2.39E+02,1.52E+01,2.54E+02,0.000336959,0.000351765
2.54E+04,1.12E+05,5.03E+01,7.52E-01,1.18E-02,8.58E+01,4.39E-05,3.55E-01,1.91E-01,2.43E-01,2.37E+02,1.49E+01,2.52E+02,0.000336617,0.000351411
2.54E+04,1.12E+05,2.07E+02,2.60E+00,1.18E-02,8.58E+01,4.39E-05,3.55E-01,1.91E-01,2.43E-01,2.37E+02,1.49E+01,2.52E+02,0.000336617,0.000351411
2.54E+04,111799,5.09E+01,7.51E-01,1.18E-02,8.58E+01,4.38E-05,3.55E-01,1.91E-01,2.46E-01,2.38E+02,1.53E+01,2.53E+02,0.000336276,0.000351057
2.54E+04,1.12E+05,2.07E+02,2.60E+00,1.18E-02,8.58E+01,4.38E-05,3.55E-01,1.91E-01,2.46E-01,2.38E+02,1.53E+01,2.53E+02,0.000336274,0.000351055
2.55E+04,1.12E+05,4.97E+01,7.51E-01,1.18E-02,8.58E+01,4.38E-05,3.53E-01,1.91E-01,2.41E-01,2.36E+02,1.46E+01,2.51E+02,0.000335932,0.0003507
2.55E+04,1.12E+05,2.06E+02,2.60E+00,1.18E-02,8.58E+01,4.38E-05,3.53E-01,1.91E-01,2.41E-01,2.36E+02,1.46E+01,2.51E+02,0.000335932,0.0003507
2.55E+04,111999,5.09E+01,7.52E-01,1.18E-02,8.58E+01,4.37E-05,3.55E-01,1.91E-01,2.45E-01,2.38E+02,1.52E+01,2.53E+02,0.000335593,0.000350348
2.55E+04,1.12E+05,2.07E+02,2.60E+00,1.18E-02,8.58E+01,4.37E-05,3.55E-01,1.91E-01,2.45E-01,2.38E+02,1.52E+01,2.53E+02,0.000335591,0.000350346
2.55E+04,112099,5.09E+01,7.52E-01,1.18E-02,8.58E+01,4.37E-05,3.56E-01,1.91E-01,2.45E-01,2.38E+02,1.53E+01,2.54E+02,0.000335252,0.000349994
2.55E+04,1.12E+05,2.07E+02,2.60E+00,1.18E-02,8.58E+01,4.37E-05,3.56E-01,1.91E-01,2.45E-01,2.38E+02,1.53E+01,2.54E+02,0.00033525,0.000349992
2.55E+04,112199,5.09E+01,7.52E-01,1.18E-02,8.58E+01,4.37E-05,3.56E-01,1.91E-01,2.45E-01,2.38E+02,1.52E+01,2.54E+02,0.000334912,0.000349641
2.55E+04,1.12E+05,2.07E+02,2.60E+00,1.18E-02,8.58E+01,4.37E-05,3.56E-01,1.91E-01,2.45E-01,2.38E+02,1.52E+01,2.54E+02,0.00033491,0.000349639
2.56E+04,112299,5.06E+01,7.52E-01,1.18E-02,8.58E+01,4.36E-05,3.56E-01,1.92E-01,2.44E-01,2.39E+02,1.51E+01,2.54E+02,0.000334573,0.000349289
2.56E+04,112300,2.08E+02,2.60E+00,1.18E-02,8.58E+01,4.36E-05,3.56E-01,1.92E-01,2.44E-01,2.39E+02,1.51E+01,2.54E+02,0.000334569,0.000349285
2.56E+04,112399,5.12E+01,7.52E-01,1.18E-02,8.58E+01,4.36E-05,3.55E-01,1.91E-01,2.47E-01,2.38E+02,1.55E+01,2.54E+02,0.000334234,0.000348937
2.56E+04,1.12E+05,2.07E+02,2.60E+00,1.18E-02,8.58E+01,4.36E-05,3.55E-01,1.91E-01,2.47E-01,2.38E+02,1.55E+01,2.54E+02,0.000334232,0.000348935
2.56E+04,112499,5.12E+01,7.52E-01,1.18E-02,8.58E+01,4.36E-05,3.56E-01,1.91E-01,2.46E-01,2.39E+02,1.54E+01,2.54E+02,0.000333896,0.000348586
2.56E+04,112500,2.08E+02,2.60E+00,1.18E-02,8.58E+01,4.36E-05,3.56E-01,1.91E-01,2.46E-01,2.39E+02,1.54E+01,2.54E+02,0.000333893,0.000348583
2.56E+04,112599,5.06E+01,7.49E-01,1.18E-02,8.58E+01,4.35E-05,3.55E-01,1.91E-01,2.44E-01,2.38E+02,1.51E+01,2.53E+02,0.000333559,0.000348236
2.56E+04,1.13E+05,2.07E+02,2.60E+00,1.18E-02,8.58E+01,4.35E-05,3.55E-01,1.91E-01,2.44E-01,2.38E+02,1.51E+01,2.53E+02,0.000333557,0.000348234
2.57E+04,112699,5.05E+01,7.52E-01,1.18E-02,8.58E+01,4.35E-05,3.56E-01,1.92E-01,2.43E-01,2.38E+02,1.50E+01,2.53E+02,0.000333222,0.000347886
2.57E+04,112700,2.08E+02,2.60E+00,1.18E-02,8.58E+01,4.35E-05,3.56E-01,1.92E-01,2.43E-01,2.38E+02,1.50E+01,2.53E+02,0.000333218,0.000347883
2.57E+04,1.13E+05,4.99E+01,7.52E-01,1.17E-02,8.58E+01,4.34E-05,3.55E-01,1.93E-01,2.41E-01,2.37E+02,1.46E+01,2.52E+02,0.000332884,0.000347535
2.57E+04,112800,2.07E+02,2.60E+00,1.17E-02,8.58E+01,4.34E-05,3.55E-01,1.93E-01,2.41E-01,2.37E+02,1.46E+01,2.52E+02,0.000332882,0.000347534
2.57E+04,112899,5.04E+01,7.52E-01,1.18E-02,8.58E+01,4.34E-05,3.53E-01,1.90E-01,2.44E-01,2.37E+02,1.50E+01,2.52E+02,0.00033255,0.000347189
2.57E+04,1.13E+05,2.06E+02,2.60E+00,1.18E-02,8.58E+01,4.34E-05,3.53E-01,1.90E-01,2.44E-01,2.37E+02,1.50E+01,2.52E+02,0.000332548,0.000347187
2.57E+04,112999,5.05E+01,7.51E-01,1.18E-02,8.58E+01,4.34E-05,3.53E-01,1.90E-01,2.45E-01,2.37E+02,1.51E+01,2.52E+02,0.000332215,0.000346841
2.57E+04,1.13E+05,2.06E+02,2.60E+00,1.18E-02,8.58E+01,4.34E-05,3.53E-01,1.90E-01,2.45E-01,2.37E+02,1.51E+01,2.52E+02,0.000332214,0.000346839
2.57E+04,113099,5.05E+01,7.50E-01,1.18E-02,8.59E+01,4.33E-05,3.54E-01,1.91E-01,2.44E-01,2.38E+02,1.51E+01,2.53E+02,0.000331881,0.000346494
2.57E+04,1.13E+05,2.07E+02,2.60E+00,1.18E-02,8.59E+01,4.33E-05,3.54E-01,1.91E-01,2.44E-01,2.38E+02,1.51E+01,2.53E+02,0.000331879,0.000346492
2.58E+04,113199,5.12E+01,7.51E-01,1.19E-02,8.59E+01,4.33E-05,3.55E-01,1.90E-01,2.47E-01,2.38E+02,1.55E+01,2.54E+02,0.000331547,0.000346148
2.58E+04,1.13E+05,2.07E+02,2.60E+00,1.19E-02,8.59E+01,4.33E-05,3.55E-01,1.90E-01,2.47E-01,2.38E+02,1.55E+01,2.54E+02,0.000331546,0.000346146
2.58E+04,113299,5.11E+01,7.54E-01,1.18E-02,8.59E+01,4.33E-05,3.54E-01,1.90E-01,2.47E-01,2.37E+02,1.55E+01,2.53E+02,0.000331214,0.000345802
2.58E+04,1.13E+05,2.07E+02,2.60E+00,1.18E-02,8.59E+01,4.33E-05,3.54E-01,1.90E-01,2.47E-01,2.37E+02,1.55E+01,2.53E+02,0.000331213,0.0003458
2.58E+04,113399,5.09E+01,7.54E-01,1.18E-02,8.59E+01,4.32E-05,3.55E-01,1.91E-01,2.46E-01,2.38E+02,1.53E+01,2.53E+02,0.000330882,0.000345457
2.58E+04,113400,2.07E+02,2.60E+00,1.18E-02,8.59E+01,4.32E-05,3.55E-01,1.91E-01,2.46E-01,2.38E+02,1.53E+01,2.53E+02,0.000330879,0.000345454
2.58E+04,113499,5.09E+01,7.52E-01,1.18E-02,8.59E+01,4.32E-05,3.55E-01,1.91E-01,2.46E-01,2.38E+02,1.53E+01,2.53E+02,0.00033055,0.000345113
2.58E+04,113500,2.07E+02,2.60E+00,1.18E-02,8.59E+01,4.32E-05,3.55E-01,1.91E-01,2.46E-01,2.38E+02,1.53E+01,2.53E+02,0.000330547,0.000345109
2.59E+04,1.14E+05,5.04E+01,7.52E-01,1.18E-02,8.59E+01,4.32E-05,3.55E-01,1.92E-01,2.43E-01,2.38E+02,1.49E+01,2.53E+02,0.000330217,0.000344767
2.59E+04,113600,2.07E+02,2.60E+00,1.18E-02,8.59E+01,4.32E-05,3.55E-01,1.92E-01,2.43E-01,2.38E+02,1.49E+01,2.53E+02,0.000330216,0.000344765
2.59E+04,113699,5.08E+01,7.52E-01,1.18E-02,8.59E+01,4.31E-05,3.56E-01,1.92E-01,2.45E-01,2.39E+02,1.52E+01,2.54E+02,0.000329889,0.000344426
2.59E+04,113700,2.08E+02,2.60E+00,1.18E-02,8.59E+01,4.31E-05,3.56E-01,1.92E-01,2.45E-01,2.39E+02,1.52E+01,2.54E+02,0.000329885,0.000344422
2.59E+04,113799,5.08E+01,7.51E-01,1.18E-02,8.59E+01,4.31E-05,3.55E-01,1.91E-01,2.46E-01,2.38E+02,1.53E+01,2.53E+02,0.000329559,0.000344083
2.59E+04,113800,2.07E+02,2.60E+00,1.18E-02,8.59E+01,4.31E-05,3.55E-01,1.91E-01,2.46E-01,2.38E+02,1.53E+01,2.53E+02,0.000329555,0.00034408
2.59E+04,1.14E+05,5.02E+01,7.52E-01,1.18E-02,8.59E+01,4.30E-05,3.55E-01,1.92E-01,2.42E-01,2.37E+02,1.48E+01,2.52E+02,0.000329228,0.00034374
2.59E+04,113900,2.07E+02,2.60E+00,1.18E-02,8.59E+01,4.30E-05,3.55E-01,1.92E-01,2.42E-01,2.37E+02,1.48E+01,2.52E+02,0.000329226,0.000343738
2.59E+04,1.14E+05,5.04E+01,7.52E-01,1.18E-02,8.59E+01,4.30E-05,3.54E-01,1.90E-01,2.44E-01,2.37E+02,1.50E+01,2.52E+02,0.000328899,0.000343399
2.59E+04,1.14E+05,2.06E+02,2.60E+00,1.18E-02,8.59E+01,4.30E-05,3.54E-01,1.90E-01,2.44E-01,2.37E+02,1.50E+01,2.52E+02,0.000328899,0.000343399
2.60E+04,114099,5.09E+01,7.51E-01,1.19E-02,8.59E+01,4.30E-05,3.53E-01,1.90E-01,2.47E-01,2.37E+02,1.54E+01,2.53E+02,0.000328573,0.00034306
2.60E+04,1.14E+05,2.06E+02,2.60E+00,1.19E-02,8.59E+01,4.30E-05,3.53E-01,1.90E-01,2.47E-01,2.37E+02,1.54E+01,2.53E+02,0.000328571,0.000343058
2.60E+04,114199,5.08E+01,7.51E-01,1.18E-02,8.59E+01,4.29E-05,3.54E-01,1.91E-01,2.46E-01,2.38E+02,1.53E+01,2.53E+02,0.000328245,0.00034272
2.60E+04,114200,2.07E+02,2.60E+00,1.18E-02,8.59E+01,4.29E-05,3.54E-01,1.91E-01,2.46E-01,2.38E+02,1.53E+01,2.53E+02,0.000328242,0.000342716
2.60E+04,1.14E+05,5.06E+01,7.51E-01,1.18E-02,8.59E+01,4.29E-05,3.54E-01,1.91E-01,2.45E-01,2.38E+02,1.51E+01,2.53E+02,0.000327917,0.000342379
2.60E+04,1.14E+05,2.07E+02,2.60E+00,1.18E-02,8.59E+01,4.29E-05,3.54E-01,1.91E-01,2.45E-01,2.38E+02,1.51E+01,2.53E+02,0.000327917,0.000342379
2.60E+04,1.14E+05,5.05E+01,7.49E-01,1.18E-02,8.59E+01,4.29E-05,3.54E-01,1.91E-01,2.44E-01,2.38E+02,1.51E+01,2.53E+02,0.000327591,0.00034204
2.60E+04,1.14E+05,2.07E+02,2.60E+00,1.18E-02,8.59E+01,4.29E-05,3.54E-01,1.91E-01,2.44E-01,2.38E+02,1.51E+01,2.53E+02,0.000327591,0.00034204
2.61E+04,1.14E+05,5.04E+01,7.51E-01,1.18E-02,8.59E+01,4.28E-05,3.54E-01,1.91E-01,2.44E-01,2.38E+02,1.50E+01,2.53E+02,0.000327265,0.000341702
2.61E+04,1.14E+05,2.07E+02,2.60E+00,1.18E-02,8.59E+01,4.28E-05,3.54E-01,1.91E-01,2.44E-01,2.38E+02,1.50E+01,2.53E+02,0.000327265,0.000341702
2.61E+04,1.15E+05,5.04E+01,7.50E-01,1.18E-02,8.59E+01,4.28E-05,3.54E-01,1.92E-01,2.43E-01,2.38E+02,1.49E+01,2.53E+02,0.00032694,0.000341365
2.61E+04,114600,2.07E+02,2.60E+00,1.18E-02,8.59E+01,4.28E-05,3.54E-01,1.92E-01,2.43E-01,2.38E+02,1.49E+01,2.53E+02,0.000326939,0.000341363
2.61E+04,114699,5.12E+01,7.49E-01,1.19E-02,8.59E+01,4.28E-05,3.54E-01,1.90E-01,2.48E-01,2.38E+02,1.56E+01,2.54E+02,0.000326618,0.00034103
2.61E+04,1.15E+05,2.07E+02,2.60E+00,1.19E-02,8.59E+01,4.28E-05,3.54E-01,1.90E-01,2.48E-01,2.38E+02,1.56E+01,2.54E+02,0.000326616,0.000341028
2.61E+04,114799,5.11E+01,7.49E-01,1.18E-02,8.59E+01,4.27E-05,3.54E-01,1.90E-01,2.47E-01,2.38E+02,1.55E+01,2.54E+02,0.000326294,0.000340694
2.61E+04,114800,2.07E+02,2.60E+00,1.18E-02,8.59E+01,4.27E-05,3.54E-01,1.90E-01,2.47E-01,2.38E+02,1.55E+01,2.54E+02,0.000326291,0.00034069
2.61E+04,114899,5.10E+01,7.50E-01,1.19E-02,8.59E+01,4.27E-05,3.53E-01,1.89E-01,2.48E-01,2.37E+02,1.55E+01,2.53E+02,0.000325971,0.000340358
2.61E+04,1.15E+05,2.06E+02,2.60E+00,1.19E-02,8.59E+01,4.27E-05,3.53E-01,1.89E-01,2.48E-01,2.37E+02,1.55E+01,2.53E+02,0.000325969,0.000340356
2.62E+04,1.15E+05,5.04E+01,7.50E-01,1.18E-02,8.59E+01,4.27E-05,3.54E-01,1.91E-01,2.44E-01,2.38E+02,1.50E+01,2.53E+02,0.000325646,0.000340021
2.62E+04,115000,2.07E+02,2.60E+00,1.18E-02,8.59E+01,4.27E-05,3.54E-01,1.91E-01,2.44E-01,2.38E+02,1.50E+01,2.53E+02,0.000325645,0.00034002
2.62E+04,115099,5.10E+01,7.49E-01,1.18E-02,8.59E+01,4.26E-05,3.54E-01,1.90E-01,2.46E-01,2.38E+02,1.54E+01,2.54E+02,0.000325326,0.000339689
2.62E+04,115100,2.07E+02,2.60E+00,1.18E-02,8.59E+01,4.26E-05,3.54E-01,1.90E-01,2.46E-01,2.38E+02,1.54E+01,2.54E+02,0.000325323,0.000339685
2.62E+04,115199,5.17E+01,7.50E-01,1.19E-02,8.59E+01,4.26E-05,3.54E-01,1.89E-01,2.50E-01,2.39E+02,1.59E+01,2.55E+02,0.000325005,0.000339355
2.62E+04,115200,2.07E+02,2.60E+00,1.19E-02,8.59E+01,4.26E-05,3.54E-01,1.89E-01,2.50E-01,2.39E+02,1.59E+01,2.55E+02,0.000325002,0.000339352
2.63E+04,1.15E+05,5.00E+01,7.51E-01,1.18E-02,8.59E+01,4.25E-05,3.53E-01,1.91E-01,2.42E-01,2.36E+02,1.48E+01,2.51E+02,0.000324682,0.00033902
2.63E+04,1.15E+05,2.06E+02,2.60E+00,1.18E-02,8.59E+01,4.25E-05,3.53E-01,1.91E-01,2.42E-01,2.36E+02,1.48E+01,2.51E+02,0.000324682,0.00033902
2.63E+04,115399,5.04E+01,7.51E-01,1.18E-02,8.60E+01,4.25E-05,3.53E-01,1.90E-01,2.44E-01,2.37E+02,1.50E+01,2.52E+02,0.000324364,0.00033869
2.63E+04,115400,2.07E+02,2.59E+00,1.18E-02,8.60E+01,4.25E-05,3.53E-01,1.90E-01,2.44E-01,2.37E+02,1.50E+01,2.52E+02,0.000324361,0.000338686
2.63E+04,1.15E+05,5.00E+01,7.51E-01,1.18E-02,8.60E+01,4.25E-05,3.52E-01,1.90E-01,2.43E-01,2.36E+02,1.47E+01,2.51E+02,0.000324043,0.000338356
2.63E+04,1.15E+05,2.06E+02,2.60E+00,1.18E-02,8.60E+01,4.25E-05,3.52E-01,1.90E-01,2.43E-01,2.36E+02,1.47E+01,2.51E+02,0.000324043,0.000338356
2.63E+04,115599,2.07E+02,2.60E+00,1.18E-02,8.60E+01,4.24E-05,3.54E-01,1.90E-01,2.47E-01,2.38E+02,1.54E+01,2.53E+02,0.000323725,0.000338027
2.63E+04,115599,5.10E+01,7.52E-01,1.18E-02,8.60E+01,4.24E-05,3.54E-01,1.90E-01,2.47E-01,2.38E+02,1.54E+01,2.53E+02,0.000323725,0.000338027
2.63E+04,115699,5.09E+01,7.51E-01,1.19E-02,8.60E+01,4.24E-05,3.52E-01,1.89E-01,2.47E-01,2.37E+02,1.54E+01,2.52E+02,0.000323407,0.000337696
2.63E+04,1.16E+05,2.06E+02,2.60E+00,1.19E-02,8.60E+01,4.24E-05,3.52E-01,1.89E-01,2.47E-01,2.37E+02,1.54E+01,2.52E+02,0.000323405,0.000337694
2.64E+04,115799,5.03E+01,7.51E-01,1.19E-02,8.60E+01,4.24E-05,3.52E-01,1.90E-01,2.44E-01,2.36E+02,1.50E+01,2.51E+02,0.000323089,0.000337366
2.64E+04,1.16E+05,2.06E+02,2.60E+00,1.19E-02,8.60E+01,4.24E-05,3.52E-01,1.90E-01,2.44E-01,2.36E+02,1.50E+01,2.51E+02,0.000323088,0.000337364
2.64E+04,1.16E+05,4.94E+01,7.52E-01,1.17E-02,8.60E+01,4.23E-05,3.54E-01,1.92E-01,2.39E-01,2.36E+02,1.43E+01,2.51E+02,0.00032277,0.000337035
2.64E+04,115900,2.07E+02,2.60E+00,1.17E-02,8.60E+01,4.23E-05,3.54E-01,1.92E-01,2.39E-01,2.36E+02,1.43E+01,2.51E+02,0.000322769,0.000337033
2.64E+04,115999,5.10E+01,7.52E-01,1.19E-02,8.60E+01,4.23E-05,3.52E-01,1.89E-01,2.48E-01,2.37E+02,1.55E+01,2.52E+02,0.000322455,0.000336708
2.64E+04,1.16E+05,2.06E+02,2.60E+00,1.19E-02,8.60E+01,4.23E-05,3.52E-01,1.89E-01,2.48E-01,2.37E+02,1.55E+01,2.52E+02,0.000322454,0.000336706
2.64E+04,1.16E+05,4.97E+01,7.50E-01,1.18E-02,8.60E+01,4.23E-05,3.52E-01,1.90E-01,2.42E-01,2.36E+02,1.46E+01,2.50E+02,0.000322138,0.000336378
2.64E+04,1.16E+05,2.06E+02,2.60E+00,1.18E-02,8.60E+01,4.23E-05,3.52E-01,1.90E-01,2.42E-01,2.36E+02,1.46E+01,2.50E+02,0.000322138,0.000336378
2.64E+04,116199,5.03E+01,7.50E-01,1.18E-02,8.60E+01,4.22E-05,3.53E-01,1.91E-01,2.43E-01,2.37E+02,1.49E+01,2.52E+02,0.000321824,0.000336052
2.64E+04,116200,2.07E+02,2.60E+00,1.18E-02,8.60E+01,4.22E-05,3.53E-01,1.91E-01,2.43E-01,2.37E+02,1.49E+01,2.52E+02,0.000321821,0.000336049
2.65E+04,1.16E+05,4.99E+01,7.52E-01,1.18E-02,8.60E+01,4.22E-05,3.53E-01,1.91E-01,2.42E-01,2.37E+02,1.47E+01,2.51E+02,0.000321507,0.000335724
2.65E+04,116300,2.07E+02,2.60E+00,1.18E-02,8.60E+01,4.22E-05,3.53E-01,1.91E-01,2.42E-01,2.37E+02,1.47E+01,2.51E+02,0.000321506,0.000335722
2.65E+04,116399,5.04E+01,7.51E-01,1.18E-02,8.60E+01,4.22E-05,3.53E-01,1.90E-01,2.44E-01,2.37E+02,1.51E+01,2.52E+02,0.000321195,0.000335399
2.65E+04,116400,2.06E+02,2.60E+00,1.18E-02,8.60E+01,4.22E-05,3.53E-01,1.90E-01,2.44E-01,2.37E+02,1.51E+01,2.52E+02,0.000321191,0.000335396
2.65E+04,1.16E+05,4.98E+01,7.49E-01,1.18E-02,8.60E+01,4.21E-05,3.53E-01,1.91E-01,2.41E-01,2.36E+02,1.46E+01,2.51E+02,0.000320879,0.000335072
2.65E+04,116500,2.06E+02,2.60E+00,1.18E-02,8.60E+01,4.21E-05,3.53E-01,1.91E-01,2.41E-01,2.36E+02,1.46E+01,2.51E+02,0.000320878,0.00033507
2.65E+04,1.17E+05,4.98E+01,7.51E-01,1.19E-02,8.60E+01,4.21E-05,3.51E-01,1.90E-01,2.43E-01,2.35E+02,1.47E+01,2.50E+02,0.000320566,0.000334746
2.65E+04,1.17E+05,2.05E+02,2.60E+00,1.19E-02,8.60E+01,4.21E-05,3.51E-01,1.90E-01,2.43E-01,2.35E+02,1.47E+01,2.50E+02,0.000320566,0.000334746
2.66E+04,1.17E+05,4.98E+01,7.51E-01,1.18E-02,8.60E+01,4.21E-05,3.52E-01,1.90E-01,2.42E-01,2.36E+02,1.47E+01,2.50E+02,0.000320253,0.000334422
2.66E+04,1.17E+05,2.06E+02,2.60E+00,1.18E-02,8.60E+01,4.21E-05,3.52E-01,1.90E-01,2.42E-01,2.36E+02,1.47E+01,2.50E+02,0.000320253,0.000334422
2.66E+04,116799,5.04E+01,7.52E-01,1.19E-02,8.60E+01,4.20E-05,3.52E-01,1.89E-01,2.45E-01,2.36E+02,1.51E+01,2.51E+02,0.000319943,0.000334099
2.66E+04,1.17E+05,2.06E+02,2.60E+00,1.19E-02,8.60E+01,4.20E-05,3.52E-01,1.89E-01,2.45E-01,2.36E+02,1.51E+01,2.51E+02,0.000319941,0.000334098
2.66E+04,116899,5.05E+01,7.51E-01,1.19E-02,8.60E+01,4.20E-05,3.52E-01,1.89E-01,2.45E-01,2.36E+02,1.51E+01,2.51E+02,0.000319632,0.000333776
2.66E+04,1.17E+05,2.06E+02,2.60E+00,1.19E-02,8.60E+01,4.20E-05,3.52E-01,1.89E-01,2.45E-01,2.36E+02,1.51E+01,2.51E+02,0.00031963,0.000333774
2.66E+04,1.17E+05,4.99E+01,7.49E-01,1.19E-02,8.60E+01,4.20E-05,3.51E-01,1.90E-01,2.43E-01,2.36E+02,1.48E+01,2.50E+02,0.000319319,0.000333452
2.66E+04,1.17E+05,2.05E+02,2.60E+00,1.19E-02,8.60E+01,4.20E-05,3.51E-01,1.90E-01,2.43E-01,2.36E+02,1.48E+01,2.50E+02,0.000319319,0.000333452
2.66E+04,1.17E+05,5.02E+01,7.55E-01,1.19E-02,8.60E+01,4.19E-05,3.51E-01,1.89E-01,2.45E-01,2.35E+02,1.50E+01,2.50E+02,0.000319009,0.000333129
2.66E+04,1.17E+05,2.05E+02,2.60E+00,1.19E-02,8.60E+01,4.19E-05,3.51E-01,1.89E-01,2.45E-01,2.35E+02,1.50E+01,2.50E+02,0.000319009,0.000333129
2.67E+04,1.17E+05,5.03E+01,7.55E-01,1.19E-02,8.60E+01,4.19E-05,3.52E-01,1.89E-01,2.44E-01,2.36E+02,1.50E+01,2.51E+02,0.000318699,0.000332808
2.67E+04,1.17E+05,2.06E+02,2.60E+00,1.19E-02,8.60E+01,4.19E-05,3.52E-01,1.89E-01,2.44E-01,2.36E+02,1.50E+01,2.51E+02,0.000318699,0.000332808
2.67E+04,117299,5.04E+01,7.51E-01,1.18E-02,8.60E+01,4.19E-05,3.53E-01,1.90E-01,2.44E-01,2.37E+02,1.50E+01,2.52E+02,0.000318391,0.000332488
2.67E+04,117300,2.07E+02,2.60E+00,1.18E-02,8.60E+01,4.19E-05,3.53E-01,1.90E-01,2.44E-01,2.37E+02,1.50E+01,2.52E+02,0.000318388,0.000332485
2.67E+04,1.17E+05,4.97E+01,7.52E-01,1.19E-02,8.60E+01,4.18E-05,3.50E-01,1.89E-01,2.43E-01,2.35E+02,1.47E+01,2.49E+02,0.000318081,0.000332166
2.67E+04,1.17E+05,2.05E+02,2.60E+00,1.19E-02,8.60E+01,4.18E-05,3.50E-01,1.89E-01,2.43E-01,2.35E+02,1.47E+01,2.49E+02,0.000318081,0.000332166
2.68E+04,117499,5.09E+01,7.52E-01,1.19E-02,8.60E+01,4.18E-05,3.51E-01,1.88E-01,2.48E-01,2.36E+02,1.55E+01,2.52E+02,0.000317775,0.000331848
2.68E+04,1.17E+05,2.05E+02,2.60E+00,1.19E-02,8.60E+01,4.18E-05,3.51E-01,1.88E-01,2.48E-01,2.36E+02,1.55E+01,2.52E+02,0.000317773,0.000331846
2.68E+04,117599,5.01E+01,7.50E-01,1.19E-02,8.60E+01,4.18E-05,3.51E-01,1.89E-01,2.44E-01,2.36E+02,1.49E+01,2.50E+02,0.000317467,0.000331529
2.68E+04,1.18E+05,2.05E+02,2.60E+00,1.19E-02,8.60E+01,4.18E-05,3.51E-01,1.89E-01,2.44E-01,2.36E+02,1.49E+01,2.50E+02,0.000317466,0.000331527
2.68E+04,117699,5.01E+01,7.51E-01,1.19E-02,8.60E+01,4.17E-05,3.51E-01,1.89E-01,2.44E-01,2.36E+02,1.49E+01,2.51E+02,0.00031716,0.00033121
2.68E+04,1.18E+05,2.05E+02,2.60E+00,1.19E-02,8.60E+01,4.17E-05,3.51E-01,1.89E-01,2.44E-01,2.36E+02,1.49E+01,2.51E+02,0.000317159,0.000331208
2.68E+04,117799,5.08E+01,7.50E-01,1.20E-02,8.61E+01,4.17E-05,3.50E-01,1.87E-01,2.48E-01,2.36E+02,1.55E+01,2.51E+02,0.000316854,0.000330892
2.68E+04,1.18E+05,2.05E+02,2.60E+00,1.20E-02,8.61E+01,4.17E-05,3.50E-01,1.87E-01,2.48E-01,2.36E+02,1.55E+01,2.51E+02,0.000316853,0.00033089
2.68E+04,117899,5.08E+01,7.52E-01,1.19E-02,8.61E+01,4.17E-05,3.51E-01,1.88E-01,2.48E-01,2.36E+02,1.54E+01,2.52E+02,0.000316548,0.000330574
2.68E+04,1.18E+05,2.05E+02,2.60E+00,1.19E-02,8.61E+01,4.17E-05,3.51E-01,1.88E-01,2.48E-01,2.36E+02,1.54E+01,2.52E+02,0.000316547,0.000330573
2.69E+04,1.18E+05,4.97E+01,7.51E-01,1.18E-02,8.61E+01,4.16E-05,3.51E-01,1.90E-01,2.41E-01,2.35E+02,1.46E+01,2.50E+02,0.000316241,0.000330256
2.69E+04,118000,2.06E+02,2.60E+00,1.18E-02,8.61E+01,4.16E-05,3.51E-01,1.90E-01,2.41E-01,2.35E+02,1.46E+01,2.50E+02,0.00031624,0.000330254
2.69E+04,118099,5.02E+01,7.50E-01,1.19E-02,8.61E+01,4.16E-05,3.52E-01,1.90E-01,2.44E-01,2.36E+02,1.49E+01,2.51E+02,0.000315938,0.000329941
2.69E+04,118100,2.06E+02,2.60E+00,1.19E-02,8.61E+01,4.16E-05,3.52E-01,1.90E-01,2.44E-01,2.36E+02,1.49E+01,2.51E+02,0.000315935,0.000329938
2.69E+04,118199,5.03E+01,7.50E-01,1.19E-02,8.61E+01,4.15E-05,3.52E-01,1.90E-01,2.44E-01,2.36E+02,1.50E+01,2.51E+02,0.000315634,0.000329625
2.69E+04,118200,2.06E+02,2.60E+00,1.19E-02,8.61E+01,4.15E-05,3.52E-01,1.90E-01,2.44E-01,2.36E+02,1.50E+01,2.51E+02,0.000315631,0.000329622
2.69E+04,1.18E+05,4.96E+01,7.53E-01,1.18E-02,8.61E+01,4.15E-05,3.51E-01,1.90E-01,2.41E-01,2.35E+02,1.45E+01,2.50E+02,0.000315329,0.000329308
2.69E+04,118300,2.05E+02,2.60E+00,1.18E-02,8.61E+01,4.15E-05,3.51E-01,1.90E-01,2.41E-01,2.35E+02,1.45E+01,2.50E+02,0.000315327,0.000329306
2.70E+04,1.18E+05,5.00E+01,7.53E-01,1.19E-02,8.61E+01,4.15E-05,3.50E-01,1.88E-01,2.44E-01,2.35E+02,1.49E+01,2.50E+02,0.000315026,0.000328993
2.70E+04,1.18E+05,2.05E+02,2.60E+00,1.19E-02,8.61E+01,4.15E-05,3.50E-01,1.88E-01,2.44E-01,2.35E+02,1.49E+01,2.50E+02,0.000315026,0.000328993
2.70E+04,118499,5.06E+01,7.52E-01,1.19E-02,8.61E+01,4.14E-05,3.51E-01,1.88E-01,2.46E-01,2.36E+02,1.52E+01,2.51E+02,0.000314725,0.000328681
2.70E+04,118500,2.05E+02,2.60E+00,1.19E-02,8.61E+01,4.14E-05,3.51E-01,1.88E-01,2.46E-01,2.36E+02,1.52E+01,2.51E+02,0.000314722,0.000328678
2.70E+04,118599,5.06E+01,7.52E-01,1.19E-02,8.61E+01,4.14E-05,3.51E-01,1.88E-01,2.46E-01,2.36E+02,1.52E+01,2.51E+02,0.000314423,0.000328367
2.70E+04,118600,2.05E+02,2.60E+00,1.19E-02,8.61E+01,4.14E-05,3.51E-01,1.88E-01,2.46E-01,2.36E+02,1.52E+01,2.51E+02,0.00031442,0.000328364
2.70E+04,118699,5.05E+01,7.52E-01,1.19E-02,8.61E+01,4.14E-05,3.51E-01,1.88E-01,2.46E-01,2.36E+02,1.52E+01,2.51E+02,0.000314121,0.000328054
2.70E+04,118700,2.05E+02,2.60E+00,1.19E-02,8.61E+01,4.14E-05,3.51E-01,1.88E-01,2.46E-01,2.36E+02,1.52E+01,2.51E+02,0.000314118,0.000328051
2.70E+04,1.19E+05,4.95E+01,7.53E-01,1.18E-02,8.61E+01,4.13E-05,3.51E-01,1.90E-01,2.41E-01,2.35E+02,1.45E+01,2.49E+02,0.000313819,0.00032774
2.70E+04,118800,2.05E+02,2.60E+00,1.18E-02,8.61E+01,4.13E-05,3.51E-01,1.90E-01,2.41E-01,2.35E+02,1.45E+01,2.49E+02,0.000313818,0.000327739
2.71E+04,1.19E+05,4.94E+01,7.52E-01,1.19E-02,8.61E+01,4.13E-05,3.49E-01,1.89E-01,2.42E-01,2.34E+02,1.45E+01,2.49E+02,0.000313519,0.000327428
2.71E+04,1.19E+05,2.05E+02,2.60E+00,1.19E-02,8.61E+01,4.13E-05,3.49E-01,1.89E-01,2.42E-01,2.34E+02,1.45E+01,2.49E+02,0.000313519,0.000327428
2.71E+04,118999,5.03E+01,7.52E-01,1.20E-02,8.61E+01,4.13E-05,3.49E-01,1.88E-01,2.46E-01,2.35E+02,1.52E+01,2.50E+02,0.00031322,0.000327118
2.71E+04,1.19E+05,2.05E+02,2.60E+00,1.20E-02,8.61E+01,4.13E-05,3.49E-01,1.88E-01,2.46E-01,2.35E+02,1.52E+01,2.50E+02,0.000313219,0.000327117
2.71E+04,1.19E+05,4.99E+01,7.52E-01,1.19E-02,8.61E+01,4.13E-05,3.50E-01,1.88E-01,2.44E-01,2.35E+02,1.48E+01,2.50E+02,0.00031292,0.000326806
2.71E+04,1.19E+05,2.05E+02,2.60E+00,1.19E-02,8.61E+01,4.13E-05,3.50E-01,1.88E-01,2.44E-01,2.35E+02,1.48E+01,2.50E+02,0.00031292,0.000326806
2.71E+04,119199,5.06E+01,7.52E-01,1.20E-02,8.61E+01,4.12E-05,3.49E-01,1.87E-01,2.47E-01,2.35E+02,1.53E+01,2.51E+02,0.000312622,0.000326497
2.71E+04,1.19E+05,2.05E+02,2.60E+00,1.20E-02,8.61E+01,4.12E-05,3.49E-01,1.87E-01,2.47E-01,2.35E+02,1.53E+01,2.51E+02,0.000312621,0.000326496
2.72E+04,1.19E+05,5.00E+01,7.52E-01,1.19E-02,8.61E+01,4.12E-05,3.49E-01,1.88E-01,2.45E-01,2.34E+02,1.49E+01,2.49E+02,0.000312323,0.000326186
2.72E+04,1.19E+05,2.04E+02,2.60E+00,1.19E-02,8.61E+01,4.12E-05,3.49E-01,1.88E-01,2.45E-01,2.34E+02,1.49E+01,2.49E+02,0.000312323,0.000326186
2.72E+04,119399,5.05E+01,7.52E-01,1.20E-02,8.61E+01,4.12E-05,3.50E-01,1.88E-01,2.47E-01,2.36E+02,1.53E+01,2.51E+02,0.000312027,0.000325879
2.72E+04,1.19E+05,2.05E+02,2.60E+00,1.20E-02,8.61E+01,4.12E-05,3.50E-01,1.88E-01,2.47E-01,2.36E+02,1.53E+01,2.51E+02,0.000312025,0.000325877
2.72E+04,1.19E+05,5.00E+01,7.52E-01,1.19E-02,8.61E+01,4.11E-05,3.51E-01,1.89E-01,2.43E-01,2.36E+02,1.48E+01,2.50E+02,0.000311728,0.000325568
2.72E+04,119500,2.06E+02,2.60E+00,1.19E-02,8.61E+01,4.11E-05,3.51E-01,1.89E-01,2.43E-01,2.36E+02,1.48E+01,2.50E+02,0.000311726,0.000325567
2.72E+04,119599,5.04E+01,7.53E-01,1.19E-02,8.61E+01,4.11E-05,3.51E-01,1.89E-01,2.45E-01,2.36E+02,1.51E+01,2.51E+02,0.000311433,0.000325262
2.72E+04,119600,2.06E+02,2.60E+00,1.19E-02,8.61E+01,4.11E-05,3.51E-01,1.89E-01,2.45E-01,2.36E+02,1.51E+01,2.51E+02,0.00031143,0.000325259
2.72E+04,1.20E+05,5.00E+01,7.52E-01,1.19E-02,8.61E+01,4.11E-05,3.50E-01,1.88E-01,2.44E-01,2.35E+02,1.49E+01,2.50E+02,0.000311135,0.000324953
2.72E+04,1.20E+05,2.05E+02,2.60E+00,1.19E-02,8.61E+01,4.11E-05,3.50E-01,1.88E-01,2.44E-01,2.35E+02,1.49E+01,2.50E+02,0.000311135,0.000324953
2.73E+04,1.20E+05,4.99E+01,7.52E-01,1.19E-02,8.61E+01,4.10E-05,3.49E-01,1.88E-01,2.44E-01,2.35E+02,1.48E+01,2.49E+02,0.00031084,0.000324646
2.73E+04,1.20E+05,2.05E+02,2.60E+00,1.19E-02,8.61E+01,4.10E-05,3.49E-01,1.88E-01,2.44E-01,2.35E+02,1.48E+01,2.49E+02,0.00031084,0.000324646
2.73E+04,119899,5.04E+01,7.51E-01,1.20E-02,8.61E+01,4.10E-05,3.48E-01,1.87E-01,2.47E-01,2.35E+02,1.52E+01,2.50E+02,0.000310546,0.000324341
2.73E+04,1.20E+05,2.04E+02,2.60E+00,1.20E-02,8.61E+01,4.10E-05,3.48E-01,1.87E-01,2.47E-01,2.35E+02,1.52E+01,2.50E+02,0.000310545,0.00032434
2.73E+04,119999,5.04E+01,7.51E-01,1.20E-02,8.61E+01,4.10E-05,3.50E-01,1.88E-01,2.46E-01,2.36E+02,1.52E+01,2.51E+02,0.000310252,0.000324035
2.73E+04,1.20E+05,2.05E+02,2.60E+00,1.20E-02,8.61E+01,4.10E-05,3.50E-01,1.88E-01,2.46E-01,2.36E+02,1.52E+01,2.51E+02,0.00031025,0.000324034
2.73E+04,1.20E+05,4.99E+01,7.52E-01,1.19E-02,8.61E+01,4.09E-05,3.49E-01,1.88E-01,2.44E-01,2.35E+02,1.49E+01,2.50E+02,0.000309956,0.000323729
2.73E+04,1.20E+05,2.05E+02,2.60E+00,1.19E-02,8.61E+01,4.09E-05,3.49E-01,1.88E-01,2.44E-01,2.35E+02,1.49E+01,2.50E+02,0.000309956,0.000323729
2.73E+04,1.20E+05,5.00E+01,7.51E-01,1.19E-02,8.62E+01,4.09E-05,3.50E-01,1.88E-01,2.44E-01,2.35E+02,1.49E+01,2.50E+02,0.000309663,0.000323424
2.73E+04,1.20E+05,2.05E+02,2.60E+00,1.19E-02,8.62E+01,4.09E-05,3.50E-01,1.88E-01,2.44E-01,2.35E+02,1.49E+01,2.50E+02,0.000309663,0.000323424
2.74E+04,120299,5.11E+01,7.55E-01,1.20E-02,8.62E+01,4.09E-05,3.49E-01,1.87E-01,2.50E-01,2.36E+02,1.56E+01,2.51E+02,0.000309371,0.000323121
2.74E+04,1.20E+05,2.05E+02,2.60E+00,1.20E-02,8.62E+01,4.09E-05,3.49E-01,1.87E-01,2.50E-01,2.36E+02,1.56E+01,2.51E+02,0.00030937,0.00032312
2.74E+04,1.20E+05,4.99E+01,7.54E-01,1.19E-02,8.62E+01,4.08E-05,3.49E-01,1.88E-01,2.44E-01,2.34E+02,1.48E+01,2.49E+02,0.000309078,0.000322816
2.74E+04,1.20E+05,2.05E+02,2.60E+00,1.19E-02,8.62E+01,4.08E-05,3.49E-01,1.88E-01,2.44E-01,2.34E+02,1.48E+01,2.49E+02,0.000309078,0.000322816
2.74E+04,120499,5.04E+01,7.51E-01,1.20E-02,8.62E+01,4.08E-05,3.49E-01,1.88E-01,2.46E-01,2.35E+02,1.52E+01,2.50E+02,0.000308787,0.000322514
2.74E+04,1.20E+05,2.05E+02,2.60E+00,1.20E-02,8.62E+01,4.08E-05,3.49E-01,1.88E-01,2.46E-01,2.35E+02,1.52E+01,2.50E+02,0.000308786,0.000322513
2.75E+04,1.21E+05,4.98E+01,7.53E-01,1.19E-02,8.62E+01,4.08E-05,3.49E-01,1.88E-01,2.44E-01,2.35E+02,1.48E+01,2.50E+02,0.000308494,0.00032221
2.75E+04,1.21E+05,2.05E+02,2.60E+00,1.19E-02,8.62E+01,4.08E-05,3.49E-01,1.88E-01,2.44E-01,2.35E+02,1.48E+01,2.50E+02,0.000308494,0.00032221
2.75E+04,1.21E+05,4.99E+01,7.53E-01,1.19E-02,8.62E+01,4.07E-05,3.50E-01,1.89E-01,2.43E-01,2.35E+02,1.48E+01,2.50E+02,0.000308203,0.000321908
2.75E+04,120700,2.05E+02,2.60E+00,1.19E-02,8.62E+01,4.07E-05,3.50E-01,1.89E-01,2.43E-01,2.35E+02,1.48E+01,2.50E+02,0.000308202,0.000321907
2.75E+04,120799,2.05E+02,2.60E+00,1.19E-02,8.62E+01,4.07E-05,3.50E-01,1.88E-01,2.45E-01,2.36E+02,1.51E+01,2.51E+02,0.000307915,0.000321608
2.75E+04,120799,5.04E+01,7.54E-01,1.19E-02,8.62E+01,4.07E-05,3.50E-01,1.88E-01,2.45E-01,2.36E+02,1.51E+01,2.51E+02,0.000307915,0.000321608
2.75E+04,1.21E+05,4.99E+01,7.53E-01,1.20E-02,8.62E+01,4.07E-05,3.48E-01,1.87E-01,2.45E-01,2.34E+02,1.49E+01,2.49E+02,0.000307623,0.000321306
2.75E+04,1.21E+05,2.04E+02,2.60E+00,1.20E-02,8.62E+01,4.07E-05,3.48E-01,1.87E-01,2.45E-01,2.34E+02,1.49E+01,2.49E+02,0.000307623,0.000321306
2.75E+04,120999,5.04E+01,7.52E-01,1.20E-02,8.62E+01,4.06E-05,3.49E-01,1.87E-01,2.46E-01,2.35E+02,1.52E+01,2.50E+02,0.000307335,0.000321007
2.75E+04,1.21E+05,2.04E+02,2.60E+00,1.20E-02,8.62E+01,4.06E-05,3.49E-01,1.87E-01,2.46E-01,2.35E+02,1.52E+01,2.50E+02,0.000307334,0.000321005
2.76E+04,1.21E+05,4.98E+01,7.53E-01,1.19E-02,8.62E+01,4.06E-05,3.50E-01,1.89E-01,2.43E-01,2.35E+02,1.47E+01,2.50E+02,0.000307045,0.000320705
2.76E+04,121100,2.05E+02,2.60E+00,1.19E-02,8.62E+01,4.06E-05,3.50E-01,1.89E-01,2.43E-01,2.35E+02,1.47E+01,2.50E+02,0.000307044,0.000320704
2.76E+04,121199,5.04E+01,7.54E-01,1.20E-02,8.62E+01,4.06E-05,3.49E-01,1.87E-01,2.47E-01,2.35E+02,1.52E+01,2.50E+02,0.000306758,0.000320407
2.76E+04,1.21E+05,2.04E+02,2.60E+00,1.20E-02,8.62E+01,4.06E-05,3.49E-01,1.87E-01,2.47E-01,2.35E+02,1.52E+01,2.50E+02,0.000306757,0.000320406
2.76E+04,1.21E+05,4.99E+01,7.53E-01,1.19E-02,8.62E+01,4.05E-05,3.50E-01,1.89E-01,2.43E-01,2.35E+02,1.48E+01,2.50E+02,0.000306469,0.000320107
2.76E+04,121300,2.05E+02,2.60E+00,1.19E-02,8.62E+01,4.05E-05,3.50E-01,1.89E-01,2.43E-01,2.35E+02,1.48E+01,2.50E+02,0.000306468,0.000320105
2.76E+04,121399,5.04E+01,7.52E-01,1.20E-02,8.62E+01,4.05E-05,3.48E-01,1.87E-01,2.47E-01,2.34E+02,1.53E+01,2.50E+02,0.000306183,0.00031981
2.76E+04,1.21E+05,2.04E+02,2.60E+00,1.20E-02,8.62E+01,4.05E-05,3.48E-01,1.87E-01,2.47E-01,2.34E+02,1.53E+01,2.50E+02,0.000306182,0.000319808
2.77E+04,121499,5.04E+01,7.52E-01,1.20E-02,8.62E+01,4.05E-05,3.49E-01,1.87E-01,2.47E-01,2.35E+02,1.52E+01,2.50E+02,0.000305897,0.000319512
2.77E+04,1.21E+05,2.04E+02,2.60E+00,1.20E-02,8.62E+01,4.05E-05,3.49E-01,1.87E-01,2.47E-01,2.35E+02,1.52E+01,2.50E+02,0.000305895,0.000319511
2.77E+04,1.22E+05,4.98E+01,7.52E-01,1.19E-02,8.62E+01,4.04E-05,3.49E-01,1.88E-01,2.43E-01,2.35E+02,1.48E+01,2.49E+02,0.000305609,0.000319213
2.77E+04,121600,2.05E+02,2.59E+00,1.19E-02,8.62E+01,4.04E-05,3.49E-01,1.88E-01,2.43E-01,2.35E+02,1.48E+01,2.49E+02,0.000305607,0.000319212
2.77E+04,121699,5.04E+01,7.51E-01,1.20E-02,8.62E+01,4.04E-05,3.49E-01,1.88E-01,2.46E-01,2.35E+02,1.52E+01,2.51E+02,0.000305325,0.000318918
2.77E+04,1.22E+05,2.05E+02,2.60E+00,1.20E-02,8.62E+01,4.04E-05,3.49E-01,1.88E-01,2.46E-01,2.35E+02,1.52E+01,2.51E+02,0.000305323,0.000318917
2.77E+04,1.22E+05,4.98E+01,7.53E-01,1.19E-02,8.62E+01,4.04E-05,3.49E-01,1.88E-01,2.43E-01,2.34E+02,1.48E+01,2.49E+02,0.000305038,0.00031862
2.77E+04,1.22E+05,2.04E+02,2.60E+00,1.19E-02,8.62E+01,4.04E-05,3.49E-01,1.88E-01,2.43E-01,2.34E+02,1.48E+01,2.49E+02,0.000305038,0.00031862
2.77E+04,121899,5.04E+01,7.52E-01,1.20E-02,8.62E+01,4.03E-05,3.48E-01,1.87E-01,2.47E-01,2.35E+02,1.52E+01,2.50E+02,0.000304755,0.000318326
2.77E+04,1.22E+05,2.04E+02,2.59E+00,1.20E-02,8.62E+01,4.03E-05,3.48E-01,1.87E-01,2.47E-01,2.35E+02,1.52E+01,2.50E+02,0.000304753,0.000318324
2.78E+04,121999,5.04E+01,7.52E-01,1.20E-02,8.62E+01,4.03E-05,3.48E-01,1.87E-01,2.47E-01,2.35E+02,1.53E+01,2.50E+02,0.00030447,0.000318031
2.78E+04,1.22E+05,2.04E+02,2.59E+00,1.20E-02,8.62E+01,4.03E-05,3.48E-01,1.87E-01,2.47E-01,2.35E+02,1.53E+01,2.50E+02,0.000304469,0.000318029
2.78E+04,1.22E+05,4.99E+01,7.53E-01,1.20E-02,8.62E+01,4.03E-05,3.47E-01,1.87E-01,2.45E-01,2.34E+02,1.49E+01,2.49E+02,0.000304185,0.000317735
2.78E+04,1.22E+05,2.04E+02,2.59E+00,1.20E-02,8.62E+01,4.03E-05,3.47E-01,1.87E-01,2.45E-01,2.34E+02,1.49E+01,2.49E+02,0.000304185,0.000317735
2.78E+04,122199,5.05E+01,7.53E-01,1.20E-02,8.62E+01,4.03E-05,3.49E-01,1.87E-01,2.47E-01,2.35E+02,1.53E+01,2.50E+02,0.000303903,0.000317442
2.78E+04,1.22E+05,2.04E+02,2.60E+00,1.20E-02,8.62E+01,4.03E-05,3.49E-01,1.87E-01,2.47E-01,2.35E+02,1.53E+01,2.50E+02,0.000303902,0.00031744
2.78E+04,122299,5.00E+01,7.53E-01,1.19E-02,8.62E+01,4.02E-05,3.49E-01,1.88E-01,2.44E-01,2.35E+02,1.49E+01,2.50E+02,0.000303621,0.000317148
2.78E+04,122300,2.05E+02,2.60E+00,1.19E-02,8.62E+01,4.02E-05,3.49E-01,1.88E-01,2.44E-01,2.35E+02,1.49E+01,2.50E+02,0.000303618,0.000317145
2.79E+04,122399,5.07E+01,7.53E-01,1.20E-02,8.62E+01,4.02E-05,3.49E-01,1.87E-01,2.48E-01,2.36E+02,1.54E+01,2.51E+02,0.000303338,0.000316855
2.79E+04,122400,2.05E+02,2.60E+00,1.20E-02,8.62E+01,4.02E-05,3.49E-01,1.87E-01,2.48E-01,2.36E+02,1.54E+01,2.51E+02,0.000303335,0.000316852
2.79E+04,1.22E+05,4.91E+01,7.52E-01,1.19E-02,8.62E+01,4.02E-05,3.49E-01,1.89E-01,2.40E-01,2.34E+02,1.43E+01,2.48E+02,0.000303055,0.000316561
2.79E+04,122500,2.05E+02,2.60E+00,1.19E-02,8.62E+01,4.02E-05,3.49E-01,1.89E-01,2.40E-01,2.34E+02,1.43E+01,2.48E+02,0.000303054,0.000316559
2.79E+04,122599,4.99E+01,7.51E-01,1.20E-02,8.62E+01,4.01E-05,3.48E-01,1.88E-01,2.45E-01,2.35E+02,1.49E+01,2.49E+02,0.000302775,0.00031627
2.79E+04,1.23E+05,2.04E+02,2.60E+00,1.20E-02,8.62E+01,4.01E-05,3.48E-01,1.88E-01,2.45E-01,2.35E+02,1.49E+01,2.49E+02,0.000302774,0.000316269
2.79E+04,122699,5.01E+01,7.51E-01,1.19E-02,8.63E+01,4.01E-05,3.49E-01,1.88E-01,2.45E-01,2.35E+02,1.50E+01,2.50E+02,0.000302494,0.000315978
2.79E+04,122700,2.05E+02,2.60E+00,1.19E-02,8.63E+01,4.01E-05,3.49E-01,1.88E-01,2.45E-01,2.35E+02,1.50E+01,2.50E+02,0.000302492,0.000315975
2.79E+04,122799,5.07E+01,7.52E-01,1.20E-02,8.63E+01,4.01E-05,3.48E-01,1.87E-01,2.48E-01,2.35E+02,1.54E+01,2.51E+02,0.000302214,0.000315687
2.79E+04,1.23E+05,2.04E+02,2.60E+00,1.20E-02,8.63E+01,4.01E-05,3.48E-01,1.87E-01,2.48E-01,2.35E+02,1.54E+01,2.51E+02,0.000302213,0.000315686
2.80E+04,1.23E+05,4.96E+01,7.51E-01,1.19E-02,8.63E+01,4.00E-05,3.49E-01,1.89E-01,2.42E-01,2.35E+02,1.46E+01,2.49E+02,0.000301933,0.000315395
2.80E+04,122900,2.05E+02,2.60E+00,1.19E-02,8.63E+01,4.00E-05,3.49E-01,1.89E-01,2.42E-01,2.35E+02,1.46E+01,2.49E+02,0.000301931,0.000315394
2.80E+04,122999,5.00E+01,7.51E-01,1.19E-02,8.63E+01,4.00E-05,3.49E-01,1.88E-01,2.44E-01,2.35E+02,1.49E+01,2.50E+02,0.000301655,0.000315106
2.80E+04,123000,2.05E+02,2.60E+00,1.19E-02,8.63E+01,4.00E-05,3.49E-01,1.88E-01,2.44E-01,2.35E+02,1.49E+01,2.50E+02,0.000301652,0.000315103
2.80E+04,123099,5.01E+01,7.52E-01,1.20E-02,8.63E+01,4.00E-05,3.47E-01,1.86E-01,2.46E-01,2.34E+02,1.51E+01,2.49E+02,0.000301376,0.000314817
2.80E+04,1.23E+05,2.03E+02,2.60E+00,1.20E-02,8.63E+01,4.00E-05,3.47E-01,1.86E-01,2.46E-01,2.34E+02,1.51E+01,2.49E+02,0.000301375,0.000314815
2.80E+04,123199,5.07E+01,7.54E-01,1.20E-02,8.63E+01,3.99E-05,3.48E-01,1.86E-01,2.49E-01,2.35E+02,1.55E+01,2.50E+02,0.000301098,0.000314528
2.80E+04,1.23E+05,2.04E+02,2.60E+00,1.20E-02,8.63E+01,3.99E-05,3.48E-01,1.86E-01,2.49E-01,2.35E+02,1.55E+01,2.50E+02,0.000301096,0.000314526
2.81E+04,1.23E+05,5.00E+01,7.54E-01,1.19E-02,8.63E+01,3.99E-05,3.49E-01,1.88E-01,2.45E-01,2.34E+02,1.49E+01,2.49E+02,0.000300818,0.000314237
2.81E+04,123300,2.04E+02,2.60E+00,1.19E-02,8.63E+01,3.99E-05,3.49E-01,1.88E-01,2.45E-01,2.34E+02,1.49E+01,2.49E+02,0.000300817,0.000314236
2.81E+04,1.23E+05,4.98E+01,7.52E-01,1.19E-02,8.63E+01,3.99E-05,3.48E-01,1.88E-01,2.44E-01,2.34E+02,1.48E+01,2.49E+02,0.000300541,0.000313949
2.81E+04,123400,2.04E+02,2.60E+00,1.19E-02,8.63E+01,3.99E-05,3.48E-01,1.88E-01,2.44E-01,2.34E+02,1.48E+01,2.49E+02,0.00030054,0.000313948
2.81E+04,123499,5.04E+01,7.52E-01,1.20E-02,8.63E+01,3.98E-05,3.47E-01,1.86E-01,2.47E-01,2.34E+02,1.52E+01,2.50E+02,0.000300265,0.000313663
2.81E+04,1.23E+05,2.04E+02,2.60E+00,1.20E-02,8.63E+01,3.98E-05,3.47E-01,1.86E-01,2.47E-01,2.34E+02,1.52E+01,2.50E+02,0.000300264,0.000313662
2.81E+04,1.24E+05,4.98E+01,7.52E-01,1.20E-02,8.63E+01,3.98E-05,3.48E-01,1.87E-01,2.44E-01,2.34E+02,1.49E+01,2.49E+02,0.000299988,0.000313375
2.81E+04,1.24E+05,2.04E+02,2.60E+00,1.20E-02,8.63E+01,3.98E-05,3.48E-01,1.87E-01,2.44E-01,2.34E+02,1.49E+01,2.49E+02,0.000299988,0.000313375
2.82E+04,1.24E+05,4.99E+01,7.52E-01,1.20E-02,8.63E+01,3.98E-05,3.47E-01,1.87E-01,2.45E-01,2.34E+02,1.49E+01,2.49E+02,0.000299712,0.000313088
2.82E+04,1.24E+05,2.04E+02,2.60E+00,1.20E-02,8.63E+01,3.98E-05,3.47E-01,1.87E-01,2.45E-01,2.34E+02,1.49E+01,2.49E+02,0.000299712,0.000313088
2.82E+04,1.24E+05,4.98E+01,7.53E-01,1.20E-02,8.63E+01,3.98E-05,3.47E-01,1.87E-01,2.45E-01,2.34E+02,1.49E+01,2.49E+02,0.000299436,0.000312802
2.82E+04,1.24E+05,2.04E+02,2.60E+00,1.20E-02,8.63E+01,3.98E-05,3.47E-01,1.87E-01,2.45E-01,2.34E+02,1.49E+01,2.49E+02,0.000299436,0.000312802
2.82E+04,123899,5.04E+01,7.52E-01,1.20E-02,8.63E+01,3.97E-05,3.47E-01,1.86E-01,2.47E-01,2.34E+02,1.53E+01,2.50E+02,0.000299163,0.000312517
2.82E+04,1.24E+05,2.04E+02,2.60E+00,1.20E-02,8.63E+01,3.97E-05,3.47E-01,1.86E-01,2.47E-01,2.34E+02,1.53E+01,2.50E+02,0.000299161,0.000312516
2.82E+04,1.24E+05,4.99E+01,7.52E-01,1.20E-02,8.63E+01,3.97E-05,3.47E-01,1.87E-01,2.45E-01,2.34E+02,1.49E+01,2.49E+02,0.000298887,0.000312231
2.82E+04,1.24E+05,2.04E+02,2.60E+00,1.20E-02,8.63E+01,3.97E-05,3.47E-01,1.87E-01,2.45E-01,2.34E+02,1.49E+01,2.49E+02,0.000298887,0.000312231
2.82E+04,1.24E+05,4.99E+01,7.53E-01,1.19E-02,8.63E+01,3.97E-05,3.49E-01,1.88E-01,2.44E-01,2.35E+02,1.48E+01,2.50E+02,0.000298613,0.000311946
2.82E+04,124100,2.05E+02,2.60E+00,1.19E-02,8.63E+01,3.97E-05,3.49E-01,1.88E-01,2.44E-01,2.35E+02,1.48E+01,2.50E+02,0.000298611,0.000311945
2.83E+04,1.24E+05,4.95E+01,7.53E-01,1.20E-02,8.63E+01,3.96E-05,3.47E-01,1.87E-01,2.43E-01,2.33E+02,1.46E+01,2.48E+02,0.000298339,0.000311662
2.83E+04,1.24E+05,2.04E+02,2.60E+00,1.20E-02,8.63E+01,3.96E-05,3.47E-01,1.87E-01,2.43E-01,2.33E+02,1.46E+01,2.48E+02,0.000298339,0.000311662
2.83E+04,1.24E+05,5.00E+01,7.53E-01,1.20E-02,8.63E+01,3.96E-05,3.47E-01,1.87E-01,2.46E-01,2.34E+02,1.50E+01,2.49E+02,0.000298066,0.000311378
2.83E+04,1.24E+05,2.04E+02,2.60E+00,1.20E-02,8.63E+01,3.96E-05,3.47E-01,1.87E-01,2.46E-01,2.34E+02,1.50E+01,2.49E+02,0.000298066,0.000311378
2.83E+04,1.24E+05,4.98E+01,7.53E-01,1.20E-02,8.63E+01,3.96E-05,3.48E-01,1.87E-01,2.44E-01,2.34E+02,1.48E+01,2.49E+02,0.000297793,0.000311095
2.83E+04,1.24E+05,2.04E+02,2.60E+00,1.20E-02,8.63E+01,3.96E-05,3.48E-01,1.87E-01,2.44E-01,2.34E+02,1.48E+01,2.49E+02,0.000297793,0.000311095
2.83E+04,1.24E+05,4.98E+01,7.52E-01,1.20E-02,8.63E+01,3.95E-05,3.47E-01,1.87E-01,2.44E-01,2.34E+02,1.48E+01,2.49E+02,0.000297521,0.000310812
2.83E+04,1.24E+05,2.04E+02,2.60E+00,1.20E-02,8.63E+01,3.95E-05,3.47E-01,1.87E-01,2.44E-01,2.34E+02,1.48E+01,2.49E+02,0.000297521,0.000310812
2.84E+04,124599,5.10E+01,7.53E-01,1.20E-02,8.63E+01,3.95E-05,3.48E-01,1.86E-01,2.50E-01,2.35E+02,1.56E+01,2.51E+02,0.000297251,0.000310531
2.84E+04,1.25E+05,2.04E+02,2.60E+00,1.20E-02,8.63E+01,3.95E-05,3.48E-01,1.86E-01,2.50E-01,2.35E+02,1.56E+01,2.51E+02,0.000297249,0.00031053
2.84E+04,1.25E+05,5.04E+01,7.54E-01,1.20E-02,8.63E+01,3.95E-05,3.48E-01,1.87E-01,2.47E-01,2.35E+02,1.52E+01,2.50E+02,0.000296978,0.000310248
2.84E+04,1.25E+05,2.04E+02,2.60E+00,1.20E-02,8.63E+01,3.95E-05,3.48E-01,1.87E-01,2.47E-01,2.35E+02,1.52E+01,2.50E+02,0.000296978,0.000310248
2.84E+04,124799,5.15E+01,7.53E-01,1.22E-02,8.63E+01,3.95E-05,3.46E-01,1.84E-01,2.54E-01,2.35E+02,1.61E+01,2.51E+02,0.000296709,0.000309968
2.84E+04,1.25E+05,2.03E+02,2.60E+00,1.22E-02,8.63E+01,3.95E-05,3.46E-01,1.84E-01,2.54E-01,2.35E+02,1.61E+01,2.51E+02,0.000296707,0.000309967
2.84E+04,1.25E+05,5.02E+01,7.52E-01,1.20E-02,8.63E+01,3.94E-05,3.47E-01,1.86E-01,2.47E-01,2.34E+02,1.52E+01,2.49E+02,0.000296437,0.000309686
2.84E+04,1.25E+05,2.04E+02,2.60E+00,1.20E-02,8.63E+01,3.94E-05,3.47E-01,1.86E-01,2.47E-01,2.34E+02,1.52E+01,2.49E+02,0.000296437,0.000309686
2.84E+04,124999,5.08E+01,7.53E-01,1.21E-02,8.63E+01,3.94E-05,3.46E-01,1.85E-01,2.50E-01,2.34E+02,1.56E+01,2.50E+02,0.000296168,0.000309407
2.84E+04,1.25E+05,2.03E+02,2.60E+00,1.21E-02,8.63E+01,3.94E-05,3.46E-01,1.85E-01,2.50E-01,2.34E+02,1.56E+01,2.50E+02,0.000296167,0.000309406
2.85E+04,1.25E+05,5.01E+01,7.52E-01,1.20E-02,8.63E+01,3.94E-05,3.48E-01,1.87E-01,2.45E-01,2.35E+02,1.50E+01,2.50E+02,0.000295898,0.000309126
2.85E+04,125100,2.04E+02,2.60E+00,1.20E-02,8.63E+01,3.94E-05,3.48E-01,1.87E-01,2.45E-01,2.35E+02,1.50E+01,2.50E+02,0.000295896,0.000309125
2.85E+04,1.25E+05,5.01E+01,7.52E-01,1.20E-02,8.64E+01,3.93E-05,3.47E-01,1.86E-01,2.46E-01,2.34E+02,1.51E+01,2.49E+02,0.000295629,0.000308847
2.85E+04,1.25E+05,2.04E+02,2.60E+00,1.20E-02,8.64E+01,3.93E-05,3.47E-01,1.86E-01,2.46E-01,2.34E+02,1.51E+01,2.49E+02,0.000295629,0.000308847
2.85E+04,1.25E+05,4.96E+01,7.52E-01,1.20E-02,8.64E+01,3.93E-05,3.46E-01,1.87E-01,2.44E-01,2.33E+02,1.48E+01,2.48E+02,0.00029536,0.000308568
2.85E+04,1.25E+05,2.03E+02,2.60E+00,1.20E-02,8.64E+01,3.93E-05,3.46E-01,1.87E-01,2.44E-01,2.33E+02,1.48E+01,2.48E+02,0.00029536,0.000308568
2.85E+04,125399,5.06E+01,7.52E-01,1.21E-02,8.64E+01,3.93E-05,3.46E-01,1.85E-01,2.49E-01,2.34E+02,1.55E+01,2.49E+02,0.000295094,0.000308291
2.85E+04,1.25E+05,2.03E+02,2.60E+00,1.21E-02,8.64E+01,3.93E-05,3.46E-01,1.85E-01,2.49E-01,2.34E+02,1.55E+01,2.49E+02,0.000295092,0.000308289
2.86E+04,125499,4.99E+01,7.51E-01,1.20E-02,8.64E+01,3.92E-05,3.47E-01,1.86E-01,2.45E-01,2.34E+02,1.49E+01,2.49E+02,0.000294826,0.000308013
2.86E+04,125500,2.04E+02,2.59E+00,1.20E-02,8.64E+01,3.92E-05,3.47E-01,1.86E-01,2.45E-01,2.34E+02,1.49E+01,2.49E+02,0.000294823,0.00030801
2.86E+04,125599,5.05E+01,7.50E-01,1.21E-02,8.64E+01,3.92E-05,3.46E-01,1.85E-01,2.49E-01,2.34E+02,1.54E+01,2.50E+02,0.000294559,0.000307735
2.86E+04,1.26E+05,2.03E+02,2.60E+00,1.21E-02,8.64E+01,3.92E-05,3.46E-01,1.85E-01,2.49E-01,2.34E+02,1.54E+01,2.50E+02,0.000294558,0.000307734
2.86E+04,125699,2.04E+02,2.59E+00,1.20E-02,8.64E+01,3.92E-05,3.47E-01,1.87E-01,2.45E-01,2.34E+02,1.49E+01,2.49E+02,0.000294292,0.000307458
2.86E+04,125699,4.99E+01,7.51E-01,1.20E-02,8.64E+01,3.92E-05,3.47E-01,1.87E-01,2.45E-01,2.34E+02,1.49E+01,2.49E+02,0.000294292,0.000307458
2.86E+04,125799,5.00E+01,7.51E-01,1.20E-02,8.64E+01,3.92E-05,3.46E-01,1.86E-01,2.46E-01,2.34E+02,1.50E+01,2.49E+02,0.000294026,0.000307182
2.86E+04,125800,2.04E+02,2.60E+00,1.20E-02,8.64E+01,3.92E-05,3.46E-01,1.86E-01,2.46E-01,2.34E+02,1.50E+01,2.49E+02,0.000294023,0.000307179
2.86E+04,125899,5.00E+01,7.51E-01,1.20E-02,8.64E+01,3.91E-05,3.47E-01,1.86E-01,2.46E-01,2.34E+02,1.50E+01,2.49E+02,0.00029376,0.000306905
2.86E+04,125900,2.04E+02,2.60E+00,1.20E-02,8.64E+01,3.91E-05,3.47E-01,1.86E-01,2.46E-01,2.34E+02,1.50E+01,2.49E+02,0.000293758,0.000306903
2.87E+04,125999,5.06E+01,7.52E-01,1.20E-02,8.64E+01,3.91E-05,3.47E-01,1.86E-01,2.48E-01,2.34E+02,1.54E+01,2.50E+02,0.000293495,0.00030663
2.87E+04,126000,2.04E+02,2.60E+00,1.20E-02,8.64E+01,3.91E-05,3.47E-01,1.86E-01,2.48E-01,2.34E+02,1.54E+01,2.50E+02,0.000293492,0.000306627
2.87E+04,126099,4.98E+01,7.50E-01,1.21E-02,8.64E+01,3.91E-05,3.46E-01,1.86E-01,2.45E-01,2.33E+02,1.49E+01,2.48E+02,0.00029323,0.000306355
2.87E+04,1.26E+05,2.03E+02,2.60E+00,1.21E-02,8.64E+01,3.91E-05,3.46E-01,1.86E-01,2.45E-01,2.33E+02,1.49E+01,2.48E+02,0.000293229,0.000306353
2.87E+04,126199,4.99E+01,7.51E-01,1.21E-02,8.64E+01,3.90E-05,3.46E-01,1.86E-01,2.46E-01,2.34E+02,1.50E+01,2.49E+02,0.000292966,0.00030608
2.87E+04,1.26E+05,2.03E+02,2.60E+00,1.21E-02,8.64E+01,3.90E-05,3.46E-01,1.86E-01,2.46E-01,2.34E+02,1.50E+01,2.49E+02,0.000292964,0.000306079
2.88E+04,1.26E+05,4.93E+01,7.55E-01,1.20E-02,8.64E+01,3.90E-05,3.46E-01,1.87E-01,2.42E-01,2.33E+02,1.45E+01,2.47E+02,0.0002927,0.000305804
2.88E+04,1.26E+05,2.03E+02,2.60E+00,1.20E-02,8.64E+01,3.90E-05,3.46E-01,1.87E-01,2.42E-01,2.33E+02,1.45E+01,2.47E+02,0.0002927,0.000305804
2.88E+04,1.26E+05,4.97E+01,7.56E-01,1.20E-02,8.64E+01,3.90E-05,3.45E-01,1.85E-01,2.45E-01,2.32E+02,1.48E+01,2.47E+02,0.000292437,0.000305531
2.88E+04,1.26E+05,2.03E+02,2.60E+00,1.20E-02,8.64E+01,3.90E-05,3.45E-01,1.85E-01,2.45E-01,2.32E+02,1.48E+01,2.47E+02,0.000292437,0.000305531
2.88E+04,1.26E+05,4.98E+01,7.55E-01,1.20E-02,8.64E+01,3.89E-05,3.47E-01,1.87E-01,2.44E-01,2.34E+02,1.48E+01,2.48E+02,0.000292174,0.000305257
2.88E+04,126500,2.04E+02,2.60E+00,1.20E-02,8.64E+01,3.89E-05,3.47E-01,1.87E-01,2.44E-01,2.34E+02,1.48E+01,2.48E+02,0.000292173,0.000305256
2.88E+04,1.27E+05,4.94E+01,7.55E-01,1.20E-02,8.64E+01,3.89E-05,3.46E-01,1.87E-01,2.43E-01,2.33E+02,1.46E+01,2.48E+02,0.000291911,0.000304985
2.88E+04,1.27E+05,2.03E+02,2.60E+00,1.20E-02,8.64E+01,3.89E-05,3.46E-01,1.87E-01,2.43E-01,2.33E+02,1.46E+01,2.48E+02,0.000291911,0.000304985
2.88E+04,126699,5.03E+01,7.55E-01,1.20E-02,8.64E+01,3.89E-05,3.46E-01,1.86E-01,2.47E-01,2.34E+02,1.52E+01,2.49E+02,0.00029165,0.000304713
2.88E+04,1.27E+05,2.03E+02,2.60E+00,1.20E-02,8.64E+01,3.89E-05,3.46E-01,1.86E-01,2.47E-01,2.34E+02,1.52E+01,2.49E+02,0.000291649,0.000304712
2.89E+04,126799,5.03E+01,7.53E-01,1.20E-02,8.64E+01,3.89E-05,3.46E-01,1.85E-01,2.47E-01,2.34E+02,1.52E+01,2.49E+02,0.000291389,0.000304442
2.89E+04,1.27E+05,2.03E+02,2.60E+00,1.20E-02,8.64E+01,3.89E-05,3.46E-01,1.85E-01,2.47E-01,2.34E+02,1.52E+01,2.49E+02,0.000291387,0.00030444
2.89E+04,126899,5.03E+01,7.54E-01,1.20E-02,8.64E+01,3.88E-05,3.46E-01,1.85E-01,2.47E-01,2.34E+02,1.52E+01,2.49E+02,0.000291127,0.00030417
2.89E+04,1.27E+05,2.03E+02,2.60E+00,1.20E-02,8.64E+01,3.88E-05,3.46E-01,1.85E-01,2.47E-01,2.34E+02,1.52E+01,2.49E+02,0.000291126,0.000304169
2.89E+04,126999,5.03E+01,7.54E-01,1.21E-02,8.64E+01,3.88E-05,3.46E-01,1.85E-01,2.47E-01,2.34E+02,1.52E+01,2.49E+02,0.000290866,0.000303899
2.89E+04,1.27E+05,2.03E+02,2.60E+00,1.21E-02,8.64E+01,3.88E-05,3.46E-01,1.85E-01,2.47E-01,2.34E+02,1.52E+01,2.49E+02,0.000290865,0.000303898
2.89E+04,127099,5.04E+01,7.55E-01,1.21E-02,8.64E+01,3.88E-05,3.46E-01,1.85E-01,2.48E-01,2.34E+02,1.53E+01,2.49E+02,0.000290606,0.000303629
2.89E+04,1.27E+05,2.03E+02,2.60E+00,1.21E-02,8.64E+01,3.88E-05,3.46E-01,1.85E-01,2.48E-01,2.34E+02,1.53E+01,2.49E+02,0.000290605,0.000303627
2.89E+04,127199,5.10E+01,7.55E-01,1.21E-02,8.64E+01,3.87E-05,3.46E-01,1.84E-01,2.51E-01,2.34E+02,1.57E+01,2.50E+02,0.000290346,0.000303358
2.89E+04,1.27E+05,2.03E+02,2.60E+00,1.21E-02,8.64E+01,3.87E-05,3.46E-01,1.84E-01,2.51E-01,2.34E+02,1.57E+01,2.50E+02,0.000290345,0.000303357
2.90E+04,1.27E+05,4.91E+01,7.54E-01,1.20E-02,8.64E+01,3.87E-05,3.45E-01,1.86E-01,2.43E-01,2.32E+02,1.45E+01,2.46E+02,0.000290085,0.000303087
2.90E+04,1.27E+05,2.02E+02,2.60E+00,1.20E-02,8.64E+01,3.87E-05,3.45E-01,1.86E-01,2.43E-01,2.32E+02,1.45E+01,2.46E+02,0.000290085,0.000303087
2.90E+04,127399,4.98E+01,7.51E-01,1.21E-02,8.64E+01,3.87E-05,3.45E-01,1.86E-01,2.46E-01,2.33E+02,1.50E+01,2.48E+02,0.000289827,0.00030282
2.90E+04,1.27E+05,2.03E+02,2.60E+00,1.21E-02,8.64E+01,3.87E-05,3.45E-01,1.86E-01,2.46E-01,2.33E+02,1.50E+01,2.48E+02,0.000289826,0.000302818
2.90E+04,127499,2.04E+02,2.60E+00,1.20E-02,8.64E+01,3.87E-05,3.46E-01,1.86E-01,2.45E-01,2.34E+02,1.49E+01,2.49E+02,0.000289569,0.000302551
2.90E+04,127499,4.99E+01,7.52E-01,1.20E-02,8.64E+01,3.87E-05,3.46E-01,1.86E-01,2.45E-01,2.34E+02,1.49E+01,2.49E+02,0.000289569,0.000302551
2.90E+04,127599,4.99E+01,7.51E-01,1.21E-02,8.64E+01,3.86E-05,3.45E-01,1.85E-01,2.46E-01,2.33E+02,1.50E+01,2.48E+02,0.00028931,0.000302283
2.90E+04,1.28E+05,2.03E+02,2.60E+00,1.21E-02,8.64E+01,3.86E-05,3.45E-01,1.85E-01,2.46E-01,2.33E+02,1.50E+01,2.48E+02,0.000289309,0.000302281
2.91E+04,127699,5.06E+01,7.51E-01,1.21E-02,8.64E+01,3.86E-05,3.45E-01,1.85E-01,2.49E-01,2.34E+02,1.55E+01,2.49E+02,0.000289053,0.000302015
2.91E+04,1.28E+05,2.03E+02,2.60E+00,1.21E-02,8.64E+01,3.86E-05,3.45E-01,1.85E-01,2.49E-01,2.34E+02,1.55E+01,2.49E+02,0.000289051,0.000302013
2.91E+04,1.28E+05,4.93E+01,7.52E-01,1.20E-02,8.65E+01,3.86E-05,3.46E-01,1.87E-01,2.42E-01,2.33E+02,1.45E+01,2.48E+02,0.000288794,0.000301746
2.91E+04,127800,2.03E+02,2.60E+00,1.20E-02,8.65E+01,3.86E-05,3.46E-01,1.87E-01,2.42E-01,2.33E+02,1.45E+01,2.48E+02,0.000288793,0.000301745
2.91E+04,1.28E+05,4.92E+01,7.52E-01,1.20E-02,8.65E+01,3.85E-05,3.45E-01,1.86E-01,2.43E-01,2.32E+02,1.46E+01,2.47E+02,0.000288537,0.000301479
2.91E+04,1.28E+05,2.03E+02,2.60E+00,1.20E-02,8.65E+01,3.85E-05,3.45E-01,1.86E-01,2.43E-01,2.32E+02,1.46E+01,2.47E+02,0.000288537,0.000301479
2.91E+04,1.28E+05,4.93E+01,7.52E-01,1.20E-02,8.65E+01,3.85E-05,3.45E-01,1.86E-01,2.43E-01,2.33E+02,1.46E+01,2.47E+02,0.000288281,0.000301212
2.91E+04,1.28E+05,2.03E+02,2.60E+00,1.20E-02,8.65E+01,3.85E-05,3.45E-01,1.86E-01,2.43E-01,2.33E+02,1.46E+01,2.47E+02,0.000288281,0.000301212
2.91E+04,128099,5.05E+01,7.52E-01,1.21E-02,8.65E+01,3.85E-05,3.45E-01,1.84E-01,2.49E-01,2.34E+02,1.55E+01,2.49E+02,0.000288026,0.000300948
2.91E+04,1.28E+05,2.03E+02,2.60E+00,1.21E-02,8.65E+01,3.85E-05,3.45E-01,1.84E-01,2.49E-01,2.34E+02,1.55E+01,2.49E+02,0.000288024,0.000300946
2.92E+04,128199,4.98E+01,7.52E-01,1.20E-02,8.65E+01,3.85E-05,3.46E-01,1.86E-01,2.45E-01,2.34E+02,1.49E+01,2.48E+02,0.00028777,0.000300682
2.92E+04,128200,2.03E+02,2.60E+00,1.20E-02,8.65E+01,3.85E-05,3.46E-01,1.86E-01,2.45E-01,2.34E+02,1.49E+01,2.48E+02,0.000287768,0.000300679
2.92E+04,1.28E+05,4.98E+01,7.54E-01,1.21E-02,8.65E+01,3.84E-05,3.45E-01,1.85E-01,2.46E-01,2.33E+02,1.50E+01,2.48E+02,0.000287514,0.000300416
2.92E+04,1.28E+05,2.03E+02,2.60E+00,1.21E-02,8.65E+01,3.84E-05,3.45E-01,1.85E-01,2.46E-01,2.33E+02,1.50E+01,2.48E+02,0.000287514,0.000300416
2.92E+04,1.28E+05,4.96E+01,7.51E-01,1.21E-02,8.65E+01,3.84E-05,3.44E-01,1.86E-01,2.45E-01,2.33E+02,1.48E+01,2.47E+02,0.000287259,0.000300151
2.92E+04,1.28E+05,2.02E+02,2.60E+00,1.21E-02,8.65E+01,3.84E-05,3.44E-01,1.86E-01,2.45E-01,2.33E+02,1.48E+01,2.47E+02,0.000287259,0.000300151
2.92E+04,128499,5.00E+01,7.52E-01,1.21E-02,8.65E+01,3.84E-05,3.45E-01,1.85E-01,2.47E-01,2.33E+02,1.51E+01,2.49E+02,0.000287006,0.000299888
2.92E+04,128500,2.03E+02,2.60E+00,1.21E-02,8.65E+01,3.84E-05,3.45E-01,1.85E-01,2.47E-01,2.33E+02,1.51E+01,2.49E+02,0.000287003,0.000299885
2.93E+04,1.29E+05,4.96E+01,7.52E-01,1.20E-02,8.65E+01,3.83E-05,3.45E-01,1.86E-01,2.44E-01,2.33E+02,1.48E+01,2.48E+02,0.00028675,0.000299623
2.93E+04,128600,2.03E+02,2.60E+00,1.20E-02,8.65E+01,3.83E-05,3.45E-01,1.86E-01,2.44E-01,2.33E+02,1.48E+01,2.48E+02,0.000286749,0.000299621
2.93E+04,1.29E+05,4.96E+01,7.52E-01,1.20E-02,8.65E+01,3.83E-05,3.46E-01,1.86E-01,2.44E-01,2.33E+02,1.48E+01,2.48E+02,0.000286497,0.000299359
29289,128700,2.03E+02,2.60E+00,1.20E-02,8.65E+01,3.83E-05,3.46E-01,1.86E-01,2.44E-01,2.33E+02,1.48E+01,2.48E+02,0.000286496,0.000299358
2.93E+04,1.29E+05,4.91E+01,7.52E-01,1.20E-02,8.65E+01,3.83E-05,3.44E-01,1.86E-01,2.43E-01,2.32E+02,1.45E+01,2.46E+02,0.000286244,0.000299096
2.93E+04,1.29E+05,2.02E+02,2.60E+00,1.20E-02,8.65E+01,3.83E-05,3.44E-01,1.86E-01,2.43E-01,2.32E+02,1.45E+01,2.46E+02,0.000286244,0.000299096
2.93E+04,1.29E+05,4.97E+01,7.53E-01,1.20E-02,8.65E+01,3.83E-05,3.46E-01,1.86E-01,2.44E-01,2.33E+02,1.48E+01,2.48E+02,0.000285991,0.000298834
29329,128900,2.03E+02,2.60E+00,1.20E-02,8.65E+01,3.83E-05,3.46E-01,1.86E-01,2.44E-01,2.33E+02,1.48E+01,2.48E+02,0.00028599,0.000298832
2.93E+04,128999,5.08E+01,7.53E-01,1.22E-02,8.65E+01,3.82E-05,3.44E-01,1.83E-01,2.51E-01,2.33E+02,1.57E+01,2.49E+02,0.00028574,0.000298573
2.93E+04,1.29E+05,2.02E+02,2.60E+00,1.22E-02,8.65E+01,3.82E-05,3.44E-01,1.83E-01,2.51E-01,2.33E+02,1.57E+01,2.49E+02,0.000285739,0.000298572
2.94E+04,1.29E+05,4.96E+01,7.51E-01,1.21E-02,8.65E+01,3.82E-05,3.44E-01,1.85E-01,2.45E-01,2.33E+02,1.49E+01,2.48E+02,0.000285487,0.00029831
2.94E+04,1.29E+05,2.02E+02,2.60E+00,1.21E-02,8.65E+01,3.82E-05,3.44E-01,1.85E-01,2.45E-01,2.33E+02,1.49E+01,2.48E+02,0.000285487,0.00029831
2.94E+04,1.29E+05,4.96E+01,7.54E-01,1.20E-02,8.65E+01,3.82E-05,3.45E-01,1.85E-01,2.45E-01,2.33E+02,1.48E+01,2.47E+02,0.000285235,0.000298049
2.94E+04,129200,2.03E+02,2.60E+00,1.20E-02,8.65E+01,3.82E-05,3.45E-01,1.85E-01,2.45E-01,2.33E+02,1.48E+01,2.47E+02,0.000285234,0.000298047
2.94E+04,1.29E+05,4.95E+01,7.55E-01,1.21E-02,8.65E+01,3.81E-05,3.44E-01,1.85E-01,2.45E-01,2.32E+02,1.48E+01,2.47E+02,0.000284984,0.000297788
2.94E+04,1.29E+05,2.02E+02,2.60E+00,1.21E-02,8.65E+01,3.81E-05,3.44E-01,1.85E-01,2.45E-01,2.32E+02,1.48E+01,2.47E+02,0.000284984,0.000297788
2.95E+04,1.29E+05,4.92E+01,7.52E-01,1.20E-02,8.65E+01,3.81E-05,3.45E-01,1.86E-01,2.43E-01,2.33E+02,1.46E+01,2.47E+02,0.000284734,0.000297527
2.95E+04,1.29E+05,2.03E+02,2.60E+00,1.20E-02,8.65E+01,3.81E-05,3.45E-01,1.86E-01,2.43E-01,2.33E+02,1.46E+01,2.47E+02,0.000284734,0.000297527
2.95E+04,1.29E+05,4.98E+01,7.51E-01,1.21E-02,8.65E+01,3.81E-05,3.45E-01,1.86E-01,2.45E-01,2.33E+02,1.49E+01,2.48E+02,0.000284484,0.000297267
2.95E+04,1.29E+05,2.03E+02,2.60E+00,1.21E-02,8.65E+01,3.81E-05,3.45E-01,1.86E-01,2.45E-01,2.33E+02,1.49E+01,2.48E+02,0.000284484,0.000297267
2.95E+04,1.30E+05,4.93E+01,7.52E-01,1.20E-02,8.65E+01,3.81E-05,3.45E-01,1.86E-01,2.43E-01,2.33E+02,1.46E+01,2.47E+02,0.000284234,0.000297008
2.95E+04,1.30E+05,2.03E+02,2.60E+00,1.20E-02,8.65E+01,3.81E-05,3.45E-01,1.86E-01,2.43E-01,2.33E+02,1.46E+01,2.47E+02,0.000284234,0.000297008
2.95E+04,1.30E+05,4.93E+01,7.52E-01,1.20E-02,8.65E+01,3.80E-05,3.45E-01,1.87E-01,2.43E-01,2.33E+02,1.46E+01,2.48E+02,0.000283984,0.000296749
2.95E+04,129700,2.03E+02,2.60E+00,1.20E-02,8.65E+01,3.80E-05,3.45E-01,1.87E-01,2.43E-01,2.33E+02,1.46E+01,2.48E+02,0.000283983,0.000296747
2.95E+04,1.30E+05,4.98E+01,7.50E-01,1.20E-02,8.65E+01,3.80E-05,3.45E-01,1.86E-01,2.45E-01,2.34E+02,1.49E+01,2.48E+02,0.000283736,0.00029649
2.95E+04,129800,2.03E+02,2.60E+00,1.20E-02,8.65E+01,3.80E-05,3.45E-01,1.86E-01,2.45E-01,2.34E+02,1.49E+01,2.48E+02,0.000283734,0.000296489
2.96E+04,129899,5.03E+01,7.52E-01,1.22E-02,8.65E+01,3.80E-05,3.43E-01,1.84E-01,2.49E-01,2.33E+02,1.54E+01,2.48E+02,0.000283488,0.000296233
2.96E+04,1.30E+05,2.02E+02,2.60E+00,1.22E-02,8.65E+01,3.80E-05,3.43E-01,1.84E-01,2.49E-01,2.33E+02,1.54E+01,2.48E+02,0.000283487,0.000296232
2.96E+04,1.30E+05,4.97E+01,7.51E-01,1.21E-02,8.65E+01,3.79E-05,3.43E-01,1.84E-01,2.46E-01,2.32E+02,1.50E+01,2.47E+02,0.000283239,0.000295974
2.96E+04,1.30E+05,2.02E+02,2.60E+00,1.21E-02,8.65E+01,3.79E-05,3.43E-01,1.84E-01,2.46E-01,2.32E+02,1.50E+01,2.47E+02,0.000283239,0.000295974
2.96E+04,1.30E+05,4.91E+01,7.52E-01,1.20E-02,8.65E+01,3.79E-05,3.45E-01,1.87E-01,2.42E-01,2.33E+02,1.45E+01,2.47E+02,0.000282991,0.000295716
2.96E+04,130100,2.03E+02,2.60E+00,1.20E-02,8.65E+01,3.79E-05,3.45E-01,1.87E-01,2.42E-01,2.33E+02,1.45E+01,2.47E+02,0.00028299,0.000295715
2.96E+04,130199,5.04E+01,7.52E-01,1.22E-02,8.65E+01,3.79E-05,3.43E-01,1.84E-01,2.49E-01,2.33E+02,1.54E+01,2.48E+02,0.000282745,0.000295461
2.96E+04,1.30E+05,2.02E+02,2.60E+00,1.22E-02,8.65E+01,3.79E-05,3.43E-01,1.84E-01,2.49E-01,2.33E+02,1.54E+01,2.48E+02,0.000282744,0.000295459
2.97E+04,130299,5.03E+01,7.55E-01,1.21E-02,8.65E+01,3.79E-05,3.44E-01,1.84E-01,2.48E-01,2.33E+02,1.53E+01,2.48E+02,0.000282498,0.000295204
2.97E+04,1.30E+05,2.02E+02,2.60E+00,1.21E-02,8.65E+01,3.79E-05,3.44E-01,1.84E-01,2.48E-01,2.33E+02,1.53E+01,2.48E+02,0.000282497,0.000295203
2.97E+04,130399,5.00E+01,7.52E-01,1.21E-02,8.66E+01,3.78E-05,3.44E-01,1.84E-01,2.47E-01,2.33E+02,1.52E+01,2.48E+02,0.000282252,0.000294948
2.97E+04,1.30E+05,2.02E+02,2.60E+00,1.21E-02,8.66E+01,3.78E-05,3.44E-01,1.84E-01,2.47E-01,2.33E+02,1.52E+01,2.48E+02,0.00028225,0.000294947
2.97E+04,1.30E+05,4.95E+01,7.53E-01,1.21E-02,8.66E+01,3.78E-05,3.44E-01,1.85E-01,2.45E-01,2.32E+02,1.48E+01,2.47E+02,0.000282004,0.000294691
2.97E+04,1.30E+05,2.02E+02,2.60E+00,1.21E-02,8.66E+01,3.78E-05,3.44E-01,1.85E-01,2.45E-01,2.32E+02,1.48E+01,2.47E+02,0.000282004,0.000294691
2.97E+04,130599,2.03E+02,2.60E+00,1.21E-02,8.66E+01,3.78E-05,3.45E-01,1.85E-01,2.47E-01,2.33E+02,1.51E+01,2.48E+02,0.00028176,0.000294437
2.97E+04,130599,5.01E+01,7.53E-01,1.21E-02,8.66E+01,3.78E-05,3.45E-01,1.85E-01,2.47E-01,2.33E+02,1.51E+01,2.48E+02,0.00028176,0.000294437
2.97E+04,130699,5.06E+01,7.54E-01,1.22E-02,8.66E+01,3.78E-05,3.44E-01,1.83E-01,2.50E-01,2.33E+02,1.56E+01,2.49E+02,0.000281514,0.000294182
2.97E+04,1.31E+05,2.02E+02,2.60E+00,1.22E-02,8.66E+01,3.78E-05,3.44E-01,1.83E-01,2.50E-01,2.33E+02,1.56E+01,2.49E+02,0.000281513,0.000294181
2.98E+04,1.31E+05,4.95E+01,7.53E-01,1.20E-02,8.66E+01,3.77E-05,3.44E-01,1.86E-01,2.44E-01,2.32E+02,1.47E+01,2.47E+02,0.000281268,0.000293926
2.98E+04,130800,2.03E+02,2.60E+00,1.20E-02,8.66E+01,3.77E-05,3.44E-01,1.86E-01,2.44E-01,2.32E+02,1.47E+01,2.47E+02,0.000281267,0.000293925
2.98E+04,1.31E+05,4.96E+01,7.54E-01,1.21E-02,8.66E+01,3.77E-05,3.45E-01,1.85E-01,2.45E-01,2.33E+02,1.48E+01,2.48E+02,0.000281024,0.000293672
2.98E+04,130900,2.03E+02,2.60E+00,1.21E-02,8.66E+01,3.77E-05,3.45E-01,1.85E-01,2.45E-01,2.33E+02,1.48E+01,2.48E+02,0.000281022,0.000293671
2.98E+04,130999,5.01E+01,7.54E-01,1.21E-02,8.66E+01,3.77E-05,3.43E-01,1.84E-01,2.48E-01,2.32E+02,1.52E+01,2.48E+02,0.000280781,0.00029342
2.98E+04,1.31E+05,2.02E+02,2.60E+00,1.21E-02,8.66E+01,3.77E-05,3.43E-01,1.84E-01,2.48E-01,2.32E+02,1.52E+01,2.48E+02,0.00028078,0.000293419
2.98E+04,131099,5.06E+01,7.53E-01,1.22E-02,8.66E+01,3.76E-05,3.43E-01,1.83E-01,2.50E-01,2.33E+02,1.56E+01,2.49E+02,0.000280537,0.000293167
2.98E+04,1.31E+05,2.02E+02,2.60E+00,1.22E-02,8.66E+01,3.76E-05,3.43E-01,1.83E-01,2.50E-01,2.33E+02,1.56E+01,2.49E+02,0.000280536,0.000293165
2.98E+04,131199,4.99E+01,7.54E-01,1.21E-02,8.66E+01,3.76E-05,3.44E-01,1.85E-01,2.46E-01,2.33E+02,1.50E+01,2.48E+02,0.000280294,0.000292914
2.98E+04,131200,2.03E+02,2.60E+00,1.21E-02,8.66E+01,3.76E-05,3.44E-01,1.85E-01,2.46E-01,2.33E+02,1.50E+01,2.48E+02,0.000280291,0.000292911
2.99E+04,131299,5.03E+01,7.53E-01,1.21E-02,8.66E+01,3.76E-05,3.44E-01,1.84E-01,2.49E-01,2.33E+02,1.54E+01,2.49E+02,0.000280051,0.000292661
2.99E+04,1.31E+05,2.03E+02,2.60E+00,1.21E-02,8.66E+01,3.76E-05,3.44E-01,1.84E-01,2.49E-01,2.33E+02,1.54E+01,2.49E+02,0.00028005,0.00029266
2.99E+04,131399,5.02E+01,7.51E-01,1.21E-02,8.66E+01,3.76E-05,3.44E-01,1.84E-01,2.48E-01,2.33E+02,1.53E+01,2.48E+02,0.000279808,0.000292409
2.99E+04,1.31E+05,2.02E+02,2.60E+00,1.21E-02,8.66E+01,3.76E-05,3.44E-01,1.84E-01,2.48E-01,2.33E+02,1.53E+01,2.48E+02,0.000279807,0.000292408
2.99E+04,1.31E+05,4.91E+01,7.51E-01,1.20E-02,8.66E+01,3.75E-05,3.44E-01,1.86E-01,2.42E-01,2.32E+02,1.45E+01,2.47E+02,0.000279565,0.000292156
2.99E+04,131500,2.03E+02,2.60E+00,1.20E-02,8.66E+01,3.75E-05,3.44E-01,1.86E-01,2.42E-01,2.32E+02,1.45E+01,2.47E+02,0.000279564,0.000292155
3.00E+04,131599,5.02E+01,7.50E-01,1.22E-02,8.66E+01,3.75E-05,3.43E-01,1.83E-01,2.49E-01,2.33E+02,1.54E+01,2.48E+02,0.000279324,0.000291906
3.00E+04,1.32E+05,2.02E+02,2.60E+00,1.22E-02,8.66E+01,3.75E-05,3.43E-01,1.83E-01,2.49E-01,2.33E+02,1.54E+01,2.48E+02,0.000279323,0.000291905
3.00E+04,1.32E+05,4.96E+01,7.50E-01,1.21E-02,8.66E+01,3.75E-05,3.42E-01,1.84E-01,2.46E-01,2.32E+02,1.49E+01,2.47E+02,0.000279082,0.000291654
3.00E+04,1.32E+05,2.02E+02,2.60E+00,1.21E-02,8.66E+01,3.75E-05,3.42E-01,1.84E-01,2.46E-01,2.32E+02,1.49E+01,2.47E+02,0.000279082,0.000291654
3.00E+04,131799,5.02E+01,7.52E-01,1.22E-02,8.66E+01,3.75E-05,3.43E-01,1.84E-01,2.49E-01,2.33E+02,1.53E+01,2.48E+02,0.000278842,0.000291405
3.00E+04,1.32E+05,2.02E+02,2.60E+00,1.22E-02,8.66E+01,3.75E-05,3.43E-01,1.84E-01,2.49E-01,2.33E+02,1.53E+01,2.48E+02,0.000278841,0.000291404
3.00E+04,1.32E+05,4.94E+01,7.50E-01,1.21E-02,8.66E+01,3.74E-05,3.42E-01,1.84E-01,2.45E-01,2.32E+02,1.48E+01,2.47E+02,0.0002786,0.000291154
3.00E+04,1.32E+05,2.02E+02,2.60E+00,1.21E-02,8.66E+01,3.74E-05,3.42E-01,1.84E-01,2.45E-01,2.32E+02,1.48E+01,2.47E+02,0.0002786,0.000291154
3.00E+04,1.32E+05,4.94E+01,7.50E-01,1.22E-02,8.66E+01,3.74E-05,3.41E-01,1.84E-01,2.46E-01,2.31E+02,1.49E+01,2.46E+02,0.00027836,0.000290904
3.00E+04,1.32E+05,2.01E+02,2.60E+00,1.22E-02,8.66E+01,3.74E-05,3.41E-01,1.84E-01,2.46E-01,2.31E+02,1.49E+01,2.46E+02,0.00027836,0.000290904
3.01E+04,1.32E+05,4.94E+01,7.51E-01,1.21E-02,8.66E+01,3.74E-05,3.43E-01,1.85E-01,2.45E-01,2.32E+02,1.48E+01,2.47E+02,0.00027812,0.000290655
3.01E+04,1.32E+05,2.02E+02,2.60E+00,1.21E-02,8.66E+01,3.74E-05,3.43E-01,1.85E-01,2.45E-01,2.32E+02,1.48E+01,2.47E+02,0.00027812,0.000290655
3.01E+04,1.32E+05,4.94E+01,7.51E-01,1.21E-02,8.66E+01,3.73E-05,3.43E-01,1.85E-01,2.45E-01,2.32E+02,1.48E+01,2.47E+02,0.000277881,0.000290406
3.01E+04,1.32E+05,2.02E+02,2.60E+00,1.21E-02,8.66E+01,3.73E-05,3.43E-01,1.85E-01,2.45E-01,2.32E+02,1.48E+01,2.47E+02,0.000277881,0.000290406
3.01E+04,132299,4.98E+01,7.53E-01,1.21E-02,8.66E+01,3.73E-05,3.43E-01,1.84E-01,2.46E-01,2.32E+02,1.50E+01,2.47E+02,0.000277643,0.000290159
3.01E+04,1.32E+05,2.02E+02,2.60E+00,1.21E-02,8.66E+01,3.73E-05,3.43E-01,1.84E-01,2.46E-01,2.32E+02,1.50E+01,2.47E+02,0.000277642,0.000290158
3.01E+04,132399,4.95E+01,7.50E-01,1.21E-02,8.66E+01,3.73E-05,3.42E-01,1.84E-01,2.46E-01,2.32E+02,1.49E+01,2.47E+02,0.000277405,0.000289911
3.01E+04,1.32E+05,2.02E+02,2.60E+00,1.21E-02,8.66E+01,3.73E-05,3.42E-01,1.84E-01,2.46E-01,2.32E+02,1.49E+01,2.47E+02,0.000277403,0.00028991
3.02E+04,1.32E+05,4.90E+01,7.51E-01,1.20E-02,8.66E+01,3.73E-05,3.43E-01,1.85E-01,2.42E-01,2.32E+02,1.44E+01,2.46E+02,0.000277165,0.000289662
3.02E+04,132500,2.02E+02,2.59E+00,1.20E-02,8.66E+01,3.73E-05,3.43E-01,1.85E-01,2.42E-01,2.32E+02,1.44E+01,2.46E+02,0.000277164,0.000289661
3.02E+04,132599,4.96E+01,7.51E-01,1.21E-02,8.66E+01,3.72E-05,3.42E-01,1.84E-01,2.46E-01,2.32E+02,1.49E+01,2.47E+02,0.000276928,0.000289416
3.02E+04,1.33E+05,2.02E+02,2.60E+00,1.21E-02,8.66E+01,3.72E-05,3.42E-01,1.84E-01,2.46E-01,2.32E+02,1.49E+01,2.47E+02,0.000276927,0.000289415
3.02E+04,132699,4.95E+01,7.52E-01,1.21E-02,8.66E+01,3.72E-05,3.43E-01,1.85E-01,2.45E-01,2.32E+02,1.48E+01,2.47E+02,0.000276691,0.00028917
3.02E+04,132700,2.02E+02,2.60E+00,1.21E-02,8.66E+01,3.72E-05,3.43E-01,1.85E-01,2.45E-01,2.32E+02,1.48E+01,2.47E+02,0.000276689,0.000289167
3.02E+04,132799,4.95E+01,7.51E-01,1.22E-02,8.66E+01,3.72E-05,3.41E-01,1.83E-01,2.46E-01,2.31E+02,1.49E+01,2.46E+02,0.000276454,0.000288923
3.02E+04,1.33E+05,2.01E+02,2.60E+00,1.22E-02,8.66E+01,3.72E-05,3.41E-01,1.83E-01,2.46E-01,2.31E+02,1.49E+01,2.46E+02,0.000276453,0.000288922
3.02E+04,132899,5.01E+01,7.52E-01,1.22E-02,8.66E+01,3.72E-05,3.41E-01,1.82E-01,2.49E-01,2.32E+02,1.54E+01,2.47E+02,0.000276217,0.000288677
3.02E+04,1.33E+05,2.01E+02,2.60E+00,1.22E-02,8.66E+01,3.72E-05,3.41E-01,1.82E-01,2.49E-01,2.32E+02,1.54E+01,2.47E+02,0.000276216,0.000288676
3.03E+04,132999,4.95E+01,7.51E-01,1.21E-02,8.66E+01,3.71E-05,3.42E-01,1.84E-01,2.46E-01,2.32E+02,1.49E+01,2.47E+02,0.000275981,0.000288432
3.03E+04,1.33E+05,2.02E+02,2.60E+00,1.21E-02,8.66E+01,3.71E-05,3.42E-01,1.84E-01,2.46E-01,2.32E+02,1.49E+01,2.47E+02,0.00027598,0.00028843
3.03E+04,133099,4.96E+01,7.51E-01,1.22E-02,8.67E+01,3.71E-05,3.41E-01,1.83E-01,2.47E-01,2.31E+02,1.50E+01,2.46E+02,0.000275745,0.000288187
3.03E+04,1.33E+05,2.01E+02,2.60E+00,1.22E-02,8.67E+01,3.71E-05,3.41E-01,1.83E-01,2.47E-01,2.31E+02,1.50E+01,2.46E+02,0.000275744,0.000288185
3.03E+04,133199,5.01E+01,7.50E-01,1.22E-02,8.67E+01,3.71E-05,3.42E-01,1.83E-01,2.49E-01,2.32E+02,1.53E+01,2.48E+02,0.000275509,0.000287942
3.03E+04,1.33E+05,2.02E+02,2.60E+00,1.22E-02,8.67E+01,3.71E-05,3.42E-01,1.83E-01,2.49E-01,2.32E+02,1.53E+01,2.48E+02,0.000275508,0.00028794
3.03E+04,1.33E+05,4.96E+01,7.53E-01,1.21E-02,8.67E+01,3.70E-05,3.43E-01,1.84E-01,2.46E-01,2.32E+02,1.49E+01,2.47E+02,0.000275273,0.000287696
3.03E+04,1.33E+05,2.02E+02,2.60E+00,1.21E-02,8.67E+01,3.70E-05,3.43E-01,1.84E-01,2.46E-01,2.32E+02,1.49E+01,2.47E+02,0.000275273,0.000287696
3.04E+04,133399,5.05E+01,7.52E-01,1.22E-02,8.67E+01,3.70E-05,3.43E-01,1.83E-01,2.50E-01,2.33E+02,1.56E+01,2.49E+02,0.000275039,0.000287453
3.04E+04,133400,2.02E+02,2.60E+00,1.22E-02,8.67E+01,3.70E-05,3.43E-01,1.83E-01,2.50E-01,2.33E+02,1.56E+01,2.49E+02,0.000275037,0.000287451
3.04E+04,133499,5.05E+01,7.51E-01,1.22E-02,8.67E+01,3.70E-05,3.42E-01,1.83E-01,2.51E-01,2.32E+02,1.56E+01,2.48E+02,0.000274805,0.00028721
3.04E+04,1.33E+05,2.01E+02,2.60E+00,1.22E-02,8.67E+01,3.70E-05,3.42E-01,1.83E-01,2.51E-01,2.32E+02,1.56E+01,2.48E+02,0.000274804,0.000287208
3.04E+04,1.34E+05,4.93E+01,7.51E-01,1.21E-02,8.67E+01,3.70E-05,3.43E-01,1.85E-01,2.44E-01,2.32E+02,1.47E+01,2.47E+02,0.00027457,0.000286965
3.04E+04,133600,2.02E+02,2.60E+00,1.21E-02,8.67E+01,3.70E-05,3.43E-01,1.85E-01,2.44E-01,2.32E+02,1.47E+01,2.47E+02,0.000274568,0.000286964
3.04E+04,1.34E+05,4.93E+01,7.51E-01,1.22E-02,8.67E+01,3.69E-05,3.41E-01,1.83E-01,2.46E-01,2.31E+02,1.48E+01,2.46E+02,0.000274336,0.000286722
3.04E+04,1.34E+05,2.01E+02,2.60E+00,1.22E-02,8.67E+01,3.69E-05,3.41E-01,1.83E-01,2.46E-01,2.31E+02,1.48E+01,2.46E+02,0.000274336,0.000286722
3.04E+04,133799,4.97E+01,7.51E-01,1.21E-02,8.67E+01,3.69E-05,3.43E-01,1.84E-01,2.46E-01,2.32E+02,1.50E+01,2.47E+02,0.000274104,0.000286481
3.04E+04,133800,2.02E+02,2.60E+00,1.21E-02,8.67E+01,3.69E-05,3.43E-01,1.84E-01,2.46E-01,2.32E+02,1.50E+01,2.47E+02,0.000274101,0.000286479
3.05E+04,133899,4.97E+01,7.51E-01,1.21E-02,8.67E+01,3.69E-05,3.42E-01,1.84E-01,2.46E-01,2.32E+02,1.49E+01,2.47E+02,0.000273871,0.000286239
3.05E+04,133900,2.02E+02,2.60E+00,1.21E-02,8.67E+01,3.69E-05,3.42E-01,1.84E-01,2.46E-01,2.32E+02,1.49E+01,2.47E+02,0.000273869,0.000286236
3.05E+04,133999,5.04E+01,7.51E-01,1.22E-02,8.67E+01,3.69E-05,3.41E-01,1.82E-01,2.50E-01,2.32E+02,1.55E+01,2.48E+02,0.000273638,0.000285997
3.05E+04,1.34E+05,2.01E+02,2.60E+00,1.22E-02,8.67E+01,3.69E-05,3.41E-01,1.82E-01,2.50E-01,2.32E+02,1.55E+01,2.48E+02,0.000273637,0.000285996
3.05E+04,134099,4.98E+01,7.52E-01,1.21E-02,8.67E+01,3.68E-05,3.43E-01,1.84E-01,2.47E-01,2.32E+02,1.50E+01,2.48E+02,0.000273406,0.000285756
3.05E+04,134100,2.02E+02,2.60E+00,1.21E-02,8.67E+01,3.68E-05,3.43E-01,1.84E-01,2.47E-01,2.32E+02,1.50E+01,2.48E+02,0.000273404,0.000285753
3.05E+04,134199,4.99E+01,7.51E-01,1.21E-02,8.67E+01,3.68E-05,3.43E-01,1.85E-01,2.46E-01,2.33E+02,1.50E+01,2.48E+02,0.000273174,0.000285515
3.05E+04,134200,2.02E+02,2.60E+00,1.21E-02,8.67E+01,3.68E-05,3.43E-01,1.85E-01,2.46E-01,2.33E+02,1.50E+01,2.48E+02,0.000273172,0.000285512
3.06E+04,1.34E+05,4.96E+01,7.58E-01,1.20E-02,8.67E+01,3.68E-05,3.44E-01,1.85E-01,2.44E-01,2.32E+02,1.48E+01,2.47E+02,0.000272942,0.000285273
3.06E+04,134300,2.03E+02,2.60E+00,1.20E-02,8.67E+01,3.68E-05,3.44E-01,1.85E-01,2.44E-01,2.32E+02,1.48E+01,2.47E+02,0.00027294,0.000285272
3.06E+04,134399,5.04E+01,7.56E-01,1.21E-02,8.67E+01,3.68E-05,3.43E-01,1.83E-01,2.49E-01,2.33E+02,1.54E+01,2.48E+02,0.000272712,0.000285034
3.06E+04,134400,2.02E+02,2.60E+00,1.21E-02,8.67E+01,3.68E-05,3.43E-01,1.83E-01,2.49E-01,2.33E+02,1.54E+01,2.48E+02,0.000272709,0.000285032
3.06E+04,134499,5.04E+01,7.54E-01,1.22E-02,8.67E+01,3.67E-05,3.42E-01,1.83E-01,2.50E-01,2.32E+02,1.55E+01,2.48E+02,0.000272481,0.000284794
3.06E+04,1.34E+05,2.02E+02,2.60E+00,1.22E-02,8.67E+01,3.67E-05,3.42E-01,1.83E-01,2.50E-01,2.32E+02,1.55E+01,2.48E+02,0.00027248,0.000284793
3.06E+04,134599,5.03E+01,7.54E-01,1.22E-02,8.67E+01,3.67E-05,3.42E-01,1.83E-01,2.50E-01,2.32E+02,1.54E+01,2.47E+02,0.000272251,0.000284555
3.06E+04,1.35E+05,2.02E+02,2.60E+00,1.22E-02,8.67E+01,3.67E-05,3.42E-01,1.83E-01,2.50E-01,2.32E+02,1.54E+01,2.47E+02,0.000272249,0.000284554
3.07E+04,134699,5.02E+01,7.51E-01,1.22E-02,8.67E+01,3.67E-05,3.42E-01,1.83E-01,2.49E-01,2.32E+02,1.53E+01,2.48E+02,0.000272021,0.000284316
3.07E+04,1.35E+05,2.02E+02,2.60E+00,1.22E-02,8.67E+01,3.67E-05,3.42E-01,1.83E-01,2.49E-01,2.32E+02,1.53E+01,2.48E+02,0.000272019,0.000284315
3.07E+04,1.35E+05,4.98E+01,7.51E-01,1.22E-02,8.67E+01,3.67E-05,3.41E-01,1.83E-01,2.48E-01,2.31E+02,1.51E+01,2.46E+02,0.00027179,0.000284076
3.07E+04,1.35E+05,2.01E+02,2.60E+00,1.22E-02,8.67E+01,3.67E-05,3.41E-01,1.83E-01,2.48E-01,2.31E+02,1.51E+01,2.46E+02,0.00027179,0.000284076
3.07E+04,1.35E+05,4.97E+01,7.53E-01,1.21E-02,8.67E+01,3.66E-05,3.43E-01,1.84E-01,2.46E-01,2.32E+02,1.50E+01,2.47E+02,0.000271561,0.000283838
3.07E+04,134900,2.02E+02,2.60E+00,1.21E-02,8.67E+01,3.66E-05,3.43E-01,1.84E-01,2.46E-01,2.32E+02,1.50E+01,2.47E+02,0.000271559,0.000283837
3.07E+04,1.35E+05,4.98E+01,7.52E-01,1.22E-02,8.67E+01,3.66E-05,3.42E-01,1.84E-01,2.47E-01,2.32E+02,1.51E+01,2.47E+02,0.000271332,0.0002836
3.07E+04,1.35E+05,2.02E+02,2.60E+00,1.22E-02,8.67E+01,3.66E-05,3.42E-01,1.84E-01,2.47E-01,2.32E+02,1.51E+01,2.47E+02,0.000271332,0.0002836
3.07E+04,1.35E+05,4.97E+01,7.52E-01,1.21E-02,8.67E+01,3.66E-05,3.42E-01,1.84E-01,2.47E-01,2.32E+02,1.50E+01,2.47E+02,0.000271103,0.000283362
3.07E+04,1.35E+05,2.02E+02,2.60E+00,1.21E-02,8.67E+01,3.66E-05,3.42E-01,1.84E-01,2.47E-01,2.32E+02,1.50E+01,2.47E+02,0.000271103,0.000283362
3.08E+04,135199,5.03E+01,7.52E-01,1.22E-02,8.67E+01,3.66E-05,3.42E-01,1.83E-01,2.50E-01,2.32E+02,1.55E+01,2.48E+02,0.000270876,0.000283126
3.08E+04,1.35E+05,2.02E+02,2.60E+00,1.22E-02,8.67E+01,3.66E-05,3.42E-01,1.83E-01,2.50E-01,2.32E+02,1.55E+01,2.48E+02,0.000270875,0.000283125
3.08E+04,1.35E+05,4.97E+01,7.56E-01,1.22E-02,8.67E+01,3.65E-05,3.41E-01,1.82E-01,2.47E-01,2.31E+02,1.51E+01,2.46E+02,0.000270647,0.000282888
3.08E+04,1.35E+05,2.01E+02,2.60E+00,1.22E-02,8.67E+01,3.65E-05,3.41E-01,1.82E-01,2.47E-01,2.31E+02,1.51E+01,2.46E+02,0.000270647,0.000282888
3.08E+04,135399,4.99E+01,7.51E-01,1.22E-02,8.67E+01,3.65E-05,3.41E-01,1.83E-01,2.48E-01,2.32E+02,1.52E+01,2.47E+02,0.000270421,0.000282653
3.08E+04,1.35E+05,2.01E+02,2.60E+00,1.22E-02,8.67E+01,3.65E-05,3.41E-01,1.83E-01,2.48E-01,2.32E+02,1.52E+01,2.47E+02,0.00027042,0.000282652
3.08E+04,1.35E+05,4.88E+01,7.53E-01,1.21E-02,8.67E+01,3.65E-05,3.42E-01,1.84E-01,2.42E-01,2.31E+02,1.44E+01,2.45E+02,0.000270192,0.000282416
3.08E+04,135500,2.02E+02,2.60E+00,1.21E-02,8.67E+01,3.65E-05,3.42E-01,1.84E-01,2.42E-01,2.31E+02,1.44E+01,2.45E+02,0.000270191,0.000282415
3.09E+04,1.36E+05,4.88E+01,7.52E-01,1.21E-02,8.67E+01,3.64E-05,3.42E-01,1.85E-01,2.42E-01,2.31E+02,1.44E+01,2.45E+02,0.000269966,0.00028218
3.09E+04,135600,2.02E+02,2.60E+00,1.21E-02,8.67E+01,3.64E-05,3.42E-01,1.85E-01,2.42E-01,2.31E+02,1.44E+01,2.45E+02,0.000269965,0.000282179
3.09E+04,135699,4.99E+01,7.52E-01,1.22E-02,8.67E+01,3.64E-05,3.42E-01,1.83E-01,2.47E-01,2.32E+02,1.51E+01,2.47E+02,0.00026974,0.000281946
3.09E+04,135700,2.02E+02,2.60E+00,1.22E-02,8.67E+01,3.64E-05,3.42E-01,1.83E-01,2.47E-01,2.32E+02,1.51E+01,2.47E+02,0.000269738,0.000281944
3.09E+04,1.36E+05,4.93E+01,7.52E-01,1.22E-02,8.68E+01,3.64E-05,3.41E-01,1.83E-01,2.45E-01,2.31E+02,1.48E+01,2.46E+02,0.000269513,0.00028171
3.09E+04,1.36E+05,2.01E+02,2.60E+00,1.22E-02,8.68E+01,3.64E-05,3.41E-01,1.83E-01,2.45E-01,2.31E+02,1.48E+01,2.46E+02,0.000269513,0.00028171
3.09E+04,135899,4.99E+01,7.52E-01,1.22E-02,8.68E+01,3.64E-05,3.41E-01,1.82E-01,2.48E-01,2.31E+02,1.52E+01,2.46E+02,0.000269289,0.000281477
3.09E+04,1.36E+05,2.01E+02,2.60E+00,1.22E-02,8.68E+01,3.64E-05,3.41E-01,1.82E-01,2.48E-01,2.31E+02,1.52E+01,2.46E+02,0.000269288,0.000281475
3.09E+04,1.36E+05,4.88E+01,7.52E-01,1.22E-02,8.68E+01,3.63E-05,3.39E-01,1.83E-01,2.44E-01,2.30E+02,1.45E+01,2.44E+02,0.000269062,0.000281241
3.09E+04,1.36E+05,2.00E+02,2.60E+00,1.22E-02,8.68E+01,3.63E-05,3.39E-01,1.83E-01,2.44E-01,2.30E+02,1.45E+01,2.44E+02,0.000269062,0.000281241
3.10E+04,136099,2.02E+02,2.60E+00,1.21E-02,8.68E+01,3.63E-05,3.42E-01,1.84E-01,2.47E-01,2.32E+02,1.50E+01,2.47E+02,0.000268839,0.000281009
3.10E+04,136099,4.98E+01,7.53E-01,1.21E-02,8.68E+01,3.63E-05,3.42E-01,1.84E-01,2.47E-01,2.32E+02,1.50E+01,2.47E+02,0.000268839,0.000281009
3.10E+04,1.36E+05,4.93E+01,7.53E-01,1.21E-02,8.68E+01,3.63E-05,3.41E-01,1.84E-01,2.45E-01,2.31E+02,1.47E+01,2.46E+02,0.000268613,0.000280774
3.10E+04,136200,2.01E+02,2.60E+00,1.21E-02,8.68E+01,3.63E-05,3.41E-01,1.84E-01,2.45E-01,2.31E+02,1.47E+01,2.46E+02,0.000268612,0.000280773
3.10E+04,1.36E+05,4.95E+01,7.53E-01,1.22E-02,8.68E+01,3.63E-05,3.41E-01,1.83E-01,2.47E-01,2.31E+02,1.49E+01,2.46E+02,0.000268389,0.000280541
31026,1.36E+05,2.01E+02,2.60E+00,1.22E-02,8.68E+01,3.63E-05,3.41E-01,1.83E-01,2.47E-01,2.31E+02,1.49E+01,2.46E+02,0.000268389,0.000280541
3.10E+04,136399,4.99E+01,7.53E-01,1.22E-02,8.68E+01,3.62E-05,3.41E-01,1.83E-01,2.48E-01,2.31E+02,1.52E+01,2.47E+02,0.000268166,0.000280309
31046,1.36E+05,2.01E+02,2.60E+00,1.22E-02,8.68E+01,3.62E-05,3.41E-01,1.83E-01,2.48E-01,2.31E+02,1.52E+01,2.47E+02,0.000268165,0.000280308
3.11E+04,136499,4.98E+01,7.52E-01,1.22E-02,8.68E+01,3.62E-05,3.41E-01,1.83E-01,2.47E-01,2.31E+02,1.51E+01,2.47E+02,0.000267942,0.000280077
31066,1.36E+05,2.01E+02,2.60E+00,1.22E-02,8.68E+01,3.62E-05,3.41E-01,1.83E-01,2.47E-01,2.31E+02,1.51E+01,2.47E+02,0.000267941,0.000280076
3.11E+04,1.37E+05,4.92E+01,7.51E-01,1.22E-02,8.68E+01,3.62E-05,3.41E-01,1.84E-01,2.45E-01,2.31E+02,1.47E+01,2.46E+02,0.000267718,0.000279844
31086,1.37E+05,2.01E+02,2.60E+00,1.22E-02,8.68E+01,3.62E-05,3.41E-01,1.84E-01,2.45E-01,2.31E+02,1.47E+01,2.46E+02,0.000267718,0.000279844
3.11E+04,1.37E+05,4.92E+01,7.52E-01,1.21E-02,8.68E+01,3.62E-05,3.42E-01,1.84E-01,2.44E-01,2.31E+02,1.47E+01,2.46E+02,0.000267495,0.000279612
3.11E+04,136700,2.02E+02,2.60E+00,1.21E-02,8.68E+01,3.62E-05,3.42E-01,1.84E-01,2.44E-01,2.31E+02,1.47E+01,2.46E+02,0.000267494,0.000279611
3.11E+04,136799,4.98E+01,7.52E-01,1.22E-02,8.68E+01,3.61E-05,3.40E-01,1.82E-01,2.48E-01,2.31E+02,1.52E+01,2.46E+02,0.000267274,0.000279382
31126,1.37E+05,2.00E+02,2.60E+00,1.22E-02,8.68E+01,3.61E-05,3.40E-01,1.82E-01,2.48E-01,2.31E+02,1.52E+01,2.46E+02,0.000267272,0.000279381
3.11E+04,1.37E+05,4.92E+01,7.52E-01,1.21E-02,8.68E+01,3.61E-05,3.41E-01,1.84E-01,2.44E-01,2.31E+02,1.47E+01,2.46E+02,0.00026705,0.00027915
3.11E+04,136900,2.02E+02,2.60E+00,1.21E-02,8.68E+01,3.61E-05,3.41E-01,1.84E-01,2.44E-01,2.31E+02,1.47E+01,2.46E+02,0.000267049,0.000279149
3.12E+04,136999,4.98E+01,7.51E-01,1.22E-02,8.68E+01,3.61E-05,3.41E-01,1.83E-01,2.48E-01,2.31E+02,1.51E+01,2.47E+02,0.00026683,0.00027892
31166,1.37E+05,2.01E+02,2.60E+00,1.22E-02,8.68E+01,3.61E-05,3.41E-01,1.83E-01,2.48E-01,2.31E+02,1.51E+01,2.47E+02,0.000266828,0.000278919
3.12E+04,1.37E+05,4.87E+01,7.52E-01,1.21E-02,8.68E+01,3.61E-05,3.41E-01,1.84E-01,2.42E-01,2.30E+02,1.43E+01,2.45E+02,0.000266607,0.000278689
31186,1.37E+05,2.01E+02,2.60E+00,1.21E-02,8.68E+01,3.61E-05,3.41E-01,1.84E-01,2.42E-01,2.30E+02,1.43E+01,2.45E+02,0.000266607,0.000278689
3.12E+04,137199,4.98E+01,7.51E-01,1.22E-02,8.68E+01,3.60E-05,3.41E-01,1.83E-01,2.48E-01,2.31E+02,1.51E+01,2.47E+02,0.000266387,0.00027846
31206,1.37E+05,2.01E+02,2.60E+00,1.22E-02,8.68E+01,3.60E-05,3.41E-01,1.83E-01,2.48E-01,2.31E+02,1.51E+01,2.47E+02,0.000266386,0.000278459
3.13E+04,137299,4.99E+01,7.56E-01,1.22E-02,8.68E+01,3.60E-05,3.41E-01,1.82E-01,2.48E-01,2.31E+02,1.52E+01,2.47E+02,0.000266166,0.000278231
3.13E+04,1.37E+05,2.01E+02,2.60E+00,1.22E-02,8.68E+01,3.60E-05,3.41E-01,1.82E-01,2.48E-01,2.31E+02,1.52E+01,2.47E+02,0.000266165,0.00027823
3.13E+04,1.37E+05,4.91E+01,7.52E-01,1.22E-02,8.68E+01,3.60E-05,3.40E-01,1.83E-01,2.45E-01,2.30E+02,1.46E+01,2.45E+02,0.000265945,0.000278001
3.13E+04,1.37E+05,2.01E+02,2.60E+00,1.22E-02,8.68E+01,3.60E-05,3.40E-01,1.83E-01,2.45E-01,2.30E+02,1.46E+01,2.45E+02,0.000265945,0.000278001
3.13E+04,137499,4.95E+01,7.54E-01,1.22E-02,8.68E+01,3.60E-05,3.40E-01,1.82E-01,2.47E-01,2.31E+02,1.50E+01,2.46E+02,0.000265726,0.000277773
3.13E+04,1.37E+05,2.01E+02,2.60E+00,1.22E-02,8.68E+01,3.60E-05,3.40E-01,1.82E-01,2.47E-01,2.31E+02,1.50E+01,2.46E+02,0.000265725,0.000277772
3.13E+04,137599,5.02E+01,7.54E-01,1.22E-02,8.68E+01,3.59E-05,3.41E-01,1.82E-01,2.49E-01,2.32E+02,1.54E+01,2.48E+02,0.000265506,0.000277545
3.13E+04,137600,2.01E+02,2.60E+00,1.22E-02,8.68E+01,3.59E-05,3.41E-01,1.82E-01,2.49E-01,2.32E+02,1.54E+01,2.48E+02,0.000265504,0.000277542
3.13E+04,137699,4.96E+01,7.53E-01,1.22E-02,8.68E+01,3.59E-05,3.40E-01,1.82E-01,2.47E-01,2.31E+02,1.50E+01,2.46E+02,0.000265286,0.000277317
3.13E+04,1.38E+05,2.01E+02,2.60E+00,1.22E-02,8.68E+01,3.59E-05,3.40E-01,1.82E-01,2.47E-01,2.31E+02,1.50E+01,2.46E+02,0.000265285,0.000277315
3.14E+04,1.38E+05,4.92E+01,7.54E-01,1.22E-02,8.68E+01,3.59E-05,3.40E-01,1.83E-01,2.45E-01,2.30E+02,1.47E+01,2.45E+02,0.000265066,0.000277088
3.14E+04,1.38E+05,2.01E+02,2.60E+00,1.22E-02,8.68E+01,3.59E-05,3.40E-01,1.83E-01,2.45E-01,2.30E+02,1.47E+01,2.45E+02,0.000265066,0.000277088
3.14E+04,1.38E+05,4.91E+01,7.52E-01,1.22E-02,8.68E+01,3.59E-05,3.40E-01,1.83E-01,2.45E-01,2.30E+02,1.47E+01,2.45E+02,0.000264848,0.00027686
3.14E+04,1.38E+05,2.01E+02,2.60E+00,1.22E-02,8.68E+01,3.59E-05,3.40E-01,1.83E-01,2.45E-01,2.30E+02,1.47E+01,2.45E+02,0.000264848,0.00027686
3.14E+04,137999,4.98E+01,7.53E-01,1.22E-02,8.68E+01,3.58E-05,3.40E-01,1.82E-01,2.48E-01,2.31E+02,1.51E+01,2.46E+02,0.00026463,0.000276634
3.14E+04,1.38E+05,2.01E+02,2.60E+00,1.22E-02,8.68E+01,3.58E-05,3.40E-01,1.82E-01,2.48E-01,2.31E+02,1.51E+01,2.46E+02,0.000264629,0.000276633
3.14E+04,1.38E+05,4.92E+01,7.53E-01,1.22E-02,8.68E+01,3.58E-05,3.39E-01,1.82E-01,2.46E-01,2.30E+02,1.48E+01,2.45E+02,0.000264411,0.000276407
3.14E+04,1.38E+05,2.00E+02,2.60E+00,1.22E-02,8.68E+01,3.58E-05,3.39E-01,1.82E-01,2.46E-01,2.30E+02,1.48E+01,2.45E+02,0.000264411,0.000276407
3.14E+04,138199,5.03E+01,7.52E-01,1.23E-02,8.68E+01,3.58E-05,3.39E-01,1.81E-01,2.51E-01,2.31E+02,1.56E+01,2.47E+02,0.000264195,0.000276181
3.14E+04,1.38E+05,2.00E+02,2.60E+00,1.23E-02,8.68E+01,3.58E-05,3.39E-01,1.81E-01,2.51E-01,2.31E+02,1.56E+01,2.47E+02,0.000264193,0.00027618
3.15E+04,138299,5.01E+01,7.56E-01,1.22E-02,8.68E+01,3.58E-05,3.41E-01,1.82E-01,2.49E-01,2.32E+02,1.53E+01,2.47E+02,0.000263977,0.000275955
3.15E+04,1.38E+05,2.01E+02,2.60E+00,1.22E-02,8.68E+01,3.58E-05,3.41E-01,1.82E-01,2.49E-01,2.32E+02,1.53E+01,2.47E+02,0.000263976,0.000275954
3.15E+04,1.38E+05,4.91E+01,7.52E-01,1.22E-02,8.68E+01,3.57E-05,3.39E-01,1.83E-01,2.45E-01,2.30E+02,1.47E+01,2.45E+02,0.000263759,0.000275729
3.15E+04,1.38E+05,2.00E+02,2.60E+00,1.22E-02,8.68E+01,3.57E-05,3.39E-01,1.83E-01,2.45E-01,2.30E+02,1.47E+01,2.45E+02,0.000263759,0.000275729
3.15E+04,1.38E+05,4.91E+01,7.52E-01,1.22E-02,8.69E+01,3.57E-05,3.39E-01,1.83E-01,2.45E-01,2.30E+02,1.47E+01,2.45E+02,0.000263542,0.000275503
3.15E+04,1.38E+05,2.00E+02,2.60E+00,1.22E-02,8.69E+01,3.57E-05,3.39E-01,1.83E-01,2.45E-01,2.30E+02,1.47E+01,2.45E+02,0.000263542,0.000275503
3.15E+04,138599,4.96E+01,7.50E-01,1.23E-02,8.69E+01,3.57E-05,3.38E-01,1.81E-01,2.48E-01,2.30E+02,1.51E+01,2.45E+02,0.000263327,0.00027528
3.15E+04,1.39E+05,2.00E+02,2.60E+00,1.23E-02,8.69E+01,3.57E-05,3.38E-01,1.81E-01,2.48E-01,2.30E+02,1.51E+01,2.45E+02,0.000263326,0.000275279
3.16E+04,138699,4.96E+01,7.52E-01,1.21E-02,8.69E+01,3.57E-05,3.41E-01,1.83E-01,2.46E-01,2.31E+02,1.49E+01,2.46E+02,0.000263111,0.000275055
3.16E+04,138700,2.01E+02,2.60E+00,1.21E-02,8.69E+01,3.57E-05,3.41E-01,1.83E-01,2.46E-01,2.31E+02,1.49E+01,2.46E+02,0.000263109,0.000275053
3.16E+04,1.39E+05,4.87E+01,7.51E-01,1.21E-02,8.69E+01,3.56E-05,3.41E-01,1.84E-01,2.42E-01,2.30E+02,1.43E+01,2.45E+02,0.000262894,0.00027483
3.16E+04,138800,2.01E+02,2.59E+00,1.21E-02,8.69E+01,3.56E-05,3.41E-01,1.84E-01,2.42E-01,2.30E+02,1.43E+01,2.45E+02,0.000262893,0.000274829
3.16E+04,138899,4.94E+01,7.52E-01,1.22E-02,8.69E+01,3.56E-05,3.39E-01,1.82E-01,2.47E-01,2.30E+02,1.50E+01,2.45E+02,0.00026268,0.000274607
3.16E+04,1.39E+05,2.00E+02,2.60E+00,1.22E-02,8.69E+01,3.56E-05,3.39E-01,1.82E-01,2.47E-01,2.30E+02,1.50E+01,2.45E+02,0.000262679,0.000274606
3.16E+04,138999,4.95E+01,7.51E-01,1.22E-02,8.69E+01,3.56E-05,3.39E-01,1.82E-01,2.48E-01,2.30E+02,1.50E+01,2.45E+02,0.000262465,0.000274383
3.16E+04,1.39E+05,2.00E+02,2.59E+00,1.22E-02,8.69E+01,3.56E-05,3.39E-01,1.82E-01,2.48E-01,2.30E+02,1.50E+01,2.45E+02,0.000262464,0.000274382
3.16E+04,139099,4.96E+01,7.51E-01,1.22E-02,8.69E+01,3.56E-05,3.40E-01,1.83E-01,2.47E-01,2.31E+02,1.50E+01,2.46E+02,0.00026225,0.00027416
3.16E+04,139100,2.01E+02,2.60E+00,1.22E-02,8.69E+01,3.56E-05,3.40E-01,1.83E-01,2.47E-01,2.31E+02,1.50E+01,2.46E+02,0.000262248,0.000274158
3.17E+04,1.39E+05,4.89E+01,7.51E-01,1.22E-02,8.69E+01,3.55E-05,3.40E-01,1.83E-01,2.44E-01,2.30E+02,1.46E+01,2.45E+02,0.000262035,0.000273936
3.17E+04,139200,2.01E+02,2.60E+00,1.22E-02,8.69E+01,3.55E-05,3.40E-01,1.83E-01,2.44E-01,2.30E+02,1.46E+01,2.45E+02,0.000262034,0.000273935
3.17E+04,1.39E+05,4.97E+01,7.57E-01,1.22E-02,8.69E+01,3.55E-05,3.41E-01,1.83E-01,2.47E-01,2.31E+02,1.50E+01,2.46E+02,0.000261821,0.000273714
3.17E+04,139300,2.01E+02,2.60E+00,1.22E-02,8.69E+01,3.55E-05,3.41E-01,1.83E-01,2.47E-01,2.31E+02,1.50E+01,2.46E+02,0.00026182,0.000273713
3.17E+04,1.39E+05,4.93E+01,7.52E-01,1.23E-02,8.69E+01,3.55E-05,3.38E-01,1.82E-01,2.47E-01,2.30E+02,1.49E+01,2.45E+02,0.000261607,0.000273492
3.17E+04,1.39E+05,2.00E+02,2.60E+00,1.23E-02,8.69E+01,3.55E-05,3.38E-01,1.82E-01,2.47E-01,2.30E+02,1.49E+01,2.45E+02,0.000261607,0.000273492
3.17E+04,139499,4.99E+01,7.51E-01,1.23E-02,8.69E+01,3.55E-05,3.38E-01,1.81E-01,2.50E-01,2.30E+02,1.53E+01,2.46E+02,0.000261395,0.000273271
3.17E+04,1.39E+05,2.00E+02,2.60E+00,1.23E-02,8.69E+01,3.55E-05,3.38E-01,1.81E-01,2.50E-01,2.30E+02,1.53E+01,2.46E+02,0.000261393,0.00027327
3.18E+04,1.40E+05,4.93E+01,7.51E-01,1.22E-02,8.69E+01,3.55E-05,3.39E-01,1.82E-01,2.46E-01,2.30E+02,1.49E+01,2.45E+02,0.00026118,0.000273048
3.18E+04,1.40E+05,2.00E+02,2.60E+00,1.22E-02,8.69E+01,3.55E-05,3.39E-01,1.82E-01,2.46E-01,2.30E+02,1.49E+01,2.45E+02,0.00026118,0.000273048
3.18E+04,1.40E+05,4.93E+01,7.52E-01,1.22E-02,8.69E+01,3.54E-05,3.40E-01,1.83E-01,2.45E-01,2.31E+02,1.48E+01,2.46E+02,0.000260968,0.000272827
3.18E+04,139700,2.01E+02,2.60E+00,1.22E-02,8.69E+01,3.54E-05,3.40E-01,1.83E-01,2.45E-01,2.31E+02,1.48E+01,2.46E+02,0.000260967,0.000272826
3.18E+04,1.40E+05,4.88E+01,7.51E-01,1.22E-02,8.69E+01,3.54E-05,3.39E-01,1.83E-01,2.44E-01,2.30E+02,1.45E+01,2.45E+02,0.000260755,0.000272606
3.18E+04,1.40E+05,2.00E+02,2.60E+00,1.22E-02,8.69E+01,3.54E-05,3.39E-01,1.83E-01,2.44E-01,2.30E+02,1.45E+01,2.45E+02,0.000260755,0.000272606
3.18E+04,139899,4.98E+01,7.51E-01,1.23E-02,8.69E+01,3.54E-05,3.38E-01,1.81E-01,2.49E-01,2.31E+02,1.53E+01,2.46E+02,0.000260544,0.000272387
3.18E+04,1.40E+05,2.00E+02,2.60E+00,1.23E-02,8.69E+01,3.54E-05,3.38E-01,1.81E-01,2.49E-01,2.31E+02,1.53E+01,2.46E+02,0.000260543,0.000272386
3.18E+04,139999,4.99E+01,7.53E-01,1.23E-02,8.69E+01,3.54E-05,3.38E-01,1.80E-01,2.50E-01,2.30E+02,1.53E+01,2.45E+02,0.000260332,0.000272167
3.18E+04,1.40E+05,2.00E+02,2.60E+00,1.23E-02,8.69E+01,3.54E-05,3.38E-01,1.80E-01,2.50E-01,2.30E+02,1.53E+01,2.45E+02,0.000260331,0.000272166
3.19E+04,140099,4.98E+01,7.51E-01,1.23E-02,8.69E+01,3.53E-05,3.39E-01,1.82E-01,2.48E-01,2.31E+02,1.52E+01,2.46E+02,0.000260121,0.000271947
3.19E+04,1.40E+05,2.00E+02,2.60E+00,1.23E-02,8.69E+01,3.53E-05,3.39E-01,1.82E-01,2.48E-01,2.31E+02,1.52E+01,2.46E+02,0.00026012,0.000271946
3.19E+04,1.40E+05,4.92E+01,7.50E-01,1.22E-02,8.69E+01,3.53E-05,3.39E-01,1.83E-01,2.45E-01,2.30E+02,1.48E+01,2.45E+02,0.000259909,0.000271726
3.19E+04,1.40E+05,2.00E+02,2.60E+00,1.22E-02,8.69E+01,3.53E-05,3.39E-01,1.83E-01,2.45E-01,2.30E+02,1.48E+01,2.45E+02,0.000259909,0.000271726
3.19E+04,140299,4.98E+01,7.57E-01,1.22E-02,8.69E+01,3.53E-05,3.40E-01,1.82E-01,2.48E-01,2.31E+02,1.51E+01,2.46E+02,0.000259699,0.000271508
3.19E+04,140300,2.01E+02,2.60E+00,1.22E-02,8.69E+01,3.53E-05,3.40E-01,1.82E-01,2.48E-01,2.31E+02,1.51E+01,2.46E+02,0.000259697,0.000271506
3.20E+04,140399,4.95E+01,7.54E-01,1.23E-02,8.69E+01,3.53E-05,3.37E-01,1.80E-01,2.48E-01,2.29E+02,1.50E+01,2.44E+02,0.000259489,0.000271289
3.20E+04,1.40E+05,1.99E+02,2.60E+00,1.23E-02,8.69E+01,3.53E-05,3.37E-01,1.80E-01,2.48E-01,2.29E+02,1.50E+01,2.44E+02,0.000259487,0.000271288
3.20E+04,1.40E+05,4.88E+01,7.52E-01,1.22E-02,8.69E+01,3.52E-05,3.39E-01,1.83E-01,2.43E-01,2.30E+02,1.45E+01,2.44E+02,0.000259277,0.00027107
3.20E+04,140500,2.00E+02,2.60E+00,1.22E-02,8.69E+01,3.52E-05,3.39E-01,1.83E-01,2.43E-01,2.30E+02,1.45E+01,2.44E+02,0.000259276,0.000271069
3.20E+04,140599,4.95E+01,7.52E-01,1.22E-02,8.69E+01,3.52E-05,3.39E-01,1.82E-01,2.47E-01,2.31E+02,1.49E+01,2.45E+02,0.000259068,0.000270853
3.20E+04,140600,2.01E+02,2.60E+00,1.22E-02,8.69E+01,3.52E-05,3.39E-01,1.82E-01,2.47E-01,2.31E+02,1.49E+01,2.45E+02,0.000259066,0.00027085
3.20E+04,140699,5.01E+01,7.54E-01,1.23E-02,8.69E+01,3.52E-05,3.39E-01,1.81E-01,2.50E-01,2.31E+02,1.54E+01,2.46E+02,0.000258859,0.000270635
3.20E+04,140700,2.00E+02,2.60E+00,1.23E-02,8.69E+01,3.52E-05,3.39E-01,1.81E-01,2.50E-01,2.31E+02,1.54E+01,2.46E+02,0.000258857,0.000270633
3.20E+04,140799,4.94E+01,7.52E-01,1.22E-02,8.69E+01,3.52E-05,3.39E-01,1.82E-01,2.47E-01,2.30E+02,1.49E+01,2.45E+02,0.00025865,0.000270417
3.20E+04,140800,2.00E+02,2.60E+00,1.22E-02,8.69E+01,3.52E-05,3.39E-01,1.82E-01,2.47E-01,2.30E+02,1.49E+01,2.45E+02,0.000258648,0.000270415
3.21E+04,140899,4.94E+01,7.54E-01,1.23E-02,8.69E+01,3.51E-05,3.38E-01,1.81E-01,2.47E-01,2.30E+02,1.50E+01,2.45E+02,0.000258441,0.0002702
3.21E+04,1.41E+05,2.00E+02,2.60E+00,1.23E-02,8.69E+01,3.51E-05,3.38E-01,1.81E-01,2.47E-01,2.30E+02,1.50E+01,2.45E+02,0.00025844,0.000270199
3.21E+04,1.41E+05,4.88E+01,7.52E-01,1.23E-02,8.69E+01,3.51E-05,3.37E-01,1.81E-01,2.45E-01,2.28E+02,1.46E+01,2.43E+02,0.000258231,0.000269982
3.21E+04,1.41E+05,1.99E+02,2.60E+00,1.23E-02,8.69E+01,3.51E-05,3.37E-01,1.81E-01,2.45E-01,2.28E+02,1.46E+01,2.43E+02,0.000258231,0.000269982
3.21E+04,1.41E+05,4.88E+01,7.52E-01,1.23E-02,8.69E+01,3.51E-05,3.37E-01,1.81E-01,2.45E-01,2.29E+02,1.46E+01,2.43E+02,0.000258023,0.000269766
3.21E+04,1.41E+05,1.99E+02,2.60E+00,1.23E-02,8.69E+01,3.51E-05,3.37E-01,1.81E-01,2.45E-01,2.29E+02,1.46E+01,2.43E+02,0.000258023,0.000269766
3.21E+04,141199,5.00E+01,7.53E-01,1.24E-02,8.69E+01,3.51E-05,3.37E-01,1.80E-01,2.51E-01,2.30E+02,1.55E+01,2.45E+02,0.000257816,0.000269551
3.21E+04,1.41E+05,1.99E+02,2.60E+00,1.24E-02,8.69E+01,3.51E-05,3.37E-01,1.80E-01,2.51E-01,2.30E+02,1.55E+01,2.45E+02,0.000257815,0.00026955
3.22E+04,1.41E+05,4.89E+01,7.54E-01,1.22E-02,8.69E+01,3.50E-05,3.40E-01,1.83E-01,2.44E-01,2.30E+02,1.46E+01,2.45E+02,0.000257607,0.000269334
3.22E+04,1.41E+05,2.00E+02,2.60E+00,1.22E-02,8.69E+01,3.50E-05,3.40E-01,1.83E-01,2.44E-01,2.30E+02,1.46E+01,2.45E+02,0.000257607,0.000269334
3.22E+04,1.41E+05,4.87E+01,7.52E-01,1.21E-02,8.70E+01,3.50E-05,3.39E-01,1.83E-01,2.43E-01,2.30E+02,1.44E+01,2.44E+02,0.0002574,0.000269118
3.22E+04,141400,2.01E+02,2.60E+00,1.21E-02,8.70E+01,3.50E-05,3.39E-01,1.83E-01,2.43E-01,2.30E+02,1.44E+01,2.44E+02,0.000257399,0.000269117
3.22E+04,1.41E+05,4.91E+01,7.51E-01,1.22E-02,8.70E+01,3.50E-05,3.38E-01,1.82E-01,2.46E-01,2.30E+02,1.48E+01,2.45E+02,0.000257193,0.000268903
3.22E+04,1.41E+05,2.00E+02,2.60E+00,1.22E-02,8.70E+01,3.50E-05,3.38E-01,1.82E-01,2.46E-01,2.30E+02,1.48E+01,2.45E+02,0.000257193,0.000268903
3.22E+04,1.42E+05,4.90E+01,7.52E-01,1.22E-02,8.70E+01,3.50E-05,3.38E-01,1.82E-01,2.45E-01,2.30E+02,1.47E+01,2.44E+02,0.000256986,0.000268688
3.22E+04,1.42E+05,2.00E+02,2.60E+00,1.22E-02,8.70E+01,3.50E-05,3.38E-01,1.82E-01,2.45E-01,2.30E+02,1.47E+01,2.44E+02,0.000256986,0.000268688
3.22E+04,141699,4.96E+01,7.52E-01,1.23E-02,8.70E+01,3.50E-05,3.38E-01,1.81E-01,2.48E-01,2.30E+02,1.51E+01,2.45E+02,0.000256781,0.000268475
3.22E+04,1.42E+05,2.00E+02,2.60E+00,1.23E-02,8.70E+01,3.50E-05,3.38E-01,1.81E-01,2.48E-01,2.30E+02,1.51E+01,2.45E+02,0.00025678,0.000268474
3.23E+04,1.42E+05,4.89E+01,7.51E-01,1.23E-02,8.70E+01,3.49E-05,3.37E-01,1.81E-01,2.46E-01,2.29E+02,1.47E+01,2.44E+02,0.000256574,0.000268259
3.23E+04,1.42E+05,1.99E+02,2.60E+00,1.23E-02,8.70E+01,3.49E-05,3.37E-01,1.81E-01,2.46E-01,2.29E+02,1.47E+01,2.44E+02,0.000256574,0.000268259
3.23E+04,1.42E+05,4.85E+01,7.53E-01,1.22E-02,8.70E+01,3.49E-05,3.38E-01,1.82E-01,2.43E-01,2.29E+02,1.43E+01,2.43E+02,0.000256368,0.000268045
3.23E+04,1.42E+05,2.00E+02,2.60E+00,1.22E-02,8.70E+01,3.49E-05,3.38E-01,1.82E-01,2.43E-01,2.29E+02,1.43E+01,2.43E+02,0.000256368,0.000268045
3.23E+04,1.42E+05,4.86E+01,7.52E-01,1.22E-02,8.70E+01,3.49E-05,3.37E-01,1.82E-01,2.44E-01,2.29E+02,1.44E+01,2.43E+02,0.000256163,0.000267832
3.23E+04,1.42E+05,1.99E+02,2.60E+00,1.22E-02,8.70E+01,3.49E-05,3.37E-01,1.82E-01,2.44E-01,2.29E+02,1.44E+01,2.43E+02,0.000256163,0.000267832
3.23E+04,1.42E+05,4.90E+01,7.52E-01,1.22E-02,8.70E+01,3.49E-05,3.38E-01,1.82E-01,2.45E-01,2.30E+02,1.47E+01,2.44E+02,0.000255958,0.000267618
3.23E+04,1.42E+05,2.00E+02,2.60E+00,1.22E-02,8.70E+01,3.49E-05,3.38E-01,1.82E-01,2.45E-01,2.30E+02,1.47E+01,2.44E+02,0.000255958,0.000267618
3.23E+04,1.42E+05,4.91E+01,7.52E-01,1.23E-02,8.70E+01,3.48E-05,3.37E-01,1.81E-01,2.46E-01,2.29E+02,1.48E+01,2.44E+02,0.000255753,0.000267406
3.23E+04,1.42E+05,1.99E+02,2.60E+00,1.23E-02,8.70E+01,3.48E-05,3.37E-01,1.81E-01,2.46E-01,2.29E+02,1.48E+01,2.44E+02,0.000255753,0.000267406
3.24E+04,142299,4.95E+01,7.55E-01,1.23E-02,8.70E+01,3.48E-05,3.39E-01,1.82E-01,2.48E-01,2.31E+02,1.50E+01,2.46E+02,0.000255549,0.000267194
3.24E+04,1.42E+05,2.00E+02,2.60E+00,1.23E-02,8.70E+01,3.48E-05,3.39E-01,1.82E-01,2.48E-01,2.31E+02,1.50E+01,2.46E+02,0.000255548,0.000267193
3.24E+04,1.42E+05,4.85E+01,7.52E-01,1.22E-02,8.70E+01,3.48E-05,3.38E-01,1.83E-01,2.43E-01,2.29E+02,1.44E+01,2.44E+02,0.000255344,0.000266981
3.24E+04,142400,2.00E+02,2.60E+00,1.22E-02,8.70E+01,3.48E-05,3.38E-01,1.83E-01,2.43E-01,2.29E+02,1.44E+01,2.44E+02,0.000255343,0.00026698
3.24E+04,142499,4.95E+01,7.50E-01,1.23E-02,8.70E+01,3.48E-05,3.37E-01,1.81E-01,2.48E-01,2.30E+02,1.51E+01,2.45E+02,0.000255141,0.00026677
3.24E+04,1.42E+05,1.99E+02,2.60E+00,1.23E-02,8.70E+01,3.48E-05,3.37E-01,1.81E-01,2.48E-01,2.30E+02,1.51E+01,2.45E+02,0.00025514,0.000266769
3.24E+04,1.43E+05,4.85E+01,7.52E-01,1.22E-02,8.70E+01,3.47E-05,3.38E-01,1.83E-01,2.43E-01,2.29E+02,1.43E+01,2.43E+02,0.000254937,0.000266557
3.24E+04,142600,2.00E+02,2.60E+00,1.22E-02,8.70E+01,3.47E-05,3.38E-01,1.83E-01,2.43E-01,2.29E+02,1.43E+01,2.43E+02,0.000254936,0.000266556
3.25E+04,142699,4.90E+01,7.52E-01,1.23E-02,8.70E+01,3.47E-05,3.36E-01,1.80E-01,2.47E-01,2.28E+02,1.48E+01,2.43E+02,0.000254734,0.000266347
3.25E+04,1.43E+05,1.99E+02,2.60E+00,1.23E-02,8.70E+01,3.47E-05,3.36E-01,1.80E-01,2.47E-01,2.28E+02,1.48E+01,2.43E+02,0.000254733,0.000266346
3.25E+04,142799,4.96E+01,7.49E-01,1.23E-02,8.70E+01,3.47E-05,3.37E-01,1.81E-01,2.49E-01,2.30E+02,1.52E+01,2.45E+02,0.000254531,0.000266136
3.25E+04,1.43E+05,1.99E+02,2.60E+00,1.23E-02,8.70E+01,3.47E-05,3.37E-01,1.81E-01,2.49E-01,2.30E+02,1.52E+01,2.45E+02,0.00025453,0.000266134
3.25E+04,142899,4.96E+01,7.51E-01,1.23E-02,8.70E+01,3.47E-05,3.38E-01,1.81E-01,2.48E-01,2.30E+02,1.51E+01,2.45E+02,0.000254329,0.000265925
3.25E+04,142900,2.00E+02,2.60E+00,1.23E-02,8.70E+01,3.47E-05,3.38E-01,1.81E-01,2.48E-01,2.30E+02,1.51E+01,2.45E+02,0.000254327,0.000265923
3.25E+04,1.43E+05,4.81E+01,7.51E-01,1.22E-02,8.70E+01,3.46E-05,3.37E-01,1.82E-01,2.41E-01,2.28E+02,1.41E+01,2.42E+02,0.000254125,0.000265713
3.25E+04,1.43E+05,1.99E+02,2.60E+00,1.22E-02,8.70E+01,3.46E-05,3.37E-01,1.82E-01,2.41E-01,2.28E+02,1.41E+01,2.42E+02,0.000254125,0.000265713
3.25E+04,1.43E+05,4.85E+01,7.51E-01,1.22E-02,8.70E+01,3.46E-05,3.37E-01,1.82E-01,2.43E-01,2.29E+02,1.44E+01,2.43E+02,0.000253923,0.000265503
3.25E+04,1.43E+05,1.99E+02,2.60E+00,1.22E-02,8.70E+01,3.46E-05,3.37E-01,1.82E-01,2.43E-01,2.29E+02,1.44E+01,2.43E+02,0.000253923,0.000265503
3.26E+04,143199,4.91E+01,7.51E-01,1.23E-02,8.70E+01,3.46E-05,3.37E-01,1.81E-01,2.46E-01,2.29E+02,1.48E+01,2.44E+02,0.000253722,0.000265294
3.26E+04,1.43E+05,1.99E+02,2.60E+00,1.23E-02,8.70E+01,3.46E-05,3.37E-01,1.81E-01,2.46E-01,2.29E+02,1.48E+01,2.44E+02,0.000253721,0.000265293
3.26E+04,1.43E+05,4.93E+01,7.55E-01,1.23E-02,8.70E+01,3.46E-05,3.40E-01,1.83E-01,2.46E-01,2.32E+02,1.49E+01,2.46E+02,0.00025352,0.000265084
3.26E+04,143300,2.00E+02,2.61E+00,1.23E-02,8.70E+01,3.46E-05,3.40E-01,1.83E-01,2.46E-01,2.32E+02,1.49E+01,2.46E+02,0.000253519,0.000265083
3.26E+04,1.43E+05,4.88E+01,7.52E-01,1.23E-02,8.70E+01,3.46E-05,3.36E-01,1.80E-01,2.46E-01,2.28E+02,1.47E+01,2.43E+02,0.000253319,0.000264875
3.26E+04,1.43E+05,1.99E+02,2.60E+00,1.23E-02,8.70E+01,3.46E-05,3.36E-01,1.80E-01,2.46E-01,2.28E+02,1.47E+01,2.43E+02,0.000253319,0.000264875
3.27E+04,1.43E+05,4.86E+01,7.51E-01,1.23E-02,8.70E+01,3.45E-05,3.37E-01,1.81E-01,2.44E-01,2.29E+02,1.45E+01,2.43E+02,0.000253118,0.000264666
3.27E+04,1.43E+05,1.99E+02,2.60E+00,1.23E-02,8.70E+01,3.45E-05,3.37E-01,1.81E-01,2.44E-01,2.29E+02,1.45E+01,2.43E+02,0.000253118,0.000264666
3.27E+04,143599,4.92E+01,7.54E-01,1.23E-02,8.70E+01,3.45E-05,3.37E-01,1.81E-01,2.47E-01,2.29E+02,1.49E+01,2.44E+02,0.000252918,0.000264458
3.27E+04,143600,2.00E+02,2.60E+00,1.23E-02,8.70E+01,3.45E-05,3.37E-01,1.81E-01,2.47E-01,2.29E+02,1.49E+01,2.44E+02,0.000252916,0.000264456
3.27E+04,143699,4.93E+01,7.53E-01,1.23E-02,8.70E+01,3.45E-05,3.36E-01,1.80E-01,2.48E-01,2.29E+02,1.50E+01,2.44E+02,0.000252718,0.00026425
3.27E+04,1.44E+05,1.99E+02,2.60E+00,1.23E-02,8.70E+01,3.45E-05,3.36E-01,1.80E-01,2.48E-01,2.29E+02,1.50E+01,2.44E+02,0.000252717,0.000264249
3.27E+04,143799,4.94E+01,7.54E-01,1.23E-02,8.70E+01,3.45E-05,3.38E-01,1.81E-01,2.47E-01,2.30E+02,1.50E+01,2.45E+02,0.000252518,0.000264042
3.27E+04,143800,2.00E+02,2.60E+00,1.23E-02,8.70E+01,3.45E-05,3.38E-01,1.81E-01,2.47E-01,2.30E+02,1.50E+01,2.45E+02,0.000252516,0.00026404
3.27E+04,143899,4.94E+01,7.53E-01,1.23E-02,8.70E+01,3.44E-05,3.38E-01,1.81E-01,2.47E-01,2.30E+02,1.50E+01,2.45E+02,0.000252318,0.000263835
3.27E+04,143900,2.00E+02,2.60E+00,1.23E-02,8.70E+01,3.44E-05,3.38E-01,1.81E-01,2.47E-01,2.30E+02,1.50E+01,2.45E+02,0.000252316,0.000263832
3.28E+04,143999,5.00E+01,7.53E-01,1.24E-02,8.70E+01,3.44E-05,3.37E-01,1.80E-01,2.51E-01,2.30E+02,1.55E+01,2.45E+02,0.000252119,0.000263627
3.28E+04,1.44E+05,1.99E+02,2.60E+00,1.24E-02,8.70E+01,3.44E-05,3.37E-01,1.80E-01,2.51E-01,2.30E+02,1.55E+01,2.45E+02,0.000252118,0.000263626
3.28E+04,1.44E+05,4.89E+01,7.54E-01,1.22E-02,8.70E+01,3.44E-05,3.37E-01,1.81E-01,2.45E-01,2.29E+02,1.46E+01,2.44E+02,0.000251919,0.000263419
3.28E+04,144100,2.00E+02,2.60E+00,1.22E-02,8.70E+01,3.44E-05,3.37E-01,1.81E-01,2.45E-01,2.29E+02,1.46E+01,2.44E+02,0.000251918,0.000263418
3.28E+04,144199,4.94E+01,7.53E-01,1.23E-02,8.70E+01,3.44E-05,3.36E-01,1.80E-01,2.48E-01,2.29E+02,1.51E+01,2.44E+02,0.000251721,0.000263213
3.28E+04,1.44E+05,1.99E+02,2.60E+00,1.23E-02,8.70E+01,3.44E-05,3.36E-01,1.80E-01,2.48E-01,2.29E+02,1.51E+01,2.44E+02,0.00025172,0.000263212
3.28E+04,1.44E+05,4.91E+01,7.54E-01,1.23E-02,8.71E+01,3.43E-05,3.39E-01,1.82E-01,2.46E-01,2.31E+02,1.48E+01,2.46E+02,0.000251521,0.000263006
3.28E+04,1.44E+05,2.00E+02,2.61E+00,1.23E-02,8.71E+01,3.43E-05,3.39E-01,1.82E-01,2.46E-01,2.31E+02,1.48E+01,2.46E+02,0.000251521,0.000263006
3.29E+04,144399,4.98E+01,7.52E-01,1.24E-02,8.71E+01,3.43E-05,3.36E-01,1.79E-01,2.50E-01,2.29E+02,1.53E+01,2.45E+02,0.000251324,0.000262801
3.29E+04,1.44E+05,1.99E+02,2.60E+00,1.24E-02,8.71E+01,3.43E-05,3.36E-01,1.79E-01,2.50E-01,2.29E+02,1.53E+01,2.45E+02,0.000251323,0.0002628
3.29E+04,1.44E+05,4.92E+01,7.52E-01,1.23E-02,8.71E+01,3.43E-05,3.37E-01,1.81E-01,2.47E-01,2.29E+02,1.49E+01,2.44E+02,0.000251125,0.000262594
3.29E+04,1.44E+05,1.99E+02,2.60E+00,1.23E-02,8.71E+01,3.43E-05,3.37E-01,1.81E-01,2.47E-01,2.29E+02,1.49E+01,2.44E+02,0.000251125,0.000262594
3.29E+04,1.45E+05,4.86E+01,7.52E-01,1.22E-02,8.71E+01,3.43E-05,3.37E-01,1.81E-01,2.44E-01,2.29E+02,1.44E+01,2.43E+02,0.000250928,0.000262389
3.29E+04,1.45E+05,1.99E+02,2.60E+00,1.22E-02,8.71E+01,3.43E-05,3.37E-01,1.81E-01,2.44E-01,2.29E+02,1.44E+01,2.43E+02,0.000250928,0.000262389
3.29E+04,1.45E+05,4.91E+01,7.52E-01,1.23E-02,8.71E+01,3.43E-05,3.37E-01,1.81E-01,2.46E-01,2.29E+02,1.48E+01,2.44E+02,0.00025073,0.000262183
3.29E+04,1.45E+05,1.99E+02,2.60E+00,1.23E-02,8.71E+01,3.43E-05,3.37E-01,1.81E-01,2.46E-01,2.29E+02,1.48E+01,2.44E+02,0.00025073,0.000262183
3.29E+04,144799,4.97E+01,7.52E-01,1.23E-02,8.71E+01,3.42E-05,3.37E-01,1.80E-01,2.49E-01,2.30E+02,1.52E+01,2.45E+02,0.000250534,0.00026198
3.29E+04,1.45E+05,1.99E+02,2.60E+00,1.23E-02,8.71E+01,3.42E-05,3.37E-01,1.80E-01,2.49E-01,2.30E+02,1.52E+01,2.45E+02,0.000250533,0.000261979
3.30E+04,1.45E+05,4.85E+01,7.52E-01,1.22E-02,8.71E+01,3.42E-05,3.37E-01,1.82E-01,2.43E-01,2.29E+02,1.44E+01,2.43E+02,0.000250337,0.000261774
3.30E+04,144900,2.00E+02,2.59E+00,1.22E-02,8.71E+01,3.42E-05,3.37E-01,1.82E-01,2.43E-01,2.29E+02,1.44E+01,2.43E+02,0.000250336,0.000261773
3.30E+04,1.45E+05,4.91E+01,7.51E-01,1.23E-02,8.71E+01,3.42E-05,3.37E-01,1.82E-01,2.46E-01,2.30E+02,1.48E+01,2.44E+02,0.00025014,0.00026157
3.30E+04,145000,2.00E+02,2.60E+00,1.23E-02,8.71E+01,3.42E-05,3.37E-01,1.82E-01,2.46E-01,2.30E+02,1.48E+01,2.44E+02,0.000250139,0.000261569
3.30E+04,1.45E+05,4.91E+01,7.52E-01,1.23E-02,8.71E+01,3.42E-05,3.36E-01,1.81E-01,2.46E-01,2.29E+02,1.48E+01,2.44E+02,0.000249944,0.000261366
3.30E+04,1.45E+05,1.99E+02,2.60E+00,1.23E-02,8.71E+01,3.42E-05,3.36E-01,1.81E-01,2.46E-01,2.29E+02,1.48E+01,2.44E+02,0.000249944,0.000261366
3.30E+04,145199,4.97E+01,7.52E-01,1.23E-02,8.71E+01,3.41E-05,3.36E-01,1.80E-01,2.50E-01,2.29E+02,1.52E+01,2.45E+02,0.000249749,0.000261163
3.30E+04,1.45E+05,1.99E+02,2.60E+00,1.23E-02,8.71E+01,3.41E-05,3.36E-01,1.80E-01,2.50E-01,2.29E+02,1.52E+01,2.45E+02,0.000249748,0.000261162
3.31E+04,145299,2.00E+02,2.61E+00,1.22E-02,8.71E+01,3.41E-05,3.40E-01,1.84E-01,2.42E-01,2.31E+02,1.43E+01,2.45E+02,0.000249553,0.00026096
3.31E+04,1.45E+05,4.84E+01,7.53E-01,1.22E-02,8.71E+01,3.41E-05,3.40E-01,1.84E-01,2.42E-01,2.31E+02,1.43E+01,2.45E+02,0.000249552,0.000260959
3.31E+04,145399,4.99E+01,7.54E-01,1.24E-02,8.71E+01,3.41E-05,3.34E-01,1.78E-01,2.52E-01,2.28E+02,1.55E+01,2.44E+02,0.000249358,0.000260757
3.31E+04,1.45E+05,1.98E+02,2.60E+00,1.24E-02,8.71E+01,3.41E-05,3.34E-01,1.78E-01,2.52E-01,2.28E+02,1.55E+01,2.44E+02,0.000249357,0.000260756
3.31E+04,145499,4.98E+01,7.52E-01,1.23E-02,8.71E+01,3.41E-05,3.37E-01,1.80E-01,2.49E-01,2.30E+02,1.53E+01,2.45E+02,0.000249163,0.000260554
3.31E+04,145500,2.00E+02,2.60E+00,1.23E-02,8.71E+01,3.41E-05,3.37E-01,1.80E-01,2.49E-01,2.30E+02,1.53E+01,2.45E+02,0.000249161,0.000260552
3.31E+04,1.46E+05,4.87E+01,7.52E-01,1.23E-02,8.71E+01,3.41E-05,3.35E-01,1.80E-01,2.45E-01,2.28E+02,1.46E+01,2.42E+02,0.000248967,0.00026035
3.31E+04,1.46E+05,1.98E+02,2.60E+00,1.23E-02,8.71E+01,3.41E-05,3.35E-01,1.80E-01,2.45E-01,2.28E+02,1.46E+01,2.42E+02,0.000248967,0.00026035
3.32E+04,1.46E+05,4.81E+01,7.52E-01,1.23E-02,8.71E+01,3.40E-05,3.35E-01,1.81E-01,2.42E-01,2.27E+02,1.42E+01,2.41E+02,0.000248773,0.000260148
3.32E+04,1.46E+05,1.99E+02,2.60E+00,1.23E-02,8.71E+01,3.40E-05,3.35E-01,1.81E-01,2.42E-01,2.27E+02,1.42E+01,2.41E+02,0.000248773,0.000260148
3.32E+04,1.46E+05,4.87E+01,7.53E-01,1.23E-02,8.71E+01,3.40E-05,3.35E-01,1.80E-01,2.45E-01,2.28E+02,1.46E+01,2.42E+02,0.000248579,0.000259946
3.32E+04,1.46E+05,1.98E+02,2.59E+00,1.23E-02,8.71E+01,3.40E-05,3.35E-01,1.80E-01,2.45E-01,2.28E+02,1.46E+01,2.42E+02,0.000248579,0.000259946
3.32E+04,1.46E+05,4.86E+01,7.53E-01,1.23E-02,8.71E+01,3.40E-05,3.35E-01,1.80E-01,2.45E-01,2.28E+02,1.45E+01,2.42E+02,0.000248385,0.000259745
3.32E+04,1.46E+05,1.99E+02,2.60E+00,1.23E-02,8.71E+01,3.40E-05,3.35E-01,1.80E-01,2.45E-01,2.28E+02,1.45E+01,2.42E+02,0.000248385,0.000259745
3.32E+04,145999,4.91E+01,7.53E-01,1.23E-02,8.71E+01,3.40E-05,3.35E-01,1.79E-01,2.48E-01,2.28E+02,1.49E+01,2.43E+02,0.000248192,0.000259544
3.32E+04,1.46E+05,1.98E+02,2.60E+00,1.23E-02,8.71E+01,3.40E-05,3.35E-01,1.79E-01,2.48E-01,2.28E+02,1.49E+01,2.43E+02,0.000248191,0.000259543
3.32E+04,1.46E+05,4.86E+01,7.52E-01,1.23E-02,8.71E+01,3.39E-05,3.35E-01,1.80E-01,2.45E-01,2.28E+02,1.46E+01,2.43E+02,0.000247998,0.000259342
3.32E+04,1.46E+05,1.98E+02,2.60E+00,1.23E-02,8.71E+01,3.39E-05,3.35E-01,1.80E-01,2.45E-01,2.28E+02,1.46E+01,2.43E+02,0.000247998,0.000259342
3.33E+04,146199,4.92E+01,7.53E-01,1.24E-02,8.71E+01,3.39E-05,3.35E-01,1.79E-01,2.48E-01,2.28E+02,1.50E+01,2.43E+02,0.000247806,0.000259143
3.33E+04,1.46E+05,1.98E+02,2.60E+00,1.24E-02,8.71E+01,3.39E-05,3.35E-01,1.79E-01,2.48E-01,2.28E+02,1.50E+01,2.43E+02,0.000247805,0.000259142
3.33E+04,146299,1.99E+02,2.60E+00,1.24E-02,8.71E+01,3.39E-05,3.36E-01,1.80E-01,2.49E-01,2.30E+02,1.52E+01,2.45E+02,0.000247613,0.000258942
3.33E+04,1.46E+05,4.96E+01,7.51E-01,1.24E-02,8.71E+01,3.39E-05,3.36E-01,1.80E-01,2.49E-01,2.30E+02,1.52E+01,2.45E+02,0.000247612,0.000258941
3.33E+04,1.46E+05,4.87E+01,7.52E-01,1.23E-02,8.71E+01,3.39E-05,3.36E-01,1.81E-01,2.45E-01,2.28E+02,1.46E+01,2.43E+02,0.00024742,0.000258741
3.33E+04,1.46E+05,1.99E+02,2.60E+00,1.23E-02,8.71E+01,3.39E-05,3.36E-01,1.81E-01,2.45E-01,2.28E+02,1.46E+01,2.43E+02,0.00024742,0.000258741
3.33E+04,146499,4.92E+01,7.51E-01,1.23E-02,8.71E+01,3.39E-05,3.36E-01,1.80E-01,2.47E-01,2.29E+02,1.49E+01,2.44E+02,0.000247229,0.000258542
3.33E+04,146500,1.99E+02,2.60E+00,1.23E-02,8.71E+01,3.39E-05,3.36E-01,1.80E-01,2.47E-01,2.29E+02,1.49E+01,2.44E+02,0.000247227,0.00025854
3.34E+04,146599,4.93E+01,7.53E-01,1.23E-02,8.71E+01,3.38E-05,3.35E-01,1.79E-01,2.48E-01,2.28E+02,1.50E+01,2.43E+02,0.000247037,0.000258343
3.34E+04,1.47E+05,1.99E+02,2.60E+00,1.23E-02,8.71E+01,3.38E-05,3.35E-01,1.79E-01,2.48E-01,2.28E+02,1.50E+01,2.43E+02,0.000247036,0.000258342
3.34E+04,1.47E+05,4.87E+01,7.51E-01,1.22E-02,8.71E+01,3.38E-05,3.37E-01,1.82E-01,2.44E-01,2.29E+02,1.45E+01,2.44E+02,0.000246844,0.000258142
3.34E+04,146700,2.00E+02,2.60E+00,1.22E-02,8.71E+01,3.38E-05,3.37E-01,1.82E-01,2.44E-01,2.29E+02,1.45E+01,2.44E+02,0.000246843,0.000258141
3.34E+04,1.47E+05,4.87E+01,7.50E-01,1.23E-02,8.71E+01,3.38E-05,3.36E-01,1.81E-01,2.44E-01,2.29E+02,1.45E+01,2.43E+02,0.000246653,0.000257943
3.34E+04,146800,1.99E+02,2.60E+00,1.23E-02,8.71E+01,3.38E-05,3.36E-01,1.81E-01,2.44E-01,2.29E+02,1.45E+01,2.43E+02,0.000246652,0.000257942
3.34E+04,146899,4.99E+01,7.52E-01,1.24E-02,8.71E+01,3.38E-05,3.36E-01,1.79E-01,2.51E-01,2.30E+02,1.54E+01,2.45E+02,0.000246463,0.000257746
3.34E+04,146900,1.99E+02,2.60E+00,1.24E-02,8.71E+01,3.38E-05,3.36E-01,1.79E-01,2.51E-01,2.30E+02,1.54E+01,2.45E+02,0.000246461,0.000257744
3.34E+04,146999,4.93E+01,7.51E-01,1.23E-02,8.71E+01,3.37E-05,3.35E-01,1.80E-01,2.48E-01,2.29E+02,1.50E+01,2.44E+02,0.000246272,0.000257547
3.34E+04,1.47E+05,1.99E+02,2.60E+00,1.23E-02,8.71E+01,3.37E-05,3.35E-01,1.80E-01,2.48E-01,2.29E+02,1.50E+01,2.44E+02,0.000246271,0.000257546
3.35E+04,1.47E+05,4.86E+01,7.52E-01,1.23E-02,8.71E+01,3.37E-05,3.35E-01,1.81E-01,2.45E-01,2.28E+02,1.45E+01,2.43E+02,0.00024608,0.000257348
3.35E+04,1.47E+05,1.99E+02,2.60E+00,1.23E-02,8.71E+01,3.37E-05,3.35E-01,1.81E-01,2.45E-01,2.28E+02,1.45E+01,2.43E+02,0.00024608,0.000257348
3.35E+04,147199,4.92E+01,7.50E-01,1.24E-02,8.72E+01,3.37E-05,3.35E-01,1.80E-01,2.48E-01,2.29E+02,1.50E+01,2.44E+02,0.000245891,0.000257151
3.35E+04,1.47E+05,1.99E+02,2.60E+00,1.24E-02,8.72E+01,3.37E-05,3.35E-01,1.80E-01,2.48E-01,2.29E+02,1.50E+01,2.44E+02,0.00024589,0.00025715
3.35E+04,147299,1.99E+02,2.60E+00,1.23E-02,8.72E+01,3.37E-05,3.37E-01,1.79E-01,2.49E-01,2.29E+02,1.51E+01,2.44E+02,0.000245701,0.000256954
3.35E+04,1.47E+05,4.96E+01,7.64E-01,1.23E-02,8.72E+01,3.37E-05,3.37E-01,1.79E-01,2.49E-01,2.29E+02,1.51E+01,2.44E+02,0.0002457,0.000256953
3.35E+04,1.47E+05,4.88E+01,7.54E-01,1.24E-02,8.72E+01,3.37E-05,3.34E-01,1.79E-01,2.46E-01,2.27E+02,1.47E+01,2.42E+02,0.00024551,0.000256755
3.35E+04,1.47E+05,1.98E+02,2.60E+00,1.24E-02,8.72E+01,3.37E-05,3.34E-01,1.79E-01,2.46E-01,2.27E+02,1.47E+01,2.42E+02,0.00024551,0.000256755
3.36E+04,147499,4.92E+01,7.54E-01,1.23E-02,8.72E+01,3.36E-05,3.36E-01,1.80E-01,2.47E-01,2.29E+02,1.48E+01,2.43E+02,0.000245322,0.00025656
3.36E+04,147500,1.99E+02,2.60E+00,1.23E-02,8.72E+01,3.36E-05,3.36E-01,1.80E-01,2.47E-01,2.29E+02,1.48E+01,2.43E+02,0.00024532,0.000256558
3.36E+04,147599,4.92E+01,7.53E-01,1.24E-02,8.72E+01,3.36E-05,3.34E-01,1.79E-01,2.49E-01,2.28E+02,1.50E+01,2.43E+02,0.000245133,0.000256363
3.36E+04,1.48E+05,1.98E+02,2.60E+00,1.24E-02,8.72E+01,3.36E-05,3.34E-01,1.79E-01,2.49E-01,2.28E+02,1.50E+01,2.43E+02,0.000245132,0.000256362
3.36E+04,1.48E+05,4.88E+01,7.54E-01,1.23E-02,8.72E+01,3.36E-05,3.36E-01,1.81E-01,2.45E-01,2.28E+02,1.46E+01,2.43E+02,0.000244943,0.000256165
3.36E+04,147700,1.99E+02,2.60E+00,1.23E-02,8.72E+01,3.36E-05,3.36E-01,1.81E-01,2.45E-01,2.28E+02,1.46E+01,2.43E+02,0.000244942,0.000256164
3.36E+04,147799,4.92E+01,7.54E-01,1.24E-02,8.72E+01,3.36E-05,3.35E-01,1.79E-01,2.48E-01,2.28E+02,1.50E+01,2.43E+02,0.000244755,0.00025597
3.36E+04,1.48E+05,1.98E+02,2.60E+00,1.24E-02,8.72E+01,3.36E-05,3.35E-01,1.79E-01,2.48E-01,2.28E+02,1.50E+01,2.43E+02,0.000244754,0.000255969
3.36E+04,147899,4.92E+01,7.53E-01,1.23E-02,8.72E+01,3.36E-05,3.36E-01,1.80E-01,2.47E-01,2.29E+02,1.49E+01,2.44E+02,0.000244567,0.000255774
3.36E+04,147900,1.99E+02,2.60E+00,1.23E-02,8.72E+01,3.36E-05,3.36E-01,1.80E-01,2.47E-01,2.29E+02,1.49E+01,2.44E+02,0.000244565,0.000255772
3.37E+04,147999,4.92E+01,7.52E-01,1.23E-02,8.72E+01,3.35E-05,3.36E-01,1.80E-01,2.47E-01,2.29E+02,1.49E+01,2.44E+02,0.000244379,0.000255579
3.37E+04,148000,1.99E+02,2.60E+00,1.23E-02,8.72E+01,3.35E-05,3.36E-01,1.80E-01,2.47E-01,2.29E+02,1.49E+01,2.44E+02,0.000244377,0.000255577
3.37E+04,1.48E+05,4.88E+01,7.54E-01,1.23E-02,8.72E+01,3.35E-05,3.35E-01,1.80E-01,2.46E-01,2.28E+02,1.47E+01,2.43E+02,0.00024419,0.000255383
3.37E+04,1.48E+05,1.99E+02,2.60E+00,1.23E-02,8.72E+01,3.35E-05,3.35E-01,1.80E-01,2.46E-01,2.28E+02,1.47E+01,2.43E+02,0.00024419,0.000255383
3.37E+04,148199,4.92E+01,7.54E-01,1.23E-02,8.72E+01,3.35E-05,3.35E-01,1.79E-01,2.48E-01,2.28E+02,1.50E+01,2.43E+02,0.000244004,0.000255189
3.37E+04,1.48E+05,1.99E+02,2.60E+00,1.23E-02,8.72E+01,3.35E-05,3.35E-01,1.79E-01,2.48E-01,2.28E+02,1.50E+01,2.43E+02,0.000244003,0.000255188
3.38E+04,148299,1.99E+02,2.60E+00,1.23E-02,8.72E+01,3.35E-05,3.37E-01,1.79E-01,2.48E-01,2.28E+02,1.50E+01,2.43E+02,0.000243816,0.000254994
3.38E+04,1.48E+05,4.94E+01,7.66E-01,1.23E-02,8.72E+01,3.35E-05,3.37E-01,1.79E-01,2.48E-01,2.28E+02,1.50E+01,2.43E+02,0.000243816,0.000254993
3.38E+04,148399,4.92E+01,7.51E-01,1.23E-02,8.72E+01,3.34E-05,3.35E-01,1.80E-01,2.48E-01,2.29E+02,1.50E+01,2.44E+02,0.00024363,0.000254799
3.38E+04,148400,1.99E+02,2.60E+00,1.23E-02,8.72E+01,3.34E-05,3.35E-01,1.80E-01,2.48E-01,2.29E+02,1.50E+01,2.44E+02,0.000243628,0.000254798
3.38E+04,1.48E+05,4.86E+01,7.52E-01,1.23E-02,8.72E+01,3.34E-05,3.34E-01,1.80E-01,2.45E-01,2.28E+02,1.46E+01,2.42E+02,0.000243442,0.000254604
3.38E+04,1.48E+05,1.98E+02,2.60E+00,1.23E-02,8.72E+01,3.34E-05,3.34E-01,1.80E-01,2.45E-01,2.28E+02,1.46E+01,2.42E+02,0.000243442,0.000254604
3.38E+04,148599,4.91E+01,7.50E-01,1.24E-02,8.72E+01,3.34E-05,3.34E-01,1.79E-01,2.48E-01,2.28E+02,1.49E+01,2.43E+02,0.000243256,0.000254411
3.38E+04,1.49E+05,1.98E+02,2.60E+00,1.24E-02,8.72E+01,3.34E-05,3.34E-01,1.79E-01,2.48E-01,2.28E+02,1.49E+01,2.43E+02,0.000243255,0.00025441
3.38E+04,148699,4.91E+01,7.51E-01,1.23E-02,8.72E+01,3.34E-05,3.35E-01,1.80E-01,2.47E-01,2.29E+02,1.49E+01,2.44E+02,0.00024307,0.000254218
3.38E+04,148700,1.99E+02,2.60E+00,1.23E-02,8.72E+01,3.34E-05,3.35E-01,1.80E-01,2.47E-01,2.29E+02,1.49E+01,2.44E+02,0.000243068,0.000254216
3.39E+04,148799,4.97E+01,7.51E-01,1.24E-02,8.72E+01,3.34E-05,3.34E-01,1.78E-01,2.51E-01,2.29E+02,1.54E+01,2.44E+02,0.000242884,0.000254025
3.39E+04,1.49E+05,1.98E+02,2.60E+00,1.24E-02,8.72E+01,3.34E-05,3.34E-01,1.78E-01,2.51E-01,2.29E+02,1.54E+01,2.44E+02,0.000242883,0.000254024
3.39E+04,1.49E+05,4.87E+01,7.53E-01,1.23E-02,8.72E+01,3.33E-05,3.35E-01,1.80E-01,2.45E-01,2.28E+02,1.45E+01,2.43E+02,0.000242698,0.000253831
3.39E+04,148900,1.99E+02,2.60E+00,1.23E-02,8.72E+01,3.33E-05,3.35E-01,1.80E-01,2.45E-01,2.28E+02,1.45E+01,2.43E+02,0.000242697,0.00025383
3.39E+04,1.49E+05,4.86E+01,7.51E-01,1.23E-02,8.72E+01,3.33E-05,3.35E-01,1.80E-01,2.45E-01,2.28E+02,1.45E+01,2.43E+02,0.000242512,0.000253638
3.39E+04,149000,1.99E+02,2.60E+00,1.23E-02,8.72E+01,3.33E-05,3.35E-01,1.80E-01,2.45E-01,2.28E+02,1.45E+01,2.43E+02,0.000242512,0.000253637
3.39E+04,149099,4.91E+01,7.51E-01,1.23E-02,8.72E+01,3.33E-05,3.35E-01,1.80E-01,2.47E-01,2.29E+02,1.49E+01,2.44E+02,0.000242328,0.000253446
3.39E+04,149100,1.99E+02,2.60E+00,1.23E-02,8.72E+01,3.33E-05,3.35E-01,1.80E-01,2.47E-01,2.29E+02,1.49E+01,2.44E+02,0.000242326,0.000253444
3.39E+04,1.49E+05,4.86E+01,7.51E-01,1.23E-02,8.72E+01,3.33E-05,3.35E-01,1.81E-01,2.45E-01,2.28E+02,1.45E+01,2.43E+02,0.000242143,0.000253253
3.39E+04,149200,1.99E+02,2.60E+00,1.23E-02,8.72E+01,3.33E-05,3.35E-01,1.81E-01,2.45E-01,2.28E+02,1.45E+01,2.43E+02,0.000242142,0.000253252
3.40E+04,149299,2.01E+02,2.61E+00,1.30E-02,8.72E+01,3.33E-05,3.40E-01,3.40E-01,0,2.62E+02,1.55E+01,2.77E+02,0.000241959,0.000253062
3.40E+04,1.49E+05,4.89E+01,7.51E-01,1.23E-02,8.72E+01,3.32E-05,3.35E-01,1.80E-01,2.46E-01,2.28E+02,1.55E+01,2.44E+02,0.000241774,0.000252869
3.40E+04,1.49E+05,1.98E+02,2.60E+00,1.23E-02,8.72E+01,3.32E-05,3.35E-01,1.80E-01,2.46E-01,2.28E+02,1.47E+01,2.43E+02,0.000241774,0.000252869
3.40E+04,1.49E+05,4.88E+01,7.53E-01,1.23E-02,8.72E+01,3.32E-05,3.34E-01,1.80E-01,2.46E-01,2.28E+02,1.47E+01,2.43E+02,0.00024159,0.000252678
3.40E+04,1.49E+05,1.98E+02,2.60E+00,1.23E-02,8.72E+01,3.32E-05,3.34E-01,1.80E-01,2.46E-01,2.28E+02,1.54E+01,2.43E+02,0.00024159,0.000252678
3.40E+04,149599,5.00E+01,7.53E-01,1.24E-02,8.72E+01,3.32E-05,3.34E-01,1.78E-01,2.52E-01,2.29E+02,1.54E+01,2.44E+02,0.000241407,0.000252488
3.40E+04,1.50E+05,1.98E+02,2.60E+00,1.24E-02,8.72E+01,3.32E-05,3.34E-01,1.78E-01,2.52E-01,2.29E+02,1.48E+01,2.44E+02,0.000241406,0.000252487
3.41E+04,1.50E+05,4.89E+01,7.52E-01,1.23E-02,8.72E+01,3.32E-05,3.35E-01,1.80E-01,2.46E-01,2.29E+02,1.48E+01,2.44E+02,0.000241222,0.000252296
3.41E+04,149700,1.99E+02,2.60E+00,1.23E-02,8.72E+01,3.32E-05,3.35E-01,1.80E-01,2.46E-01,2.29E+02,1.47E+01,2.43E+02,0.000241221,0.000252295
3.41E+04,1.50E+05,4.88E+01,7.52E-01,1.23E-02,8.72E+01,3.31E-05,3.34E-01,1.79E-01,2.46E-01,2.28E+02,1.47E+01,2.42E+02,0.000241039,0.000252105
3.41E+04,1.50E+05,1.98E+02,2.60E+00,1.23E-02,8.72E+01,3.31E-05,3.34E-01,1.79E-01,2.46E-01,2.28E+02,1.47E+01,2.42E+02,0.000241039,0.000252105
3.41E+04,1.50E+05,4.87E+01,7.51E-01,1.24E-02,8.72E+01,3.31E-05,3.34E-01,1.80E-01,2.46E-01,2.28E+02,1.47E+01,2.43E+02,0.000240856,0.000251915
3.41E+04,1.50E+05,1.98E+02,2.60E+00,1.24E-02,8.72E+01,3.31E-05,3.34E-01,1.80E-01,2.46E-01,2.28E+02,1.44E+01,2.42E+02,0.000240856,0.000251915
3.41E+04,1.50E+05,4.83E+01,7.51E-01,1.24E-02,8.72E+01,3.31E-05,3.33E-01,1.80E-01,2.44E-01,2.27E+02,1.44E+01,2.41E+02,0.000240673,0.000251725
3.41E+04,1.50E+05,1.98E+02,2.60E+00,1.24E-02,8.72E+01,3.31E-05,3.33E-01,1.80E-01,2.44E-01,2.27E+02,1.44E+01,2.41E+02,0.000240673,0.000251725
3.41E+04,1.50E+05,4.82E+01,7.52E-01,1.23E-02,8.72E+01,3.31E-05,3.34E-01,1.81E-01,2.43E-01,2.27E+02,1.44E+01,2.42E+02,0.000240491,0.000251535
3.41E+04,150100,1.99E+02,2.60E+00,1.23E-02,8.72E+01,3.31E-05,3.34E-01,1.81E-01,2.43E-01,2.27E+02,1.48E+01,2.42E+02,0.00024049,0.000251534
3.42E+04,150199,4.91E+01,7.51E-01,1.24E-02,8.73E+01,3.31E-05,3.34E-01,1.79E-01,2.48E-01,2.28E+02,1.48E+01,2.43E+02,0.00024031,0.000251347
3.42E+04,1.50E+05,1.98E+02,2.60E+00,1.24E-02,8.73E+01,3.31E-05,3.34E-01,1.79E-01,2.48E-01,2.28E+02,1.34E+01,2.41E+02,0.000240309,0.000251346
3.42E+04,1.50E+05,4.64E+01,7.41E-01,1.60E-02,8.73E+01,3.30E-05,2.23E-02,2.23E-02,0,1.72E+01,1.34E+01,3.06E+01,0.000240127,0.000251157
3.42E+04,150399,4.89E+01,7.53E-01,1.24E-02,8.73E+01,3.30E-05,3.32E-01,1.78E-01,2.48E-01,2.27E+02,1.49E+01,2.42E+02,0.000239946,0.000250969
3.42E+04,1.50E+05,1.97E+02,2.60E+00,1.24E-02,8.73E+01,3.30E-05,3.32E-01,1.78E-01,2.48E-01,2.27E+02,1.49E+01,2.42E+02,0.000239945,0.000250968
3.42E+04,1.50E+05,4.84E+01,7.53E-01,1.23E-02,8.73E+01,3.30E-05,3.34E-01,1.80E-01,2.44E-01,2.27E+02,1.44E+01,2.42E+02,0.000239764,0.000250779
3.42E+04,150500,1.98E+02,2.60E+00,1.23E-02,8.73E+01,3.30E-05,3.34E-01,1.80E-01,2.44E-01,2.27E+02,1.44E+01,2.42E+02,0.000239763,0.000250778
3.43E+04,1.51E+05,4.84E+01,7.53E-01,1.24E-02,8.73E+01,3.30E-05,3.33E-01,1.79E-01,2.45E-01,2.27E+02,1.45E+01,2.41E+02,0.000239583,0.000250591
3.43E+04,1.51E+05,1.98E+02,2.60E+00,1.24E-02,8.73E+01,3.30E-05,3.33E-01,1.79E-01,2.45E-01,2.27E+02,1.45E+01,2.41E+02,0.000239583,0.000250591
3.43E+04,150699,4.88E+01,7.52E-01,1.25E-02,8.73E+01,3.30E-05,3.32E-01,1.78E-01,2.48E-01,2.27E+02,1.49E+01,2.41E+02,0.000239403,0.000250403
3.43E+04,1.51E+05,1.97E+02,2.60E+00,1.25E-02,8.73E+01,3.30E-05,3.32E-01,1.78E-01,2.48E-01,2.27E+02,1.49E+01,2.41E+02,0.000239402,0.000250402
3.43E+04,1.51E+05,4.83E+01,7.51E-01,1.24E-02,8.73E+01,3.29E-05,3.33E-01,1.80E-01,2.44E-01,2.27E+02,1.44E+01,2.42E+02,0.000239221,0.000250215
3.43E+04,1.51E+05,1.98E+02,2.60E+00,1.24E-02,8.73E+01,3.29E-05,3.33E-01,1.80E-01,2.44E-01,2.27E+02,1.44E+01,2.42E+02,0.000239221,0.000250215
3.43E+04,1.51E+05,4.84E+01,7.52E-01,1.24E-02,8.73E+01,3.29E-05,3.33E-01,1.79E-01,2.45E-01,2.27E+02,1.45E+01,2.41E+02,0.000239041,0.000250027
3.43E+04,1.51E+05,1.98E+02,2.60E+00,1.24E-02,8.73E+01,3.29E-05,3.33E-01,1.79E-01,2.45E-01,2.27E+02,1.45E+01,2.41E+02,0.000239041,0.000250027
3.43E+04,150999,4.95E+01,7.53E-01,1.25E-02,8.73E+01,3.29E-05,3.33E-01,1.78E-01,2.50E-01,2.28E+02,1.52E+01,2.43E+02,0.000238861,0.00024984
3.43E+04,1.51E+05,1.98E+02,2.60E+00,1.25E-02,8.73E+01,3.29E-05,3.33E-01,1.78E-01,2.50E-01,2.28E+02,1.52E+01,2.43E+02,0.00023886,0.00024984
3.44E+04,151099,4.88E+01,7.51E-01,1.24E-02,8.73E+01,3.29E-05,3.33E-01,1.79E-01,2.47E-01,2.27E+02,1.48E+01,2.42E+02,0.000238681,0.000249653
3.44E+04,1.51E+05,1.98E+02,2.60E+00,1.24E-02,8.73E+01,3.29E-05,3.33E-01,1.79E-01,2.47E-01,2.27E+02,1.48E+01,2.42E+02,0.000238681,0.000249652
3.44E+04,1.51E+05,4.83E+01,7.51E-01,1.24E-02,8.73E+01,3.29E-05,3.33E-01,1.79E-01,2.45E-01,2.27E+02,1.44E+01,2.41E+02,0.000238501,0.000249466
3.44E+04,1.51E+05,1.98E+02,2.60E+00,1.24E-02,8.73E+01,3.29E-05,3.33E-01,1.79E-01,2.45E-01,2.27E+02,1.44E+01,2.41E+02,0.000238501,0.000249466
3.44E+04,151299,4.88E+01,7.52E-01,1.24E-02,8.73E+01,3.28E-05,3.33E-01,1.79E-01,2.47E-01,2.27E+02,1.48E+01,2.42E+02,0.000238322,0.00024928
3.44E+04,1.51E+05,1.98E+02,2.60E+00,1.24E-02,8.73E+01,3.28E-05,3.33E-01,1.79E-01,2.47E-01,2.27E+02,1.48E+01,2.42E+02,0.000238322,0.000249279
3.45E+04,1.51E+05,4.88E+01,7.53E-01,1.25E-02,8.73E+01,3.28E-05,3.31E-01,1.77E-01,2.48E-01,2.26E+02,1.49E+01,2.41E+02,0.000238142,0.000249093
3.45E+04,1.51E+05,1.97E+02,2.60E+00,1.25E-02,8.73E+01,3.28E-05,3.31E-01,1.77E-01,2.48E-01,2.26E+02,1.49E+01,2.41E+02,0.000238142,0.000249093
3.45E+04,1.51E+05,4.88E+01,7.53E-01,1.24E-02,8.73E+01,3.28E-05,3.33E-01,1.79E-01,2.47E-01,2.27E+02,1.47E+01,2.42E+02,0.000237964,0.000248907
3.45E+04,1.51E+05,1.98E+02,2.60E+00,1.24E-02,8.73E+01,3.28E-05,3.33E-01,1.79E-01,2.47E-01,2.27E+02,1.47E+01,2.42E+02,0.000237964,0.000248907
3.45E+04,1.52E+05,4.88E+01,7.53E-01,1.24E-02,8.73E+01,3.28E-05,3.33E-01,1.78E-01,2.47E-01,2.27E+02,1.48E+01,2.42E+02,0.000237785,0.000248721
3.45E+04,1.52E+05,1.97E+02,2.60E+00,1.24E-02,8.73E+01,3.28E-05,3.33E-01,1.78E-01,2.47E-01,2.27E+02,1.48E+01,2.42E+02,0.000237785,0.000248721
3.45E+04,151699,4.94E+01,7.55E-01,1.25E-02,8.73E+01,3.27E-05,3.33E-01,1.77E-01,2.50E-01,2.27E+02,1.52E+01,2.43E+02,0.000237607,0.000248536
3.45E+04,1.52E+05,1.97E+02,2.60E+00,1.25E-02,8.73E+01,3.27E-05,3.33E-01,1.77E-01,2.50E-01,2.27E+02,1.52E+01,2.43E+02,0.000237607,0.000248535
3.45E+04,1.52E+05,4.88E+01,7.52E-01,1.24E-02,8.73E+01,3.27E-05,3.32E-01,1.78E-01,2.47E-01,2.27E+02,1.48E+01,2.42E+02,0.000237428,0.00024835
3.45E+04,1.52E+05,1.97E+02,2.60E+00,1.24E-02,8.73E+01,3.27E-05,3.32E-01,1.78E-01,2.47E-01,2.27E+02,1.48E+01,2.42E+02,0.000237428,0.00024835
3.46E+04,151899,4.94E+01,7.55E-01,1.25E-02,8.73E+01,3.27E-05,3.32E-01,1.77E-01,2.51E-01,2.27E+02,1.52E+01,2.42E+02,0.000237251,0.000248166
3.46E+04,1.52E+05,1.97E+02,2.60E+00,1.25E-02,8.73E+01,3.27E-05,3.32E-01,1.77E-01,2.51E-01,2.27E+02,1.52E+01,2.42E+02,0.000237251,0.000248165
3.46E+04,151999,4.94E+01,7.53E-01,1.24E-02,8.73E+01,3.27E-05,3.34E-01,1.79E-01,2.49E-01,2.28E+02,1.51E+01,2.44E+02,0.000237074,0.000247981
3.46E+04,152000,1.98E+02,2.60E+00,1.24E-02,8.73E+01,3.27E-05,3.34E-01,1.79E-01,2.49E-01,2.28E+02,1.51E+01,2.44E+02,0.000237072,0.000247979
3.46E+04,1.52E+05,4.83E+01,7.53E-01,1.23E-02,8.73E+01,3.27E-05,3.33E-01,1.80E-01,2.44E-01,2.27E+02,1.44E+01,2.41E+02,0.000236896,0.000247796
3.46E+04,1.52E+05,1.98E+02,2.60E+00,1.23E-02,8.73E+01,3.27E-05,3.33E-01,1.80E-01,2.44E-01,2.27E+02,1.44E+01,2.41E+02,0.000236896,0.000247796
3.46E+04,152199,4.93E+01,7.53E-01,1.25E-02,8.73E+01,3.26E-05,3.32E-01,1.77E-01,2.50E-01,2.27E+02,1.52E+01,2.42E+02,0.000236719,0.000247613
3.46E+04,1.52E+05,1.97E+02,2.60E+00,1.25E-02,8.73E+01,3.26E-05,3.32E-01,1.77E-01,2.50E-01,2.27E+02,1.52E+01,2.42E+02,0.000236718,0.000247612
3.46E+04,1.52E+05,4.84E+01,7.54E-01,1.23E-02,8.73E+01,3.26E-05,3.33E-01,1.79E-01,2.45E-01,2.27E+02,1.44E+01,2.41E+02,0.000236542,0.000247428
3.46E+04,1.52E+05,1.98E+02,2.60E+00,1.23E-02,8.73E+01,3.26E-05,3.33E-01,1.79E-01,2.45E-01,2.27E+02,1.44E+01,2.41E+02,0.000236542,0.000247428
3.47E+04,152399,4.88E+01,7.52E-01,1.24E-02,8.73E+01,3.26E-05,3.34E-01,1.79E-01,2.47E-01,2.28E+02,1.47E+01,2.42E+02,0.000236366,0.000247245
3.47E+04,152400,1.98E+02,2.60E+00,1.24E-02,8.73E+01,3.26E-05,3.34E-01,1.79E-01,2.47E-01,2.28E+02,1.47E+01,2.42E+02,0.000236364,0.000247243
3.47E+04,1.52E+05,4.83E+01,7.52E-01,1.24E-02,8.73E+01,3.26E-05,3.33E-01,1.79E-01,2.44E-01,2.27E+02,1.44E+01,2.41E+02,0.000236189,0.00024706
3.47E+04,1.52E+05,1.98E+02,2.60E+00,1.24E-02,8.73E+01,3.26E-05,3.33E-01,1.79E-01,2.44E-01,2.27E+02,1.44E+01,2.41E+02,0.000236189,0.00024706
3.47E+04,152599,4.88E+01,7.53E-01,1.24E-02,8.73E+01,3.26E-05,3.34E-01,1.79E-01,2.47E-01,2.28E+02,1.47E+01,2.42E+02,0.000236013,0.000246878
3.47E+04,152600,1.98E+02,2.60E+00,1.24E-02,8.73E+01,3.26E-05,3.34E-01,1.79E-01,2.47E-01,2.28E+02,1.47E+01,2.42E+02,0.000236012,0.000246876
3.47E+04,152699,4.94E+01,7.53E-01,1.25E-02,8.73E+01,3.25E-05,3.32E-01,1.77E-01,2.50E-01,2.28E+02,1.52E+01,2.43E+02,0.000235837,0.000246695
3.47E+04,1.53E+05,1.97E+02,2.60E+00,1.25E-02,8.73E+01,3.25E-05,3.32E-01,1.77E-01,2.50E-01,2.28E+02,1.52E+01,2.43E+02,0.000235837,0.000246694
3.48E+04,152799,4.88E+01,7.52E-01,1.24E-02,8.73E+01,3.25E-05,3.33E-01,1.79E-01,2.46E-01,2.27E+02,1.47E+01,2.42E+02,0.000235662,0.000246513
3.48E+04,152800,1.98E+02,2.60E+00,1.24E-02,8.73E+01,3.25E-05,3.33E-01,1.79E-01,2.46E-01,2.27E+02,1.47E+01,2.42E+02,0.00023566,0.000246511
3.48E+04,152899,4.88E+01,7.52E-01,1.24E-02,8.73E+01,3.25E-05,3.32E-01,1.78E-01,2.47E-01,2.27E+02,1.48E+01,2.42E+02,0.000235486,0.00024633
3.48E+04,1.53E+05,1.97E+02,2.60E+00,1.24E-02,8.73E+01,3.25E-05,3.32E-01,1.78E-01,2.47E-01,2.27E+02,1.48E+01,2.42E+02,0.000235486,0.000246329
3.48E+04,152999,4.94E+01,7.53E-01,1.25E-02,8.73E+01,3.25E-05,3.32E-01,1.77E-01,2.50E-01,2.28E+02,1.52E+01,2.43E+02,0.000235311,0.000246148
3.48E+04,1.53E+05,1.97E+02,2.60E+00,1.25E-02,8.73E+01,3.25E-05,3.32E-01,1.77E-01,2.50E-01,2.28E+02,1.52E+01,2.43E+02,0.00023531,0.000246147
3.48E+04,153099,4.89E+01,7.52E-01,1.24E-02,8.73E+01,3.25E-05,3.34E-01,1.79E-01,2.47E-01,2.28E+02,1.48E+01,2.43E+02,0.000235136,0.000245966
3.48E+04,153100,1.98E+02,2.60E+00,1.24E-02,8.73E+01,3.25E-05,3.34E-01,1.79E-01,2.47E-01,2.28E+02,1.48E+01,2.43E+02,0.000235135,0.000245964
3.48E+04,1.53E+05,4.83E+01,7.52E-01,1.24E-02,8.74E+01,3.24E-05,3.31E-01,1.78E-01,2.46E-01,2.26E+02,1.45E+01,2.41E+02,0.000234961,0.000245783
3.48E+04,1.53E+05,1.97E+02,2.60E+00,1.24E-02,8.74E+01,3.24E-05,3.31E-01,1.78E-01,2.46E-01,2.26E+02,1.45E+01,2.41E+02,0.000234961,0.000245783
3.49E+04,153299,4.88E+01,7.52E-01,1.24E-02,8.74E+01,3.24E-05,3.33E-01,1.78E-01,2.47E-01,2.27E+02,1.48E+01,2.42E+02,0.000234787,0.000245603
3.49E+04,1.53E+05,1.97E+02,2.60E+00,1.24E-02,8.74E+01,3.24E-05,3.33E-01,1.78E-01,2.47E-01,2.27E+02,1.48E+01,2.42E+02,0.000234786,0.000245602
3.49E+04,1.53E+05,4.79E+01,7.53E-01,1.23E-02,8.74E+01,3.24E-05,3.34E-01,1.81E-01,2.42E-01,2.27E+02,1.41E+01,2.41E+02,0.000234612,0.000245421
3.49E+04,153400,1.98E+02,2.60E+00,1.23E-02,8.74E+01,3.24E-05,3.34E-01,1.81E-01,2.42E-01,2.27E+02,1.41E+01,2.41E+02,0.000234611,0.00024542
3.49E+04,1.53E+05,4.85E+01,7.53E-01,1.24E-02,8.74E+01,3.24E-05,3.33E-01,1.79E-01,2.45E-01,2.27E+02,1.45E+01,2.42E+02,0.000234438,0.00024524
3.49E+04,153500,1.98E+02,2.60E+00,1.24E-02,8.74E+01,3.24E-05,3.33E-01,1.79E-01,2.45E-01,2.27E+02,1.45E+01,2.42E+02,0.000234437,0.000245239
3.49E+04,153599,4.89E+01,7.51E-01,1.24E-02,8.74E+01,3.24E-05,3.33E-01,1.79E-01,2.47E-01,2.28E+02,1.48E+01,2.43E+02,0.000234266,0.00024506
3.49E+04,153600,1.98E+02,2.60E+00,1.24E-02,8.74E+01,3.24E-05,3.33E-01,1.79E-01,2.47E-01,2.28E+02,1.48E+01,2.43E+02,0.000234264,0.000245058
3.50E+04,1.54E+05,4.85E+01,7.51E-01,1.24E-02,8.74E+01,3.23E-05,3.32E-01,1.78E-01,2.46E-01,2.27E+02,1.46E+01,2.41E+02,0.000234091,0.000244879
3.50E+04,1.54E+05,1.97E+02,2.60E+00,1.24E-02,8.74E+01,3.23E-05,3.32E-01,1.78E-01,2.46E-01,2.27E+02,1.46E+01,2.41E+02,0.000234091,0.000244879
3.50E+04,153799,4.89E+01,7.51E-01,1.25E-02,8.74E+01,3.23E-05,3.32E-01,1.78E-01,2.48E-01,2.27E+02,1.49E+01,2.42E+02,0.000233919,0.0002447
3.50E+04,1.54E+05,1.97E+02,2.60E+00,1.25E-02,8.74E+01,3.23E-05,3.32E-01,1.78E-01,2.48E-01,2.27E+02,1.49E+01,2.42E+02,0.000233918,0.000244699
3.50E+04,153899,4.89E+01,7.52E-01,1.24E-02,8.74E+01,3.23E-05,3.32E-01,1.78E-01,2.48E-01,2.27E+02,1.49E+01,2.42E+02,0.000233746,0.00024452
3.50E+04,1.54E+05,1.97E+02,2.60E+00,1.24E-02,8.74E+01,3.23E-05,3.32E-01,1.78E-01,2.48E-01,2.27E+02,1.49E+01,2.42E+02,0.000233745,0.000244519
3.50E+04,1.54E+05,4.85E+01,7.52E-01,1.24E-02,8.74E+01,3.23E-05,3.32E-01,1.78E-01,2.46E-01,2.26E+02,1.46E+01,2.41E+02,0.000233572,0.000244339
3.50E+04,1.54E+05,1.97E+02,2.60E+00,1.24E-02,8.74E+01,3.23E-05,3.32E-01,1.78E-01,2.46E-01,2.26E+02,1.46E+01,2.41E+02,0.000233572,0.000244339
3.50E+04,1.54E+05,4.84E+01,7.52E-01,1.24E-02,8.74E+01,3.23E-05,3.32E-01,1.78E-01,2.46E-01,2.26E+02,1.45E+01,2.41E+02,0.0002334,0.00024416
3.50E+04,1.54E+05,1.97E+02,2.60E+00,1.24E-02,8.74E+01,3.23E-05,3.32E-01,1.78E-01,2.46E-01,2.26E+02,1.45E+01,2.41E+02,0.0002334,0.00024416
3.51E+04,154199,4.90E+01,7.52E-01,1.24E-02,8.74E+01,3.22E-05,3.33E-01,1.78E-01,2.48E-01,2.28E+02,1.49E+01,2.42E+02,0.000233228,0.000243981
3.51E+04,154200,1.98E+02,2.60E+00,1.24E-02,8.74E+01,3.22E-05,3.33E-01,1.78E-01,2.48E-01,2.28E+02,1.49E+01,2.42E+02,0.000233227,0.00024398
3.51E+04,154299,4.90E+01,7.52E-01,1.25E-02,8.74E+01,3.22E-05,3.32E-01,1.78E-01,2.48E-01,2.27E+02,1.49E+01,2.42E+02,0.000233056,0.000243802
3.51E+04,1.54E+05,1.97E+02,2.60E+00,1.25E-02,8.74E+01,3.22E-05,3.32E-01,1.78E-01,2.48E-01,2.27E+02,1.49E+01,2.42E+02,0.000233056,0.000243802
3.51E+04,1.54E+05,4.83E+01,7.53E-01,1.24E-02,8.74E+01,3.22E-05,3.32E-01,1.79E-01,2.45E-01,2.26E+02,1.44E+01,2.41E+02,0.000232884,0.000243623
3.51E+04,1.54E+05,1.97E+02,2.60E+00,1.24E-02,8.74E+01,3.22E-05,3.32E-01,1.79E-01,2.45E-01,2.26E+02,1.44E+01,2.41E+02,0.000232884,0.000243623
3.52E+04,1.54E+05,4.87E+01,7.52E-01,1.25E-02,8.74E+01,3.22E-05,3.31E-01,1.77E-01,2.48E-01,2.26E+02,1.48E+01,2.41E+02,0.000232712,0.000243444
3.52E+04,1.54E+05,1.97E+02,2.60E+00,1.25E-02,8.74E+01,3.22E-05,3.31E-01,1.77E-01,2.48E-01,2.26E+02,1.48E+01,2.41E+02,0.000232712,0.000243444
3.52E+04,1.55E+05,4.87E+01,7.52E-01,1.24E-02,8.74E+01,3.22E-05,3.33E-01,1.79E-01,2.47E-01,2.27E+02,1.47E+01,2.42E+02,0.000232541,0.000243266
3.52E+04,154600,1.98E+02,2.60E+00,1.24E-02,8.74E+01,3.22E-05,3.33E-01,1.79E-01,2.47E-01,2.27E+02,1.47E+01,2.42E+02,0.00023254,0.000243265
3.52E+04,1.55E+05,4.88E+01,7.52E-01,1.24E-02,8.74E+01,3.21E-05,3.32E-01,1.78E-01,2.47E-01,2.27E+02,1.48E+01,2.42E+02,0.00023237,0.000243088
3.52E+04,1.55E+05,1.97E+02,2.60E+00,1.24E-02,8.74E+01,3.21E-05,3.32E-01,1.78E-01,2.47E-01,2.27E+02,1.48E+01,2.42E+02,0.00023237,0.000243088
3.52E+04,1.55E+05,4.84E+01,7.53E-01,1.23E-02,8.74E+01,3.21E-05,3.33E-01,1.79E-01,2.45E-01,2.27E+02,1.44E+01,2.41E+02,0.000232199,0.000242911
3.52E+04,154800,1.98E+02,2.60E+00,1.23E-02,8.74E+01,3.21E-05,3.33E-01,1.79E-01,2.45E-01,2.27E+02,1.44E+01,2.41E+02,0.000232198,0.00024291
3.52E+04,154899,4.93E+01,7.52E-01,1.25E-02,8.74E+01,3.21E-05,3.32E-01,1.77E-01,2.50E-01,2.28E+02,1.52E+01,2.43E+02,0.000232029,0.000242734
3.52E+04,1.55E+05,1.97E+02,2.60E+00,1.25E-02,8.74E+01,3.21E-05,3.32E-01,1.77E-01,2.50E-01,2.28E+02,1.52E+01,2.43E+02,0.000232029,0.000242733
3.53E+04,1.55E+05,4.87E+01,7.53E-01,1.24E-02,8.74E+01,3.21E-05,3.32E-01,1.78E-01,2.47E-01,2.27E+02,1.48E+01,2.42E+02,0.000231858,0.000242556
3.53E+04,1.55E+05,1.97E+02,2.60E+00,1.24E-02,8.74E+01,3.21E-05,3.32E-01,1.78E-01,2.47E-01,2.27E+02,1.48E+01,2.42E+02,0.000231858,0.000242556
3.53E+04,1.55E+05,4.82E+01,7.52E-01,1.24E-02,8.74E+01,3.21E-05,3.31E-01,1.78E-01,2.45E-01,2.26E+02,1.45E+01,2.40E+02,0.000231688,0.000242379
3.53E+04,1.55E+05,1.97E+02,2.60E+00,1.24E-02,8.74E+01,3.21E-05,3.31E-01,1.78E-01,2.45E-01,2.26E+02,1.45E+01,2.40E+02,0.000231688,0.000242379
3.53E+04,1.55E+05,4.82E+01,7.53E-01,1.24E-02,8.74E+01,3.20E-05,3.31E-01,1.78E-01,2.45E-01,2.26E+02,1.45E+01,2.40E+02,0.000231518,0.000242202
3.53E+04,1.55E+05,1.97E+02,2.60E+00,1.24E-02,8.74E+01,3.20E-05,3.31E-01,1.78E-01,2.45E-01,2.26E+02,1.45E+01,2.40E+02,0.000231518,0.000242202
3.53E+04,155299,4.93E+01,7.53E-01,1.25E-02,8.74E+01,3.20E-05,3.31E-01,1.77E-01,2.50E-01,2.27E+02,1.51E+01,2.42E+02,0.000231349,0.000242027
3.53E+04,1.55E+05,1.97E+02,2.60E+00,1.25E-02,8.74E+01,3.20E-05,3.31E-01,1.77E-01,2.50E-01,2.27E+02,1.51E+01,2.42E+02,0.000231349,0.000242026
3.54E+04,155399,4.87E+01,7.53E-01,1.24E-02,8.74E+01,3.20E-05,3.32E-01,1.78E-01,2.47E-01,2.27E+02,1.47E+01,2.41E+02,0.00023118,0.000241851
3.54E+04,155400,1.97E+02,2.60E+00,1.24E-02,8.74E+01,3.20E-05,3.32E-01,1.78E-01,2.47E-01,2.27E+02,1.47E+01,2.41E+02,0.000231178,0.000241849
3.54E+04,155499,4.92E+01,7.51E-01,1.25E-02,8.74E+01,3.20E-05,3.32E-01,1.77E-01,2.50E-01,2.27E+02,1.51E+01,2.42E+02,0.000231011,0.000241675
3.54E+04,155500,1.97E+02,2.60E+00,1.25E-02,8.74E+01,3.20E-05,3.32E-01,1.77E-01,2.50E-01,2.27E+02,1.51E+01,2.42E+02,0.000231009,0.000241673
3.54E+04,155599,1.98E+02,2.60E+00,1.24E-02,8.74E+01,3.20E-05,3.32E-01,1.78E-01,2.47E-01,2.27E+02,1.47E+01,2.42E+02,0.000230842,0.000241499
3.54E+04,155599,4.87E+01,7.52E-01,1.24E-02,8.74E+01,3.20E-05,3.32E-01,1.78E-01,2.47E-01,2.27E+02,1.47E+01,2.42E+02,0.000230842,0.000241499
3.54E+04,1.56E+05,4.82E+01,7.52E-01,1.24E-02,8.74E+01,3.19E-05,3.31E-01,1.78E-01,2.44E-01,2.26E+02,1.44E+01,2.40E+02,0.000230672,0.000241322
3.54E+04,155700,1.97E+02,2.60E+00,1.24E-02,8.74E+01,3.19E-05,3.31E-01,1.78E-01,2.44E-01,2.26E+02,1.44E+01,2.40E+02,0.000230672,0.000241322
3.54E+04,1.56E+05,4.77E+01,7.53E-01,1.24E-02,8.74E+01,3.19E-05,3.29E-01,1.77E-01,2.44E-01,2.24E+02,1.42E+01,2.38E+02,0.000230504,0.000241147
3.54E+04,1.56E+05,1.96E+02,2.59E+00,1.24E-02,8.74E+01,3.19E-05,3.29E-01,1.77E-01,2.44E-01,2.24E+02,1.42E+01,2.38E+02,0.000230504,0.000241147
3.55E+04,1.56E+05,4.77E+01,7.53E-01,1.23E-02,8.74E+01,3.19E-05,3.31E-01,1.79E-01,2.42E-01,2.25E+02,1.41E+01,2.40E+02,0.000230336,0.000240972
3.55E+04,155900,1.97E+02,2.60E+00,1.23E-02,8.74E+01,3.19E-05,3.31E-01,1.79E-01,2.42E-01,2.25E+02,1.41E+01,2.40E+02,0.000230335,0.000240971
3.55E+04,1.56E+05,4.82E+01,7.52E-01,1.24E-02,8.74E+01,3.19E-05,3.31E-01,1.78E-01,2.45E-01,2.26E+02,1.44E+01,2.40E+02,0.000230168,0.000240797
3.55E+04,156000,1.97E+02,2.60E+00,1.24E-02,8.74E+01,3.19E-05,3.31E-01,1.78E-01,2.45E-01,2.26E+02,1.44E+01,2.40E+02,0.000230167,0.000240796
3.55E+04,1.56E+05,4.77E+01,7.52E-01,1.24E-02,8.74E+01,3.19E-05,3.30E-01,1.78E-01,2.43E-01,2.25E+02,1.41E+01,2.39E+02,0.00023,0.000240623
3.55E+04,1.56E+05,1.96E+02,2.60E+00,1.24E-02,8.74E+01,3.19E-05,3.30E-01,1.78E-01,2.43E-01,2.25E+02,1.41E+01,2.39E+02,0.00023,0.000240623
3.55E+04,156199,4.86E+01,7.53E-01,1.24E-02,8.74E+01,3.18E-05,3.32E-01,1.78E-01,2.46E-01,2.27E+02,1.46E+01,2.41E+02,0.000229833,0.000240449
3.55E+04,156200,1.97E+02,2.60E+00,1.24E-02,8.74E+01,3.18E-05,3.32E-01,1.78E-01,2.46E-01,2.27E+02,1.46E+01,2.41E+02,0.000229831,0.000240448
3.55E+04,156299,4.87E+01,7.52E-01,1.24E-02,8.74E+01,3.18E-05,3.31E-01,1.78E-01,2.47E-01,2.27E+02,1.47E+01,2.41E+02,0.000229666,0.000240275
3.55E+04,156300,1.97E+02,2.60E+00,1.24E-02,8.74E+01,3.18E-05,3.31E-01,1.78E-01,2.47E-01,2.27E+02,1.47E+01,2.41E+02,0.000229664,0.000240273
3.56E+04,1.56E+05,4.84E+01,7.52E-01,1.24E-02,8.75E+01,3.18E-05,3.32E-01,1.79E-01,2.45E-01,2.27E+02,1.45E+01,2.41E+02,0.000229498,0.000240101
3.56E+04,156400,1.97E+02,2.60E+00,1.24E-02,8.75E+01,3.18E-05,3.32E-01,1.79E-01,2.45E-01,2.27E+02,1.45E+01,2.41E+02,0.000229497,0.0002401
3.56E+04,1.56E+05,4.83E+01,7.51E-01,1.24E-02,8.75E+01,3.18E-05,3.32E-01,1.79E-01,2.45E-01,2.27E+02,1.45E+01,2.41E+02,0.000229331,0.000239927
3.56E+04,156500,1.97E+02,2.60E+00,1.24E-02,8.75E+01,3.18E-05,3.32E-01,1.79E-01,2.45E-01,2.27E+02,1.45E+01,2.41E+02,0.00022933,0.000239926
3.56E+04,156599,4.89E+01,7.52E-01,1.25E-02,8.75E+01,3.18E-05,3.30E-01,1.76E-01,2.49E-01,2.26E+02,1.50E+01,2.41E+02,0.000229165,0.000239754
3.56E+04,1.57E+05,1.96E+02,2.60E+00,1.25E-02,8.75E+01,3.18E-05,3.30E-01,1.76E-01,2.49E-01,2.26E+02,1.50E+01,2.41E+02,0.000229164,0.000239754
3.56E+04,1.57E+05,4.84E+01,7.53E-01,1.25E-02,8.75E+01,3.18E-05,3.30E-01,1.77E-01,2.46E-01,2.25E+02,1.46E+01,2.40E+02,0.000228998,0.00023958
3.56E+04,1.57E+05,1.96E+02,2.60E+00,1.25E-02,8.75E+01,3.18E-05,3.30E-01,1.77E-01,2.46E-01,2.25E+02,1.46E+01,2.40E+02,0.000228998,0.00023958
3.57E+04,1.57E+05,4.83E+01,7.51E-01,1.25E-02,8.75E+01,3.17E-05,3.30E-01,1.77E-01,2.46E-01,2.26E+02,1.46E+01,2.40E+02,0.000228832,0.000239408
3.57E+04,1.57E+05,1.96E+02,2.60E+00,1.25E-02,8.75E+01,3.17E-05,3.30E-01,1.77E-01,2.46E-01,2.26E+02,1.46E+01,2.40E+02,0.000228832,0.000239408
3.57E+04,156899,4.89E+01,7.52E-01,1.25E-02,8.75E+01,3.17E-05,3.31E-01,1.77E-01,2.48E-01,2.27E+02,1.49E+01,2.42E+02,0.000228667,0.000239236
3.57E+04,1.57E+05,1.97E+02,2.60E+00,1.25E-02,8.75E+01,3.17E-05,3.31E-01,1.77E-01,2.48E-01,2.27E+02,1.49E+01,2.42E+02,0.000228666,0.000239235
3.57E+04,1.57E+05,4.84E+01,7.52E-01,1.25E-02,8.75E+01,3.17E-05,3.30E-01,1.77E-01,2.47E-01,2.26E+02,1.46E+01,2.40E+02,0.0002285,0.000239062
3.57E+04,1.57E+05,1.96E+02,2.60E+00,1.25E-02,8.75E+01,3.17E-05,3.30E-01,1.77E-01,2.47E-01,2.26E+02,1.46E+01,2.40E+02,0.0002285,0.000239062
3.57E+04,1.57E+05,4.84E+01,7.52E-01,1.24E-02,8.75E+01,3.17E-05,3.31E-01,1.78E-01,2.46E-01,2.26E+02,1.45E+01,2.41E+02,0.000228334,0.00023889
3.57E+04,1.57E+05,1.97E+02,2.60E+00,1.24E-02,8.75E+01,3.17E-05,3.31E-01,1.78E-01,2.46E-01,2.26E+02,1.45E+01,2.41E+02,0.000228334,0.00023889
3.57E+04,1.57E+05,4.85E+01,7.53E-01,1.24E-02,8.75E+01,3.17E-05,3.31E-01,1.78E-01,2.46E-01,2.26E+02,1.46E+01,2.41E+02,0.000228169,0.000238718
3.57E+04,1.57E+05,1.97E+02,2.59E+00,1.24E-02,8.75E+01,3.17E-05,3.31E-01,1.78E-01,2.46E-01,2.26E+02,1.46E+01,2.41E+02,0.000228169,0.000238718
3.58E+04,1.57E+05,4.80E+01,7.52E-01,1.24E-02,8.75E+01,3.16E-05,3.31E-01,1.79E-01,2.44E-01,2.26E+02,1.42E+01,2.40E+02,0.000228004,0.000238547
3.58E+04,1.57E+05,1.97E+02,2.60E+00,1.24E-02,8.75E+01,3.16E-05,3.31E-01,1.79E-01,2.44E-01,2.26E+02,1.42E+01,2.40E+02,0.000228004,0.000238547
3.58E+04,157399,4.93E+01,7.53E-01,1.24E-02,8.75E+01,3.16E-05,3.32E-01,1.78E-01,2.49E-01,2.28E+02,1.51E+01,2.43E+02,0.00022784,0.000238376
3.58E+04,157400,1.98E+02,2.60E+00,1.24E-02,8.75E+01,3.16E-05,3.32E-01,1.78E-01,2.49E-01,2.28E+02,1.51E+01,2.43E+02,0.000227838,0.000238374
3.58E+04,157499,4.86E+01,7.53E-01,1.25E-02,8.75E+01,3.16E-05,3.31E-01,1.77E-01,2.47E-01,2.26E+02,1.48E+01,2.41E+02,0.000227675,0.000238205
3.58E+04,1.57E+05,1.97E+02,2.60E+00,1.25E-02,8.75E+01,3.16E-05,3.31E-01,1.77E-01,2.47E-01,2.26E+02,1.48E+01,2.41E+02,0.000227675,0.000238204
3.59E+04,157599,4.86E+01,7.55E-01,1.24E-02,8.75E+01,3.16E-05,3.32E-01,1.78E-01,2.46E-01,2.27E+02,1.46E+01,2.41E+02,0.000227511,0.000238034
3.59E+04,157600,1.98E+02,2.60E+00,1.24E-02,8.75E+01,3.16E-05,3.32E-01,1.78E-01,2.46E-01,2.27E+02,1.46E+01,2.41E+02,0.000227509,0.000238032
3.59E+04,1.58E+05,4.82E+01,7.52E-01,1.24E-02,8.75E+01,3.16E-05,3.30E-01,1.78E-01,2.45E-01,2.26E+02,1.44E+01,2.40E+02,0.000227346,0.000237862
3.59E+04,1.58E+05,1.97E+02,2.60E+00,1.24E-02,8.75E+01,3.16E-05,3.30E-01,1.78E-01,2.45E-01,2.26E+02,1.44E+01,2.40E+02,0.000227346,0.000237862
3.59E+04,157799,4.86E+01,7.53E-01,1.25E-02,8.75E+01,3.15E-05,3.30E-01,1.77E-01,2.47E-01,2.26E+02,1.47E+01,2.41E+02,0.000227183,0.000237692
3.59E+04,1.58E+05,1.97E+02,2.60E+00,1.25E-02,8.75E+01,3.15E-05,3.30E-01,1.77E-01,2.47E-01,2.26E+02,1.47E+01,2.41E+02,0.000227182,0.000237691
3.59E+04,1.58E+05,4.81E+01,7.54E-01,1.24E-02,8.75E+01,3.15E-05,3.31E-01,1.78E-01,2.45E-01,2.26E+02,1.44E+01,2.40E+02,0.000227018,0.000237521
3.59E+04,1.58E+05,1.97E+02,2.60E+00,1.24E-02,8.75E+01,3.15E-05,3.31E-01,1.78E-01,2.45E-01,2.26E+02,1.44E+01,2.40E+02,0.000227018,0.000237521
3.59E+04,157999,4.92E+01,7.53E-01,1.26E-02,8.75E+01,3.15E-05,3.29E-01,1.76E-01,2.51E-01,2.26E+02,1.52E+01,2.41E+02,0.000226856,0.000237352
3.59E+04,1.58E+05,1.96E+02,2.60E+00,1.26E-02,8.75E+01,3.15E-05,3.29E-01,1.76E-01,2.51E-01,2.26E+02,1.52E+01,2.41E+02,0.000226855,0.000237351
3.60E+04,158099,4.87E+01,7.52E-01,1.25E-02,8.75E+01,3.15E-05,3.29E-01,1.76E-01,2.48E-01,2.26E+02,1.48E+01,2.41E+02,0.000226692,0.000237182
3.60E+04,1.58E+05,1.96E+02,2.60E+00,1.25E-02,8.75E+01,3.15E-05,3.29E-01,1.76E-01,2.48E-01,2.26E+02,1.48E+01,2.41E+02,0.000226692,0.000237181
3.60E+04,158199,4.88E+01,7.54E-01,1.25E-02,8.75E+01,3.15E-05,3.29E-01,1.76E-01,2.49E-01,2.25E+02,1.49E+01,2.40E+02,0.000226529,0.000237012
3.60E+04,1.58E+05,1.96E+02,2.60E+00,1.25E-02,8.75E+01,3.15E-05,3.29E-01,1.76E-01,2.49E-01,2.25E+02,1.49E+01,2.40E+02,0.000226529,0.000237011
3.60E+04,158299,4.92E+01,7.53E-01,1.25E-02,8.75E+01,3.14E-05,3.31E-01,1.77E-01,2.50E-01,2.27E+02,1.51E+01,2.42E+02,0.000226367,0.000236843
3.60E+04,158300,1.97E+02,2.60E+00,1.25E-02,8.75E+01,3.14E-05,3.31E-01,1.77E-01,2.50E-01,2.27E+02,1.51E+01,2.42E+02,0.000226365,0.000236841
3.60E+04,1.58E+05,4.85E+01,7.52E-01,1.24E-02,8.75E+01,3.14E-05,3.31E-01,1.78E-01,2.46E-01,2.26E+02,1.46E+01,2.41E+02,0.000226203,0.000236673
3.60E+04,158400,1.97E+02,2.60E+00,1.24E-02,8.75E+01,3.14E-05,3.31E-01,1.78E-01,2.46E-01,2.26E+02,1.46E+01,2.41E+02,0.000226202,0.000236672
3.61E+04,158499,4.90E+01,7.51E-01,1.25E-02,8.75E+01,3.14E-05,3.30E-01,1.76E-01,2.50E-01,2.26E+02,1.50E+01,2.41E+02,0.000226042,0.000236505
3.61E+04,1.58E+05,1.96E+02,2.60E+00,1.25E-02,8.75E+01,3.14E-05,3.30E-01,1.76E-01,2.50E-01,2.26E+02,1.50E+01,2.41E+02,0.000226041,0.000236504
3.61E+04,158599,4.90E+01,7.51E-01,1.25E-02,8.75E+01,3.14E-05,3.32E-01,1.78E-01,2.49E-01,2.27E+02,1.50E+01,2.42E+02,0.000225879,0.000236336
3.61E+04,158600,1.97E+02,2.60E+00,1.25E-02,8.75E+01,3.14E-05,3.32E-01,1.78E-01,2.49E-01,2.27E+02,1.50E+01,2.42E+02,0.000225878,0.000236334
3.61E+04,158699,4.91E+01,7.52E-01,1.25E-02,8.75E+01,3.14E-05,3.31E-01,1.77E-01,2.50E-01,2.27E+02,1.51E+01,2.42E+02,0.000225717,0.000236167
3.61E+04,158700,1.97E+02,2.60E+00,1.25E-02,8.75E+01,3.14E-05,3.31E-01,1.77E-01,2.50E-01,2.27E+02,1.51E+01,2.42E+02,0.000225716,0.000236166
3.61E+04,1.59E+05,4.85E+01,7.51E-01,1.25E-02,8.75E+01,3.14E-05,3.30E-01,1.77E-01,2.47E-01,2.26E+02,1.47E+01,2.41E+02,0.000225555,0.000235998
3.61E+04,1.59E+05,1.96E+02,2.60E+00,1.25E-02,8.75E+01,3.14E-05,3.30E-01,1.77E-01,2.47E-01,2.26E+02,1.47E+01,2.41E+02,0.000225555,0.000235998
3.61E+04,1.59E+05,4.79E+01,7.52E-01,1.25E-02,8.75E+01,3.13E-05,3.29E-01,1.77E-01,2.45E-01,2.24E+02,1.43E+01,2.39E+02,0.000225393,0.00023583
3.61E+04,1.59E+05,1.96E+02,2.60E+00,1.25E-02,8.75E+01,3.13E-05,3.29E-01,1.77E-01,2.45E-01,2.24E+02,1.43E+01,2.39E+02,0.000225393,0.00023583
3.62E+04,158999,4.90E+01,7.51E-01,1.25E-02,8.75E+01,3.13E-05,3.31E-01,1.77E-01,2.49E-01,2.27E+02,1.50E+01,2.42E+02,0.000225233,0.000235663
3.62E+04,159000,1.97E+02,2.60E+00,1.25E-02,8.75E+01,3.13E-05,3.31E-01,1.77E-01,2.49E-01,2.27E+02,1.50E+01,2.42E+02,0.000225231,0.000235662
3.62E+04,1.59E+05,4.83E+01,7.51E-01,1.24E-02,8.75E+01,3.13E-05,3.31E-01,1.78E-01,2.46E-01,2.26E+02,1.45E+01,2.41E+02,0.000225071,0.000235495
3.62E+04,159100,1.97E+02,2.60E+00,1.24E-02,8.75E+01,3.13E-05,3.31E-01,1.78E-01,2.46E-01,2.26E+02,1.45E+01,2.41E+02,0.00022507,0.000235494
3.62E+04,1.59E+05,4.84E+01,7.51E-01,1.24E-02,8.75E+01,3.13E-05,3.31E-01,1.78E-01,2.46E-01,2.26E+02,1.45E+01,2.41E+02,0.00022491,0.000235327
3.62E+04,159200,1.97E+02,2.60E+00,1.24E-02,8.75E+01,3.13E-05,3.31E-01,1.78E-01,2.46E-01,2.26E+02,1.45E+01,2.41E+02,0.000224909,0.000235327
3.62E+04,1.59E+05,4.79E+01,7.52E-01,1.24E-02,8.75E+01,3.13E-05,3.30E-01,1.78E-01,2.44E-01,2.25E+02,1.43E+01,2.39E+02,0.000224749,0.00023516
3.62E+04,1.59E+05,1.96E+02,2.60E+00,1.24E-02,8.75E+01,3.13E-05,3.30E-01,1.78E-01,2.44E-01,2.25E+02,1.43E+01,2.39E+02,0.000224749,0.00023516
3.63E+04,1.59E+05,4.84E+01,7.52E-01,1.25E-02,8.75E+01,3.12E-05,3.30E-01,1.77E-01,2.46E-01,2.26E+02,1.46E+01,2.40E+02,0.000224589,0.000234993
3.63E+04,1.59E+05,1.96E+02,2.60E+00,1.25E-02,8.75E+01,3.12E-05,3.30E-01,1.77E-01,2.46E-01,2.26E+02,1.46E+01,2.40E+02,0.000224589,0.000234993
3.63E+04,159499,4.88E+01,7.52E-01,1.26E-02,8.76E+01,3.12E-05,3.29E-01,1.76E-01,2.49E-01,2.25E+02,1.50E+01,2.40E+02,0.000224429,0.000234827
3.63E+04,1.59E+05,1.96E+02,2.60E+00,1.26E-02,8.76E+01,3.12E-05,3.29E-01,1.76E-01,2.49E-01,2.25E+02,1.50E+01,2.40E+02,0.000224429,0.000234827
3.63E+04,159599,4.89E+01,7.52E-01,1.25E-02,8.76E+01,3.12E-05,3.29E-01,1.76E-01,2.49E-01,2.26E+02,1.50E+01,2.41E+02,0.000224269,0.000234661
3.63E+04,1.60E+05,1.96E+02,2.60E+00,1.25E-02,8.76E+01,3.12E-05,3.29E-01,1.76E-01,2.49E-01,2.26E+02,1.50E+01,2.41E+02,0.000224269,0.00023466
3.63E+04,1.60E+05,4.83E+01,7.50E-01,1.25E-02,8.76E+01,3.12E-05,3.29E-01,1.77E-01,2.46E-01,2.26E+02,1.45E+01,2.40E+02,0.000224109,0.000234494
3.63E+04,1.60E+05,1.96E+02,2.60E+00,1.25E-02,8.76E+01,3.12E-05,3.29E-01,1.77E-01,2.46E-01,2.26E+02,1.45E+01,2.40E+02,0.000224109,0.000234494
3.63E+04,159799,4.88E+01,7.52E-01,1.25E-02,8.76E+01,3.12E-05,3.30E-01,1.76E-01,2.49E-01,2.26E+02,1.49E+01,2.41E+02,0.00022395,0.000234329
3.63E+04,1.60E+05,1.96E+02,2.60E+00,1.25E-02,8.76E+01,3.12E-05,3.30E-01,1.76E-01,2.49E-01,2.26E+02,1.49E+01,2.41E+02,0.000223949,0.000234328
3.64E+04,159899,4.88E+01,7.51E-01,1.25E-02,8.76E+01,3.11E-05,3.30E-01,1.77E-01,2.48E-01,2.26E+02,1.49E+01,2.41E+02,0.000223791,0.000234163
3.64E+04,159900,1.97E+02,2.59E+00,1.25E-02,8.76E+01,3.11E-05,3.30E-01,1.77E-01,2.48E-01,2.26E+02,1.49E+01,2.41E+02,0.000223789,0.000234161
3.64E+04,159999,1.97E+02,2.59E+00,1.25E-02,8.76E+01,3.11E-05,3.31E-01,1.77E-01,2.48E-01,2.27E+02,1.48E+01,2.41E+02,0.000223631,0.000233997
3.64E+04,159999,4.88E+01,7.50E-01,1.25E-02,8.76E+01,3.11E-05,3.31E-01,1.77E-01,2.48E-01,2.27E+02,1.48E+01,2.41E+02,0.000223631,0.000233997
3.64E+04,160099,4.88E+01,7.50E-01,1.26E-02,8.76E+01,3.11E-05,3.28E-01,1.76E-01,2.50E-01,2.26E+02,1.50E+01,2.41E+02,0.000223473,0.000233832
3.64E+04,1.60E+05,1.96E+02,2.60E+00,1.26E-02,8.76E+01,3.11E-05,3.28E-01,1.76E-01,2.50E-01,2.26E+02,1.50E+01,2.41E+02,0.000223472,0.000233831
3.64E+04,1.60E+05,4.83E+01,7.52E-01,1.25E-02,8.76E+01,3.11E-05,3.28E-01,1.76E-01,2.47E-01,2.25E+02,1.46E+01,2.39E+02,0.000223313,0.000233666
3.64E+04,1.60E+05,1.96E+02,2.59E+00,1.25E-02,8.76E+01,3.11E-05,3.28E-01,1.76E-01,2.47E-01,2.25E+02,1.46E+01,2.39E+02,0.000223313,0.000233666
3.64E+04,160299,4.88E+01,7.52E-01,1.25E-02,8.76E+01,3.11E-05,3.29E-01,1.76E-01,2.49E-01,2.26E+02,1.49E+01,2.41E+02,0.000223155,0.000233502
3.64E+04,1.60E+05,1.96E+02,2.60E+00,1.25E-02,8.76E+01,3.11E-05,3.29E-01,1.76E-01,2.49E-01,2.26E+02,1.49E+01,2.41E+02,0.000223154,0.000233501
3.65E+04,160399,4.85E+01,7.50E-01,1.25E-02,8.76E+01,3.11E-05,3.29E-01,1.77E-01,2.47E-01,2.26E+02,1.47E+01,2.40E+02,0.000222997,0.000233337
3.65E+04,1.60E+05,1.96E+02,2.60E+00,1.25E-02,8.76E+01,3.11E-05,3.29E-01,1.77E-01,2.47E-01,2.26E+02,1.47E+01,2.40E+02,0.000222996,0.000233336
3.65E+04,160499,4.84E+01,7.52E-01,1.25E-02,8.76E+01,3.10E-05,3.29E-01,1.76E-01,2.47E-01,2.25E+02,1.47E+01,2.40E+02,0.000222839,0.000233173
3.65E+04,1.60E+05,1.96E+02,2.60E+00,1.25E-02,8.76E+01,3.10E-05,3.29E-01,1.76E-01,2.47E-01,2.25E+02,1.47E+01,2.40E+02,0.000222838,0.000233172
3.65E+04,160599,4.84E+01,7.51E-01,1.26E-02,8.76E+01,3.10E-05,3.28E-01,1.76E-01,2.48E-01,2.25E+02,1.47E+01,2.40E+02,0.000222681,0.000233008
3.65E+04,1.61E+05,1.95E+02,2.60E+00,1.26E-02,8.76E+01,3.10E-05,3.28E-01,1.76E-01,2.48E-01,2.25E+02,1.47E+01,2.40E+02,0.00022268,0.000233007
3.66E+04,160699,4.83E+01,7.51E-01,1.25E-02,8.76E+01,3.10E-05,3.30E-01,1.77E-01,2.46E-01,2.26E+02,1.46E+01,2.40E+02,0.000222523,0.000232844
3.66E+04,160700,1.96E+02,2.60E+00,1.25E-02,8.76E+01,3.10E-05,3.30E-01,1.77E-01,2.46E-01,2.26E+02,1.46E+01,2.40E+02,0.000222522,0.000232843
3.66E+04,160799,4.84E+01,7.51E-01,1.25E-02,8.76E+01,3.10E-05,3.30E-01,1.77E-01,2.46E-01,2.26E+02,1.46E+01,2.40E+02,0.000222366,0.00023268
3.66E+04,160800,1.96E+02,2.60E+00,1.25E-02,8.76E+01,3.10E-05,3.30E-01,1.77E-01,2.46E-01,2.26E+02,1.46E+01,2.40E+02,0.000222364,0.000232679
3.66E+04,160899,4.84E+01,7.51E-01,1.25E-02,8.76E+01,3.10E-05,3.29E-01,1.77E-01,2.47E-01,2.25E+02,1.46E+01,2.40E+02,0.000222209,0.000232517
3.66E+04,1.61E+05,1.96E+02,2.60E+00,1.25E-02,8.76E+01,3.10E-05,3.29E-01,1.77E-01,2.47E-01,2.25E+02,1.46E+01,2.40E+02,0.000222208,0.000232516
3.66E+04,1.61E+05,4.79E+01,7.52E-01,1.25E-02,8.76E+01,3.09E-05,3.29E-01,1.77E-01,2.45E-01,2.25E+02,1.43E+01,2.39E+02,0.000222051,0.000232352
3.66E+04,1.61E+05,1.96E+02,2.60E+00,1.25E-02,8.76E+01,3.09E-05,3.29E-01,1.77E-01,2.45E-01,2.25E+02,1.43E+01,2.39E+02,0.000222051,0.000232352
3.66E+04,161099,4.84E+01,7.51E-01,1.25E-02,8.76E+01,3.09E-05,3.30E-01,1.77E-01,2.47E-01,2.26E+02,1.46E+01,2.40E+02,0.000221895,0.00023219
3.66E+04,161100,1.96E+02,2.60E+00,1.25E-02,8.76E+01,3.09E-05,3.30E-01,1.77E-01,2.47E-01,2.26E+02,1.46E+01,2.40E+02,0.000221893,0.000232188
3.67E+04,161199,4.84E+01,7.51E-01,1.25E-02,8.76E+01,3.09E-05,3.30E-01,1.77E-01,2.46E-01,2.26E+02,1.46E+01,2.40E+02,0.000221738,0.000232027
3.67E+04,161200,1.96E+02,2.60E+00,1.25E-02,8.76E+01,3.09E-05,3.30E-01,1.77E-01,2.46E-01,2.26E+02,1.46E+01,2.40E+02,0.000221736,0.000232025
3.67E+04,161299,4.85E+01,7.51E-01,1.25E-02,8.76E+01,3.09E-05,3.29E-01,1.77E-01,2.47E-01,2.26E+02,1.47E+01,2.41E+02,0.000221582,0.000231864
3.67E+04,161300,1.96E+02,2.60E+00,1.25E-02,8.76E+01,3.09E-05,3.29E-01,1.77E-01,2.47E-01,2.26E+02,1.47E+01,2.41E+02,0.00022158,0.000231863
3.67E+04,161399,4.88E+01,7.52E-01,1.26E-02,8.76E+01,3.09E-05,3.28E-01,1.75E-01,2.50E-01,2.25E+02,1.50E+01,2.40E+02,0.000221425,0.000231702
3.67E+04,1.61E+05,1.95E+02,2.60E+00,1.26E-02,8.76E+01,3.09E-05,3.28E-01,1.75E-01,2.50E-01,2.25E+02,1.50E+01,2.40E+02,0.000221425,0.000231701
3.67E+04,1.61E+05,4.83E+01,7.50E-01,1.26E-02,8.76E+01,3.09E-05,3.28E-01,1.76E-01,2.47E-01,2.25E+02,1.46E+01,2.40E+02,0.000221268,0.000231539
3.67E+04,1.61E+05,1.95E+02,2.60E+00,1.26E-02,8.76E+01,3.09E-05,3.28E-01,1.76E-01,2.47E-01,2.25E+02,1.46E+01,2.40E+02,0.000221268,0.000231539
3.68E+04,1.62E+05,4.78E+01,7.51E-01,1.25E-02,8.76E+01,3.08E-05,3.28E-01,1.77E-01,2.44E-01,2.24E+02,1.42E+01,2.38E+02,0.000221113,0.000231376
3.68E+04,1.62E+05,1.95E+02,2.60E+00,1.25E-02,8.76E+01,3.08E-05,3.28E-01,1.77E-01,2.44E-01,2.24E+02,1.42E+01,2.38E+02,0.000221113,0.000231376
3.68E+04,161699,4.89E+01,7.52E-01,1.25E-02,8.76E+01,3.08E-05,3.29E-01,1.76E-01,2.50E-01,2.26E+02,1.50E+01,2.41E+02,0.000220958,0.000231215
3.68E+04,1.62E+05,1.96E+02,2.60E+00,1.25E-02,8.76E+01,3.08E-05,3.29E-01,1.76E-01,2.50E-01,2.26E+02,1.50E+01,2.41E+02,0.000220957,0.000231215
3.68E+04,1.62E+05,4.77E+01,7.51E-01,1.25E-02,8.76E+01,3.08E-05,3.29E-01,1.78E-01,2.44E-01,2.25E+02,1.42E+01,2.39E+02,0.000220802,0.000231053
3.68E+04,1.62E+05,1.96E+02,2.60E+00,1.25E-02,8.76E+01,3.08E-05,3.29E-01,1.78E-01,2.44E-01,2.25E+02,1.42E+01,2.39E+02,0.000220802,0.000231053
3.68E+04,161899,1.97E+02,2.60E+00,1.25E-02,8.76E+01,3.08E-05,3.30E-01,1.77E-01,2.49E-01,2.27E+02,1.49E+01,2.42E+02,0.000220647,0.000230892
3.68E+04,161899,4.89E+01,7.52E-01,1.25E-02,8.76E+01,3.08E-05,3.30E-01,1.77E-01,2.49E-01,2.27E+02,1.49E+01,2.42E+02,0.000220647,0.000230892
3.68E+04,161999,4.88E+01,7.52E-01,1.25E-02,8.76E+01,3.08E-05,3.30E-01,1.77E-01,2.48E-01,2.26E+02,1.49E+01,2.41E+02,0.000220492,0.000230731
3.68E+04,162000,1.97E+02,2.60E+00,1.25E-02,8.76E+01,3.08E-05,3.30E-01,1.77E-01,2.48E-01,2.26E+02,1.49E+01,2.41E+02,0.000220491,0.000230729
3.69E+04,162099,4.88E+01,7.51E-01,1.26E-02,8.76E+01,3.07E-05,3.28E-01,1.75E-01,2.50E-01,2.25E+02,1.50E+01,2.40E+02,0.000220337,0.00023057
3.69E+04,1.62E+05,1.95E+02,2.60E+00,1.26E-02,8.76E+01,3.07E-05,3.28E-01,1.75E-01,2.50E-01,2.25E+02,1.50E+01,2.40E+02,0.000220337,0.000230569
3.69E+04,1.62E+05,4.82E+01,7.51E-01,1.24E-02,8.76E+01,3.07E-05,3.30E-01,1.77E-01,2.46E-01,2.26E+02,1.45E+01,2.40E+02,0.000220182,0.000230408
3.69E+04,162200,1.97E+02,2.60E+00,1.24E-02,8.76E+01,3.07E-05,3.30E-01,1.77E-01,2.46E-01,2.26E+02,1.45E+01,2.40E+02,0.000220181,0.000230407
3.69E+04,1.62E+05,4.79E+01,7.52E-01,1.25E-02,8.76E+01,3.07E-05,3.29E-01,1.77E-01,2.44E-01,2.25E+02,1.43E+01,2.39E+02,0.000220028,0.000230247
3.69E+04,1.62E+05,1.96E+02,2.60E+00,1.25E-02,8.76E+01,3.07E-05,3.29E-01,1.77E-01,2.44E-01,2.25E+02,1.43E+01,2.39E+02,0.000220028,0.000230247
3.70E+04,1.62E+05,4.80E+01,7.53E-01,1.24E-02,8.76E+01,3.07E-05,3.29E-01,1.77E-01,2.45E-01,2.25E+02,1.43E+01,2.39E+02,0.000219874,0.000230087
3.70E+04,162400,1.96E+02,2.60E+00,1.24E-02,8.76E+01,3.07E-05,3.29E-01,1.77E-01,2.45E-01,2.25E+02,1.43E+01,2.39E+02,0.000219873,0.000230086
3.70E+04,162499,4.85E+01,7.51E-01,1.25E-02,8.76E+01,3.07E-05,3.28E-01,1.76E-01,2.48E-01,2.25E+02,1.47E+01,2.40E+02,0.00021972,0.000229928
3.70E+04,1.62E+05,1.96E+02,2.60E+00,1.25E-02,8.76E+01,3.07E-05,3.28E-01,1.76E-01,2.48E-01,2.25E+02,1.47E+01,2.40E+02,0.00021972,0.000229927
3.70E+04,162599,4.85E+01,7.54E-01,1.25E-02,8.76E+01,3.07E-05,3.28E-01,1.76E-01,2.48E-01,2.25E+02,1.48E+01,2.40E+02,0.000219567,0.000229768
3.70E+04,1.63E+05,1.96E+02,2.60E+00,1.25E-02,8.76E+01,3.07E-05,3.28E-01,1.76E-01,2.48E-01,2.25E+02,1.48E+01,2.40E+02,0.000219566,0.000229767
3.70E+04,1.63E+05,4.76E+01,7.52E-01,1.24E-02,8.76E+01,3.06E-05,3.29E-01,1.78E-01,2.43E-01,2.25E+02,1.41E+01,2.39E+02,0.000219412,0.000229607
3.70E+04,162700,1.96E+02,2.60E+00,1.24E-02,8.76E+01,3.06E-05,3.29E-01,1.78E-01,2.43E-01,2.25E+02,1.41E+01,2.39E+02,0.000219411,0.000229606
3.70E+04,1.63E+05,4.79E+01,7.53E-01,1.24E-02,8.77E+01,3.06E-05,3.29E-01,1.77E-01,2.44E-01,2.25E+02,1.43E+01,2.39E+02,0.000219259,0.000229447
3.70E+04,162800,1.96E+02,2.60E+00,1.24E-02,8.77E+01,3.06E-05,3.29E-01,1.77E-01,2.44E-01,2.25E+02,1.43E+01,2.39E+02,0.000219258,0.000229447
3.71E+04,1.63E+05,4.80E+01,7.51E-01,1.25E-02,8.77E+01,3.06E-05,3.29E-01,1.77E-01,2.45E-01,2.25E+02,1.44E+01,2.40E+02,0.000219106,0.000229288
3.71E+04,162900,1.96E+02,2.60E+00,1.25E-02,8.77E+01,3.06E-05,3.29E-01,1.77E-01,2.45E-01,2.25E+02,1.44E+01,2.40E+02,0.000219105,0.000229287
3.71E+04,162999,4.85E+01,7.52E-01,1.25E-02,8.77E+01,3.06E-05,3.29E-01,1.77E-01,2.47E-01,2.26E+02,1.47E+01,2.40E+02,0.000218954,0.00022913
3.71E+04,163000,1.96E+02,2.60E+00,1.25E-02,8.77E+01,3.06E-05,3.29E-01,1.77E-01,2.47E-01,2.26E+02,1.47E+01,2.40E+02,0.000218952,0.000229128
3.71E+04,163099,4.91E+01,7.53E-01,1.26E-02,8.77E+01,3.06E-05,3.27E-01,1.74E-01,2.52E-01,2.25E+02,1.52E+01,2.40E+02,0.000218801,0.000228971
3.71E+04,1.63E+05,1.95E+02,2.60E+00,1.26E-02,8.77E+01,3.06E-05,3.27E-01,1.74E-01,2.52E-01,2.25E+02,1.52E+01,2.40E+02,0.0002188,0.00022897
3.71E+04,163199,4.85E+01,7.53E-01,1.25E-02,8.77E+01,3.05E-05,3.29E-01,1.77E-01,2.47E-01,2.26E+02,1.47E+01,2.40E+02,0.000218648,0.000228812
3.71E+04,163200,1.96E+02,2.60E+00,1.25E-02,8.77E+01,3.05E-05,3.29E-01,1.77E-01,2.47E-01,2.26E+02,1.47E+01,2.40E+02,0.000218647,0.00022881
3.71E+04,1.63E+05,4.80E+01,7.51E-01,1.25E-02,8.77E+01,3.05E-05,3.28E-01,1.77E-01,2.45E-01,2.25E+02,1.44E+01,2.39E+02,0.000218495,0.000228653
3.71E+04,1.63E+05,1.96E+02,2.60E+00,1.25E-02,8.77E+01,3.05E-05,3.28E-01,1.77E-01,2.45E-01,2.25E+02,1.44E+01,2.39E+02,0.000218495,0.000228653
3.72E+04,163399,4.86E+01,7.51E-01,1.25E-02,8.77E+01,3.05E-05,3.29E-01,1.77E-01,2.48E-01,2.26E+02,1.48E+01,2.41E+02,0.000218344,0.000228495
3.72E+04,163400,1.96E+02,2.60E+00,1.25E-02,8.77E+01,3.05E-05,3.29E-01,1.77E-01,2.48E-01,2.26E+02,1.48E+01,2.41E+02,0.000218342,0.000228493
3.72E+04,1.63E+05,4.81E+01,7.52E-01,1.25E-02,8.77E+01,3.05E-05,3.27E-01,1.76E-01,2.46E-01,2.24E+02,1.45E+01,2.39E+02,0.000218191,0.000228336
3.72E+04,1.63E+05,1.95E+02,2.60E+00,1.25E-02,8.77E+01,3.05E-05,3.27E-01,1.76E-01,2.46E-01,2.24E+02,1.45E+01,2.39E+02,0.000218191,0.000228336
3.72E+04,163599,4.92E+01,7.53E-01,1.26E-02,8.77E+01,3.05E-05,3.29E-01,1.75E-01,2.51E-01,2.26E+02,1.52E+01,2.41E+02,0.00021804,0.000228179
3.72E+04,163600,1.96E+02,2.60E+00,1.26E-02,8.77E+01,3.05E-05,3.29E-01,1.75E-01,2.51E-01,2.26E+02,1.52E+01,2.41E+02,0.000218038,0.000228177
3.72E+04,163699,4.86E+01,7.51E-01,1.26E-02,8.77E+01,3.05E-05,3.28E-01,1.75E-01,2.49E-01,2.25E+02,1.49E+01,2.40E+02,0.000217888,0.000228021
3.72E+04,1.64E+05,1.95E+02,2.60E+00,1.26E-02,8.77E+01,3.05E-05,3.28E-01,1.75E-01,2.49E-01,2.25E+02,1.49E+01,2.40E+02,0.000217888,0.00022802
3.73E+04,163799,4.87E+01,7.52E-01,1.25E-02,8.77E+01,3.04E-05,3.28E-01,1.76E-01,2.49E-01,2.25E+02,1.49E+01,2.40E+02,0.000217737,0.000227864
3.73E+04,163800,1.96E+02,2.60E+00,1.25E-02,8.77E+01,3.04E-05,3.28E-01,1.76E-01,2.49E-01,2.25E+02,1.49E+01,2.40E+02,0.000217735,0.000227862
3.73E+04,1.64E+05,4.81E+01,7.52E-01,1.25E-02,8.77E+01,3.04E-05,3.28E-01,1.77E-01,2.46E-01,2.25E+02,1.45E+01,2.39E+02,0.000217585,0.000227706
3.73E+04,163900,1.96E+02,2.60E+00,1.25E-02,8.77E+01,3.04E-05,3.28E-01,1.77E-01,2.46E-01,2.25E+02,1.45E+01,2.39E+02,0.000217584,0.000227705
3.73E+04,1.64E+05,4.80E+01,7.52E-01,1.25E-02,8.77E+01,3.04E-05,3.28E-01,1.77E-01,2.45E-01,2.25E+02,1.44E+01,2.39E+02,0.000217434,0.000227549
3.73E+04,164000,1.96E+02,2.60E+00,1.25E-02,8.77E+01,3.04E-05,3.28E-01,1.77E-01,2.45E-01,2.25E+02,1.44E+01,2.39E+02,0.000217433,0.000227548
3.73E+04,164099,4.92E+01,7.51E-01,1.27E-02,8.77E+01,3.04E-05,3.26E-01,1.74E-01,2.53E-01,2.25E+02,1.53E+01,2.40E+02,0.000217284,0.000227392
3.73E+04,1.64E+05,1.95E+02,2.60E+00,1.27E-02,8.77E+01,3.04E-05,3.26E-01,1.74E-01,2.53E-01,2.25E+02,1.53E+01,2.40E+02,0.000217283,0.000227392
3.73E+04,164199,4.87E+01,7.53E-01,1.25E-02,8.77E+01,3.04E-05,3.28E-01,1.76E-01,2.49E-01,2.25E+02,1.49E+01,2.40E+02,0.000217133,0.000227236
3.73E+04,164200,1.96E+02,2.60E+00,1.25E-02,8.77E+01,3.04E-05,3.28E-01,1.76E-01,2.49E-01,2.25E+02,1.49E+01,2.40E+02,0.000217132,0.000227234
3.74E+04,164299,4.86E+01,7.50E-01,1.26E-02,8.77E+01,3.03E-05,3.28E-01,1.76E-01,2.48E-01,2.25E+02,1.48E+01,2.40E+02,0.000216983,0.000227079
3.74E+04,164300,1.96E+02,2.60E+00,1.26E-02,8.77E+01,3.03E-05,3.28E-01,1.76E-01,2.48E-01,2.25E+02,1.48E+01,2.40E+02,0.000216982,0.000227078
3.74E+04,1.64E+05,4.86E+01,7.55E-01,1.25E-02,8.77E+01,3.03E-05,3.28E-01,1.76E-01,2.48E-01,2.25E+02,1.48E+01,2.40E+02,0.000216832,0.000226922
3.74E+04,1.64E+05,1.96E+02,2.60E+00,1.25E-02,8.77E+01,3.03E-05,3.28E-01,1.76E-01,2.48E-01,2.25E+02,1.48E+01,2.40E+02,0.000216832,0.000226922
3.74E+04,164499,4.91E+01,7.55E-01,1.26E-02,8.77E+01,3.03E-05,3.27E-01,1.74E-01,2.52E-01,2.25E+02,1.52E+01,2.40E+02,0.000216683,0.000226767
3.74E+04,1.64E+05,1.95E+02,2.60E+00,1.26E-02,8.77E+01,3.03E-05,3.27E-01,1.74E-01,2.52E-01,2.25E+02,1.52E+01,2.40E+02,0.000216682,0.000226766
3.74E+04,1.65E+05,4.85E+01,7.54E-01,1.25E-02,8.77E+01,3.03E-05,3.29E-01,1.76E-01,2.47E-01,2.25E+02,1.47E+01,2.40E+02,0.000216532,0.00022661
3.74E+04,164600,1.96E+02,2.60E+00,1.25E-02,8.77E+01,3.03E-05,3.29E-01,1.76E-01,2.47E-01,2.25E+02,1.47E+01,2.40E+02,0.000216532,0.000226609
3.75E+04,1.65E+05,4.80E+01,7.53E-01,1.25E-02,8.77E+01,3.03E-05,3.28E-01,1.77E-01,2.45E-01,2.25E+02,1.43E+01,2.39E+02,0.000216383,0.000226454
3.75E+04,164700,1.96E+02,2.60E+00,1.25E-02,8.77E+01,3.03E-05,3.28E-01,1.77E-01,2.45E-01,2.25E+02,1.43E+01,2.39E+02,0.000216382,0.000226454
3.75E+04,1.65E+05,4.84E+01,7.54E-01,1.26E-02,8.77E+01,3.03E-05,3.27E-01,1.75E-01,2.48E-01,2.24E+02,1.48E+01,2.39E+02,0.000216233,0.000226299
3.75E+04,1.65E+05,1.95E+02,2.60E+00,1.26E-02,8.77E+01,3.03E-05,3.27E-01,1.75E-01,2.48E-01,2.24E+02,1.48E+01,2.39E+02,0.000216233,0.000226299
3.75E+04,1.65E+05,4.80E+01,7.53E-01,1.25E-02,8.77E+01,3.02E-05,3.28E-01,1.76E-01,2.46E-01,2.24E+02,1.44E+01,2.39E+02,0.000216084,0.000226144
3.75E+04,1.65E+05,1.95E+02,2.60E+00,1.25E-02,8.77E+01,3.02E-05,3.28E-01,1.76E-01,2.46E-01,2.24E+02,1.44E+01,2.39E+02,0.000216084,0.000226144
3.75E+04,1.65E+05,4.84E+01,7.53E-01,1.26E-02,8.77E+01,3.02E-05,3.27E-01,1.75E-01,2.49E-01,2.24E+02,1.48E+01,2.39E+02,0.000215935,0.000225989
3.75E+04,1.65E+05,1.95E+02,2.60E+00,1.26E-02,8.77E+01,3.02E-05,3.27E-01,1.75E-01,2.49E-01,2.24E+02,1.48E+01,2.39E+02,0.000215935,0.000225989
3.75E+04,165099,4.90E+01,7.53E-01,1.27E-02,8.77E+01,3.02E-05,3.27E-01,1.74E-01,2.51E-01,2.25E+02,1.52E+01,2.40E+02,0.000215787,0.000225834
3.75E+04,1.65E+05,1.95E+02,2.60E+00,1.27E-02,8.77E+01,3.02E-05,3.27E-01,1.74E-01,2.51E-01,2.25E+02,1.52E+01,2.40E+02,0.000215786,0.000225834
3.76E+04,1.65E+05,4.84E+01,7.52E-01,1.25E-02,8.77E+01,3.02E-05,3.28E-01,1.76E-01,2.47E-01,2.25E+02,1.47E+01,2.40E+02,0.000215638,0.000225679
3.76E+04,165200,1.96E+02,2.60E+00,1.25E-02,8.77E+01,3.02E-05,3.28E-01,1.76E-01,2.47E-01,2.25E+02,1.47E+01,2.40E+02,0.000215637,0.000225678
3.76E+04,165299,4.90E+01,7.55E-01,1.26E-02,8.77E+01,3.02E-05,3.28E-01,1.75E-01,2.51E-01,2.25E+02,1.51E+01,2.40E+02,0.00021549,0.000225525
3.76E+04,1.65E+05,1.95E+02,2.60E+00,1.26E-02,8.77E+01,3.02E-05,3.28E-01,1.75E-01,2.51E-01,2.25E+02,1.51E+01,2.40E+02,0.000215489,0.000225525
3.76E+04,165399,4.84E+01,7.51E-01,1.26E-02,8.77E+01,3.02E-05,3.26E-01,1.75E-01,2.49E-01,2.25E+02,1.48E+01,2.39E+02,0.000215342,0.000225371
3.76E+04,1.65E+05,1.95E+02,2.60E+00,1.26E-02,8.77E+01,3.02E-05,3.26E-01,1.75E-01,2.49E-01,2.25E+02,1.48E+01,2.39E+02,0.000215341,0.00022537
3.77E+04,165499,4.84E+01,7.50E-01,1.25E-02,8.77E+01,3.01E-05,3.29E-01,1.77E-01,2.47E-01,2.26E+02,1.46E+01,2.40E+02,0.000215194,0.000225217
3.77E+04,165500,1.96E+02,2.60E+00,1.25E-02,8.77E+01,3.01E-05,3.29E-01,1.77E-01,2.47E-01,2.26E+02,1.46E+01,2.40E+02,0.000215192,0.000225215
3.77E+04,165599,4.90E+01,7.50E-01,1.26E-02,8.77E+01,3.01E-05,3.27E-01,1.75E-01,2.51E-01,2.25E+02,1.52E+01,2.41E+02,0.000215046,0.000225063
3.77E+04,1.66E+05,1.95E+02,2.60E+00,1.26E-02,8.77E+01,3.01E-05,3.27E-01,1.75E-01,2.51E-01,2.25E+02,1.52E+01,2.41E+02,0.000215045,0.000225062
3.77E+04,165699,4.83E+01,7.49E-01,1.25E-02,8.77E+01,3.01E-05,3.28E-01,1.77E-01,2.47E-01,2.26E+02,1.46E+01,2.40E+02,0.000214898,0.000224909
3.77E+04,165700,1.96E+02,2.60E+00,1.25E-02,8.77E+01,3.01E-05,3.28E-01,1.77E-01,2.47E-01,2.26E+02,1.46E+01,2.40E+02,0.000214897,0.000224908
3.77E+04,165799,4.90E+01,7.50E-01,1.26E-02,8.77E+01,3.01E-05,3.27E-01,1.74E-01,2.51E-01,2.25E+02,1.52E+01,2.40E+02,0.00021475,0.000224756
3.77E+04,1.66E+05,1.95E+02,2.60E+00,1.26E-02,8.77E+01,3.01E-05,3.27E-01,1.74E-01,2.51E-01,2.25E+02,1.52E+01,2.40E+02,0.00021475,0.000224755
3.77E+04,165899,4.83E+01,7.50E-01,1.25E-02,8.77E+01,3.01E-05,3.28E-01,1.76E-01,2.47E-01,2.25E+02,1.46E+01,2.40E+02,0.000214603,0.000224603
3.77E+04,165900,1.96E+02,2.60E+00,1.25E-02,8.77E+01,3.01E-05,3.28E-01,1.76E-01,2.47E-01,2.25E+02,1.46E+01,2.40E+02,0.000214602,0.000224601
3.78E+04,165999,4.83E+01,7.51E-01,1.26E-02,8.77E+01,3.01E-05,3.27E-01,1.75E-01,2.48E-01,2.25E+02,1.47E+01,2.39E+02,0.000214456,0.000224449
3.78E+04,1.66E+05,1.95E+02,2.60E+00,1.26E-02,8.77E+01,3.01E-05,3.27E-01,1.75E-01,2.48E-01,2.25E+02,1.47E+01,2.39E+02,0.000214455,0.000224449
3.78E+04,166099,4.89E+01,7.50E-01,1.26E-02,8.78E+01,3.00E-05,3.28E-01,1.75E-01,2.50E-01,2.26E+02,1.50E+01,2.41E+02,0.000214309,0.000224297
3.78E+04,166100,1.96E+02,2.60E+00,1.26E-02,8.78E+01,3.00E-05,3.28E-01,1.75E-01,2.50E-01,2.26E+02,1.50E+01,2.41E+02,0.000214308,0.000224295
3.78E+04,166199,4.90E+01,7.51E-01,1.26E-02,8.78E+01,3.00E-05,3.28E-01,1.75E-01,2.51E-01,2.26E+02,1.51E+01,2.41E+02,0.000214162,0.000224144
3.78E+04,166200,1.96E+02,2.60E+00,1.26E-02,8.78E+01,3.00E-05,3.28E-01,1.75E-01,2.51E-01,2.26E+02,1.51E+01,2.41E+02,0.000214161,0.000224142
3.78E+04,166299,4.88E+01,7.49E-01,1.26E-02,8.78E+01,3.00E-05,3.27E-01,1.75E-01,2.50E-01,2.25E+02,1.51E+01,2.40E+02,0.000214016,0.000223991
3.78E+04,1.66E+05,1.95E+02,2.60E+00,1.26E-02,8.78E+01,3.00E-05,3.27E-01,1.75E-01,2.50E-01,2.25E+02,1.51E+01,2.40E+02,0.000214015,0.000223991
3.79E+04,166399,4.86E+01,7.52E-01,1.25E-02,8.78E+01,3.00E-05,3.28E-01,1.76E-01,2.48E-01,2.26E+02,1.48E+01,2.40E+02,0.00021387,0.000223839
3.79E+04,166400,1.96E+02,2.60E+00,1.25E-02,8.78E+01,3.00E-05,3.28E-01,1.76E-01,2.48E-01,2.26E+02,1.48E+01,2.40E+02,0.000213868,0.000223837
3.79E+04,1.66E+05,4.79E+01,7.51E-01,1.25E-02,8.78E+01,3.00E-05,3.27E-01,1.76E-01,2.46E-01,2.24E+02,1.44E+01,2.39E+02,0.000213723,0.000223686
3.79E+04,1.66E+05,1.95E+02,2.60E+00,1.25E-02,8.78E+01,3.00E-05,3.27E-01,1.76E-01,2.46E-01,2.24E+02,1.44E+01,2.39E+02,0.000213723,0.000223686
3.79E+04,1.67E+05,4.79E+01,7.51E-01,1.25E-02,8.78E+01,3.00E-05,3.27E-01,1.76E-01,2.46E-01,2.24E+02,1.44E+01,2.39E+02,0.000213577,0.000223534
3.79E+04,1.67E+05,1.95E+02,2.60E+00,1.25E-02,8.78E+01,3.00E-05,3.27E-01,1.76E-01,2.46E-01,2.24E+02,1.44E+01,2.39E+02,0.000213577,0.000223534
3.79E+04,166699,4.85E+01,7.52E-01,1.26E-02,8.78E+01,2.99E-05,3.26E-01,1.74E-01,2.49E-01,2.24E+02,1.48E+01,2.39E+02,0.000213432,0.000223383
3.79E+04,1.67E+05,1.95E+02,2.60E+00,1.26E-02,8.78E+01,2.99E-05,3.26E-01,1.74E-01,2.49E-01,2.24E+02,1.48E+01,2.39E+02,0.000213431,0.000223382
3.79E+04,166799,4.85E+01,7.51E-01,1.26E-02,8.78E+01,2.99E-05,3.27E-01,1.75E-01,2.49E-01,2.25E+02,1.48E+01,2.40E+02,0.000213286,0.000223232
3.79E+04,1.67E+05,1.95E+02,2.60E+00,1.26E-02,8.78E+01,2.99E-05,3.27E-01,1.75E-01,2.49E-01,2.25E+02,1.48E+01,2.40E+02,0.000213285,0.000223231
3.80E+04,166899,4.85E+01,7.51E-01,1.26E-02,8.78E+01,2.99E-05,3.27E-01,1.75E-01,2.49E-01,2.25E+02,1.48E+01,2.40E+02,0.000213141,0.00022308
3.80E+04,1.67E+05,1.95E+02,2.60E+00,1.26E-02,8.78E+01,2.99E-05,3.27E-01,1.75E-01,2.49E-01,2.25E+02,1.48E+01,2.40E+02,0.00021314,0.00022308
3.80E+04,1.67E+05,4.80E+01,7.52E-01,1.25E-02,8.78E+01,2.99E-05,3.27E-01,1.76E-01,2.46E-01,2.24E+02,1.44E+01,2.39E+02,0.000212995,0.000222928
3.80E+04,1.67E+05,1.95E+02,2.60E+00,1.25E-02,8.78E+01,2.99E-05,3.27E-01,1.76E-01,2.46E-01,2.24E+02,1.44E+01,2.39E+02,0.000212995,0.000222928
3.80E+04,1.67E+05,4.75E+01,7.51E-01,1.25E-02,8.78E+01,2.99E-05,3.27E-01,1.76E-01,2.44E-01,2.24E+02,1.41E+01,2.38E+02,0.00021285,0.000222777
3.80E+04,1.67E+05,1.95E+02,2.60E+00,1.25E-02,8.78E+01,2.99E-05,3.27E-01,1.76E-01,2.44E-01,2.24E+02,1.41E+01,2.38E+02,0.00021285,0.000222777
3.80E+04,1.67E+05,4.80E+01,7.52E-01,1.26E-02,8.78E+01,2.98E-05,3.26E-01,1.75E-01,2.47E-01,2.24E+02,1.45E+01,2.38E+02,0.000212705,0.000222627
3.80E+04,1.67E+05,1.95E+02,2.60E+00,1.26E-02,8.78E+01,2.98E-05,3.26E-01,1.75E-01,2.47E-01,2.24E+02,1.45E+01,2.38E+02,0.000212705,0.000222627
3.80E+04,1.67E+05,4.80E+01,7.52E-01,1.25E-02,8.78E+01,2.98E-05,3.28E-01,1.77E-01,2.45E-01,2.25E+02,1.44E+01,2.39E+02,0.00021256,0.000222476
3.80E+04,167300,1.96E+02,2.60E+00,1.25E-02,8.78E+01,2.98E-05,3.28E-01,1.77E-01,2.45E-01,2.25E+02,1.44E+01,2.39E+02,0.000212559,0.000222475
3.81E+04,1.67E+05,4.78E+01,7.53E-01,1.25E-02,8.78E+01,2.98E-05,3.28E-01,1.76E-01,2.45E-01,2.24E+02,1.43E+01,2.39E+02,0.000212415,0.000222326
3.81E+04,167400,1.96E+02,2.60E+00,1.25E-02,8.78E+01,2.98E-05,3.28E-01,1.76E-01,2.45E-01,2.24E+02,1.43E+01,2.39E+02,0.000212415,0.000222325
3.81E+04,1.67E+05,4.78E+01,7.52E-01,1.25E-02,8.78E+01,2.98E-05,3.28E-01,1.77E-01,2.44E-01,2.25E+02,1.42E+01,2.39E+02,0.000212271,0.000222175
3.81E+04,167500,1.96E+02,2.60E+00,1.25E-02,8.78E+01,2.98E-05,3.28E-01,1.77E-01,2.44E-01,2.25E+02,1.42E+01,2.39E+02,0.00021227,0.000222175
3.81E+04,167599,1.96E+02,2.60E+00,1.25E-02,8.78E+01,2.98E-05,3.28E-01,1.76E-01,2.49E-01,2.26E+02,1.49E+01,2.41E+02,0.000212128,0.000222026
3.81E+04,167599,4.88E+01,7.52E-01,1.25E-02,8.78E+01,2.98E-05,3.28E-01,1.76E-01,2.49E-01,2.26E+02,1.49E+01,2.41E+02,0.000212128,0.000222026
3.81E+04,167699,4.82E+01,7.52E-01,1.26E-02,8.78E+01,2.98E-05,3.27E-01,1.75E-01,2.47E-01,2.24E+02,1.46E+01,2.39E+02,0.000211984,0.000221876
3.81E+04,1.68E+05,1.95E+02,2.60E+00,1.26E-02,8.78E+01,2.98E-05,3.27E-01,1.75E-01,2.47E-01,2.24E+02,1.46E+01,2.39E+02,0.000211983,0.000221876
3.82E+04,1.68E+05,4.77E+01,7.52E-01,1.25E-02,8.78E+01,2.97E-05,3.27E-01,1.76E-01,2.45E-01,2.24E+02,1.43E+01,2.38E+02,0.000211839,0.000221726
3.82E+04,1.68E+05,1.95E+02,2.60E+00,1.25E-02,8.78E+01,2.97E-05,3.27E-01,1.76E-01,2.45E-01,2.24E+02,1.43E+01,2.38E+02,0.000211839,0.000221726
3.82E+04,1.68E+05,4.77E+01,7.53E-01,1.25E-02,8.78E+01,2.97E-05,3.27E-01,1.76E-01,2.44E-01,2.24E+02,1.42E+01,2.38E+02,0.000211696,0.000221577
3.82E+04,167900,1.95E+02,2.60E+00,1.25E-02,8.78E+01,2.97E-05,3.27E-01,1.76E-01,2.44E-01,2.24E+02,1.42E+01,2.38E+02,0.000211695,0.000221576
3.82E+04,167999,4.88E+01,7.51E-01,1.26E-02,8.78E+01,2.97E-05,3.28E-01,1.75E-01,2.50E-01,2.25E+02,1.50E+01,2.40E+02,0.000211553,0.000221428
3.82E+04,168000,1.95E+02,2.60E+00,1.26E-02,8.78E+01,2.97E-05,3.28E-01,1.75E-01,2.50E-01,2.25E+02,1.50E+01,2.40E+02,0.000211552,0.000221427
3.82E+04,168099,4.88E+01,7.51E-01,1.26E-02,8.78E+01,2.97E-05,3.27E-01,1.75E-01,2.50E-01,2.25E+02,1.50E+01,2.40E+02,0.00021141,0.000221279
3.82E+04,1.68E+05,1.95E+02,2.60E+00,1.26E-02,8.78E+01,2.97E-05,3.27E-01,1.75E-01,2.50E-01,2.25E+02,1.50E+01,2.40E+02,0.000211409,0.000221278
3.82E+04,1.68E+05,4.77E+01,7.52E-01,1.25E-02,8.78E+01,2.97E-05,3.28E-01,1.77E-01,2.44E-01,2.25E+02,1.42E+01,2.39E+02,0.000211266,0.000221129
3.82E+04,168200,1.95E+02,2.60E+00,1.25E-02,8.78E+01,2.97E-05,3.28E-01,1.77E-01,2.44E-01,2.25E+02,1.42E+01,2.39E+02,0.000211265,0.000221129
3.83E+04,168299,4.82E+01,7.52E-01,1.25E-02,8.78E+01,2.97E-05,3.27E-01,1.76E-01,2.47E-01,2.25E+02,1.46E+01,2.39E+02,0.000211124,0.000220982
3.83E+04,168300,1.95E+02,2.60E+00,1.25E-02,8.78E+01,2.97E-05,3.27E-01,1.76E-01,2.47E-01,2.25E+02,1.46E+01,2.39E+02,0.000211123,0.00022098
3.83E+04,1.68E+05,4.82E+01,7.54E-01,1.25E-02,8.78E+01,2.96E-05,3.28E-01,1.76E-01,2.47E-01,2.25E+02,1.46E+01,2.39E+02,0.000210981,0.000220832
3.83E+04,168400,1.96E+02,2.60E+00,1.25E-02,8.78E+01,2.96E-05,3.28E-01,1.76E-01,2.47E-01,2.25E+02,1.46E+01,2.39E+02,0.00021098,0.000220832
3.83E+04,168499,4.87E+01,7.52E-01,1.26E-02,8.78E+01,2.96E-05,3.26E-01,1.74E-01,2.50E-01,2.25E+02,1.49E+01,2.39E+02,0.000210839,0.000220685
3.83E+04,168500,1.95E+02,2.60E+00,1.26E-02,8.78E+01,2.96E-05,3.26E-01,1.74E-01,2.50E-01,2.25E+02,1.49E+01,2.39E+02,0.000210837,0.000220683
3.84E+04,1.69E+05,4.77E+01,7.53E-01,1.25E-02,8.78E+01,2.96E-05,3.27E-01,1.76E-01,2.45E-01,2.24E+02,1.42E+01,2.38E+02,0.000210696,0.000220536
3.84E+04,168600,1.95E+02,2.60E+00,1.25E-02,8.78E+01,2.96E-05,3.27E-01,1.76E-01,2.45E-01,2.24E+02,1.42E+01,2.38E+02,0.000210695,0.000220535
3.84E+04,1.69E+05,4.81E+01,7.53E-01,1.25E-02,8.78E+01,2.96E-05,3.26E-01,1.75E-01,2.47E-01,2.24E+02,1.45E+01,2.39E+02,0.000210554,0.000220388
3.84E+04,168700,1.95E+02,2.60E+00,1.25E-02,8.78E+01,2.96E-05,3.26E-01,1.75E-01,2.47E-01,2.24E+02,1.45E+01,2.39E+02,0.000210553,0.000220387
3.84E+04,1.69E+05,4.81E+01,7.53E-01,1.26E-02,8.78E+01,2.96E-05,3.27E-01,1.75E-01,2.47E-01,2.24E+02,1.45E+01,2.39E+02,0.000210412,0.00022024
3.84E+04,168800,1.95E+02,2.60E+00,1.26E-02,8.78E+01,2.96E-05,3.27E-01,1.75E-01,2.47E-01,2.24E+02,1.45E+01,2.39E+02,0.000210411,0.000220239
3.84E+04,1.69E+05,4.82E+01,7.55E-01,1.26E-02,8.78E+01,2.96E-05,3.26E-01,1.75E-01,2.47E-01,2.24E+02,1.46E+01,2.39E+02,0.00021027,0.000220093
3.84E+04,168900,1.95E+02,2.60E+00,1.26E-02,8.78E+01,2.96E-05,3.26E-01,1.75E-01,2.47E-01,2.24E+02,1.46E+01,2.39E+02,0.000210269,0.000220092
3.84E+04,168999,4.87E+01,7.54E-01,1.27E-02,8.78E+01,2.95E-05,3.26E-01,1.74E-01,2.50E-01,2.24E+02,1.50E+01,2.39E+02,0.000210129,0.000219946
3.84E+04,1.69E+05,1.94E+02,2.60E+00,1.27E-02,8.78E+01,2.95E-05,3.26E-01,1.74E-01,2.50E-01,2.24E+02,1.50E+01,2.39E+02,0.000210128,0.000219945
3.85E+04,1.69E+05,4.82E+01,7.53E-01,1.25E-02,8.78E+01,2.95E-05,3.27E-01,1.76E-01,2.47E-01,2.25E+02,1.46E+01,2.39E+02,0.000209987,0.000219798
3.85E+04,169100,1.95E+02,2.60E+00,1.25E-02,8.78E+01,2.95E-05,3.27E-01,1.76E-01,2.47E-01,2.25E+02,1.46E+01,2.39E+02,0.000209986,0.000219797
3.85E+04,169199,4.86E+01,7.53E-01,1.26E-02,8.78E+01,2.95E-05,3.27E-01,1.75E-01,2.49E-01,2.25E+02,1.48E+01,2.40E+02,0.000209846,0.000219652
3.85E+04,169200,1.95E+02,2.60E+00,1.26E-02,8.78E+01,2.95E-05,3.27E-01,1.75E-01,2.49E-01,2.25E+02,1.48E+01,2.40E+02,0.000209845,0.00021965
3.85E+04,169299,4.87E+01,7.53E-01,1.26E-02,8.78E+01,2.95E-05,3.26E-01,1.74E-01,2.50E-01,2.25E+02,1.50E+01,2.40E+02,0.000209705,0.000219505
3.85E+04,169300,1.95E+02,2.60E+00,1.26E-02,8.78E+01,2.95E-05,3.26E-01,1.74E-01,2.50E-01,2.25E+02,1.50E+01,2.40E+02,0.000209704,0.000219504
3.85E+04,1.69E+05,4.77E+01,7.52E-01,1.26E-02,8.79E+01,2.95E-05,3.25E-01,1.75E-01,2.46E-01,2.23E+02,1.43E+01,2.37E+02,0.000209564,0.000219358
3.85E+04,1.69E+05,1.94E+02,2.60E+00,1.26E-02,8.79E+01,2.95E-05,3.25E-01,1.75E-01,2.46E-01,2.23E+02,1.43E+01,2.37E+02,0.000209564,0.000219358
3.86E+04,1.69E+05,4.80E+01,7.52E-01,1.26E-02,8.79E+01,2.95E-05,3.26E-01,1.75E-01,2.47E-01,2.24E+02,1.45E+01,2.39E+02,0.000209423,0.000219211
3.86E+04,1.69E+05,1.95E+02,2.60E+00,1.26E-02,8.79E+01,2.95E-05,3.26E-01,1.75E-01,2.47E-01,2.24E+02,1.45E+01,2.39E+02,0.000209423,0.000219211
3.86E+04,169599,4.86E+01,7.52E-01,1.26E-02,8.79E+01,2.94E-05,3.26E-01,1.74E-01,2.50E-01,2.24E+02,1.49E+01,2.39E+02,0.000209283,0.000219066
3.86E+04,1.70E+05,1.95E+02,2.60E+00,1.26E-02,8.79E+01,2.94E-05,3.26E-01,1.74E-01,2.50E-01,2.24E+02,1.49E+01,2.39E+02,0.000209283,0.000219065
3.86E+04,1.70E+05,4.75E+01,7.51E-01,1.26E-02,8.79E+01,2.94E-05,3.25E-01,1.75E-01,2.45E-01,2.23E+02,1.42E+01,2.37E+02,0.000209142,0.000218919
3.86E+04,1.70E+05,1.94E+02,2.60E+00,1.26E-02,8.79E+01,2.94E-05,3.25E-01,1.75E-01,2.45E-01,2.23E+02,1.42E+01,2.37E+02,0.000209142,0.000218919
3.86E+04,169799,4.86E+01,7.51E-01,1.26E-02,8.79E+01,2.94E-05,3.26E-01,1.74E-01,2.50E-01,2.24E+02,1.49E+01,2.39E+02,0.000209003,0.000218774
3.86E+04,1.70E+05,1.95E+02,2.60E+00,1.26E-02,8.79E+01,2.94E-05,3.26E-01,1.74E-01,2.50E-01,2.24E+02,1.49E+01,2.39E+02,0.000209002,0.000218773
3.86E+04,1.70E+05,4.80E+01,7.50E-01,1.26E-02,8.79E+01,2.94E-05,3.25E-01,1.74E-01,2.47E-01,2.24E+02,1.45E+01,2.38E+02,0.000208862,0.000218627
3.86E+04,1.70E+05,1.94E+02,2.60E+00,1.26E-02,8.79E+01,2.94E-05,3.25E-01,1.74E-01,2.47E-01,2.24E+02,1.45E+01,2.38E+02,0.000208862,0.000218627
3.87E+04,169999,4.86E+01,7.51E-01,1.26E-02,8.79E+01,2.94E-05,3.26E-01,1.74E-01,2.50E-01,2.24E+02,1.49E+01,2.39E+02,0.000208723,0.000218483
3.87E+04,1.70E+05,1.95E+02,2.60E+00,1.26E-02,8.79E+01,2.94E-05,3.26E-01,1.74E-01,2.50E-01,2.24E+02,1.49E+01,2.39E+02,0.000208722,0.000218482
3.87E+04,1.70E+05,4.79E+01,7.51E-01,1.26E-02,8.79E+01,2.94E-05,3.25E-01,1.74E-01,2.47E-01,2.23E+02,1.45E+01,2.38E+02,0.000208583,0.000218336
3.87E+04,1.70E+05,1.94E+02,2.60E+00,1.26E-02,8.79E+01,2.94E-05,3.25E-01,1.74E-01,2.47E-01,2.23E+02,1.45E+01,2.38E+02,0.000208583,0.000218336
3.87E+04,1.70E+05,4.80E+01,7.50E-01,1.26E-02,8.79E+01,2.93E-05,3.26E-01,1.75E-01,2.47E-01,2.24E+02,1.45E+01,2.38E+02,0.000208443,0.000218191
3.87E+04,1.70E+05,1.95E+02,2.60E+00,1.26E-02,8.79E+01,2.93E-05,3.26E-01,1.75E-01,2.47E-01,2.24E+02,1.45E+01,2.38E+02,0.000208443,0.000218191
3.87E+04,170299,4.86E+01,7.53E-01,1.26E-02,8.79E+01,2.93E-05,3.26E-01,1.74E-01,2.50E-01,2.24E+02,1.49E+01,2.39E+02,0.000208305,0.000218047
3.87E+04,1.70E+05,1.95E+02,2.60E+00,1.26E-02,8.79E+01,2.93E-05,3.26E-01,1.74E-01,2.50E-01,2.24E+02,1.49E+01,2.39E+02,0.000208304,0.000218046
3.88E+04,170399,4.87E+01,7.52E-01,1.27E-02,8.79E+01,2.93E-05,3.25E-01,1.74E-01,2.51E-01,2.24E+02,1.51E+01,2.39E+02,0.000208166,0.000217902
3.88E+04,1.70E+05,1.94E+02,2.60E+00,1.27E-02,8.79E+01,2.93E-05,3.25E-01,1.74E-01,2.51E-01,2.24E+02,1.51E+01,2.39E+02,0.000208165,0.000217902
3.88E+04,1.70E+05,4.75E+01,7.51E-01,1.25E-02,8.79E+01,2.93E-05,3.26E-01,1.76E-01,2.44E-01,2.24E+02,1.42E+01,2.38E+02,0.000208026,0.000217757
3.88E+04,170500,1.95E+02,2.60E+00,1.25E-02,8.79E+01,2.93E-05,3.26E-01,1.76E-01,2.44E-01,2.24E+02,1.42E+01,2.38E+02,0.000208025,0.000217756
3.88E+04,170599,4.87E+01,7.53E-01,1.27E-02,8.79E+01,2.93E-05,3.25E-01,1.74E-01,2.51E-01,2.24E+02,1.50E+01,2.39E+02,0.000207888,0.000217613
3.88E+04,1.71E+05,1.94E+02,2.60E+00,1.27E-02,8.79E+01,2.93E-05,3.25E-01,1.74E-01,2.51E-01,2.24E+02,1.50E+01,2.39E+02,0.000207887,0.000217612
3.88E+04,170699,4.86E+01,7.53E-01,1.27E-02,8.79E+01,2.93E-05,3.25E-01,1.74E-01,2.50E-01,2.24E+02,1.50E+01,2.39E+02,0.000207749,0.000217469
3.88E+04,1.71E+05,1.94E+02,2.60E+00,1.27E-02,8.79E+01,2.93E-05,3.25E-01,1.74E-01,2.50E-01,2.24E+02,1.50E+01,2.39E+02,0.000207749,0.000217468
3.88E+04,1.71E+05,4.76E+01,7.52E-01,1.25E-02,8.79E+01,2.92E-05,3.26E-01,1.76E-01,2.44E-01,2.24E+02,1.42E+01,2.38E+02,0.00020761,0.000217324
3.88E+04,170800,1.95E+02,2.60E+00,1.25E-02,8.79E+01,2.92E-05,3.26E-01,1.76E-01,2.44E-01,2.24E+02,1.42E+01,2.38E+02,0.000207609,0.000217323
3.89E+04,170899,4.86E+01,7.53E-01,1.27E-02,8.79E+01,2.92E-05,3.25E-01,1.73E-01,2.50E-01,2.24E+02,1.50E+01,2.39E+02,0.000207473,0.000217181
3.89E+04,1.71E+05,1.94E+02,2.60E+00,1.27E-02,8.79E+01,2.92E-05,3.25E-01,1.73E-01,2.50E-01,2.24E+02,1.50E+01,2.39E+02,0.000207472,0.00021718
3.89E+04,170999,4.81E+01,7.54E-01,1.26E-02,8.79E+01,2.92E-05,3.25E-01,1.74E-01,2.48E-01,2.23E+02,1.46E+01,2.38E+02,0.000207335,0.000217037
3.89E+04,1.71E+05,1.94E+02,2.60E+00,1.26E-02,8.79E+01,2.92E-05,3.25E-01,1.74E-01,2.48E-01,2.23E+02,1.46E+01,2.38E+02,0.000207334,0.000217037
3.89E+04,171099,1.95E+02,2.60E+00,1.26E-02,8.79E+01,2.92E-05,3.26E-01,1.75E-01,2.49E-01,2.25E+02,1.49E+01,2.40E+02,0.000207197,0.000216894
3.89E+04,171099,4.86E+01,7.52E-01,1.26E-02,8.79E+01,2.92E-05,3.26E-01,1.75E-01,2.49E-01,2.25E+02,1.49E+01,2.40E+02,0.000207197,0.000216894
3.89E+04,1.71E+05,4.76E+01,7.51E-01,1.26E-02,8.79E+01,2.92E-05,3.24E-01,1.74E-01,2.46E-01,2.23E+02,1.44E+01,2.37E+02,0.000207058,0.00021675
3.89E+04,1.71E+05,1.94E+02,2.60E+00,1.26E-02,8.79E+01,2.92E-05,3.24E-01,1.74E-01,2.46E-01,2.23E+02,1.44E+01,2.37E+02,0.000207058,0.00021675
3.89E+04,171299,4.81E+01,7.52E-01,1.27E-02,8.79E+01,2.92E-05,3.24E-01,1.73E-01,2.49E-01,2.23E+02,1.47E+01,2.37E+02,0.000206921,0.000216607
3.89E+04,1.71E+05,1.94E+02,2.60E+00,1.27E-02,8.79E+01,2.92E-05,3.24E-01,1.73E-01,2.49E-01,2.23E+02,1.47E+01,2.37E+02,0.000206921,0.000216606
3.90E+04,171399,4.86E+01,7.53E-01,1.26E-02,8.79E+01,2.91E-05,3.26E-01,1.75E-01,2.49E-01,2.25E+02,1.49E+01,2.40E+02,0.000206784,0.000216464
3.90E+04,171400,1.95E+02,2.60E+00,1.26E-02,8.79E+01,2.91E-05,3.26E-01,1.75E-01,2.49E-01,2.25E+02,1.49E+01,2.40E+02,0.000206783,0.000216463
3.90E+04,1.71E+05,4.75E+01,7.54E-01,1.27E-02,8.79E+01,2.91E-05,3.23E-01,1.74E-01,2.46E-01,2.22E+02,1.43E+01,2.36E+02,0.000206646,0.000216321
3.90E+04,1.71E+05,1.93E+02,2.60E+00,1.27E-02,8.79E+01,2.91E-05,3.23E-01,1.74E-01,2.46E-01,2.22E+02,1.43E+01,2.36E+02,0.000206646,0.000216321
3.90E+04,1.72E+05,4.80E+01,7.53E-01,1.26E-02,8.79E+01,2.91E-05,3.25E-01,1.75E-01,2.47E-01,2.23E+02,1.45E+01,2.38E+02,0.000206509,0.000216178
3.90E+04,1.72E+05,1.94E+02,2.60E+00,1.26E-02,8.79E+01,2.91E-05,3.25E-01,1.75E-01,2.47E-01,2.23E+02,1.45E+01,2.38E+02,0.000206509,0.000216178
3.91E+04,171699,4.85E+01,7.52E-01,1.26E-02,8.79E+01,2.91E-05,3.25E-01,1.74E-01,2.49E-01,2.24E+02,1.49E+01,2.39E+02,0.000206373,0.000216036
3.91E+04,1.72E+05,1.94E+02,2.60E+00,1.26E-02,8.79E+01,2.91E-05,3.25E-01,1.74E-01,2.49E-01,2.24E+02,1.49E+01,2.39E+02,0.000206372,0.000216036
3.91E+04,171799,4.84E+01,7.52E-01,1.26E-02,8.79E+01,2.91E-05,3.26E-01,1.74E-01,2.49E-01,2.24E+02,1.48E+01,2.39E+02,0.000206236,0.000215894
3.91E+04,171800,1.95E+02,2.60E+00,1.26E-02,8.79E+01,2.91E-05,3.26E-01,1.74E-01,2.49E-01,2.24E+02,1.48E+01,2.39E+02,0.000206235,0.000215893
3.91E+04,171899,4.85E+01,7.52E-01,1.27E-02,8.79E+01,2.91E-05,3.24E-01,1.73E-01,2.50E-01,2.24E+02,1.49E+01,2.38E+02,0.0002061,0.000215752
3.91E+04,1.72E+05,1.94E+02,2.60E+00,1.27E-02,8.79E+01,2.91E-05,3.24E-01,1.73E-01,2.50E-01,2.24E+02,1.49E+01,2.38E+02,0.000206099,0.000215751
3.91E+04,1.72E+05,4.80E+01,7.51E-01,1.27E-02,8.79E+01,2.91E-05,3.24E-01,1.74E-01,2.48E-01,2.23E+02,1.46E+01,2.38E+02,0.000205963,0.000215609
3.91E+04,1.72E+05,1.94E+02,2.60E+00,1.27E-02,8.79E+01,2.91E-05,3.24E-01,1.74E-01,2.48E-01,2.23E+02,1.46E+01,2.38E+02,0.000205963,0.000215609
3.91E+04,1.72E+05,4.79E+01,7.51E-01,1.27E-02,8.79E+01,2.90E-05,3.24E-01,1.74E-01,2.47E-01,2.23E+02,1.45E+01,2.38E+02,0.000205826,0.000215467
3.91E+04,1.72E+05,1.94E+02,2.60E+00,1.27E-02,8.79E+01,2.90E-05,3.24E-01,1.74E-01,2.47E-01,2.23E+02,1.45E+01,2.38E+02,0.000205826,0.000215467
3.92E+04,1.72E+05,4.79E+01,7.52E-01,1.26E-02,8.79E+01,2.90E-05,3.26E-01,1.75E-01,2.46E-01,2.24E+02,1.44E+01,2.38E+02,0.00020569,0.000215326
3.92E+04,172200,1.95E+02,2.60E+00,1.26E-02,8.79E+01,2.90E-05,3.26E-01,1.75E-01,2.46E-01,2.24E+02,1.44E+01,2.38E+02,0.00020569,0.000215325
3.92E+04,1.72E+05,4.79E+01,7.52E-01,1.26E-02,8.79E+01,2.90E-05,3.25E-01,1.75E-01,2.46E-01,2.23E+02,1.44E+01,2.38E+02,0.000205555,0.000215184
3.92E+04,1.72E+05,1.94E+02,2.60E+00,1.26E-02,8.79E+01,2.90E-05,3.25E-01,1.75E-01,2.46E-01,2.23E+02,1.44E+01,2.38E+02,0.000205555,0.000215184
3.92E+04,1.72E+05,4.77E+01,7.53E-01,1.26E-02,8.79E+01,2.90E-05,3.24E-01,1.74E-01,2.46E-01,2.23E+02,1.43E+01,2.37E+02,0.000205419,0.000215043
3.92E+04,1.72E+05,1.94E+02,2.60E+00,1.26E-02,8.79E+01,2.90E-05,3.24E-01,1.74E-01,2.46E-01,2.23E+02,1.43E+01,2.37E+02,0.000205419,0.000215043
3.92E+04,172499,4.86E+01,7.53E-01,1.27E-02,8.79E+01,2.90E-05,3.24E-01,1.73E-01,2.51E-01,2.24E+02,1.50E+01,2.39E+02,0.000205284,0.000214903
3.92E+04,1.72E+05,1.94E+02,2.60E+00,1.27E-02,8.79E+01,2.90E-05,3.24E-01,1.73E-01,2.51E-01,2.24E+02,1.50E+01,2.39E+02,0.000205283,0.000214902
3.93E+04,172599,4.81E+01,7.52E-01,1.26E-02,8.79E+01,2.90E-05,3.25E-01,1.74E-01,2.47E-01,2.24E+02,1.46E+01,2.38E+02,0.000205149,0.000214762
3.93E+04,172600,1.94E+02,2.60E+00,1.26E-02,8.79E+01,2.90E-05,3.25E-01,1.74E-01,2.47E-01,2.24E+02,1.46E+01,2.38E+02,0.000205147,0.000214761
3.93E+04,172699,4.82E+01,7.51E-01,1.27E-02,8.79E+01,2.89E-05,3.24E-01,1.74E-01,2.49E-01,2.23E+02,1.47E+01,2.38E+02,0.000205014,0.000214621
3.93E+04,1.73E+05,1.94E+02,2.60E+00,1.27E-02,8.79E+01,2.89E-05,3.24E-01,1.74E-01,2.49E-01,2.23E+02,1.47E+01,2.38E+02,0.000205013,0.000214621
3.93E+04,172799,4.81E+01,7.53E-01,1.27E-02,8.80E+01,2.89E-05,3.24E-01,1.74E-01,2.48E-01,2.23E+02,1.46E+01,2.38E+02,0.000204879,0.000214481
3.93E+04,1.73E+05,1.94E+02,2.60E+00,1.27E-02,8.80E+01,2.89E-05,3.24E-01,1.74E-01,2.48E-01,2.23E+02,1.46E+01,2.38E+02,0.000204878,0.00021448
3.93E+04,172899,4.87E+01,7.52E-01,1.27E-02,8.80E+01,2.89E-05,3.25E-01,1.74E-01,2.51E-01,2.24E+02,1.50E+01,2.39E+02,0.000204744,0.00021434
3.93E+04,172900,1.94E+02,2.60E+00,1.27E-02,8.80E+01,2.89E-05,3.25E-01,1.74E-01,2.51E-01,2.24E+02,1.50E+01,2.39E+02,0.000204742,0.000214339
3.93E+04,1.73E+05,4.75E+01,7.52E-01,1.26E-02,8.80E+01,2.89E-05,3.25E-01,1.75E-01,2.45E-01,2.23E+02,1.42E+01,2.37E+02,0.000204608,0.000214199
3.93E+04,173000,1.94E+02,2.60E+00,1.26E-02,8.80E+01,2.89E-05,3.25E-01,1.75E-01,2.45E-01,2.23E+02,1.42E+01,2.37E+02,0.000204608,0.000214199
3.94E+04,173099,4.86E+01,7.52E-01,1.27E-02,8.80E+01,2.89E-05,3.24E-01,1.73E-01,2.51E-01,2.24E+02,1.50E+01,2.39E+02,0.000204475,0.00021406
3.94E+04,1.73E+05,1.94E+02,2.60E+00,1.27E-02,8.80E+01,2.89E-05,3.24E-01,1.73E-01,2.51E-01,2.24E+02,1.50E+01,2.39E+02,0.000204474,0.000214059
3.94E+04,173199,4.80E+01,7.53E-01,1.26E-02,8.80E+01,2.89E-05,3.25E-01,1.74E-01,2.47E-01,2.23E+02,1.45E+01,2.38E+02,0.00020434,0.00021392
3.94E+04,173200,1.94E+02,2.60E+00,1.26E-02,8.80E+01,2.89E-05,3.25E-01,1.74E-01,2.47E-01,2.23E+02,1.45E+01,2.38E+02,0.000204339,0.000213919
3.94E+04,173299,4.81E+01,7.53E-01,1.26E-02,8.80E+01,2.88E-05,3.25E-01,1.74E-01,2.48E-01,2.23E+02,1.46E+01,2.38E+02,0.000204206,0.000213781
3.94E+04,173300,1.94E+02,2.60E+00,1.26E-02,8.80E+01,2.88E-05,3.25E-01,1.74E-01,2.48E-01,2.23E+02,1.46E+01,2.38E+02,0.000204205,0.000213779
3.94E+04,173399,4.84E+01,7.52E-01,1.27E-02,8.80E+01,2.88E-05,3.24E-01,1.73E-01,2.50E-01,2.23E+02,1.49E+01,2.38E+02,0.000204072,0.000213641
3.94E+04,1.73E+05,1.94E+02,2.60E+00,1.27E-02,8.80E+01,2.88E-05,3.24E-01,1.73E-01,2.50E-01,2.23E+02,1.49E+01,2.38E+02,0.000204071,0.00021364
3.95E+04,1.73E+05,4.77E+01,7.52E-01,1.27E-02,8.80E+01,2.88E-05,3.23E-01,1.73E-01,2.47E-01,2.22E+02,1.44E+01,2.36E+02,0.000203937,0.000213501
3.95E+04,1.73E+05,1.93E+02,2.60E+00,1.27E-02,8.80E+01,2.88E-05,3.23E-01,1.73E-01,2.47E-01,2.22E+02,1.44E+01,2.36E+02,0.000203937,0.000213501
3.95E+04,1.74E+05,4.77E+01,7.52E-01,1.26E-02,8.80E+01,2.88E-05,3.24E-01,1.74E-01,2.46E-01,2.23E+02,1.43E+01,2.37E+02,0.000203804,0.000213362
3.95E+04,173600,1.94E+02,2.60E+00,1.26E-02,8.80E+01,2.88E-05,3.24E-01,1.74E-01,2.46E-01,2.23E+02,1.43E+01,2.37E+02,0.000203803,0.000213361
3.95E+04,173699,4.88E+01,7.52E-01,1.27E-02,8.80E+01,2.88E-05,3.25E-01,1.73E-01,2.51E-01,2.24E+02,1.51E+01,2.39E+02,0.000203671,0.000213224
3.95E+04,173700,1.94E+02,2.60E+00,1.27E-02,8.80E+01,2.88E-05,3.25E-01,1.73E-01,2.51E-01,2.24E+02,1.51E+01,2.39E+02,0.00020367,0.000213222
3.95E+04,173799,4.82E+01,7.51E-01,1.27E-02,8.80E+01,2.88E-05,3.23E-01,1.73E-01,2.49E-01,2.23E+02,1.48E+01,2.38E+02,0.000203538,0.000213085
3.95E+04,1.74E+05,1.94E+02,2.60E+00,1.27E-02,8.80E+01,2.88E-05,3.23E-01,1.73E-01,2.49E-01,2.23E+02,1.48E+01,2.38E+02,0.000203537,0.000213084
3.95E+04,173899,4.82E+01,7.52E-01,1.27E-02,8.80E+01,2.87E-05,3.23E-01,1.73E-01,2.49E-01,2.23E+02,1.47E+01,2.38E+02,0.000203404,0.000212946
3.95E+04,1.74E+05,1.94E+02,2.60E+00,1.27E-02,8.80E+01,2.87E-05,3.23E-01,1.73E-01,2.49E-01,2.23E+02,1.47E+01,2.38E+02,0.000203404,0.000212945
3.96E+04,1.74E+05,4.77E+01,7.53E-01,1.26E-02,8.80E+01,2.87E-05,3.24E-01,1.74E-01,2.46E-01,2.23E+02,1.43E+01,2.37E+02,0.000203271,0.000212807
3.96E+04,174000,1.94E+02,2.59E+00,1.26E-02,8.80E+01,2.87E-05,3.24E-01,1.74E-01,2.46E-01,2.23E+02,1.43E+01,2.37E+02,0.00020327,0.000212806
3.96E+04,174099,4.82E+01,7.52E-01,1.26E-02,8.80E+01,2.87E-05,3.24E-01,1.74E-01,2.49E-01,2.23E+02,1.47E+01,2.38E+02,0.000203138,0.000212669
3.96E+04,174100,1.94E+02,2.60E+00,1.26E-02,8.80E+01,2.87E-05,3.24E-01,1.74E-01,2.49E-01,2.23E+02,1.47E+01,2.38E+02,0.000203137,0.000212668
3.96E+04,174199,4.82E+01,7.52E-01,1.26E-02,8.80E+01,2.87E-05,3.24E-01,1.74E-01,2.49E-01,2.23E+02,1.47E+01,2.38E+02,0.000203006,0.000212531
3.96E+04,174200,1.94E+02,2.60E+00,1.26E-02,8.80E+01,2.87E-05,3.24E-01,1.74E-01,2.49E-01,2.23E+02,1.47E+01,2.38E+02,0.000203004,0.00021253
3.96E+04,174299,4.81E+01,7.52E-01,1.27E-02,8.80E+01,2.87E-05,3.23E-01,1.73E-01,2.49E-01,2.23E+02,1.47E+01,2.38E+02,0.000202873,0.000212393
3.96E+04,1.74E+05,1.93E+02,2.60E+00,1.27E-02,8.80E+01,2.87E-05,3.23E-01,1.73E-01,2.49E-01,2.23E+02,1.47E+01,2.38E+02,0.000202873,0.000212392
3.97E+04,1.74E+05,4.80E+01,7.54E-01,1.26E-02,8.80E+01,2.87E-05,3.25E-01,1.74E-01,2.47E-01,2.23E+02,1.45E+01,2.38E+02,0.00020274,0.000212255
3.97E+04,174400,1.94E+02,2.60E+00,1.26E-02,8.80E+01,2.87E-05,3.25E-01,1.74E-01,2.47E-01,2.23E+02,1.45E+01,2.38E+02,0.00020274,0.000212254
3.97E+04,174499,4.85E+01,7.52E-01,1.28E-02,8.80E+01,2.87E-05,3.23E-01,1.72E-01,2.51E-01,2.23E+02,1.50E+01,2.38E+02,0.000202609,0.000212118
3.97E+04,1.74E+05,1.93E+02,2.60E+00,1.28E-02,8.80E+01,2.87E-05,3.23E-01,1.72E-01,2.51E-01,2.23E+02,1.50E+01,2.38E+02,0.000202608,0.000212117
3.97E+04,1.75E+05,4.79E+01,7.52E-01,1.28E-02,8.80E+01,2.86E-05,3.22E-01,1.72E-01,2.49E-01,2.22E+02,1.47E+01,2.36E+02,0.000202476,0.00021198
3.97E+04,1.75E+05,1.92E+02,2.60E+00,1.28E-02,8.80E+01,2.86E-05,3.22E-01,1.72E-01,2.49E-01,2.22E+02,1.47E+01,2.36E+02,0.000202476,0.00021198
3.97E+04,174699,4.90E+01,7.53E-01,1.28E-02,8.80E+01,2.86E-05,3.24E-01,1.72E-01,2.53E-01,2.24E+02,1.53E+01,2.39E+02,0.000202345,0.000211843
3.97E+04,1.75E+05,1.94E+02,2.60E+00,1.28E-02,8.80E+01,2.86E-05,3.24E-01,1.72E-01,2.53E-01,2.24E+02,1.53E+01,2.39E+02,0.000202344,0.000211842
3.98E+04,1.75E+05,4.75E+01,7.53E-01,1.27E-02,8.80E+01,2.86E-05,3.23E-01,1.73E-01,2.46E-01,2.22E+02,1.43E+01,2.36E+02,0.000202212,0.000211705
3.98E+04,1.75E+05,1.93E+02,2.60E+00,1.27E-02,8.80E+01,2.86E-05,3.23E-01,1.73E-01,2.46E-01,2.22E+02,1.43E+01,2.36E+02,0.000202212,0.000211705
3.98E+04,1.75E+05,4.76E+01,7.54E-01,1.27E-02,8.80E+01,2.86E-05,3.23E-01,1.73E-01,2.46E-01,2.22E+02,1.43E+01,2.36E+02,0.000202081,0.000211568
3.98E+04,1.75E+05,1.93E+02,2.60E+00,1.27E-02,8.80E+01,2.86E-05,3.23E-01,1.73E-01,2.46E-01,2.22E+02,1.43E+01,2.36E+02,0.000202081,0.000211568
3.98E+04,1.75E+05,4.80E+01,7.54E-01,1.27E-02,8.80E+01,2.86E-05,3.24E-01,1.73E-01,2.48E-01,2.23E+02,1.46E+01,2.37E+02,0.000201949,0.000211431
3.98E+04,1.75E+05,1.94E+02,2.60E+00,1.27E-02,8.80E+01,2.86E-05,3.24E-01,1.73E-01,2.48E-01,2.23E+02,1.46E+01,2.37E+02,0.000201949,0.000211431
3.98E+04,175099,4.85E+01,7.53E-01,1.28E-02,8.80E+01,2.86E-05,3.23E-01,1.72E-01,2.51E-01,2.23E+02,1.50E+01,2.38E+02,0.000201819,0.000211295
3.98E+04,1.75E+05,1.93E+02,2.60E+00,1.28E-02,8.80E+01,2.86E-05,3.23E-01,1.72E-01,2.51E-01,2.23E+02,1.50E+01,2.38E+02,0.000201818,0.000211295
3.98E+04,1.75E+05,4.75E+01,7.54E-01,1.26E-02,8.80E+01,2.85E-05,3.24E-01,1.74E-01,2.45E-01,2.22E+02,1.42E+01,2.36E+02,0.000201687,0.000211158
3.98E+04,1.75E+05,1.94E+02,2.60E+00,1.26E-02,8.80E+01,2.85E-05,3.24E-01,1.74E-01,2.45E-01,2.22E+02,1.42E+01,2.36E+02,0.000201687,0.000211158
3.99E+04,1.75E+05,4.80E+01,7.53E-01,1.27E-02,8.80E+01,2.85E-05,3.22E-01,1.73E-01,2.49E-01,2.22E+02,1.47E+01,2.37E+02,0.000201556,0.000211022
3.99E+04,1.75E+05,1.93E+02,2.60E+00,1.27E-02,8.80E+01,2.85E-05,3.22E-01,1.73E-01,2.49E-01,2.22E+02,1.47E+01,2.37E+02,0.000201556,0.000211022
3.99E+04,1.75E+05,4.74E+01,7.52E-01,1.26E-02,8.80E+01,2.85E-05,3.24E-01,1.75E-01,2.44E-01,2.23E+02,1.41E+01,2.37E+02,0.000201425,0.000210886
3.99E+04,175400,1.94E+02,2.60E+00,1.26E-02,8.80E+01,2.85E-05,3.24E-01,1.75E-01,2.44E-01,2.23E+02,1.41E+01,2.37E+02,0.000201425,0.000210885
3.99E+04,175499,4.80E+01,7.52E-01,1.27E-02,8.80E+01,2.85E-05,3.23E-01,1.73E-01,2.48E-01,2.22E+02,1.46E+01,2.37E+02,0.000201295,0.000210751
3.99E+04,1.75E+05,1.93E+02,2.60E+00,1.27E-02,8.80E+01,2.85E-05,3.23E-01,1.73E-01,2.48E-01,2.22E+02,1.46E+01,2.37E+02,0.000201295,0.00021075
3.99E+04,1.76E+05,4.73E+01,7.51E-01,1.27E-02,8.80E+01,2.85E-05,3.22E-01,1.73E-01,2.46E-01,2.21E+02,1.42E+01,2.35E+02,0.000201164,0.000210614
3.99E+04,1.76E+05,1.93E+02,2.60E+00,1.27E-02,8.80E+01,2.85E-05,3.22E-01,1.73E-01,2.46E-01,2.21E+02,1.42E+01,2.35E+02,0.000201164,0.000210614
4.00E+04,1.76E+05,4.74E+01,7.52E-01,1.27E-02,8.80E+01,2.85E-05,3.23E-01,1.74E-01,2.46E-01,2.22E+02,1.42E+01,2.36E+02,0.000201034,0.000210478
4.00E+04,1.76E+05,1.93E+02,2.60E+00,1.27E-02,8.80E+01,2.85E-05,3.23E-01,1.74E-01,2.46E-01,2.22E+02,1.42E+01,2.36E+02,0.000201034,0.000210478
4.00E+04,175799,4.79E+01,7.53E-01,1.26E-02,8.80E+01,2.85E-05,3.24E-01,1.73E-01,2.47E-01,2.23E+02,1.45E+01,2.37E+02,0.000200905,0.000210344
4.00E+04,175800,1.94E+02,2.60E+00,1.26E-02,8.80E+01,2.85E-05,3.24E-01,1.73E-01,2.47E-01,2.23E+02,1.45E+01,2.37E+02,0.000200903,0.000210342
4.00E+04,1.76E+05,4.72E+01,7.50E-01,1.27E-02,8.80E+01,2.84E-05,3.22E-01,1.74E-01,2.45E-01,2.22E+02,1.41E+01,2.36E+02,0.000200774,0.000210208
4.00E+04,1.76E+05,1.93E+02,2.60E+00,1.27E-02,8.80E+01,2.84E-05,3.22E-01,1.74E-01,2.45E-01,2.22E+02,1.41E+01,2.36E+02,0.000200774,0.000210208
4.00E+04,175999,4.84E+01,7.51E-01,1.28E-02,8.80E+01,2.84E-05,3.23E-01,1.72E-01,2.51E-01,2.23E+02,1.50E+01,2.38E+02,0.000200645,0.000210073
4.00E+04,1.76E+05,1.93E+02,2.60E+00,1.28E-02,8.80E+01,2.84E-05,3.23E-01,1.72E-01,2.51E-01,2.23E+02,1.50E+01,2.38E+02,0.000200644,0.000210072
4.00E+04,176099,4.78E+01,7.51E-01,1.27E-02,8.80E+01,2.84E-05,3.23E-01,1.73E-01,2.48E-01,2.22E+02,1.45E+01,2.37E+02,0.000200515,0.000209938
4.00E+04,1.76E+05,1.93E+02,2.60E+00,1.27E-02,8.80E+01,2.84E-05,3.23E-01,1.73E-01,2.48E-01,2.22E+02,1.45E+01,2.37E+02,0.000200514,0.000209937
4.01E+04,176199,4.91E+01,7.53E-01,1.29E-02,8.80E+01,2.84E-05,3.21E-01,1.70E-01,2.55E-01,2.23E+02,1.55E+01,2.38E+02,0.000200386,0.000209803
4.01E+04,1.76E+05,1.92E+02,2.60E+00,1.29E-02,8.80E+01,2.84E-05,3.21E-01,1.70E-01,2.55E-01,2.23E+02,1.55E+01,2.38E+02,0.000200385,0.000209803
4.01E+04,176299,4.78E+01,7.51E-01,1.27E-02,8.81E+01,2.84E-05,3.22E-01,1.73E-01,2.48E-01,2.22E+02,1.45E+01,2.37E+02,0.000200256,0.000209669
4.01E+04,1.76E+05,1.93E+02,2.60E+00,1.27E-02,8.81E+01,2.84E-05,3.22E-01,1.73E-01,2.48E-01,2.22E+02,1.45E+01,2.37E+02,0.000200256,0.000209668
4.01E+04,1.76E+05,4.75E+01,7.53E-01,1.26E-02,8.81E+01,2.84E-05,3.24E-01,1.74E-01,2.45E-01,2.22E+02,1.42E+01,2.37E+02,0.000200126,0.000209533
4.01E+04,176400,1.94E+02,2.60E+00,1.26E-02,8.81E+01,2.84E-05,3.24E-01,1.74E-01,2.45E-01,2.22E+02,1.42E+01,2.37E+02,0.000200126,0.000209533
4.02E+04,1.76E+05,4.74E+01,7.52E-01,1.27E-02,8.81E+01,2.83E-05,3.22E-01,1.73E-01,2.46E-01,2.21E+02,1.43E+01,2.36E+02,0.000199997,0.000209399
4.02E+04,1.76E+05,1.93E+02,2.60E+00,1.27E-02,8.81E+01,2.83E-05,3.22E-01,1.73E-01,2.46E-01,2.21E+02,1.43E+01,2.36E+02,0.000199997,0.000209399
4.02E+04,1.77E+05,4.69E+01,7.52E-01,1.26E-02,8.81E+01,2.83E-05,3.23E-01,1.74E-01,2.43E-01,2.22E+02,1.39E+01,2.35E+02,0.000199869,0.000209265
4.02E+04,176600,1.94E+02,2.60E+00,1.26E-02,8.81E+01,2.83E-05,3.23E-01,1.74E-01,2.43E-01,2.22E+02,1.39E+01,2.35E+02,0.000199868,0.000209264
4.02E+04,176699,4.78E+01,7.51E-01,1.27E-02,8.81E+01,2.83E-05,3.23E-01,1.74E-01,2.47E-01,2.23E+02,1.45E+01,2.37E+02,0.00019974,0.000209132
4.02E+04,176700,1.94E+02,2.60E+00,1.27E-02,8.81E+01,2.83E-05,3.23E-01,1.74E-01,2.47E-01,2.23E+02,1.45E+01,2.37E+02,0.000199739,0.00020913
4.02E+04,176799,4.78E+01,7.53E-01,1.27E-02,8.81E+01,2.83E-05,3.23E-01,1.73E-01,2.47E-01,2.23E+02,1.45E+01,2.37E+02,0.000199612,0.000208998
4.02E+04,176800,1.94E+02,2.60E+00,1.27E-02,8.81E+01,2.83E-05,3.23E-01,1.73E-01,2.47E-01,2.23E+02,1.45E+01,2.37E+02,0.000199611,0.000208996
4.02E+04,176899,4.78E+01,7.52E-01,1.27E-02,8.81E+01,2.83E-05,3.22E-01,1.73E-01,2.48E-01,2.22E+02,1.45E+01,2.36E+02,0.000199483,0.000208864
4.02E+04,1.77E+05,1.93E+02,2.59E+00,1.27E-02,8.81E+01,2.83E-05,3.22E-01,1.73E-01,2.48E-01,2.22E+02,1.45E+01,2.36E+02,0.000199483,0.000208863
4.03E+04,176999,4.79E+01,7.51E-01,1.27E-02,8.81E+01,2.83E-05,3.23E-01,1.73E-01,2.47E-01,2.22E+02,1.45E+01,2.37E+02,0.000199355,0.000208731
4.03E+04,177000,1.94E+02,2.59E+00,1.27E-02,8.81E+01,2.83E-05,3.23E-01,1.73E-01,2.47E-01,2.22E+02,1.45E+01,2.37E+02,0.000199354,0.000208729
4.03E+04,1.77E+05,4.68E+01,7.53E-01,1.26E-02,8.81E+01,2.83E-05,3.22E-01,1.74E-01,2.42E-01,2.21E+02,1.38E+01,2.35E+02,0.000199226,0.000208597
4.03E+04,1.77E+05,1.93E+02,2.60E+00,1.26E-02,8.81E+01,2.83E-05,3.22E-01,1.74E-01,2.42E-01,2.21E+02,1.38E+01,2.35E+02,0.000199226,0.000208597
4.03E+04,177199,4.78E+01,7.52E-01,1.27E-02,8.81E+01,2.82E-05,3.22E-01,1.73E-01,2.48E-01,2.22E+02,1.45E+01,2.36E+02,0.000199099,0.000208464
4.03E+04,1.77E+05,1.93E+02,2.60E+00,1.27E-02,8.81E+01,2.82E-05,3.22E-01,1.73E-01,2.48E-01,2.22E+02,1.45E+01,2.36E+02,0.000199099,0.000208463
4.03E+04,177299,4.78E+01,7.50E-01,1.28E-02,8.81E+01,2.82E-05,3.21E-01,1.72E-01,2.48E-01,2.22E+02,1.46E+01,2.36E+02,0.000198971,0.000208331
4.03E+04,1.77E+05,1.92E+02,2.60E+00,1.28E-02,8.81E+01,2.82E-05,3.21E-01,1.72E-01,2.48E-01,2.22E+02,1.46E+01,2.36E+02,0.000198971,0.00020833
4.04E+04,177399,4.75E+01,7.53E-01,1.27E-02,8.81E+01,2.82E-05,3.21E-01,1.72E-01,2.47E-01,2.21E+02,1.44E+01,2.35E+02,0.000198844,0.000208198
4.04E+04,1.77E+05,1.92E+02,2.60E+00,1.27E-02,8.81E+01,2.82E-05,3.21E-01,1.72E-01,2.47E-01,2.21E+02,1.44E+01,2.35E+02,0.000198843,0.000208197
4.04E+04,177499,4.80E+01,7.53E-01,1.27E-02,8.81E+01,2.82E-05,3.22E-01,1.72E-01,2.49E-01,2.22E+02,1.47E+01,2.37E+02,0.000198716,0.000208065
4.04E+04,1.77E+05,1.93E+02,2.60E+00,1.27E-02,8.81E+01,2.82E-05,3.22E-01,1.72E-01,2.49E-01,2.22E+02,1.47E+01,2.37E+02,0.000198716,0.000208065
4.04E+04,177599,4.80E+01,7.52E-01,1.28E-02,8.81E+01,2.82E-05,3.21E-01,1.71E-01,2.50E-01,2.21E+02,1.48E+01,2.36E+02,0.000198589,0.000207933
4.04E+04,1.78E+05,1.92E+02,2.60E+00,1.28E-02,8.81E+01,2.82E-05,3.21E-01,1.71E-01,2.50E-01,2.21E+02,1.48E+01,2.36E+02,0.000198588,0.000207932
4.04E+04,177699,4.74E+01,7.52E-01,1.27E-02,8.81E+01,2.82E-05,3.22E-01,1.73E-01,2.46E-01,2.22E+02,1.43E+01,2.36E+02,0.000198462,0.0002078
4.04E+04,1.78E+05,1.93E+02,2.60E+00,1.27E-02,8.81E+01,2.82E-05,3.22E-01,1.73E-01,2.46E-01,2.22E+02,1.43E+01,2.36E+02,0.000198461,0.0002078
4.04E+04,177799,4.79E+01,7.51E-01,1.27E-02,8.81E+01,2.81E-05,3.22E-01,1.72E-01,2.49E-01,2.22E+02,1.46E+01,2.37E+02,0.000198335,0.000207668
4.04E+04,1.78E+05,1.93E+02,2.60E+00,1.27E-02,8.81E+01,2.81E-05,3.22E-01,1.72E-01,2.49E-01,2.22E+02,1.46E+01,2.37E+02,0.000198334,0.000207667
4.05E+04,177899,4.80E+01,7.52E-01,1.27E-02,8.81E+01,2.81E-05,3.23E-01,1.73E-01,2.48E-01,2.22E+02,1.46E+01,2.37E+02,0.000198208,0.000207536
4.05E+04,177900,1.93E+02,2.60E+00,1.27E-02,8.81E+01,2.81E-05,3.23E-01,1.73E-01,2.48E-01,2.22E+02,1.46E+01,2.37E+02,0.000198207,0.000207535
4.05E+04,177999,4.79E+01,7.52E-01,1.28E-02,8.81E+01,2.81E-05,3.20E-01,1.71E-01,2.50E-01,2.21E+02,1.47E+01,2.36E+02,0.000198081,0.000207404
4.05E+04,1.78E+05,1.92E+02,2.59E+00,1.28E-02,8.81E+01,2.81E-05,3.20E-01,1.71E-01,2.50E-01,2.21E+02,1.47E+01,2.36E+02,0.000198081,0.000207403
4.05E+04,178099,4.86E+01,7.52E-01,1.28E-02,8.81E+01,2.81E-05,3.21E-01,1.71E-01,2.52E-01,2.22E+02,1.51E+01,2.38E+02,0.000197955,0.000207272
4.05E+04,1.78E+05,1.93E+02,2.60E+00,1.28E-02,8.81E+01,2.81E-05,3.21E-01,1.71E-01,2.52E-01,2.22E+02,1.51E+01,2.38E+02,0.000197954,0.000207272
4.05E+04,1.78E+05,4.68E+01,7.52E-01,1.27E-02,8.81E+01,2.81E-05,3.22E-01,1.74E-01,2.43E-01,2.21E+02,1.39E+01,2.35E+02,0.000197828,0.00020714
4.05E+04,1.78E+05,1.93E+02,2.60E+00,1.27E-02,8.81E+01,2.81E-05,3.22E-01,1.74E-01,2.43E-01,2.21E+02,1.39E+01,2.35E+02,0.000197828,0.00020714
4.05E+04,178299,4.74E+01,7.50E-01,1.27E-02,8.81E+01,2.81E-05,3.21E-01,1.73E-01,2.46E-01,2.22E+02,1.43E+01,2.36E+02,0.000197702,0.000207009
4.05E+04,1.78E+05,1.93E+02,2.60E+00,1.27E-02,8.81E+01,2.81E-05,3.21E-01,1.73E-01,2.46E-01,2.22E+02,1.43E+01,2.36E+02,0.000197701,0.000207009
4.06E+04,178399,4.83E+01,7.57E-01,1.27E-02,8.81E+01,2.81E-05,3.24E-01,1.73E-01,2.49E-01,2.23E+02,1.48E+01,2.38E+02,0.000197576,0.000206878
4.06E+04,178400,1.94E+02,2.60E+00,1.27E-02,8.81E+01,2.81E-05,3.24E-01,1.73E-01,2.49E-01,2.23E+02,1.48E+01,2.38E+02,0.000197575,0.000206877
4.06E+04,1.78E+05,4.75E+01,7.55E-01,1.27E-02,8.81E+01,2.80E-05,3.22E-01,1.73E-01,2.46E-01,2.21E+02,1.43E+01,2.36E+02,0.000197449,0.000206746
4.06E+04,178500,1.93E+02,2.60E+00,1.27E-02,8.81E+01,2.80E-05,3.22E-01,1.73E-01,2.46E-01,2.21E+02,1.43E+01,2.36E+02,0.000197449,0.000206745
4.06E+04,1.79E+05,4.75E+01,7.55E-01,1.26E-02,8.81E+01,2.80E-05,3.23E-01,1.74E-01,2.45E-01,2.22E+02,1.42E+01,2.36E+02,0.000197323,0.000206615
4.06E+04,178600,1.93E+02,2.60E+00,1.26E-02,8.81E+01,2.80E-05,3.23E-01,1.74E-01,2.45E-01,2.22E+02,1.42E+01,2.36E+02,0.000197323,0.000206614
4.06E+04,1.79E+05,4.71E+01,7.55E-01,1.27E-02,8.81E+01,2.80E-05,3.21E-01,1.73E-01,2.45E-01,2.21E+02,1.40E+01,2.35E+02,0.000197198,0.000206484
4.06E+04,1.79E+05,1.92E+02,2.60E+00,1.27E-02,8.81E+01,2.80E-05,3.21E-01,1.73E-01,2.45E-01,2.21E+02,1.40E+01,2.35E+02,0.000197198,0.000206484
4.07E+04,178799,4.80E+01,7.54E-01,1.27E-02,8.81E+01,2.80E-05,3.22E-01,1.72E-01,2.49E-01,2.22E+02,1.46E+01,2.37E+02,0.000197073,0.000206354
4.07E+04,178800,1.93E+02,2.60E+00,1.27E-02,8.81E+01,2.80E-05,3.22E-01,1.72E-01,2.49E-01,2.22E+02,1.46E+01,2.37E+02,0.000197072,0.000206353
4.07E+04,178899,4.80E+01,7.55E-01,1.27E-02,8.81E+01,2.80E-05,3.22E-01,1.72E-01,2.49E-01,2.22E+02,1.47E+01,2.37E+02,0.000196948,0.000206224
4.07E+04,178900,1.93E+02,2.60E+00,1.27E-02,8.81E+01,2.80E-05,3.22E-01,1.72E-01,2.49E-01,2.22E+02,1.47E+01,2.37E+02,0.000196946,0.000206222
4.07E+04,178999,4.83E+01,7.52E-01,1.28E-02,8.81E+01,2.80E-05,3.22E-01,1.72E-01,2.51E-01,2.22E+02,1.49E+01,2.37E+02,0.000196822,0.000206093
4.07E+04,179000,1.93E+02,2.60E+00,1.28E-02,8.81E+01,2.80E-05,3.22E-01,1.72E-01,2.51E-01,2.22E+02,1.49E+01,2.37E+02,0.000196821,0.000206092
4.07E+04,1.79E+05,4.72E+01,7.51E-01,1.27E-02,8.81E+01,2.80E-05,3.21E-01,1.73E-01,2.46E-01,2.21E+02,1.42E+01,2.35E+02,0.000196697,0.000205963
4.07E+04,1.79E+05,1.92E+02,2.60E+00,1.27E-02,8.81E+01,2.80E-05,3.21E-01,1.73E-01,2.46E-01,2.21E+02,1.42E+01,2.35E+02,0.000196697,0.000205963
4.07E+04,179199,4.78E+01,7.52E-01,1.27E-02,8.81E+01,2.79E-05,3.22E-01,1.73E-01,2.48E-01,2.22E+02,1.45E+01,2.36E+02,0.000196572,0.000205833
4.07E+04,179200,1.93E+02,2.60E+00,1.27E-02,8.81E+01,2.79E-05,3.22E-01,1.73E-01,2.48E-01,2.22E+02,1.45E+01,2.36E+02,0.000196571,0.000205832
4.08E+04,1.79E+05,4.67E+01,7.51E-01,1.27E-02,8.81E+01,2.79E-05,3.21E-01,1.73E-01,2.43E-01,2.21E+02,1.39E+01,2.34E+02,0.000196447,0.000205703
4.08E+04,1.79E+05,1.92E+02,2.60E+00,1.27E-02,8.81E+01,2.79E-05,3.21E-01,1.73E-01,2.43E-01,2.21E+02,1.39E+01,2.34E+02,0.000196447,0.000205703
4.08E+04,179399,4.82E+01,7.54E-01,1.27E-02,8.81E+01,2.79E-05,3.23E-01,1.73E-01,2.49E-01,2.23E+02,1.47E+01,2.38E+02,0.000196323,0.000205573
4.08E+04,179400,1.93E+02,2.60E+00,1.27E-02,8.81E+01,2.79E-05,3.23E-01,1.73E-01,2.49E-01,2.23E+02,1.47E+01,2.38E+02,0.000196322,0.000205572
4.08E+04,1.79E+05,4.74E+01,7.54E-01,1.26E-02,8.81E+01,2.79E-05,3.22E-01,1.73E-01,2.46E-01,2.22E+02,1.42E+01,2.36E+02,0.000196198,0.000205443
4.08E+04,179500,1.93E+02,2.60E+00,1.26E-02,8.81E+01,2.79E-05,3.22E-01,1.73E-01,2.46E-01,2.22E+02,1.42E+01,2.36E+02,0.000196197,0.000205443
4.09E+04,179599,4.81E+01,7.53E-01,1.28E-02,8.81E+01,2.79E-05,3.20E-01,1.71E-01,2.50E-01,2.21E+02,1.48E+01,2.36E+02,0.000196074,0.000205314
4.09E+04,1.80E+05,1.92E+02,2.60E+00,1.28E-02,8.81E+01,2.79E-05,3.20E-01,1.71E-01,2.50E-01,2.21E+02,1.48E+01,2.36E+02,0.000196074,0.000205314
4.09E+04,1.80E+05,4.75E+01,7.52E-01,1.27E-02,8.81E+01,2.79E-05,3.21E-01,1.73E-01,2.47E-01,2.21E+02,1.44E+01,2.36E+02,0.000195949,0.000205185
4.09E+04,1.80E+05,1.93E+02,2.60E+00,1.27E-02,8.81E+01,2.79E-05,3.21E-01,1.73E-01,2.47E-01,2.21E+02,1.44E+01,2.36E+02,0.000195949,0.000205185
4.09E+04,1.80E+05,4.74E+01,7.52E-01,1.27E-02,8.81E+01,2.78E-05,3.21E-01,1.73E-01,2.46E-01,2.21E+02,1.43E+01,2.36E+02,0.000195825,0.000205055
4.09E+04,1.80E+05,1.93E+02,2.60E+00,1.27E-02,8.81E+01,2.78E-05,3.21E-01,1.73E-01,2.46E-01,2.21E+02,1.43E+01,2.36E+02,0.000195825,0.000205055
4.09E+04,179899,1.93E+02,2.60E+00,1.26E-02,8.82E+01,2.78E-05,3.23E-01,1.74E-01,2.45E-01,2.22E+02,1.42E+01,2.36E+02,0.000195702,0.000204927
4.09E+04,1.80E+05,4.74E+01,7.52E-01,1.26E-02,8.82E+01,2.78E-05,3.23E-01,1.74E-01,2.45E-01,2.22E+02,1.42E+01,2.36E+02,0.000195702,0.000204926
4.09E+04,1.80E+05,4.75E+01,7.53E-01,1.27E-02,8.82E+01,2.78E-05,3.21E-01,1.72E-01,2.47E-01,2.21E+02,1.43E+01,2.35E+02,0.000195578,0.000204798
4.09E+04,1.80E+05,1.93E+02,2.60E+00,1.27E-02,8.82E+01,2.78E-05,3.21E-01,1.72E-01,2.47E-01,2.21E+02,1.43E+01,2.35E+02,0.000195578,0.000204798
4.10E+04,180099,4.79E+01,7.52E-01,1.28E-02,8.82E+01,2.78E-05,3.21E-01,1.72E-01,2.49E-01,2.22E+02,1.47E+01,2.36E+02,0.000195455,0.00020467
4.10E+04,1.80E+05,1.93E+02,2.60E+00,1.28E-02,8.82E+01,2.78E-05,3.21E-01,1.72E-01,2.49E-01,2.22E+02,1.47E+01,2.36E+02,0.000195454,0.000204669
4.10E+04,180199,4.80E+01,7.51E-01,1.27E-02,8.82E+01,2.78E-05,3.22E-01,1.72E-01,2.49E-01,2.22E+02,1.46E+01,2.37E+02,0.000195331,0.000204541
4.10E+04,180200,1.93E+02,2.60E+00,1.27E-02,8.82E+01,2.78E-05,3.22E-01,1.72E-01,2.49E-01,2.22E+02,1.46E+01,2.37E+02,0.00019533,0.00020454
4.10E+04,180299,4.80E+01,7.53E-01,1.28E-02,8.82E+01,2.78E-05,3.21E-01,1.72E-01,2.49E-01,2.22E+02,1.47E+01,2.37E+02,0.000195208,0.000204413
4.10E+04,1.80E+05,1.93E+02,2.60E+00,1.28E-02,8.82E+01,2.78E-05,3.21E-01,1.72E-01,2.49E-01,2.22E+02,1.47E+01,2.37E+02,0.000195208,0.000204412
4.10E+04,180399,4.77E+01,7.56E-01,1.27E-02,8.82E+01,2.78E-05,3.21E-01,1.72E-01,2.48E-01,2.21E+02,1.45E+01,2.36E+02,0.000195085,0.000204284
4.10E+04,1.80E+05,1.92E+02,2.60E+00,1.27E-02,8.82E+01,2.78E-05,3.21E-01,1.72E-01,2.48E-01,2.21E+02,1.45E+01,2.36E+02,0.000195084,0.000204284
4.11E+04,180499,4.82E+01,7.54E-01,1.28E-02,8.82E+01,2.77E-05,3.21E-01,1.71E-01,2.51E-01,2.21E+02,1.48E+01,2.36E+02,0.000194962,0.000204156
4.11E+04,1.80E+05,1.92E+02,2.60E+00,1.28E-02,8.82E+01,2.77E-05,3.21E-01,1.71E-01,2.51E-01,2.21E+02,1.48E+01,2.36E+02,0.000194961,0.000204156
4.11E+04,1.81E+05,4.71E+01,7.53E-01,1.27E-02,8.82E+01,2.77E-05,3.21E-01,1.73E-01,2.45E-01,2.21E+02,1.41E+01,2.35E+02,0.000194839,0.000204028
4.11E+04,1.81E+05,1.92E+02,2.60E+00,1.27E-02,8.82E+01,2.77E-05,3.21E-01,1.73E-01,2.45E-01,2.21E+02,1.41E+01,2.35E+02,0.000194839,0.000204028
4.11E+04,180699,4.74E+01,7.53E-01,1.27E-02,8.82E+01,2.77E-05,3.20E-01,1.72E-01,2.47E-01,2.21E+02,1.43E+01,2.35E+02,0.000194716,0.000203901
4.11E+04,1.81E+05,1.92E+02,2.60E+00,1.27E-02,8.82E+01,2.77E-05,3.20E-01,1.72E-01,2.47E-01,2.21E+02,1.43E+01,2.35E+02,0.000194716,0.0002039
4.11E+04,1.81E+05,4.68E+01,7.53E-01,1.27E-02,8.82E+01,2.77E-05,3.20E-01,1.73E-01,2.44E-01,2.20E+02,1.39E+01,2.34E+02,0.000194593,0.000203772
4.11E+04,1.81E+05,1.92E+02,2.60E+00,1.27E-02,8.82E+01,2.77E-05,3.20E-01,1.73E-01,2.44E-01,2.20E+02,1.39E+01,2.34E+02,0.000194593,0.000203772
4.11E+04,1.81E+05,4.69E+01,7.53E-01,1.26E-02,8.82E+01,2.77E-05,3.22E-01,1.74E-01,2.43E-01,2.21E+02,1.39E+01,2.35E+02,0.000194471,0.000203645
4.11E+04,180900,1.93E+02,2.60E+00,1.26E-02,8.82E+01,2.77E-05,3.22E-01,1.74E-01,2.43E-01,2.21E+02,1.39E+01,2.35E+02,0.00019447,0.000203644
4.12E+04,1.81E+05,4.69E+01,7.53E-01,1.27E-02,8.82E+01,2.77E-05,3.20E-01,1.72E-01,2.44E-01,2.20E+02,1.40E+01,2.34E+02,0.000194349,0.000203518
4.12E+04,1.81E+05,1.92E+02,2.60E+00,1.27E-02,8.82E+01,2.77E-05,3.20E-01,1.72E-01,2.44E-01,2.20E+02,1.40E+01,2.34E+02,0.000194349,0.000203518
4.12E+04,181099,4.79E+01,7.53E-01,1.28E-02,8.82E+01,2.77E-05,3.20E-01,1.71E-01,2.49E-01,2.21E+02,1.47E+01,2.36E+02,0.000194227,0.000203391
4.12E+04,1.81E+05,1.92E+02,2.60E+00,1.28E-02,8.82E+01,2.77E-05,3.20E-01,1.71E-01,2.49E-01,2.21E+02,1.47E+01,2.36E+02,0.000194227,0.000203391
4.12E+04,181199,4.80E+01,7.54E-01,1.28E-02,8.82E+01,2.76E-05,3.21E-01,1.72E-01,2.49E-01,2.22E+02,1.47E+01,2.36E+02,0.000194105,0.000203264
4.12E+04,181200,1.93E+02,2.60E+00,1.28E-02,8.82E+01,2.76E-05,3.21E-01,1.72E-01,2.49E-01,2.22E+02,1.47E+01,2.36E+02,0.000194104,0.000203263
4.12E+04,181299,4.74E+01,7.52E-01,1.28E-02,8.82E+01,2.76E-05,3.19E-01,1.71E-01,2.47E-01,2.20E+02,1.44E+01,2.35E+02,0.000193983,0.000203137
4.12E+04,1.81E+05,1.91E+02,2.60E+00,1.28E-02,8.82E+01,2.76E-05,3.19E-01,1.71E-01,2.47E-01,2.20E+02,1.44E+01,2.35E+02,0.000193983,0.000203137
4.13E+04,1.81E+05,4.73E+01,7.53E-01,1.28E-02,8.82E+01,2.76E-05,3.20E-01,1.72E-01,2.47E-01,2.21E+02,1.43E+01,2.35E+02,0.000193861,0.00020301
4.13E+04,1.81E+05,1.92E+02,2.60E+00,1.28E-02,8.82E+01,2.76E-05,3.20E-01,1.72E-01,2.47E-01,2.21E+02,1.43E+01,2.35E+02,0.000193861,0.00020301
4.13E+04,181499,4.77E+01,7.50E-01,1.28E-02,8.82E+01,2.76E-05,3.21E-01,1.72E-01,2.48E-01,2.22E+02,1.45E+01,2.36E+02,0.00019374,0.000202884
4.13E+04,1.81E+05,1.92E+02,2.60E+00,1.28E-02,8.82E+01,2.76E-05,3.21E-01,1.72E-01,2.48E-01,2.22E+02,1.45E+01,2.36E+02,0.000193739,0.000202883
4.13E+04,1.82E+05,4.72E+01,7.53E-01,1.27E-02,8.82E+01,2.76E-05,3.21E-01,1.72E-01,2.45E-01,2.21E+02,1.41E+01,2.35E+02,0.000193618,0.000202757
4.13E+04,1.82E+05,1.92E+02,2.60E+00,1.27E-02,8.82E+01,2.76E-05,3.21E-01,1.72E-01,2.45E-01,2.21E+02,1.41E+01,2.35E+02,0.000193618,0.000202757
4.13E+04,1.82E+05,4.72E+01,7.52E-01,1.27E-02,8.82E+01,2.76E-05,3.21E-01,1.72E-01,2.45E-01,2.21E+02,1.41E+01,2.35E+02,0.000193497,0.000202631
4.13E+04,1.82E+05,1.92E+02,2.60E+00,1.27E-02,8.82E+01,2.76E-05,3.21E-01,1.72E-01,2.45E-01,2.21E+02,1.41E+01,2.35E+02,0.000193497,0.000202631
4.13E+04,181799,4.78E+01,7.53E-01,1.28E-02,8.82E+01,2.76E-05,3.19E-01,1.71E-01,2.49E-01,2.21E+02,1.46E+01,2.35E+02,0.000193376,0.000202505
4.13E+04,1.82E+05,1.92E+02,2.60E+00,1.28E-02,8.82E+01,2.76E-05,3.19E-01,1.71E-01,2.49E-01,2.21E+02,1.46E+01,2.35E+02,0.000193376,0.000202505
4.14E+04,181899,4.78E+01,7.54E-01,1.28E-02,8.82E+01,2.75E-05,3.20E-01,1.71E-01,2.49E-01,2.21E+02,1.46E+01,2.36E+02,0.000193255,0.000202379
4.14E+04,1.82E+05,1.92E+02,2.60E+00,1.28E-02,8.82E+01,2.75E-05,3.20E-01,1.71E-01,2.49E-01,2.21E+02,1.46E+01,2.36E+02,0.000193255,0.000202379
4.14E+04,181999,4.77E+01,7.53E-01,1.28E-02,8.82E+01,2.75E-05,3.19E-01,1.71E-01,2.49E-01,2.21E+02,1.46E+01,2.35E+02,0.000193134,0.000202253
4.14E+04,1.82E+05,1.92E+02,2.60E+00,1.28E-02,8.82E+01,2.75E-05,3.19E-01,1.71E-01,2.49E-01,2.21E+02,1.46E+01,2.35E+02,0.000193134,0.000202253
4.14E+04,1.82E+05,4.72E+01,7.53E-01,1.28E-02,8.82E+01,2.75E-05,3.19E-01,1.72E-01,2.46E-01,2.20E+02,1.42E+01,2.34E+02,0.000193013,0.000202127
4.14E+04,1.82E+05,1.92E+02,2.60E+00,1.28E-02,8.82E+01,2.75E-05,3.19E-01,1.72E-01,2.46E-01,2.20E+02,1.42E+01,2.34E+02,0.000193013,0.000202127
4.14E+04,182199,4.78E+01,7.54E-01,1.28E-02,8.82E+01,2.75E-05,3.21E-01,1.71E-01,2.49E-01,2.21E+02,1.46E+01,2.36E+02,0.000192893,0.000202002
4.14E+04,1.82E+05,1.92E+02,2.60E+00,1.28E-02,8.82E+01,2.75E-05,3.21E-01,1.71E-01,2.49E-01,2.21E+02,1.46E+01,2.36E+02,0.000192893,0.000202002
4.14E+04,182299,4.78E+01,7.53E-01,1.28E-02,8.82E+01,2.75E-05,3.21E-01,1.72E-01,2.49E-01,2.21E+02,1.46E+01,2.36E+02,0.000192773,0.000201877
4.14E+04,1.82E+05,1.92E+02,2.60E+00,1.28E-02,8.82E+01,2.75E-05,3.21E-01,1.72E-01,2.49E-01,2.21E+02,1.46E+01,2.36E+02,0.000192772,0.000201876
4.15E+04,182399,1.93E+02,2.60E+00,1.27E-02,8.82E+01,2.75E-05,3.22E-01,1.72E-01,2.47E-01,2.22E+02,1.44E+01,2.36E+02,0.000192653,0.000201752
4.15E+04,182399,4.76E+01,7.55E-01,1.27E-02,8.82E+01,2.75E-05,3.22E-01,1.72E-01,2.47E-01,2.22E+02,1.44E+01,2.36E+02,0.000192653,0.000201752
4.15E+04,182499,4.74E+01,7.53E-01,1.27E-02,8.82E+01,2.75E-05,3.20E-01,1.72E-01,2.47E-01,2.21E+02,1.43E+01,2.35E+02,0.000192532,0.000201626
4.15E+04,182500,1.92E+02,2.60E+00,1.27E-02,8.82E+01,2.75E-05,3.20E-01,1.72E-01,2.47E-01,2.21E+02,1.43E+01,2.35E+02,0.000192531,0.000201625
4.15E+04,182599,4.79E+01,7.53E-01,1.28E-02,8.82E+01,2.74E-05,3.21E-01,1.71E-01,2.49E-01,2.21E+02,1.46E+01,2.36E+02,0.000192412,0.000201501
4.15E+04,182600,1.92E+02,2.60E+00,1.28E-02,8.82E+01,2.74E-05,3.21E-01,1.71E-01,2.49E-01,2.21E+02,1.46E+01,2.36E+02,0.000192411,0.0002015
4.16E+04,182699,4.73E+01,7.52E-01,1.27E-02,8.82E+01,2.74E-05,3.20E-01,1.72E-01,2.46E-01,2.21E+02,1.42E+01,2.35E+02,0.000192293,0.000201377
4.16E+04,182700,1.92E+02,2.60E+00,1.27E-02,8.82E+01,2.74E-05,3.20E-01,1.72E-01,2.46E-01,2.21E+02,1.42E+01,2.35E+02,0.000192291,0.000201375
4.16E+04,182799,4.73E+01,7.53E-01,1.28E-02,8.82E+01,2.74E-05,3.20E-01,1.72E-01,2.47E-01,2.20E+02,1.43E+01,2.35E+02,0.000192173,0.000201252
4.16E+04,1.83E+05,1.92E+02,2.60E+00,1.28E-02,8.82E+01,2.74E-05,3.20E-01,1.72E-01,2.47E-01,2.20E+02,1.43E+01,2.35E+02,0.000192172,0.000201251
4.16E+04,1.83E+05,4.68E+01,7.52E-01,1.27E-02,8.82E+01,2.74E-05,3.21E-01,1.73E-01,2.43E-01,2.21E+02,1.39E+01,2.34E+02,0.000192053,0.000201127
4.16E+04,182900,1.92E+02,2.60E+00,1.27E-02,8.82E+01,2.74E-05,3.21E-01,1.73E-01,2.43E-01,2.21E+02,1.39E+01,2.34E+02,0.000192052,0.000201126
4.16E+04,1.83E+05,4.69E+01,7.53E-01,1.27E-02,8.82E+01,2.74E-05,3.20E-01,1.72E-01,2.44E-01,2.20E+02,1.39E+01,2.34E+02,0.000191933,0.000201003
4.16E+04,183000,1.92E+02,2.59E+00,1.27E-02,8.82E+01,2.74E-05,3.20E-01,1.72E-01,2.44E-01,2.20E+02,1.39E+01,2.34E+02,0.000191933,0.000201002
4.16E+04,183099,1.93E+02,2.59E+00,1.26E-02,8.82E+01,2.74E-05,3.21E-01,1.73E-01,2.43E-01,2.21E+02,1.39E+01,2.35E+02,0.000191815,0.000200879
4.16E+04,1.83E+05,4.69E+01,7.53E-01,1.26E-02,8.82E+01,2.74E-05,3.21E-01,1.73E-01,2.43E-01,2.21E+02,1.39E+01,2.35E+02,0.000191814,0.000200878
4.17E+04,1.83E+05,4.69E+01,7.52E-01,1.27E-02,8.82E+01,2.74E-05,3.20E-01,1.73E-01,2.44E-01,2.20E+02,1.39E+01,2.34E+02,0.000191695,0.000200754
4.17E+04,183200,1.92E+02,2.60E+00,1.27E-02,8.82E+01,2.74E-05,3.20E-01,1.73E-01,2.44E-01,2.20E+02,1.39E+01,2.34E+02,0.000191694,0.000200754
4.17E+04,183299,4.79E+01,7.53E-01,1.29E-02,8.82E+01,2.73E-05,3.18E-01,1.70E-01,2.51E-01,2.20E+02,1.48E+01,2.35E+02,0.000191576,0.000200631
4.17E+04,1.83E+05,1.91E+02,2.60E+00,1.29E-02,8.82E+01,2.73E-05,3.18E-01,1.70E-01,2.51E-01,2.20E+02,1.48E+01,2.35E+02,0.000191576,0.00020063
4.17E+04,1.83E+05,4.74E+01,7.55E-01,1.27E-02,8.82E+01,2.73E-05,3.21E-01,1.72E-01,2.46E-01,2.21E+02,1.43E+01,2.35E+02,0.000191457,0.000200507
4.17E+04,183400,1.92E+02,2.60E+00,1.27E-02,8.82E+01,2.73E-05,3.21E-01,1.72E-01,2.46E-01,2.21E+02,1.43E+01,2.35E+02,0.000191456,0.000200506
4.17E+04,1.83E+05,4.70E+01,7.51E-01,1.27E-02,8.83E+01,2.73E-05,3.21E-01,1.73E-01,2.44E-01,2.21E+02,1.40E+01,2.35E+02,0.000191338,0.000200383
4.17E+04,183500,1.93E+02,2.60E+00,1.27E-02,8.83E+01,2.73E-05,3.21E-01,1.73E-01,2.44E-01,2.21E+02,1.40E+01,2.35E+02,0.000191338,0.000200382
4.18E+04,183599,4.82E+01,7.52E-01,1.29E-02,8.83E+01,2.73E-05,3.19E-01,1.70E-01,2.52E-01,2.21E+02,1.50E+01,2.36E+02,0.00019122,0.00020026
4.18E+04,1.84E+05,1.91E+02,2.60E+00,1.29E-02,8.83E+01,2.73E-05,3.19E-01,1.70E-01,2.52E-01,2.21E+02,1.50E+01,2.36E+02,0.00019122,0.000200259
4.18E+04,183699,4.76E+01,7.53E-01,1.28E-02,8.83E+01,2.73E-05,3.20E-01,1.71E-01,2.48E-01,2.21E+02,1.44E+01,2.35E+02,0.000191102,0.000200137
4.18E+04,183700,1.92E+02,2.60E+00,1.28E-02,8.83E+01,2.73E-05,3.20E-01,1.71E-01,2.48E-01,2.21E+02,1.44E+01,2.35E+02,0.000191101,0.000200135
4.18E+04,183799,4.76E+01,7.53E-01,1.28E-02,8.83E+01,2.73E-05,3.20E-01,1.71E-01,2.48E-01,2.21E+02,1.44E+01,2.35E+02,0.000190984,0.000200013
4.18E+04,183800,1.92E+02,2.59E+00,1.28E-02,8.83E+01,2.73E-05,3.20E-01,1.71E-01,2.48E-01,2.21E+02,1.44E+01,2.35E+02,0.000190982,0.000200012
4.18E+04,183899,4.76E+01,7.51E-01,1.28E-02,8.83E+01,2.73E-05,3.19E-01,1.71E-01,2.49E-01,2.20E+02,1.45E+01,2.35E+02,0.000190865,0.00019989
4.18E+04,1.84E+05,1.91E+02,2.60E+00,1.28E-02,8.83E+01,2.73E-05,3.19E-01,1.71E-01,2.49E-01,2.20E+02,1.45E+01,2.35E+02,0.000190865,0.00019989
4.18E+04,183999,4.75E+01,7.52E-01,1.27E-02,8.83E+01,2.72E-05,3.20E-01,1.72E-01,2.47E-01,2.21E+02,1.44E+01,2.36E+02,0.000190747,0.000199767
4.18E+04,184000,1.92E+02,2.60E+00,1.27E-02,8.83E+01,2.72E-05,3.20E-01,1.72E-01,2.47E-01,2.21E+02,1.44E+01,2.36E+02,0.000190746,0.000199766
4.19E+04,1.84E+05,4.70E+01,7.51E-01,1.28E-02,8.83E+01,2.72E-05,3.18E-01,1.71E-01,2.46E-01,2.20E+02,1.41E+01,2.34E+02,0.000190629,0.000199644
4.19E+04,1.84E+05,1.91E+02,2.59E+00,1.28E-02,8.83E+01,2.72E-05,3.18E-01,1.71E-01,2.46E-01,2.20E+02,1.41E+01,2.34E+02,0.000190629,0.000199644
4.19E+04,1.84E+05,4.70E+01,7.52E-01,1.27E-02,8.83E+01,2.72E-05,3.20E-01,1.72E-01,2.45E-01,2.21E+02,1.41E+01,2.35E+02,0.000190511,0.000199521
4.19E+04,184200,1.92E+02,2.60E+00,1.27E-02,8.83E+01,2.72E-05,3.20E-01,1.72E-01,2.45E-01,2.21E+02,1.41E+01,2.35E+02,0.00019051,0.000199521
4.19E+04,1.84E+05,4.70E+01,7.50E-01,1.27E-02,8.83E+01,2.72E-05,3.20E-01,1.72E-01,2.45E-01,2.21E+02,1.41E+01,2.35E+02,0.000190393,0.000199399
4.19E+04,184300,1.92E+02,2.60E+00,1.27E-02,8.83E+01,2.72E-05,3.20E-01,1.72E-01,2.45E-01,2.21E+02,1.41E+01,2.35E+02,0.000190393,0.000199398
41948,1.84E+05,4.74E+01,7.56E-01,1.28E-02,8.83E+01,2.72E-05,3.20E-01,1.71E-01,2.47E-01,2.21E+02,1.44E+01,2.35E+02,0.000190276,0.000199277
4.19E+04,1.84E+05,1.92E+02,2.60E+00,1.28E-02,8.83E+01,2.72E-05,3.20E-01,1.71E-01,2.47E-01,2.21E+02,1.44E+01,2.35E+02,0.000190276,0.000199277
41968,184499,4.78E+01,7.54E-01,1.27E-02,8.83E+01,2.72E-05,3.21E-01,1.72E-01,2.48E-01,2.21E+02,1.46E+01,2.36E+02,0.000190159,0.000199155
4.20E+04,184500,1.93E+02,2.60E+00,1.27E-02,8.83E+01,2.72E-05,3.21E-01,1.72E-01,2.48E-01,2.21E+02,1.46E+01,2.36E+02,0.000190158,0.000199154
41988,184599,4.77E+01,7.54E-01,1.28E-02,8.83E+01,2.72E-05,3.19E-01,1.71E-01,2.49E-01,2.21E+02,1.46E+01,2.35E+02,0.000190042,0.000199033
4.20E+04,1.85E+05,1.92E+02,2.60E+00,1.28E-02,8.83E+01,2.72E-05,3.19E-01,1.71E-01,2.49E-01,2.21E+02,1.46E+01,2.35E+02,0.000190041,0.000199032
42008,1.85E+05,4.72E+01,7.55E-01,1.28E-02,8.83E+01,2.71E-05,3.18E-01,1.71E-01,2.47E-01,2.20E+02,1.43E+01,2.34E+02,0.000189924,0.00019891
4.20E+04,1.85E+05,1.91E+02,2.60E+00,1.28E-02,8.83E+01,2.71E-05,3.18E-01,1.71E-01,2.47E-01,2.20E+02,1.43E+01,2.34E+02,0.000189924,0.00019891
42028,184799,4.77E+01,7.55E-01,1.28E-02,8.83E+01,2.71E-05,3.19E-01,1.70E-01,2.49E-01,2.20E+02,1.46E+01,2.35E+02,0.000189808,0.000198789
4.20E+04,1.85E+05,1.92E+02,2.60E+00,1.28E-02,8.83E+01,2.71E-05,3.19E-01,1.70E-01,2.49E-01,2.20E+02,1.46E+01,2.35E+02,0.000189807,0.000198788
42048,1.85E+05,4.71E+01,7.53E-01,1.27E-02,8.83E+01,2.71E-05,3.20E-01,1.72E-01,2.45E-01,2.21E+02,1.41E+01,2.35E+02,0.00018969,0.000198667
4.20E+04,184900,1.92E+02,2.60E+00,1.27E-02,8.83E+01,2.71E-05,3.20E-01,1.72E-01,2.45E-01,2.21E+02,1.41E+01,2.35E+02,0.00018969,0.000198666
42068,184999,4.77E+01,7.54E-01,1.27E-02,8.83E+01,2.71E-05,3.21E-01,1.72E-01,2.48E-01,2.21E+02,1.45E+01,2.36E+02,0.000189574,0.000198546
4.21E+04,185000,1.92E+02,2.60E+00,1.27E-02,8.83E+01,2.71E-05,3.21E-01,1.72E-01,2.48E-01,2.21E+02,1.45E+01,2.36E+02,0.000189573,0.000198545
42088,1.85E+05,4.71E+01,7.53E-01,1.27E-02,8.83E+01,2.71E-05,3.20E-01,1.72E-01,2.45E-01,2.20E+02,1.41E+01,2.35E+02,0.000189457,0.000198424
4.21E+04,185100,1.92E+02,2.60E+00,1.27E-02,8.83E+01,2.71E-05,3.20E-01,1.72E-01,2.45E-01,2.20E+02,1.41E+01,2.35E+02,0.000189457,0.000198423
42108,1.85E+05,4.66E+01,7.54E-01,1.27E-02,8.83E+01,2.71E-05,3.20E-01,1.73E-01,2.43E-01,2.20E+02,1.38E+01,2.34E+02,0.000189341,0.000198303
4.21E+04,185200,1.92E+02,2.60E+00,1.27E-02,8.83E+01,2.71E-05,3.20E-01,1.73E-01,2.43E-01,2.20E+02,1.38E+01,2.34E+02,0.00018934,0.000198302
42128,1.85E+05,4.70E+01,7.54E-01,1.27E-02,8.83E+01,2.71E-05,3.20E-01,1.72E-01,2.44E-01,2.21E+02,1.40E+01,2.35E+02,0.000189225,0.000198182
4.21E+04,185300,1.92E+02,2.60E+00,1.27E-02,8.83E+01,2.71E-05,3.20E-01,1.72E-01,2.44E-01,2.21E+02,1.40E+01,2.35E+02,0.000189224,0.000198181
4.22E+04,185399,4.73E+01,7.52E-01,1.27E-02,8.83E+01,2.70E-05,3.20E-01,1.72E-01,2.46E-01,2.21E+02,1.42E+01,2.35E+02,0.000189109,0.000198061
4.22E+04,185400,1.92E+02,2.60E+00,1.27E-02,8.83E+01,2.70E-05,3.20E-01,1.72E-01,2.46E-01,2.21E+02,1.42E+01,2.35E+02,0.000189108,0.00019806
4.22E+04,185499,4.70E+01,7.49E-01,1.28E-02,8.83E+01,2.70E-05,3.19E-01,1.72E-01,2.45E-01,2.20E+02,1.41E+01,2.34E+02,0.000188993,0.00019794
4.22E+04,185500,1.92E+02,2.60E+00,1.28E-02,8.83E+01,2.70E-05,3.19E-01,1.72E-01,2.45E-01,2.20E+02,1.41E+01,2.34E+02,0.000188992,0.000197939
4.22E+04,1.86E+05,4.65E+01,7.50E-01,1.27E-02,8.83E+01,2.70E-05,3.20E-01,1.73E-01,2.42E-01,2.20E+02,1.38E+01,2.34E+02,0.000188877,0.000197819
4.22E+04,185600,1.92E+02,2.60E+00,1.27E-02,8.83E+01,2.70E-05,3.20E-01,1.73E-01,2.42E-01,2.20E+02,1.38E+01,2.34E+02,0.000188876,0.000197819
4.22E+04,1.86E+05,4.65E+01,7.51E-01,1.28E-02,8.83E+01,2.70E-05,3.18E-01,1.72E-01,2.44E-01,2.19E+02,1.38E+01,2.33E+02,0.000188761,0.000197699
4.22E+04,1.86E+05,1.91E+02,2.60E+00,1.28E-02,8.83E+01,2.70E-05,3.18E-01,1.72E-01,2.44E-01,2.19E+02,1.38E+01,2.33E+02,0.000188761,0.000197699
4.23E+04,1.86E+05,4.65E+01,7.49E-01,1.28E-02,8.83E+01,2.70E-05,3.17E-01,1.71E-01,2.44E-01,2.19E+02,1.39E+01,2.33E+02,0.000188645,0.000197578
4.23E+04,1.86E+05,1.90E+02,2.59E+00,1.28E-02,8.83E+01,2.70E-05,3.17E-01,1.71E-01,2.44E-01,2.19E+02,1.39E+01,2.33E+02,0.000188645,0.000197578
4.23E+04,185899,4.77E+01,7.51E-01,1.29E-02,8.83E+01,2.70E-05,3.18E-01,1.70E-01,2.50E-01,2.20E+02,1.47E+01,2.35E+02,0.00018853,0.000197459
4.23E+04,1.86E+05,1.91E+02,2.60E+00,1.29E-02,8.83E+01,2.70E-05,3.18E-01,1.70E-01,2.50E-01,2.20E+02,1.47E+01,2.35E+02,0.00018853,0.000197458
4.23E+04,185999,4.71E+01,7.50E-01,1.28E-02,8.83E+01,2.70E-05,3.18E-01,1.71E-01,2.47E-01,2.20E+02,1.42E+01,2.34E+02,0.000188415,0.000197338
4.23E+04,1.86E+05,1.91E+02,2.60E+00,1.28E-02,8.83E+01,2.70E-05,3.18E-01,1.71E-01,2.47E-01,2.20E+02,1.42E+01,2.34E+02,0.000188414,0.000197338
4.23E+04,1.86E+05,4.66E+01,7.51E-01,1.28E-02,8.83E+01,2.69E-05,3.18E-01,1.71E-01,2.44E-01,2.19E+02,1.39E+01,2.33E+02,0.000188299,0.000197218
4.23E+04,1.86E+05,1.91E+02,2.60E+00,1.28E-02,8.83E+01,2.69E-05,3.18E-01,1.71E-01,2.44E-01,2.19E+02,1.39E+01,2.33E+02,0.000188299,0.000197218
4.23E+04,1.86E+05,4.61E+01,7.51E-01,1.28E-02,8.83E+01,2.69E-05,3.17E-01,1.72E-01,2.42E-01,2.18E+02,1.36E+01,2.32E+02,0.000188184,0.000197098
4.23E+04,1.86E+05,1.91E+02,2.60E+00,1.28E-02,8.83E+01,2.69E-05,3.17E-01,1.72E-01,2.42E-01,2.18E+02,1.36E+01,2.32E+02,0.000188184,0.000197098
4.24E+04,186299,4.71E+01,7.51E-01,1.28E-02,8.83E+01,2.69E-05,3.19E-01,1.72E-01,2.46E-01,2.20E+02,1.41E+01,2.34E+02,0.00018807,0.000196979
4.24E+04,186300,1.92E+02,2.60E+00,1.28E-02,8.83E+01,2.69E-05,3.19E-01,1.72E-01,2.46E-01,2.20E+02,1.41E+01,2.34E+02,0.000188069,0.000196978
4.24E+04,186399,4.76E+01,7.56E-01,1.29E-02,8.83E+01,2.69E-05,3.18E-01,1.70E-01,2.49E-01,2.20E+02,1.46E+01,2.35E+02,0.000187955,0.000196859
4.24E+04,1.86E+05,1.91E+02,2.60E+00,1.29E-02,8.83E+01,2.69E-05,3.18E-01,1.70E-01,2.49E-01,2.20E+02,1.46E+01,2.35E+02,0.000187954,0.000196859
4.24E+04,186499,4.80E+01,7.53E-01,1.29E-02,8.83E+01,2.69E-05,3.18E-01,1.69E-01,2.51E-01,2.20E+02,1.48E+01,2.35E+02,0.00018784,0.00019674
4.24E+04,1.86E+05,1.91E+02,2.60E+00,1.29E-02,8.83E+01,2.69E-05,3.18E-01,1.69E-01,2.51E-01,2.20E+02,1.48E+01,2.35E+02,0.00018784,0.000196739
4.24E+04,186599,4.73E+01,7.51E-01,1.29E-02,8.83E+01,2.69E-05,3.18E-01,1.70E-01,2.48E-01,2.20E+02,1.44E+01,2.34E+02,0.000187726,0.000196621
4.24E+04,1.87E+05,1.91E+02,2.60E+00,1.29E-02,8.83E+01,2.69E-05,3.18E-01,1.70E-01,2.48E-01,2.20E+02,1.44E+01,2.34E+02,0.000187725,0.00019662
4.25E+04,186699,4.79E+01,7.52E-01,1.28E-02,8.83E+01,2.69E-05,3.19E-01,1.71E-01,2.50E-01,2.21E+02,1.47E+01,2.36E+02,0.000187611,0.000196501
4.25E+04,186700,1.92E+02,2.60E+00,1.28E-02,8.83E+01,2.69E-05,3.19E-01,1.71E-01,2.50E-01,2.21E+02,1.47E+01,2.36E+02,0.00018761,0.0001965
4.25E+04,1.87E+05,4.63E+01,7.51E-01,1.28E-02,8.83E+01,2.69E-05,3.18E-01,1.72E-01,2.43E-01,2.19E+02,1.37E+01,2.32E+02,0.000187496,0.000196382
4.25E+04,1.87E+05,1.91E+02,2.60E+00,1.28E-02,8.83E+01,2.69E-05,3.18E-01,1.72E-01,2.43E-01,2.19E+02,1.37E+01,2.32E+02,0.000187496,0.000196382
4.25E+04,186899,4.73E+01,7.51E-01,1.28E-02,8.83E+01,2.68E-05,3.18E-01,1.71E-01,2.47E-01,2.20E+02,1.43E+01,2.34E+02,0.000187383,0.000196263
4.25E+04,1.87E+05,1.91E+02,2.59E+00,1.28E-02,8.83E+01,2.68E-05,3.18E-01,1.71E-01,2.47E-01,2.20E+02,1.43E+01,2.34E+02,0.000187382,0.000196263
4.25E+04,1.87E+05,4.68E+01,7.53E-01,1.28E-02,8.83E+01,2.68E-05,3.19E-01,1.71E-01,2.44E-01,2.19E+02,1.39E+01,2.33E+02,0.000187268,0.000196144
4.25E+04,1.87E+05,1.91E+02,2.60E+00,1.28E-02,8.83E+01,2.68E-05,3.19E-01,1.71E-01,2.44E-01,2.19E+02,1.39E+01,2.33E+02,0.000187268,0.000196144
4.25E+04,1.87E+05,4.68E+01,7.51E-01,1.28E-02,8.83E+01,2.68E-05,3.19E-01,1.72E-01,2.45E-01,2.20E+02,1.40E+01,2.34E+02,0.000187154,0.000196025
4.25E+04,1.87E+05,1.91E+02,2.60E+00,1.28E-02,8.83E+01,2.68E-05,3.19E-01,1.72E-01,2.45E-01,2.20E+02,1.40E+01,2.34E+02,0.000187154,0.000196025
4.26E+04,1.87E+05,4.68E+01,7.52E-01,1.28E-02,8.84E+01,2.68E-05,3.18E-01,1.71E-01,2.45E-01,2.20E+02,1.40E+01,2.34E+02,0.00018704,0.000195907
4.26E+04,1.87E+05,1.91E+02,2.60E+00,1.28E-02,8.84E+01,2.68E-05,3.18E-01,1.71E-01,2.45E-01,2.20E+02,1.40E+01,2.34E+02,0.00018704,0.000195907
4.26E+04,187299,4.73E+01,7.51E-01,1.28E-02,8.84E+01,2.68E-05,3.19E-01,1.71E-01,2.47E-01,2.20E+02,1.44E+01,2.35E+02,0.000186927,0.000195789
4.26E+04,1.87E+05,1.91E+02,2.60E+00,1.28E-02,8.84E+01,2.68E-05,3.19E-01,1.71E-01,2.47E-01,2.20E+02,1.44E+01,2.35E+02,0.000186927,0.000195789
4.26E+04,187399,4.73E+01,7.56E-01,1.28E-02,8.84E+01,2.68E-05,3.18E-01,1.70E-01,2.48E-01,2.20E+02,1.44E+01,2.34E+02,0.000186814,0.000195671
4.26E+04,1.87E+05,1.91E+02,2.60E+00,1.28E-02,8.84E+01,2.68E-05,3.18E-01,1.70E-01,2.48E-01,2.20E+02,1.44E+01,2.34E+02,0.000186813,0.00019567
4.26E+04,1.87E+05,4.61E+01,7.52E-01,1.27E-02,8.84E+01,2.68E-05,3.18E-01,1.72E-01,2.41E-01,2.19E+02,1.35E+01,2.32E+02,0.0001867,0.000195552
4.26E+04,1.87E+05,1.91E+02,2.60E+00,1.27E-02,8.84E+01,2.68E-05,3.18E-01,1.72E-01,2.41E-01,2.19E+02,1.35E+01,2.32E+02,0.0001867,0.000195552
4.27E+04,187599,4.70E+01,7.51E-01,1.29E-02,8.84E+01,2.67E-05,3.17E-01,1.70E-01,2.47E-01,2.19E+02,1.42E+01,2.33E+02,0.000186587,0.000195435
4.27E+04,1.88E+05,1.91E+02,2.60E+00,1.29E-02,8.84E+01,2.67E-05,3.17E-01,1.70E-01,2.47E-01,2.19E+02,1.42E+01,2.33E+02,0.000186587,0.000195434
4.27E+04,187699,4.69E+01,7.51E-01,1.28E-02,8.84E+01,2.67E-05,3.18E-01,1.71E-01,2.45E-01,2.20E+02,1.41E+01,2.34E+02,0.000186474,0.000195317
4.27E+04,1.88E+05,1.91E+02,2.60E+00,1.28E-02,8.84E+01,2.67E-05,3.18E-01,1.71E-01,2.45E-01,2.20E+02,1.41E+01,2.34E+02,0.000186474,0.000195317
4.27E+04,1.88E+05,4.69E+01,7.55E-01,1.27E-02,8.84E+01,2.67E-05,3.19E-01,1.72E-01,2.45E-01,2.20E+02,1.40E+01,2.34E+02,0.000186361,0.000195199
4.27E+04,187800,1.92E+02,2.60E+00,1.27E-02,8.84E+01,2.67E-05,3.19E-01,1.72E-01,2.45E-01,2.20E+02,1.40E+01,2.34E+02,0.00018636,0.000195198
4.27E+04,1.88E+05,4.68E+01,7.52E-01,1.28E-02,8.84E+01,2.67E-05,3.18E-01,1.71E-01,2.45E-01,2.19E+02,1.40E+01,2.34E+02,0.000186248,0.000195081
4.27E+04,1.88E+05,1.91E+02,2.60E+00,1.28E-02,8.84E+01,2.67E-05,3.18E-01,1.71E-01,2.45E-01,2.19E+02,1.40E+01,2.34E+02,0.000186248,0.000195081
4.27E+04,187999,4.73E+01,7.54E-01,1.28E-02,8.84E+01,2.67E-05,3.19E-01,1.71E-01,2.47E-01,2.20E+02,1.43E+01,2.34E+02,0.000186136,0.000194964
4.27E+04,188000,1.91E+02,2.60E+00,1.28E-02,8.84E+01,2.67E-05,3.19E-01,1.71E-01,2.47E-01,2.20E+02,1.43E+01,2.34E+02,0.000186134,0.000194963
4.28E+04,1.88E+05,4.68E+01,7.53E-01,1.28E-02,8.84E+01,2.67E-05,3.18E-01,1.71E-01,2.45E-01,2.19E+02,1.40E+01,2.33E+02,0.000186022,0.000194847
4.28E+04,1.88E+05,1.91E+02,2.60E+00,1.28E-02,8.84E+01,2.67E-05,3.18E-01,1.71E-01,2.45E-01,2.19E+02,1.40E+01,2.33E+02,0.000186022,0.000194847
4.28E+04,1.88E+05,4.68E+01,7.53E-01,1.27E-02,8.84E+01,2.67E-05,3.19E-01,1.72E-01,2.44E-01,2.20E+02,1.39E+01,2.34E+02,0.00018591,0.000194729
4.28E+04,188200,1.92E+02,2.60E+00,1.27E-02,8.84E+01,2.67E-05,3.19E-01,1.72E-01,2.44E-01,2.20E+02,1.39E+01,2.34E+02,0.000185909,0.000194729
4.28E+04,1.88E+05,4.68E+01,7.54E-01,1.27E-02,8.84E+01,2.66E-05,3.18E-01,1.71E-01,2.45E-01,2.19E+02,1.40E+01,2.33E+02,0.000185798,0.000194612
4.28E+04,188300,1.91E+02,2.60E+00,1.27E-02,8.84E+01,2.66E-05,3.18E-01,1.71E-01,2.45E-01,2.19E+02,1.40E+01,2.33E+02,0.000185797,0.000194612
4.29E+04,188399,4.76E+01,7.55E-01,1.28E-02,8.84E+01,2.66E-05,3.19E-01,1.71E-01,2.49E-01,2.21E+02,1.46E+01,2.35E+02,0.000185686,0.000194496
4.29E+04,188400,1.92E+02,2.60E+00,1.28E-02,8.84E+01,2.66E-05,3.19E-01,1.71E-01,2.49E-01,2.21E+02,1.46E+01,2.35E+02,0.000185685,0.000194495
4.29E+04,188499,4.74E+01,7.52E-01,1.28E-02,8.84E+01,2.66E-05,3.18E-01,1.70E-01,2.48E-01,2.20E+02,1.44E+01,2.34E+02,0.000185574,0.000194379
4.29E+04,188500,1.91E+02,2.60E+00,1.28E-02,8.84E+01,2.66E-05,3.18E-01,1.70E-01,2.48E-01,2.20E+02,1.44E+01,2.34E+02,0.000185573,0.000194378
4.29E+04,1.89E+05,4.67E+01,7.51E-01,1.28E-02,8.84E+01,2.66E-05,3.17E-01,1.71E-01,2.45E-01,2.19E+02,1.40E+01,2.33E+02,0.000185461,0.000194262
4.29E+04,1.89E+05,1.91E+02,2.60E+00,1.28E-02,8.84E+01,2.66E-05,3.17E-01,1.71E-01,2.45E-01,2.19E+02,1.40E+01,2.33E+02,0.000185461,0.000194262
4.29E+04,1.89E+05,4.68E+01,7.52E-01,1.28E-02,8.84E+01,2.66E-05,3.17E-01,1.70E-01,2.46E-01,2.19E+02,1.40E+01,2.33E+02,0.000185349,0.000194146
4.29E+04,1.89E+05,1.90E+02,2.60E+00,1.28E-02,8.84E+01,2.66E-05,3.17E-01,1.70E-01,2.46E-01,2.19E+02,1.40E+01,2.33E+02,0.000185349,0.000194146
4.29E+04,1.89E+05,4.67E+01,7.50E-01,1.28E-02,8.84E+01,2.66E-05,3.17E-01,1.71E-01,2.45E-01,2.19E+02,1.40E+01,2.33E+02,0.000185238,0.000194029
4.29E+04,1.89E+05,1.91E+02,2.60E+00,1.28E-02,8.84E+01,2.66E-05,3.17E-01,1.71E-01,2.45E-01,2.19E+02,1.40E+01,2.33E+02,0.000185238,0.000194029
4.30E+04,188899,4.72E+01,7.51E-01,1.28E-02,8.84E+01,2.66E-05,3.18E-01,1.70E-01,2.47E-01,2.20E+02,1.43E+01,2.34E+02,0.000185127,0.000193914
4.30E+04,188900,1.91E+02,2.60E+00,1.28E-02,8.84E+01,2.66E-05,3.18E-01,1.70E-01,2.47E-01,2.20E+02,1.43E+01,2.34E+02,0.000185126,0.000193912
4.30E+04,1.89E+05,4.62E+01,7.51E-01,1.28E-02,8.84E+01,2.66E-05,3.17E-01,1.72E-01,2.42E-01,2.19E+02,1.36E+01,2.32E+02,0.000185015,0.000193797
4.30E+04,189000,1.91E+02,2.60E+00,1.28E-02,8.84E+01,2.66E-05,3.17E-01,1.72E-01,2.42E-01,2.19E+02,1.36E+01,2.32E+02,0.000185014,0.000193796
4.30E+04,189099,4.72E+01,7.51E-01,1.28E-02,8.84E+01,2.65E-05,3.18E-01,1.70E-01,2.47E-01,2.20E+02,1.43E+01,2.34E+02,0.000184904,0.000193682
4.30E+04,189100,1.91E+02,2.60E+00,1.28E-02,8.84E+01,2.65E-05,3.18E-01,1.70E-01,2.47E-01,2.20E+02,1.43E+01,2.34E+02,0.000184903,0.00019368
4.30E+04,1.89E+05,4.66E+01,7.50E-01,1.28E-02,8.84E+01,2.65E-05,3.17E-01,1.71E-01,2.44E-01,2.19E+02,1.39E+01,2.33E+02,0.000184792,0.000193565
4.30E+04,189200,1.91E+02,2.60E+00,1.28E-02,8.84E+01,2.65E-05,3.17E-01,1.71E-01,2.44E-01,2.19E+02,1.39E+01,2.33E+02,0.000184792,0.000193565
4.30E+04,1.89E+05,4.67E+01,7.52E-01,1.29E-02,8.84E+01,2.65E-05,3.16E-01,1.70E-01,2.46E-01,2.18E+02,1.40E+01,2.32E+02,0.000184681,0.000193449
4.30E+04,1.89E+05,1.90E+02,2.60E+00,1.29E-02,8.84E+01,2.65E-05,3.16E-01,1.70E-01,2.46E-01,2.18E+02,1.40E+01,2.32E+02,0.000184681,0.000193449
4.31E+04,1.89E+05,4.70E+01,7.53E-01,1.28E-02,8.84E+01,2.65E-05,3.18E-01,1.71E-01,2.46E-01,2.20E+02,1.42E+01,2.34E+02,0.00018457,0.000193334
4.31E+04,1.89E+05,1.91E+02,2.60E+00,1.28E-02,8.84E+01,2.65E-05,3.18E-01,1.71E-01,2.46E-01,2.20E+02,1.42E+01,2.34E+02,0.00018457,0.000193334
4.31E+04,1.89E+05,4.69E+01,7.52E-01,1.27E-02,8.84E+01,2.65E-05,3.19E-01,1.72E-01,2.45E-01,2.20E+02,1.40E+01,2.34E+02,0.000184459,0.000193218
4.31E+04,189500,1.92E+02,2.60E+00,1.27E-02,8.84E+01,2.65E-05,3.19E-01,1.72E-01,2.45E-01,2.20E+02,1.40E+01,2.34E+02,0.000184459,0.000193218
4.31E+04,189599,4.74E+01,7.52E-01,1.28E-02,8.84E+01,2.65E-05,3.18E-01,1.70E-01,2.48E-01,2.20E+02,1.44E+01,2.34E+02,0.000184349,0.000193104
4.31E+04,189600,1.91E+02,2.60E+00,1.28E-02,8.84E+01,2.65E-05,3.18E-01,1.70E-01,2.48E-01,2.20E+02,1.44E+01,2.34E+02,0.000184348,0.000193103
4.31E+04,1.90E+05,4.67E+01,7.52E-01,1.28E-02,8.84E+01,2.65E-05,3.18E-01,1.71E-01,2.44E-01,2.19E+02,1.39E+01,2.33E+02,0.000184238,0.000192988
4.31E+04,189700,1.91E+02,2.60E+00,1.28E-02,8.84E+01,2.65E-05,3.18E-01,1.71E-01,2.44E-01,2.19E+02,1.39E+01,2.33E+02,0.000184237,0.000192987
4.32E+04,1.90E+05,4.68E+01,7.53E-01,1.28E-02,8.84E+01,2.64E-05,3.17E-01,1.70E-01,2.46E-01,2.19E+02,1.41E+01,2.33E+02,0.000184127,0.000192873
4.32E+04,1.90E+05,1.91E+02,2.60E+00,1.28E-02,8.84E+01,2.64E-05,3.17E-01,1.70E-01,2.46E-01,2.19E+02,1.41E+01,2.33E+02,0.000184127,0.000192873
4.32E+04,1.90E+05,4.68E+01,7.52E-01,1.28E-02,8.84E+01,2.64E-05,3.17E-01,1.70E-01,2.45E-01,2.19E+02,1.40E+01,2.33E+02,0.000184017,0.000192758
4.32E+04,1.90E+05,1.91E+02,2.60E+00,1.28E-02,8.84E+01,2.64E-05,3.17E-01,1.70E-01,2.45E-01,2.19E+02,1.40E+01,2.33E+02,0.000184017,0.000192758
4.32E+04,1.90E+05,4.63E+01,7.52E-01,1.28E-02,8.84E+01,2.64E-05,3.17E-01,1.71E-01,2.43E-01,2.18E+02,1.37E+01,2.32E+02,0.000183907,0.000192643
4.32E+04,1.90E+05,1.91E+02,2.60E+00,1.28E-02,8.84E+01,2.64E-05,3.17E-01,1.71E-01,2.43E-01,2.18E+02,1.37E+01,2.32E+02,0.000183907,0.000192643
4.32E+04,190099,4.74E+01,7.52E-01,1.29E-02,8.84E+01,2.64E-05,3.17E-01,1.70E-01,2.49E-01,2.19E+02,1.45E+01,2.34E+02,0.000183797,0.000192529
4.32E+04,1.90E+05,1.91E+02,2.60E+00,1.29E-02,8.84E+01,2.64E-05,3.17E-01,1.70E-01,2.49E-01,2.19E+02,1.45E+01,2.34E+02,0.000183797,0.000192528
4.32E+04,1.90E+05,4.68E+01,7.54E-01,1.28E-02,8.84E+01,2.64E-05,3.17E-01,1.70E-01,2.46E-01,2.19E+02,1.41E+01,2.33E+02,0.000183687,0.000192414
4.32E+04,1.90E+05,1.91E+02,2.60E+00,1.28E-02,8.84E+01,2.64E-05,3.17E-01,1.70E-01,2.46E-01,2.19E+02,1.41E+01,2.33E+02,0.000183687,0.000192414
4.33E+04,1.90E+05,4.69E+01,7.51E-01,1.28E-02,8.84E+01,2.64E-05,3.17E-01,1.71E-01,2.45E-01,2.19E+02,1.40E+01,2.33E+02,0.000183577,0.0001923
4.33E+04,190300,1.91E+02,2.60E+00,1.28E-02,8.84E+01,2.64E-05,3.17E-01,1.71E-01,2.45E-01,2.19E+02,1.40E+01,2.33E+02,0.000183576,0.000192299
4.33E+04,190399,4.72E+01,7.56E-01,1.29E-02,8.84E+01,2.64E-05,3.18E-01,1.70E-01,2.47E-01,2.19E+02,1.43E+01,2.34E+02,0.000183468,0.000192186
4.33E+04,1.90E+05,1.91E+02,2.60E+00,1.29E-02,8.84E+01,2.64E-05,3.18E-01,1.70E-01,2.47E-01,2.19E+02,1.43E+01,2.34E+02,0.000183467,0.000192185
4.33E+04,1.90E+05,4.64E+01,7.53E-01,1.28E-02,8.84E+01,2.64E-05,3.17E-01,1.71E-01,2.43E-01,2.19E+02,1.38E+01,2.33E+02,0.000183358,0.000192071
4.33E+04,190500,1.91E+02,2.60E+00,1.28E-02,8.84E+01,2.64E-05,3.17E-01,1.71E-01,2.43E-01,2.19E+02,1.38E+01,2.33E+02,0.000183357,0.000192071
4.34E+04,190599,4.74E+01,7.52E-01,1.29E-02,8.84E+01,2.63E-05,3.16E-01,1.69E-01,2.49E-01,2.19E+02,1.45E+01,2.34E+02,0.000183249,0.000191958
4.34E+04,1.91E+05,1.90E+02,2.60E+00,1.29E-02,8.84E+01,2.63E-05,3.16E-01,1.69E-01,2.49E-01,2.19E+02,1.45E+01,2.34E+02,0.000183248,0.000191957
4.34E+04,190699,4.68E+01,7.50E-01,1.29E-02,8.84E+01,2.63E-05,3.16E-01,1.70E-01,2.46E-01,2.19E+02,1.41E+01,2.33E+02,0.000183139,0.000191844
4.34E+04,1.91E+05,1.90E+02,2.60E+00,1.29E-02,8.84E+01,2.63E-05,3.16E-01,1.70E-01,2.46E-01,2.19E+02,1.41E+01,2.33E+02,0.000183139,0.000191843
4.34E+04,190799,4.68E+01,7.52E-01,1.28E-02,8.84E+01,2.63E-05,3.18E-01,1.71E-01,2.45E-01,2.19E+02,1.41E+01,2.33E+02,0.00018303,0.00019173
4.34E+04,190800,1.91E+02,2.60E+00,1.28E-02,8.84E+01,2.63E-05,3.18E-01,1.71E-01,2.45E-01,2.19E+02,1.41E+01,2.33E+02,0.000183029,0.000191729
4.34E+04,190899,4.69E+01,7.53E-01,1.28E-02,8.84E+01,2.63E-05,3.17E-01,1.70E-01,2.46E-01,2.19E+02,1.41E+01,2.33E+02,0.000182921,0.000191616
4.34E+04,190900,1.91E+02,2.60E+00,1.28E-02,8.84E+01,2.63E-05,3.17E-01,1.70E-01,2.46E-01,2.19E+02,1.41E+01,2.33E+02,0.00018292,0.000191615
4.34E+04,190999,4.75E+01,7.53E-01,1.29E-02,8.85E+01,2.63E-05,3.16E-01,1.69E-01,2.50E-01,2.19E+02,1.46E+01,2.34E+02,0.000182812,0.000191503
4.34E+04,1.91E+05,1.90E+02,2.60E+00,1.29E-02,8.85E+01,2.63E-05,3.16E-01,1.69E-01,2.50E-01,2.19E+02,1.46E+01,2.34E+02,0.000182812,0.000191502
4.35E+04,191099,4.74E+01,7.52E-01,1.29E-02,8.85E+01,2.63E-05,3.16E-01,1.69E-01,2.49E-01,2.19E+02,1.45E+01,2.34E+02,0.000182703,0.000191389
4.35E+04,1.91E+05,1.90E+02,2.60E+00,1.29E-02,8.85E+01,2.63E-05,3.16E-01,1.69E-01,2.49E-01,2.19E+02,1.45E+01,2.34E+02,0.000182703,0.000191389
4.35E+04,191199,4.68E+01,7.51E-01,1.28E-02,8.85E+01,2.63E-05,3.17E-01,1.71E-01,2.46E-01,2.19E+02,1.41E+01,2.33E+02,0.000182595,0.000191276
4.35E+04,191200,1.91E+02,2.60E+00,1.28E-02,8.85E+01,2.63E-05,3.17E-01,1.71E-01,2.46E-01,2.19E+02,1.41E+01,2.33E+02,0.000182593,0.000191275
4.35E+04,191299,4.74E+01,7.54E-01,1.29E-02,8.85E+01,2.63E-05,3.16E-01,1.69E-01,2.49E-01,2.19E+02,1.45E+01,2.33E+02,0.000182486,0.000191163
4.35E+04,1.91E+05,1.90E+02,2.60E+00,1.29E-02,8.85E+01,2.63E-05,3.16E-01,1.69E-01,2.49E-01,2.19E+02,1.45E+01,2.33E+02,0.000182485,0.000191162
4.35E+04,1.91E+05,4.67E+01,7.56E-01,1.28E-02,8.85E+01,2.62E-05,3.18E-01,1.71E-01,2.44E-01,2.19E+02,1.39E+01,2.33E+02,0.000182377,0.000191049
4.35E+04,1.91E+05,1.91E+02,2.60E+00,1.28E-02,8.85E+01,2.62E-05,3.18E-01,1.71E-01,2.44E-01,2.19E+02,1.39E+01,2.33E+02,0.000182377,0.000191049
4.36E+04,1.91E+05,4.68E+01,7.52E-01,1.28E-02,8.85E+01,2.62E-05,3.17E-01,1.70E-01,2.46E-01,2.19E+02,1.40E+01,2.33E+02,0.000182268,0.000190936
4.36E+04,1.91E+05,1.90E+02,2.60E+00,1.28E-02,8.85E+01,2.62E-05,3.17E-01,1.70E-01,2.46E-01,2.19E+02,1.40E+01,2.33E+02,0.000182268,0.000190936
4.36E+04,1.92E+05,4.68E+01,7.54E-01,1.28E-02,8.85E+01,2.62E-05,3.17E-01,1.70E-01,2.46E-01,2.19E+02,1.40E+01,2.33E+02,0.00018216,0.000190824
4.36E+04,1.92E+05,1.90E+02,2.60E+00,1.28E-02,8.85E+01,2.62E-05,3.17E-01,1.70E-01,2.46E-01,2.19E+02,1.40E+01,2.33E+02,0.00018216,0.000190824
4.36E+04,191699,4.73E+01,7.53E-01,1.29E-02,8.85E+01,2.62E-05,3.17E-01,1.69E-01,2.48E-01,2.19E+02,1.44E+01,2.34E+02,0.000182053,0.000190712
4.36E+04,1.92E+05,1.90E+02,2.60E+00,1.29E-02,8.85E+01,2.62E-05,3.17E-01,1.69E-01,2.48E-01,2.19E+02,1.44E+01,2.34E+02,0.000182052,0.000190711
4.36E+04,1.92E+05,4.68E+01,7.53E-01,1.29E-02,8.85E+01,2.62E-05,3.15E-01,1.69E-01,2.47E-01,2.18E+02,1.42E+01,2.32E+02,0.000181944,0.000190599
4.36E+04,1.92E+05,1.89E+02,2.60E+00,1.29E-02,8.85E+01,2.62E-05,3.15E-01,1.69E-01,2.47E-01,2.18E+02,1.42E+01,2.32E+02,0.000181944,0.000190599
4.36E+04,191899,4.73E+01,7.53E-01,1.29E-02,8.85E+01,2.62E-05,3.17E-01,1.69E-01,2.48E-01,2.19E+02,1.44E+01,2.34E+02,0.000181837,0.000190487
4.36E+04,1.92E+05,1.90E+02,2.60E+00,1.29E-02,8.85E+01,2.62E-05,3.17E-01,1.69E-01,2.48E-01,2.19E+02,1.44E+01,2.34E+02,0.000181836,0.000190486
4.37E+04,1.92E+05,4.67E+01,7.52E-01,1.28E-02,8.85E+01,2.62E-05,3.17E-01,1.70E-01,2.45E-01,2.19E+02,1.40E+01,2.33E+02,0.000181728,0.000190374
4.37E+04,1.92E+05,1.90E+02,2.60E+00,1.28E-02,8.85E+01,2.62E-05,3.17E-01,1.70E-01,2.45E-01,2.19E+02,1.40E+01,2.33E+02,0.000181728,0.000190374
4.37E+04,1.92E+05,4.67E+01,7.52E-01,1.28E-02,8.85E+01,2.61E-05,3.17E-01,1.71E-01,2.45E-01,2.19E+02,1.40E+01,2.33E+02,0.000181621,0.000190262
4.37E+04,192100,1.91E+02,2.60E+00,1.28E-02,8.85E+01,2.61E-05,3.17E-01,1.71E-01,2.45E-01,2.19E+02,1.40E+01,2.33E+02,0.00018162,0.000190261
4.37E+04,192199,4.79E+01,7.54E-01,1.29E-02,8.85E+01,2.61E-05,3.17E-01,1.69E-01,2.51E-01,2.20E+02,1.48E+01,2.34E+02,0.000181514,0.00019015
4.37E+04,1.92E+05,1.90E+02,2.60E+00,1.29E-02,8.85E+01,2.61E-05,3.17E-01,1.69E-01,2.51E-01,2.20E+02,1.48E+01,2.34E+02,0.000181513,0.00019015
4.37E+04,192299,4.72E+01,7.52E-01,1.29E-02,8.85E+01,2.61E-05,3.16E-01,1.69E-01,2.48E-01,2.19E+02,1.44E+01,2.33E+02,0.000181406,0.000190038
4.37E+04,1.92E+05,1.90E+02,2.60E+00,1.29E-02,8.85E+01,2.61E-05,3.16E-01,1.69E-01,2.48E-01,2.19E+02,1.44E+01,2.33E+02,0.000181406,0.000190038
4.38E+04,192399,4.75E+01,7.53E-01,1.29E-02,8.85E+01,2.61E-05,3.16E-01,1.69E-01,2.50E-01,2.19E+02,1.46E+01,2.34E+02,0.000181299,0.000189927
4.38E+04,1.92E+05,1.90E+02,2.60E+00,1.29E-02,8.85E+01,2.61E-05,3.16E-01,1.69E-01,2.50E-01,2.19E+02,1.46E+01,2.34E+02,0.000181299,0.000189926
4.38E+04,1.92E+05,4.63E+01,7.53E-01,1.28E-02,8.85E+01,2.61E-05,3.15E-01,1.70E-01,2.44E-01,2.18E+02,1.37E+01,2.31E+02,0.000181191,0.000189814
4.38E+04,1.92E+05,1.90E+02,2.60E+00,1.28E-02,8.85E+01,2.61E-05,3.15E-01,1.70E-01,2.44E-01,2.18E+02,1.37E+01,2.31E+02,0.000181191,0.000189814
4.38E+04,192599,4.68E+01,7.53E-01,1.28E-02,8.85E+01,2.61E-05,3.17E-01,1.70E-01,2.46E-01,2.19E+02,1.41E+01,2.33E+02,0.000181085,0.000189703
4.38E+04,192600,1.91E+02,2.60E+00,1.28E-02,8.85E+01,2.61E-05,3.17E-01,1.70E-01,2.46E-01,2.19E+02,1.41E+01,2.33E+02,0.000181084,0.000189702
4.38E+04,1.93E+05,4.62E+01,7.53E-01,1.28E-02,8.85E+01,2.61E-05,3.16E-01,1.71E-01,2.43E-01,2.18E+02,1.37E+01,2.32E+02,0.000180977,0.000189592
4.38E+04,192700,1.90E+02,2.59E+00,1.28E-02,8.85E+01,2.61E-05,3.16E-01,1.71E-01,2.43E-01,2.18E+02,1.37E+01,2.32E+02,0.000180977,0.000189591
4.38E+04,1.93E+05,4.63E+01,7.53E-01,1.28E-02,8.85E+01,2.61E-05,3.16E-01,1.71E-01,2.43E-01,2.18E+02,1.37E+01,2.32E+02,0.000180871,0.00018948
4.38E+04,192800,1.90E+02,2.60E+00,1.28E-02,8.85E+01,2.61E-05,3.16E-01,1.71E-01,2.43E-01,2.18E+02,1.37E+01,2.32E+02,0.00018087,0.00018948
4.39E+04,192899,4.67E+01,7.52E-01,1.29E-02,8.85E+01,2.60E-05,3.14E-01,1.69E-01,2.47E-01,2.17E+02,1.41E+01,2.31E+02,0.000180764,0.00018937
4.39E+04,1.93E+05,1.89E+02,2.59E+00,1.29E-02,8.85E+01,2.60E-05,3.14E-01,1.69E-01,2.47E-01,2.17E+02,1.41E+01,2.31E+02,0.000180764,0.000189369
4.39E+04,192999,4.66E+01,7.51E-01,1.29E-02,8.85E+01,2.60E-05,3.15E-01,1.70E-01,2.46E-01,2.18E+02,1.40E+01,2.32E+02,0.000180658,0.000189259
4.39E+04,1.93E+05,1.90E+02,2.60E+00,1.29E-02,8.85E+01,2.60E-05,3.15E-01,1.70E-01,2.46E-01,2.18E+02,1.40E+01,2.32E+02,0.000180657,0.000189258
4.39E+04,193099,4.67E+01,7.52E-01,1.28E-02,8.85E+01,2.60E-05,3.16E-01,1.70E-01,2.45E-01,2.18E+02,1.40E+01,2.32E+02,0.000180551,0.000189148
4.39E+04,193100,1.90E+02,2.59E+00,1.28E-02,8.85E+01,2.60E-05,3.16E-01,1.70E-01,2.45E-01,2.18E+02,1.40E+01,2.32E+02,0.00018055,0.000189147
4.39E+04,193199,4.67E+01,7.54E-01,1.29E-02,8.85E+01,2.60E-05,3.14E-01,1.69E-01,2.47E-01,2.17E+02,1.41E+01,2.31E+02,0.000180445,0.000189037
4.39E+04,1.93E+05,1.89E+02,2.60E+00,1.29E-02,8.85E+01,2.60E-05,3.14E-01,1.69E-01,2.47E-01,2.17E+02,1.41E+01,2.31E+02,0.000180444,0.000189036
4.39E+04,193299,4.71E+01,7.52E-01,1.29E-02,8.85E+01,2.60E-05,3.15E-01,1.69E-01,2.48E-01,2.18E+02,1.43E+01,2.33E+02,0.000180339,0.000188926
4.39E+04,1.93E+05,1.90E+02,2.59E+00,1.29E-02,8.85E+01,2.60E-05,3.15E-01,1.69E-01,2.48E-01,2.18E+02,1.43E+01,2.33E+02,0.000180338,0.000188926
4.40E+04,1.93E+05,4.65E+01,7.53E-01,1.29E-02,8.85E+01,2.60E-05,3.16E-01,1.70E-01,2.45E-01,2.19E+02,1.39E+01,2.33E+02,0.000180232,0.000188815
4.40E+04,1.93E+05,1.90E+02,2.60E+00,1.29E-02,8.85E+01,2.60E-05,3.16E-01,1.70E-01,2.45E-01,2.19E+02,1.39E+01,2.33E+02,0.000180232,0.000188815
4.40E+04,1.93E+05,4.58E+01,7.51E-01,1.28E-02,8.85E+01,2.60E-05,3.16E-01,1.71E-01,2.41E-01,2.18E+02,1.34E+01,2.31E+02,0.000180126,0.000188705
4.40E+04,193500,1.90E+02,2.60E+00,1.28E-02,8.85E+01,2.60E-05,3.16E-01,1.71E-01,2.41E-01,2.18E+02,1.34E+01,2.31E+02,0.000180126,0.000188704
4.40E+04,193599,4.69E+01,7.52E-01,1.29E-02,8.85E+01,2.60E-05,3.16E-01,1.70E-01,2.47E-01,2.18E+02,1.41E+01,2.33E+02,0.000180021,0.000188595
4.40E+04,193600,1.90E+02,2.60E+00,1.29E-02,8.85E+01,2.60E-05,3.16E-01,1.70E-01,2.47E-01,2.18E+02,1.41E+01,2.33E+02,0.00018002,0.000188594
4.41E+04,1.94E+05,4.63E+01,7.54E-01,1.28E-02,8.85E+01,2.59E-05,3.16E-01,1.70E-01,2.44E-01,2.18E+02,1.38E+01,2.32E+02,0.000179914,0.000188484
4.41E+04,193700,1.90E+02,2.60E+00,1.28E-02,8.85E+01,2.59E-05,3.16E-01,1.70E-01,2.44E-01,2.18E+02,1.38E+01,2.32E+02,0.000179914,0.000188484
4.41E+04,1.94E+05,4.62E+01,7.52E-01,1.28E-02,8.85E+01,2.59E-05,3.16E-01,1.70E-01,2.43E-01,2.18E+02,1.37E+01,2.32E+02,0.000179809,0.000188374
4.41E+04,193800,1.90E+02,2.60E+00,1.28E-02,8.85E+01,2.59E-05,3.16E-01,1.70E-01,2.43E-01,2.18E+02,1.37E+01,2.32E+02,0.000179808,0.000188374
4.41E+04,193899,4.69E+01,7.53E-01,1.29E-02,8.85E+01,2.59E-05,3.15E-01,1.69E-01,2.47E-01,2.18E+02,1.42E+01,2.32E+02,0.000179704,0.000188265
4.41E+04,1.94E+05,1.89E+02,2.60E+00,1.29E-02,8.85E+01,2.59E-05,3.15E-01,1.69E-01,2.47E-01,2.18E+02,1.42E+01,2.32E+02,0.000179703,0.000188264
4.41E+04,1.94E+05,4.63E+01,7.52E-01,1.29E-02,8.85E+01,2.59E-05,3.15E-01,1.70E-01,2.44E-01,2.18E+02,1.38E+01,2.31E+02,0.000179598,0.000188155
4.41E+04,1.94E+05,1.90E+02,2.60E+00,1.29E-02,8.85E+01,2.59E-05,3.15E-01,1.70E-01,2.44E-01,2.18E+02,1.38E+01,2.31E+02,0.000179598,0.000188155
4.41E+04,1.94E+05,4.59E+01,7.53E-01,1.28E-02,8.85E+01,2.59E-05,3.15E-01,1.70E-01,2.42E-01,2.17E+02,1.35E+01,2.31E+02,0.000179493,0.000188045
4.41E+04,1.94E+05,1.89E+02,2.60E+00,1.28E-02,8.85E+01,2.59E-05,3.15E-01,1.70E-01,2.42E-01,2.17E+02,1.35E+01,2.31E+02,0.000179493,0.000188045
4.42E+04,194199,4.69E+01,7.54E-01,1.29E-02,8.85E+01,2.59E-05,3.15E-01,1.69E-01,2.48E-01,2.18E+02,1.42E+01,2.32E+02,0.000179388,0.000187936
4.42E+04,1.94E+05,1.90E+02,2.60E+00,1.29E-02,8.85E+01,2.59E-05,3.15E-01,1.69E-01,2.48E-01,2.18E+02,1.42E+01,2.32E+02,0.000179387,0.000187935
4.42E+04,194299,4.68E+01,7.52E-01,1.29E-02,8.85E+01,2.59E-05,3.16E-01,1.70E-01,2.46E-01,2.19E+02,1.41E+01,2.33E+02,0.000179283,0.000187826
4.42E+04,194300,1.90E+02,2.60E+00,1.29E-02,8.85E+01,2.59E-05,3.16E-01,1.70E-01,2.46E-01,2.19E+02,1.41E+01,2.33E+02,0.000179282,0.000187825
4.42E+04,1.94E+05,4.71E+01,7.54E-01,1.28E-02,8.85E+01,2.59E-05,3.19E-01,1.72E-01,2.46E-01,2.21E+02,1.43E+01,2.35E+02,0.000179177,0.000187716
4.42E+04,194400,1.91E+02,2.61E+00,1.28E-02,8.85E+01,2.59E-05,3.19E-01,1.72E-01,2.46E-01,2.21E+02,1.43E+01,2.35E+02,0.000179177,0.000187716
4.42E+04,1.94E+05,4.66E+01,7.54E-01,1.29E-02,8.85E+01,2.58E-05,3.15E-01,1.69E-01,2.46E-01,2.18E+02,1.40E+01,2.32E+02,0.000179073,0.000187607
4.42E+04,1.94E+05,1.90E+02,2.60E+00,1.29E-02,8.85E+01,2.58E-05,3.15E-01,1.69E-01,2.46E-01,2.18E+02,1.40E+01,2.32E+02,0.000179073,0.000187607
4.43E+04,194599,4.72E+01,7.53E-01,1.29E-02,8.85E+01,2.58E-05,3.16E-01,1.69E-01,2.48E-01,2.19E+02,1.44E+01,2.33E+02,0.000178968,0.000187499
4.43E+04,194600,1.90E+02,2.60E+00,1.29E-02,8.85E+01,2.58E-05,3.16E-01,1.69E-01,2.48E-01,2.19E+02,1.44E+01,2.33E+02,0.000178967,0.000187498
4.43E+04,194699,4.71E+01,7.52E-01,1.29E-02,8.85E+01,2.58E-05,3.16E-01,1.69E-01,2.48E-01,2.19E+02,1.43E+01,2.33E+02,0.000178864,0.00018739
4.43E+04,1.95E+05,1.90E+02,2.60E+00,1.29E-02,8.85E+01,2.58E-05,3.16E-01,1.69E-01,2.48E-01,2.19E+02,1.43E+01,2.33E+02,0.000178863,0.000187389
4.43E+04,1.95E+05,4.67E+01,7.53E-01,1.28E-02,8.86E+01,2.58E-05,3.16E-01,1.70E-01,2.45E-01,2.18E+02,1.40E+01,2.32E+02,0.000178759,0.00018728
4.43E+04,194800,1.90E+02,2.60E+00,1.28E-02,8.86E+01,2.58E-05,3.16E-01,1.70E-01,2.45E-01,2.18E+02,1.40E+01,2.32E+02,0.000178758,0.00018728
4.43E+04,1.95E+05,4.66E+01,7.52E-01,1.28E-02,8.86E+01,2.58E-05,3.16E-01,1.70E-01,2.45E-01,2.19E+02,1.39E+01,2.33E+02,0.000178654,0.000187172
4.43E+04,194900,1.90E+02,2.60E+00,1.28E-02,8.86E+01,2.58E-05,3.16E-01,1.70E-01,2.45E-01,2.19E+02,1.39E+01,2.33E+02,0.000178654,0.000187171
4.43E+04,1.95E+05,4.66E+01,7.53E-01,1.28E-02,8.86E+01,2.58E-05,3.16E-01,1.70E-01,2.45E-01,2.18E+02,1.39E+01,2.32E+02,0.00017855,0.000187063
4.43E+04,195000,1.90E+02,2.60E+00,1.28E-02,8.86E+01,2.58E-05,3.16E-01,1.70E-01,2.45E-01,2.18E+02,1.39E+01,2.32E+02,0.00017855,0.000187062
4.44E+04,1.95E+05,4.62E+01,7.54E-01,1.28E-02,8.86E+01,2.58E-05,3.15E-01,1.70E-01,2.43E-01,2.18E+02,1.37E+01,2.31E+02,0.000178446,0.000186955
4.44E+04,1.95E+05,1.90E+02,2.60E+00,1.28E-02,8.86E+01,2.58E-05,3.15E-01,1.70E-01,2.43E-01,2.18E+02,1.37E+01,2.31E+02,0.000178446,0.000186955
4.44E+04,1.95E+05,4.62E+01,7.53E-01,1.29E-02,8.86E+01,2.57E-05,3.15E-01,1.70E-01,2.44E-01,2.17E+02,1.37E+01,2.31E+02,0.000178342,0.000186846
4.44E+04,1.95E+05,1.89E+02,2.60E+00,1.29E-02,8.86E+01,2.57E-05,3.15E-01,1.70E-01,2.44E-01,2.17E+02,1.37E+01,2.31E+02,0.000178342,0.000186846
4.44E+04,1.95E+05,4.67E+01,7.52E-01,1.28E-02,8.86E+01,2.57E-05,3.17E-01,1.71E-01,2.45E-01,2.19E+02,1.40E+01,2.33E+02,0.000178238,0.000186738
4.44E+04,195300,1.91E+02,2.60E+00,1.28E-02,8.86E+01,2.57E-05,3.17E-01,1.71E-01,2.45E-01,2.19E+02,1.40E+01,2.33E+02,0.000178238,0.000186737
4.44E+04,195399,1.91E+02,2.61E+00,1.29E-02,8.86E+01,2.57E-05,3.19E-01,1.72E-01,2.44E-01,2.21E+02,1.40E+01,2.35E+02,0.000178135,0.00018663
4.44E+04,1.95E+05,4.66E+01,7.53E-01,1.29E-02,8.86E+01,2.57E-05,3.19E-01,1.72E-01,2.44E-01,2.21E+02,1.40E+01,2.35E+02,0.000178134,0.00018663
4.45E+04,1.95E+05,4.64E+01,7.51E-01,1.28E-02,8.86E+01,2.57E-05,3.16E-01,1.70E-01,2.44E-01,2.18E+02,1.38E+01,2.32E+02,0.000178031,0.000186522
4.45E+04,195500,1.90E+02,2.60E+00,1.28E-02,8.86E+01,2.57E-05,3.16E-01,1.70E-01,2.44E-01,2.18E+02,1.38E+01,2.32E+02,0.00017803,0.000186521
4.45E+04,195599,4.69E+01,7.52E-01,1.29E-02,8.86E+01,2.57E-05,3.16E-01,1.70E-01,2.47E-01,2.19E+02,1.42E+01,2.33E+02,0.000177928,0.000186414
4.45E+04,195600,1.90E+02,2.60E+00,1.29E-02,8.86E+01,2.57E-05,3.16E-01,1.70E-01,2.47E-01,2.19E+02,1.42E+01,2.33E+02,0.000177926,0.000186413
4.45E+04,195699,4.69E+01,7.51E-01,1.29E-02,8.86E+01,2.57E-05,3.15E-01,1.69E-01,2.47E-01,2.18E+02,1.42E+01,2.32E+02,0.000177824,0.000186307
4.45E+04,1.96E+05,1.90E+02,2.60E+00,1.29E-02,8.86E+01,2.57E-05,3.15E-01,1.69E-01,2.47E-01,2.18E+02,1.42E+01,2.32E+02,0.000177824,0.000186306
4.45E+04,195799,4.75E+01,7.52E-01,1.30E-02,8.86E+01,2.57E-05,3.15E-01,1.68E-01,2.51E-01,2.19E+02,1.46E+01,2.33E+02,0.000177721,0.000186199
4.45E+04,1.96E+05,1.90E+02,2.60E+00,1.30E-02,8.86E+01,2.57E-05,3.15E-01,1.68E-01,2.51E-01,2.19E+02,1.46E+01,2.33E+02,0.00017772,0.000186198
4.45E+04,195899,1.91E+02,2.60E+00,1.28E-02,8.86E+01,2.57E-05,3.17E-01,1.70E-01,2.46E-01,2.19E+02,1.41E+01,2.33E+02,0.000177617,0.000186091
4.45E+04,195899,4.69E+01,7.52E-01,1.28E-02,8.86E+01,2.57E-05,3.17E-01,1.70E-01,2.46E-01,2.19E+02,1.41E+01,2.33E+02,0.000177617,0.000186091
4.46E+04,1.96E+05,4.63E+01,7.51E-01,1.29E-02,8.86E+01,2.56E-05,3.16E-01,1.71E-01,2.44E-01,2.18E+02,1.38E+01,2.32E+02,0.000177514,0.000185983
4.46E+04,196000,1.90E+02,2.60E+00,1.29E-02,8.86E+01,2.56E-05,3.16E-01,1.71E-01,2.44E-01,2.18E+02,1.38E+01,2.32E+02,0.000177513,0.000185983
4.46E+04,1.96E+05,4.64E+01,7.52E-01,1.29E-02,8.86E+01,2.56E-05,3.15E-01,1.70E-01,2.45E-01,2.18E+02,1.39E+01,2.32E+02,0.000177411,0.000185876
4.46E+04,1.96E+05,1.90E+02,2.60E+00,1.29E-02,8.86E+01,2.56E-05,3.15E-01,1.70E-01,2.45E-01,2.18E+02,1.39E+01,2.32E+02,0.000177411,0.000185876
4.46E+04,196199,4.74E+01,7.51E-01,1.30E-02,8.86E+01,2.56E-05,3.15E-01,1.68E-01,2.50E-01,2.19E+02,1.46E+01,2.33E+02,0.000177308,0.000185769
4.46E+04,1.96E+05,1.90E+02,2.60E+00,1.30E-02,8.86E+01,2.56E-05,3.15E-01,1.68E-01,2.50E-01,2.19E+02,1.46E+01,2.33E+02,0.000177308,0.000185769
4.46E+04,196299,4.68E+01,7.50E-01,1.29E-02,8.86E+01,2.56E-05,3.16E-01,1.70E-01,2.46E-01,2.19E+02,1.41E+01,2.33E+02,0.000177206,0.000185662
4.46E+04,196300,1.90E+02,2.60E+00,1.29E-02,8.86E+01,2.56E-05,3.16E-01,1.70E-01,2.46E-01,2.19E+02,1.41E+01,2.33E+02,0.000177205,0.000185661
4.47E+04,196399,1.91E+02,2.60E+00,1.29E-02,8.86E+01,2.56E-05,3.17E-01,1.70E-01,2.49E-01,2.20E+02,1.46E+01,2.35E+02,0.000177103,0.000185555
4.47E+04,1.96E+05,4.74E+01,7.53E-01,1.29E-02,8.86E+01,2.56E-05,3.17E-01,1.70E-01,2.49E-01,2.20E+02,1.46E+01,2.35E+02,0.000177102,0.000185555
4.47E+04,196499,4.69E+01,7.51E-01,1.29E-02,8.86E+01,2.56E-05,3.15E-01,1.69E-01,2.47E-01,2.18E+02,1.42E+01,2.32E+02,0.000177,0.000185448
4.47E+04,1.96E+05,1.90E+02,2.60E+00,1.29E-02,8.86E+01,2.56E-05,3.15E-01,1.69E-01,2.47E-01,2.18E+02,1.42E+01,2.32E+02,0.000177,0.000185448
4.47E+04,1.97E+05,4.60E+01,7.53E-01,1.28E-02,8.86E+01,2.56E-05,3.16E-01,1.71E-01,2.42E-01,2.18E+02,1.35E+01,2.31E+02,0.000176897,0.000185341
4.47E+04,196600,1.90E+02,2.60E+00,1.28E-02,8.86E+01,2.56E-05,3.16E-01,1.71E-01,2.42E-01,2.18E+02,1.35E+01,2.31E+02,0.000176897,0.000185341
4.47E+04,1.97E+05,4.63E+01,7.52E-01,1.29E-02,8.86E+01,2.56E-05,3.15E-01,1.70E-01,2.44E-01,2.18E+02,1.38E+01,2.32E+02,0.000176795,0.000185235
4.47E+04,1.97E+05,1.90E+02,2.60E+00,1.29E-02,8.86E+01,2.56E-05,3.15E-01,1.70E-01,2.44E-01,2.18E+02,1.38E+01,2.32E+02,0.000176795,0.000185235
4.48E+04,196799,4.68E+01,7.51E-01,1.29E-02,8.86E+01,2.56E-05,3.16E-01,1.70E-01,2.46E-01,2.19E+02,1.41E+01,2.33E+02,0.000176693,0.000185129
4.48E+04,196800,1.90E+02,2.60E+00,1.29E-02,8.86E+01,2.55E-05,3.16E-01,1.70E-01,2.46E-01,2.19E+02,1.41E+01,2.33E+02,0.000176692,0.000185128
4.48E+04,196899,4.68E+01,7.52E-01,1.30E-02,8.86E+01,2.55E-05,3.14E-01,1.68E-01,2.47E-01,2.17E+02,1.42E+01,2.32E+02,0.000176591,0.000185022
4.48E+04,1.97E+05,1.89E+02,2.60E+00,1.30E-02,8.86E+01,2.55E-05,3.14E-01,1.68E-01,2.47E-01,2.17E+02,1.42E+01,2.32E+02,0.000176591,0.000185022
4.48E+04,1.97E+05,4.62E+01,7.49E-01,1.29E-02,8.86E+01,2.55E-05,3.14E-01,1.70E-01,2.44E-01,2.18E+02,1.38E+01,2.31E+02,0.000176489,0.000184915
4.48E+04,1.97E+05,1.90E+02,2.60E+00,1.29E-02,8.86E+01,2.55E-05,3.14E-01,1.70E-01,2.44E-01,2.18E+02,1.38E+01,2.31E+02,0.000176489,0.000184915
4.48E+04,197099,4.67E+01,7.52E-01,1.30E-02,8.86E+01,2.55E-05,3.14E-01,1.68E-01,2.47E-01,2.18E+02,1.42E+01,2.32E+02,0.000176387,0.00018481
4.48E+04,1.97E+05,1.89E+02,2.60E+00,1.30E-02,8.86E+01,2.55E-05,3.14E-01,1.68E-01,2.47E-01,2.18E+02,1.42E+01,2.32E+02,0.000176387,0.000184809
4.48E+04,1.97E+05,4.58E+01,7.52E-01,1.29E-02,8.86E+01,2.55E-05,3.13E-01,1.69E-01,2.42E-01,2.16E+02,1.35E+01,2.30E+02,0.000176285,0.000184703
4.48E+04,1.97E+05,1.89E+02,2.59E+00,1.29E-02,8.86E+01,2.55E-05,3.13E-01,1.69E-01,2.42E-01,2.16E+02,1.35E+01,2.30E+02,0.000176285,0.000184703
4.49E+04,197299,4.67E+01,7.50E-01,1.29E-02,8.86E+01,2.55E-05,3.16E-01,1.70E-01,2.46E-01,2.19E+02,1.40E+01,2.33E+02,0.000176184,0.000184598
4.49E+04,197300,1.90E+02,2.60E+00,1.29E-02,8.86E+01,2.55E-05,3.16E-01,1.70E-01,2.46E-01,2.19E+02,1.40E+01,2.33E+02,0.000176183,0.000184597
4.49E+04,197399,1.89E+02,2.60E+00,1.30E-02,8.86E+01,2.55E-05,3.14E-01,1.67E-01,2.52E-01,2.17E+02,1.47E+01,2.32E+02,0.000176082,0.000184492
4.49E+04,1.97E+05,4.76E+01,7.60E-01,1.30E-02,8.86E+01,2.55E-05,3.14E-01,1.67E-01,2.52E-01,2.17E+02,1.47E+01,2.32E+02,0.000176082,0.000184491
4.49E+04,197499,4.71E+01,7.56E-01,1.30E-02,8.86E+01,2.55E-05,3.13E-01,1.67E-01,2.50E-01,2.17E+02,1.44E+01,2.32E+02,0.000175981,0.000184386
4.49E+04,1.97E+05,1.89E+02,2.60E+00,1.30E-02,8.86E+01,2.55E-05,3.13E-01,1.67E-01,2.50E-01,2.17E+02,1.44E+01,2.32E+02,0.00017598,0.000184386
4.49E+04,1.98E+05,4.60E+01,7.55E-01,1.29E-02,8.86E+01,2.55E-05,3.14E-01,1.69E-01,2.43E-01,2.17E+02,1.36E+01,2.30E+02,0.000175879,0.00018428
4.49E+04,1.98E+05,1.89E+02,2.60E+00,1.29E-02,8.86E+01,2.55E-05,3.14E-01,1.69E-01,2.43E-01,2.17E+02,1.36E+01,2.30E+02,0.000175879,0.00018428
4.50E+04,1.98E+05,4.62E+01,7.55E-01,1.29E-02,8.86E+01,2.54E-05,3.14E-01,1.69E-01,2.44E-01,2.17E+02,1.37E+01,2.31E+02,0.000175778,0.000184175
4.50E+04,1.98E+05,1.89E+02,2.60E+00,1.29E-02,8.86E+01,2.54E-05,3.14E-01,1.69E-01,2.44E-01,2.17E+02,1.37E+01,2.31E+02,0.000175778,0.000184175
4.50E+04,197799,4.66E+01,7.54E-01,1.29E-02,8.86E+01,2.54E-05,3.14E-01,1.69E-01,2.46E-01,2.18E+02,1.40E+01,2.32E+02,0.000175677,0.00018407
4.50E+04,1.98E+05,1.89E+02,2.60E+00,1.29E-02,8.86E+01,2.54E-05,3.14E-01,1.69E-01,2.46E-01,2.18E+02,1.40E+01,2.32E+02,0.000175677,0.000184069
4.50E+04,197899,4.66E+01,7.55E-01,1.29E-02,8.86E+01,2.54E-05,3.14E-01,1.68E-01,2.47E-01,2.17E+02,1.40E+01,2.31E+02,0.000175576,0.000183965
4.50E+04,1.98E+05,1.89E+02,2.60E+00,1.29E-02,8.86E+01,2.54E-05,3.14E-01,1.68E-01,2.47E-01,2.17E+02,1.40E+01,2.31E+02,0.000175576,0.000183964
4.50E+04,1.98E+05,4.62E+01,7.55E-01,1.28E-02,8.86E+01,2.54E-05,3.15E-01,1.70E-01,2.44E-01,2.17E+02,1.37E+01,2.31E+02,0.000175475,0.000183859
4.50E+04,198000,1.90E+02,2.60E+00,1.28E-02,8.86E+01,2.54E-05,3.15E-01,1.70E-01,2.44E-01,2.17E+02,1.37E+01,2.31E+02,0.000175474,0.000183858
4.50E+04,1.98E+05,4.61E+01,7.55E-01,1.28E-02,8.86E+01,2.54E-05,3.15E-01,1.70E-01,2.43E-01,2.17E+02,1.36E+01,2.31E+02,0.000175374,0.000183754
4.50E+04,198100,1.90E+02,2.60E+00,1.28E-02,8.86E+01,2.54E-05,3.15E-01,1.70E-01,2.43E-01,2.17E+02,1.36E+01,2.31E+02,0.000175373,0.000183753
4.51E+04,198199,4.72E+01,7.54E-01,1.29E-02,8.86E+01,2.54E-05,3.15E-01,1.68E-01,2.49E-01,2.18E+02,1.44E+01,2.33E+02,0.000175274,0.00018365
4.51E+04,198200,1.90E+02,2.60E+00,1.29E-02,8.86E+01,2.54E-05,3.15E-01,1.68E-01,2.49E-01,2.18E+02,1.44E+01,2.33E+02,0.000175273,0.000183648
4.51E+04,198299,4.71E+01,7.55E-01,1.29E-02,8.86E+01,2.54E-05,3.15E-01,1.68E-01,2.48E-01,2.18E+02,1.44E+01,2.33E+02,0.000175173,0.000183545
4.51E+04,198300,1.90E+02,2.60E+00,1.29E-02,8.86E+01,2.54E-05,3.15E-01,1.68E-01,2.48E-01,2.18E+02,1.44E+01,2.33E+02,0.000175172,0.000183544
4.51E+04,198399,1.89E+02,2.60E+00,1.30E-02,8.86E+01,2.54E-05,3.14E-01,1.67E-01,2.50E-01,2.17E+02,1.45E+01,2.32E+02,0.000175073,0.00018344
4.51E+04,1.98E+05,4.73E+01,7.64E-01,1.30E-02,8.86E+01,2.54E-05,3.14E-01,1.67E-01,2.50E-01,2.17E+02,1.45E+01,2.32E+02,0.000175072,0.00018344
4.51E+04,198499,4.68E+01,7.52E-01,1.29E-02,8.86E+01,2.53E-05,3.14E-01,1.69E-01,2.47E-01,2.18E+02,1.42E+01,2.32E+02,0.000174972,0.000183335
4.51E+04,198500,1.89E+02,2.60E+00,1.29E-02,8.86E+01,2.53E-05,3.14E-01,1.69E-01,2.47E-01,2.18E+02,1.42E+01,2.32E+02,0.000174971,0.000183334
4.52E+04,1.99E+05,4.63E+01,7.52E-01,1.30E-02,8.86E+01,2.53E-05,3.13E-01,1.68E-01,2.46E-01,2.17E+02,1.39E+01,2.30E+02,0.000174872,0.00018323
4.52E+04,1.99E+05,1.88E+02,2.60E+00,1.30E-02,8.86E+01,2.53E-05,3.13E-01,1.68E-01,2.46E-01,2.17E+02,1.39E+01,2.30E+02,0.000174872,0.00018323
4.52E+04,1.99E+05,4.59E+01,7.53E-01,1.28E-02,8.87E+01,2.53E-05,3.15E-01,1.70E-01,2.42E-01,2.17E+02,1.35E+01,2.31E+02,0.000174771,0.000183126
4.52E+04,198700,1.90E+02,2.60E+00,1.28E-02,8.87E+01,2.53E-05,3.15E-01,1.70E-01,2.42E-01,2.17E+02,1.35E+01,2.31E+02,0.000174771,0.000183126
4.52E+04,198799,4.68E+01,7.51E-01,1.29E-02,8.87E+01,2.53E-05,3.14E-01,1.69E-01,2.47E-01,2.18E+02,1.42E+01,2.32E+02,0.000174672,0.000183022
4.52E+04,198800,1.89E+02,2.60E+00,1.29E-02,8.87E+01,2.53E-05,3.14E-01,1.69E-01,2.47E-01,2.18E+02,1.42E+01,2.32E+02,0.000174671,0.000183021
4.52E+04,1.99E+05,4.63E+01,7.52E-01,1.29E-02,8.87E+01,2.53E-05,3.13E-01,1.69E-01,2.45E-01,2.17E+02,1.39E+01,2.31E+02,0.000174571,0.000182918
4.52E+04,1.99E+05,1.89E+02,2.60E+00,1.29E-02,8.87E+01,2.53E-05,3.13E-01,1.69E-01,2.45E-01,2.17E+02,1.39E+01,2.31E+02,0.000174571,0.000182918
4.52E+04,1.99E+05,4.64E+01,7.51E-01,1.29E-02,8.87E+01,2.53E-05,3.14E-01,1.69E-01,2.45E-01,2.18E+02,1.39E+01,2.32E+02,0.000174472,0.000182814
4.52E+04,199000,1.89E+02,2.60E+00,1.29E-02,8.87E+01,2.53E-05,3.14E-01,1.69E-01,2.45E-01,2.18E+02,1.39E+01,2.32E+02,0.000174471,0.000182813
4.53E+04,199099,4.68E+01,7.52E-01,1.29E-02,8.87E+01,2.53E-05,3.14E-01,1.69E-01,2.47E-01,2.18E+02,1.42E+01,2.32E+02,0.000174372,0.00018271
4.53E+04,199100,1.89E+02,2.60E+00,1.29E-02,8.87E+01,2.53E-05,3.14E-01,1.69E-01,2.47E-01,2.18E+02,1.42E+01,2.32E+02,0.000174371,0.000182709
4.53E+04,199199,4.69E+01,7.51E-01,1.30E-02,8.87E+01,2.53E-05,3.14E-01,1.68E-01,2.48E-01,2.18E+02,1.43E+01,2.32E+02,0.000174273,0.000182607
4.53E+04,1.99E+05,1.89E+02,2.60E+00,1.30E-02,8.87E+01,2.53E-05,3.14E-01,1.68E-01,2.48E-01,2.18E+02,1.43E+01,2.32E+02,0.000174272,0.000182606
4.53E+04,1.99E+05,4.63E+01,7.51E-01,1.29E-02,8.87E+01,2.52E-05,3.13E-01,1.69E-01,2.45E-01,2.17E+02,1.39E+01,2.31E+02,0.000174173,0.000182502
4.53E+04,1.99E+05,1.89E+02,2.60E+00,1.29E-02,8.87E+01,2.52E-05,3.13E-01,1.69E-01,2.45E-01,2.17E+02,1.39E+01,2.31E+02,0.000174173,0.000182502
4.53E+04,199399,1.91E+02,2.61E+00,1.36E-02,8.87E+01,2.52E-05,3.19E-01,3.19E-01,0,2.49E+02,1.48E+01,2.64E+02,0.000174074,0.000182399
4.54E+04,1.99E+05,4.65E+01,7.53E-01,1.30E-02,8.87E+01,2.52E-05,3.13E-01,1.68E-01,2.47E-01,2.17E+02,1.48E+01,2.31E+02,0.000173974,0.000182295
45375,1.99E+05,1.89E+02,2.60E+00,1.30E-02,8.87E+01,2.52E-05,3.13E-01,1.68E-01,2.47E-01,2.17E+02,1.38E+01,2.30E+02,0.000173974,0.000182295
4.54E+04,2.00E+05,4.61E+01,7.54E-01,1.29E-02,8.87E+01,2.52E-05,3.13E-01,1.68E-01,2.44E-01,2.16E+02,1.38E+01,2.30E+02,0.000173875,0.000182192
45395,2.00E+05,1.89E+02,2.60E+00,1.29E-02,8.87E+01,2.52E-05,3.13E-01,1.68E-01,2.44E-01,2.16E+02,1.40E+01,2.30E+02,0.000173875,0.000182192
4.54E+04,2.00E+05,4.66E+01,7.52E-01,1.29E-02,8.87E+01,2.52E-05,3.14E-01,1.69E-01,2.46E-01,2.18E+02,1.40E+01,2.32E+02,0.000173776,0.000182089
45415,2.00E+05,1.89E+02,2.60E+00,1.29E-02,8.87E+01,2.52E-05,3.14E-01,1.69E-01,2.46E-01,2.18E+02,1.37E+01,2.31E+02,0.000173776,0.000182089
4.54E+04,2.00E+05,4.61E+01,7.53E-01,1.28E-02,8.87E+01,2.52E-05,3.14E-01,1.70E-01,2.43E-01,2.17E+02,1.37E+01,2.31E+02,0.000173677,0.000181986
4.54E+04,199800,1.90E+02,2.60E+00,1.28E-02,8.87E+01,2.52E-05,3.14E-01,1.70E-01,2.43E-01,2.17E+02,1.39E+01,2.31E+02,0.000173676,0.000181985
4.55E+04,2.00E+05,4.65E+01,7.52E-01,1.29E-02,8.87E+01,2.52E-05,3.13E-01,1.68E-01,2.46E-01,2.17E+02,1.39E+01,2.31E+02,0.000173578,0.000181883
45455,2.00E+05,1.89E+02,2.60E+00,1.29E-02,8.87E+01,2.52E-05,3.13E-01,1.68E-01,2.46E-01,2.17E+02,1.40E+01,2.31E+02,0.000173578,0.000181883
4.55E+04,2.00E+05,4.65E+01,7.52E-01,1.29E-02,8.87E+01,2.52E-05,3.13E-01,1.68E-01,2.46E-01,2.17E+02,1.40E+01,2.31E+02,0.000173479,0.00018178
45475,2.00E+05,1.89E+02,2.60E+00,1.29E-02,8.87E+01,2.52E-05,3.13E-01,1.68E-01,2.46E-01,2.17E+02,1.44E+01,2.32E+02,0.000173479,0.00018178
4.55E+04,200099,4.71E+01,7.53E-01,1.30E-02,8.87E+01,2.51E-05,3.14E-01,1.68E-01,2.49E-01,2.18E+02,1.44E+01,2.32E+02,0.000173381,0.000181677
4.55E+04,200100,1.89E+02,2.60E+00,1.30E-02,8.87E+01,2.51E-05,3.14E-01,1.68E-01,2.49E-01,2.18E+02,1.37E+01,2.32E+02,0.00017338,0.000181676
4.55E+04,2.00E+05,4.60E+01,7.53E-01,1.29E-02,8.87E+01,2.51E-05,3.13E-01,1.69E-01,2.44E-01,2.16E+02,1.37E+01,2.30E+02,0.000173282,0.000181574
45515,2.00E+05,1.89E+02,2.60E+00,1.29E-02,8.87E+01,2.51E-05,3.13E-01,1.69E-01,2.44E-01,2.16E+02,1.43E+01,2.31E+02,0.000173282,0.000181574
4.55E+04,200299,4.70E+01,7.52E-01,1.30E-02,8.87E+01,2.51E-05,3.13E-01,1.68E-01,2.49E-01,2.18E+02,1.43E+01,2.32E+02,0.000173184,0.000181472
45535,2.00E+05,1.89E+02,2.60E+00,1.30E-02,8.87E+01,2.51E-05,3.13E-01,1.68E-01,2.49E-01,2.18E+02,1.27E+01,2.30E+02,0.000173184,0.000181472
4.56E+04,2.00E+05,4.43E+01,7.42E-01,1.68E-02,8.87E+01,2.51E-05,2.10E-02,2.10E-02,0,1.64E+01,1.27E+01,2.92E+01,0.000173085,0.000181369
4.56E+04,2.00E+05,4.61E+01,7.52E-01,1.29E-02,8.87E+01,2.51E-05,3.14E-01,1.69E-01,2.44E-01,2.17E+02,1.37E+01,2.31E+02,0.000172987,0.000181267
4.56E+04,200500,1.89E+02,2.60E+00,1.29E-02,8.87E+01,2.51E-05,3.14E-01,1.69E-01,2.44E-01,2.17E+02,1.37E+01,2.31E+02,0.000172987,0.000181266
4.56E+04,200599,1.89E+02,2.60E+00,1.29E-02,8.87E+01,2.51E-05,3.14E-01,1.69E-01,2.46E-01,2.18E+02,1.40E+01,2.32E+02,0.000172889,0.000181165
4.56E+04,200599,4.66E+01,7.52E-01,1.29E-02,8.87E+01,2.51E-05,3.14E-01,1.69E-01,2.46E-01,2.18E+02,1.40E+01,2.32E+02,0.000172889,0.000181165
4.56E+04,200699,4.65E+01,7.51E-01,1.30E-02,8.87E+01,2.51E-05,3.13E-01,1.68E-01,2.47E-01,2.17E+02,1.40E+01,2.31E+02,0.000172791,0.000181063
4.56E+04,2.01E+05,1.89E+02,2.60E+00,1.30E-02,8.87E+01,2.51E-05,3.13E-01,1.68E-01,2.47E-01,2.17E+02,1.40E+01,2.31E+02,0.000172791,0.000181062
4.57E+04,200799,4.66E+01,7.53E-01,1.30E-02,8.87E+01,2.51E-05,3.12E-01,1.68E-01,2.47E-01,2.17E+02,1.41E+01,2.31E+02,0.000172693,0.000180961
4.57E+04,2.01E+05,1.89E+02,2.60E+00,1.30E-02,8.87E+01,2.51E-05,3.12E-01,1.68E-01,2.47E-01,2.17E+02,1.41E+01,2.31E+02,0.000172693,0.00018096
4.57E+04,200899,4.66E+01,7.51E-01,1.30E-02,8.87E+01,2.51E-05,3.14E-01,1.69E-01,2.46E-01,2.18E+02,1.41E+01,2.32E+02,0.000172596,0.000180859
4.57E+04,200900,1.89E+02,2.60E+00,1.30E-02,8.87E+01,2.51E-05,3.14E-01,1.69E-01,2.46E-01,2.18E+02,1.41E+01,2.32E+02,0.000172595,0.000180858
4.57E+04,200999,4.65E+01,7.51E-01,1.29E-02,8.87E+01,2.50E-05,3.13E-01,1.69E-01,2.46E-01,2.17E+02,1.40E+01,2.31E+02,0.000172498,0.000180757
4.57E+04,201000,1.89E+02,2.60E+00,1.29E-02,8.87E+01,2.50E-05,3.13E-01,1.69E-01,2.46E-01,2.17E+02,1.40E+01,2.31E+02,0.000172497,0.000180756
4.57E+04,201099,4.65E+01,7.51E-01,1.29E-02,8.87E+01,2.50E-05,3.13E-01,1.69E-01,2.46E-01,2.17E+02,1.40E+01,2.31E+02,0.0001724,0.000180655
4.57E+04,201100,1.89E+02,2.60E+00,1.29E-02,8.87E+01,2.50E-05,3.13E-01,1.69E-01,2.46E-01,2.17E+02,1.40E+01,2.31E+02,0.000172399,0.000180654
4.57E+04,201199,1.89E+02,2.60E+00,1.28E-02,8.87E+01,2.50E-05,3.14E-01,1.69E-01,2.43E-01,2.17E+02,1.36E+01,2.30E+02,0.000172303,0.000180554
4.57E+04,2.01E+05,4.59E+01,7.53E-01,1.28E-02,8.87E+01,2.50E-05,3.14E-01,1.69E-01,2.43E-01,2.17E+02,1.36E+01,2.30E+02,0.000172302,0.000180553
4.58E+04,201299,1.90E+02,2.60E+00,1.29E-02,8.87E+01,2.50E-05,3.15E-01,1.69E-01,2.45E-01,2.18E+02,1.39E+01,2.32E+02,0.000172205,0.000180452
4.58E+04,201299,4.64E+01,7.52E-01,1.29E-02,8.87E+01,2.50E-05,3.15E-01,1.69E-01,2.45E-01,2.18E+02,1.39E+01,2.32E+02,0.000172205,0.000180452
4.58E+04,201399,4.70E+01,7.51E-01,1.31E-02,8.87E+01,2.50E-05,3.11E-01,1.66E-01,2.50E-01,2.17E+02,1.45E+01,2.31E+02,0.000172108,0.000180351
4.58E+04,2.01E+05,1.88E+02,2.60E+00,1.31E-02,8.87E+01,2.50E-05,3.11E-01,1.66E-01,2.50E-01,2.17E+02,1.45E+01,2.31E+02,0.000172108,0.000180351
4.58E+04,2.01E+05,4.59E+01,7.55E-01,1.30E-02,8.87E+01,2.50E-05,3.12E-01,1.68E-01,2.44E-01,2.16E+02,1.37E+01,2.30E+02,0.00017201,0.000180249
4.58E+04,2.01E+05,1.88E+02,2.60E+00,1.30E-02,8.87E+01,2.50E-05,3.12E-01,1.68E-01,2.44E-01,2.16E+02,1.37E+01,2.30E+02,0.00017201,0.000180249
4.58E+04,2.02E+05,4.63E+01,7.53E-01,1.30E-02,8.87E+01,2.50E-05,3.12E-01,1.68E-01,2.46E-01,2.16E+02,1.40E+01,2.30E+02,0.000171913,0.000180148
4.58E+04,2.02E+05,1.88E+02,2.60E+00,1.30E-02,8.87E+01,2.50E-05,3.12E-01,1.68E-01,2.46E-01,2.16E+02,1.40E+01,2.30E+02,0.000171913,0.000180148
4.59E+04,2.02E+05,4.64E+01,7.52E-01,1.30E-02,8.87E+01,2.50E-05,3.12E-01,1.68E-01,2.46E-01,2.16E+02,1.40E+01,2.30E+02,0.000171816,0.000180047
4.59E+04,2.02E+05,1.88E+02,2.60E+00,1.30E-02,8.87E+01,2.50E-05,3.12E-01,1.68E-01,2.46E-01,2.16E+02,1.40E+01,2.30E+02,0.000171816,0.000180047
4.59E+04,201799,4.69E+01,7.53E-01,1.30E-02,8.87E+01,2.49E-05,3.13E-01,1.68E-01,2.48E-01,2.17E+02,1.43E+01,2.32E+02,0.00017172,0.000179947
4.59E+04,2.02E+05,1.89E+02,2.60E+00,1.30E-02,8.87E+01,2.49E-05,3.13E-01,1.68E-01,2.48E-01,2.17E+02,1.43E+01,2.32E+02,0.000171719,0.000179946
4.59E+04,201899,4.69E+01,7.54E-01,1.30E-02,8.87E+01,2.49E-05,3.12E-01,1.67E-01,2.49E-01,2.17E+02,1.43E+01,2.31E+02,0.000171623,0.000179846
4.59E+04,2.02E+05,1.88E+02,2.60E+00,1.30E-02,8.87E+01,2.49E-05,3.12E-01,1.67E-01,2.49E-01,2.17E+02,1.43E+01,2.31E+02,0.000171623,0.000179845
4.59E+04,2.02E+05,4.64E+01,7.54E-01,1.30E-02,8.87E+01,2.49E-05,3.12E-01,1.67E-01,2.46E-01,2.16E+02,1.40E+01,2.30E+02,0.000171526,0.000179744
4.59E+04,2.02E+05,1.88E+02,2.60E+00,1.30E-02,8.87E+01,2.49E-05,3.12E-01,1.67E-01,2.46E-01,2.16E+02,1.40E+01,2.30E+02,0.000171526,0.000179744
4.59E+04,2.02E+05,4.64E+01,7.55E-01,1.30E-02,8.87E+01,2.49E-05,3.12E-01,1.67E-01,2.46E-01,2.16E+02,1.40E+01,2.30E+02,0.000171429,0.000179644
4.59E+04,2.02E+05,1.88E+02,2.60E+00,1.30E-02,8.87E+01,2.49E-05,3.12E-01,1.67E-01,2.46E-01,2.16E+02,1.40E+01,2.30E+02,0.000171429,0.000179644
4.60E+04,2.02E+05,4.63E+01,7.53E-01,1.29E-02,8.87E+01,2.49E-05,3.13E-01,1.68E-01,2.45E-01,2.17E+02,1.39E+01,2.31E+02,0.000171333,0.000179543
4.60E+04,2.02E+05,1.89E+02,2.60E+00,1.29E-02,8.87E+01,2.49E-05,3.13E-01,1.68E-01,2.45E-01,2.17E+02,1.39E+01,2.31E+02,0.000171333,0.000179543
4.60E+04,202299,4.74E+01,7.54E-01,1.30E-02,8.87E+01,2.49E-05,3.13E-01,1.67E-01,2.51E-01,2.18E+02,1.47E+01,2.32E+02,0.000171237,0.000179443
4.60E+04,2.02E+05,1.89E+02,2.60E+00,1.30E-02,8.87E+01,2.49E-05,3.13E-01,1.67E-01,2.51E-01,2.18E+02,1.47E+01,2.32E+02,0.000171236,0.000179443
4.60E+04,2.02E+05,4.59E+01,7.53E-01,1.29E-02,8.87E+01,2.49E-05,3.14E-01,1.69E-01,2.42E-01,2.17E+02,1.35E+01,2.30E+02,0.00017114,0.000179343
4.60E+04,202400,1.89E+02,2.60E+00,1.29E-02,8.87E+01,2.49E-05,3.14E-01,1.69E-01,2.42E-01,2.17E+02,1.35E+01,2.30E+02,0.00017114,0.000179342
4.61E+04,202499,4.62E+01,7.52E-01,1.29E-02,8.87E+01,2.49E-05,3.13E-01,1.68E-01,2.45E-01,2.17E+02,1.38E+01,2.30E+02,0.000171045,0.000179243
4.61E+04,202500,1.89E+02,2.60E+00,1.29E-02,8.87E+01,2.49E-05,3.13E-01,1.68E-01,2.45E-01,2.17E+02,1.38E+01,2.30E+02,0.000171044,0.000179242
4.61E+04,202599,4.68E+01,7.52E-01,1.30E-02,8.87E+01,2.49E-05,3.12E-01,1.67E-01,2.49E-01,2.17E+02,1.43E+01,2.31E+02,0.000170948,0.000179143
4.61E+04,2.03E+05,1.88E+02,2.60E+00,1.30E-02,8.87E+01,2.49E-05,3.12E-01,1.67E-01,2.49E-01,2.17E+02,1.43E+01,2.31E+02,0.000170948,0.000179142
4.61E+04,2.03E+05,4.57E+01,7.52E-01,1.29E-02,8.88E+01,2.48E-05,3.13E-01,1.69E-01,2.42E-01,2.16E+02,1.35E+01,2.30E+02,0.000170852,0.000179042
4.61E+04,202700,1.89E+02,2.60E+00,1.29E-02,8.88E+01,2.48E-05,3.13E-01,1.69E-01,2.42E-01,2.16E+02,1.35E+01,2.30E+02,0.000170852,0.000179042
4.61E+04,2.03E+05,4.58E+01,7.52E-01,1.29E-02,8.88E+01,2.48E-05,3.12E-01,1.68E-01,2.43E-01,2.16E+02,1.35E+01,2.29E+02,0.000170756,0.000178942
4.61E+04,2.03E+05,1.88E+02,2.59E+00,1.29E-02,8.88E+01,2.48E-05,3.12E-01,1.68E-01,2.43E-01,2.16E+02,1.35E+01,2.29E+02,0.000170756,0.000178942
4.61E+04,202899,4.74E+01,7.54E-01,1.31E-02,8.88E+01,2.48E-05,3.12E-01,1.66E-01,2.52E-01,2.17E+02,1.47E+01,2.32E+02,0.000170661,0.000178843
4.61E+04,2.03E+05,1.88E+02,2.60E+00,1.31E-02,8.88E+01,2.48E-05,3.12E-01,1.66E-01,2.52E-01,2.17E+02,1.47E+01,2.32E+02,0.00017066,0.000178842
4.62E+04,202999,4.62E+01,7.51E-01,1.29E-02,8.88E+01,2.48E-05,3.13E-01,1.68E-01,2.45E-01,2.17E+02,1.38E+01,2.31E+02,0.000170565,0.000178743
4.62E+04,203000,1.89E+02,2.60E+00,1.29E-02,8.88E+01,2.48E-05,3.13E-01,1.68E-01,2.45E-01,2.17E+02,1.38E+01,2.31E+02,0.000170564,0.000178742
4.62E+04,2.03E+05,4.58E+01,7.53E-01,1.29E-02,8.88E+01,2.48E-05,3.12E-01,1.68E-01,2.43E-01,2.16E+02,1.35E+01,2.29E+02,0.000170469,0.000178643
4.62E+04,2.03E+05,1.88E+02,2.60E+00,1.29E-02,8.88E+01,2.48E-05,3.12E-01,1.68E-01,2.43E-01,2.16E+02,1.35E+01,2.29E+02,0.000170469,0.000178643
4.62E+04,203199,4.69E+01,7.52E-01,1.30E-02,8.88E+01,2.48E-05,3.13E-01,1.68E-01,2.48E-01,2.17E+02,1.43E+01,2.32E+02,0.000170374,0.000178544
4.62E+04,203200,1.89E+02,2.60E+00,1.30E-02,8.88E+01,2.48E-05,3.13E-01,1.68E-01,2.48E-01,2.17E+02,1.43E+01,2.32E+02,0.000170373,0.000178543
4.62E+04,203299,1.89E+02,2.60E+00,1.29E-02,8.88E+01,2.48E-05,3.13E-01,1.69E-01,2.42E-01,2.17E+02,1.35E+01,2.30E+02,0.000170279,0.000178445
4.62E+04,2.03E+05,4.58E+01,7.52E-01,1.29E-02,8.88E+01,2.48E-05,3.13E-01,1.69E-01,2.42E-01,2.17E+02,1.35E+01,2.30E+02,0.000170278,0.000178444
4.62E+04,203399,4.68E+01,7.53E-01,1.31E-02,8.88E+01,2.48E-05,3.11E-01,1.66E-01,2.49E-01,2.16E+02,1.43E+01,2.30E+02,0.000170183,0.000178346
4.62E+04,2.03E+05,1.88E+02,2.60E+00,1.31E-02,8.88E+01,2.48E-05,3.11E-01,1.66E-01,2.49E-01,2.16E+02,1.43E+01,2.30E+02,0.000170183,0.000178345
4.63E+04,203499,4.64E+01,7.51E-01,1.30E-02,8.88E+01,2.47E-05,3.13E-01,1.68E-01,2.46E-01,2.17E+02,1.40E+01,2.31E+02,0.000170088,0.000178246
4.63E+04,203500,1.89E+02,2.60E+00,1.30E-02,8.88E+01,2.47E-05,3.13E-01,1.68E-01,2.46E-01,2.17E+02,1.40E+01,2.31E+02,0.000170087,0.000178245
4.63E+04,2.04E+05,4.60E+01,7.52E-01,1.30E-02,8.88E+01,2.47E-05,3.12E-01,1.68E-01,2.45E-01,2.16E+02,1.37E+01,2.30E+02,0.000169993,0.000178147
4.63E+04,2.04E+05,1.88E+02,2.60E+00,1.30E-02,8.88E+01,2.47E-05,3.12E-01,1.68E-01,2.45E-01,2.16E+02,1.37E+01,2.30E+02,0.000169993,0.000178147
4.63E+04,203699,4.65E+01,7.52E-01,1.30E-02,8.88E+01,2.47E-05,3.11E-01,1.67E-01,2.47E-01,2.16E+02,1.41E+01,2.30E+02,0.000169898,0.000178048
4.63E+04,2.04E+05,1.88E+02,2.60E+00,1.30E-02,8.88E+01,2.47E-05,3.11E-01,1.67E-01,2.47E-01,2.16E+02,1.41E+01,2.30E+02,0.000169898,0.000178048
4.63E+04,203799,4.65E+01,7.53E-01,1.30E-02,8.88E+01,2.47E-05,3.12E-01,1.67E-01,2.47E-01,2.16E+02,1.41E+01,2.30E+02,0.000169803,0.00017795
4.63E+04,2.04E+05,1.88E+02,2.60E+00,1.30E-02,8.88E+01,2.47E-05,3.12E-01,1.67E-01,2.47E-01,2.16E+02,1.41E+01,2.30E+02,0.000169803,0.000177949
4.64E+04,203899,4.64E+01,7.51E-01,1.30E-02,8.88E+01,2.47E-05,3.12E-01,1.67E-01,2.47E-01,2.17E+02,1.41E+01,2.31E+02,0.000169709,0.000177851
4.64E+04,2.04E+05,1.88E+02,2.60E+00,1.30E-02,8.88E+01,2.47E-05,3.12E-01,1.67E-01,2.47E-01,2.17E+02,1.41E+01,2.31E+02,0.000169708,0.00017785
4.64E+04,203999,4.64E+01,7.51E-01,1.30E-02,8.88E+01,2.47E-05,3.13E-01,1.68E-01,2.46E-01,2.17E+02,1.40E+01,2.31E+02,0.000169614,0.000177752
4.64E+04,204000,1.89E+02,2.60E+00,1.30E-02,8.88E+01,2.47E-05,3.13E-01,1.68E-01,2.46E-01,2.17E+02,1.40E+01,2.31E+02,0.000169613,0.000177751
4.64E+04,2.04E+05,4.59E+01,7.53E-01,1.30E-02,8.88E+01,2.47E-05,3.11E-01,1.68E-01,2.44E-01,2.16E+02,1.37E+01,2.29E+02,0.000169519,0.000177653
4.64E+04,2.04E+05,1.88E+02,2.60E+00,1.30E-02,8.88E+01,2.47E-05,3.11E-01,1.68E-01,2.44E-01,2.16E+02,1.37E+01,2.29E+02,0.000169519,0.000177653
4.64E+04,2.04E+05,4.59E+01,7.50E-01,1.30E-02,8.88E+01,2.47E-05,3.11E-01,1.68E-01,2.44E-01,2.16E+02,1.37E+01,2.30E+02,0.000169424,0.000177555
4.64E+04,2.04E+05,1.88E+02,2.60E+00,1.30E-02,8.88E+01,2.47E-05,3.11E-01,1.68E-01,2.44E-01,2.16E+02,1.37E+01,2.30E+02,0.000169424,0.000177555
4.64E+04,204299,4.70E+01,7.52E-01,1.31E-02,8.88E+01,2.47E-05,3.11E-01,1.66E-01,2.50E-01,2.17E+02,1.45E+01,2.31E+02,0.000169331,0.000177457
4.64E+04,2.04E+05,1.88E+02,2.60E+00,1.31E-02,8.88E+01,2.47E-05,3.11E-01,1.66E-01,2.50E-01,2.17E+02,1.45E+01,2.31E+02,0.00016933,0.000177456
4.65E+04,204399,4.64E+01,7.52E-01,1.30E-02,8.88E+01,2.46E-05,3.11E-01,1.67E-01,2.47E-01,2.16E+02,1.41E+01,2.30E+02,0.000169236,0.000177359
4.65E+04,2.04E+05,1.88E+02,2.60E+00,1.30E-02,8.88E+01,2.46E-05,3.11E-01,1.67E-01,2.47E-01,2.16E+02,1.41E+01,2.30E+02,0.000169236,0.000177358
4.65E+04,2.04E+05,4.61E+01,7.51E-01,1.30E-02,8.88E+01,2.46E-05,3.12E-01,1.68E-01,2.45E-01,2.17E+02,1.38E+01,2.31E+02,0.000169142,0.00017726
4.65E+04,2.04E+05,1.88E+02,2.60E+00,1.30E-02,8.88E+01,2.46E-05,3.12E-01,1.68E-01,2.45E-01,2.17E+02,1.38E+01,2.31E+02,0.000169142,0.00017726
4.65E+04,2.05E+05,4.57E+01,7.53E-01,1.29E-02,8.88E+01,2.46E-05,3.13E-01,1.69E-01,2.42E-01,2.16E+02,1.35E+01,2.30E+02,0.000169048,0.000177162
4.65E+04,204600,1.89E+02,2.60E+00,1.29E-02,8.88E+01,2.46E-05,3.13E-01,1.69E-01,2.42E-01,2.16E+02,1.35E+01,2.30E+02,0.000169047,0.000177161
4.66E+04,2.05E+05,4.61E+01,7.52E-01,1.30E-02,8.88E+01,2.46E-05,3.11E-01,1.68E-01,2.45E-01,2.16E+02,1.38E+01,2.30E+02,0.000168954,0.000177064
4.66E+04,2.05E+05,1.88E+02,2.60E+00,1.30E-02,8.88E+01,2.46E-05,3.11E-01,1.68E-01,2.45E-01,2.16E+02,1.38E+01,2.30E+02,0.000168954,0.000177064
4.66E+04,204799,4.72E+01,7.52E-01,1.31E-02,8.88E+01,2.46E-05,3.12E-01,1.66E-01,2.51E-01,2.17E+02,1.46E+01,2.32E+02,0.00016886,0.000176967
4.66E+04,2.05E+05,1.88E+02,2.60E+00,1.31E-02,8.88E+01,2.46E-05,3.12E-01,1.66E-01,2.51E-01,2.17E+02,1.46E+01,2.32E+02,0.00016886,0.000176966
4.66E+04,2.05E+05,4.61E+01,7.54E-01,1.30E-02,8.88E+01,2.46E-05,3.11E-01,1.67E-01,2.46E-01,2.15E+02,1.38E+01,2.29E+02,0.000168766,0.000176868
4.66E+04,2.05E+05,1.88E+02,2.60E+00,1.30E-02,8.88E+01,2.46E-05,3.11E-01,1.67E-01,2.46E-01,2.15E+02,1.38E+01,2.29E+02,0.000168766,0.000176868
4.66E+04,204999,4.67E+01,7.53E-01,1.30E-02,8.88E+01,2.46E-05,3.12E-01,1.67E-01,2.47E-01,2.17E+02,1.41E+01,2.31E+02,0.000168673,0.000176771
4.66E+04,205000,1.89E+02,2.60E+00,1.30E-02,8.88E+01,2.46E-05,3.12E-01,1.67E-01,2.47E-01,2.17E+02,1.41E+01,2.31E+02,0.000168672,0.00017677
4.66E+04,2.05E+05,4.61E+01,7.53E-01,1.29E-02,8.88E+01,2.46E-05,3.12E-01,1.68E-01,2.44E-01,2.16E+02,1.38E+01,2.30E+02,0.000168579,0.000176673
4.66E+04,205100,1.89E+02,2.60E+00,1.29E-02,8.88E+01,2.46E-05,3.12E-01,1.68E-01,2.44E-01,2.16E+02,1.38E+01,2.30E+02,0.000168578,0.000176673
4.67E+04,2.05E+05,4.60E+01,7.53E-01,1.29E-02,8.88E+01,2.46E-05,3.12E-01,1.68E-01,2.44E-01,2.16E+02,1.37E+01,2.30E+02,0.000168485,0.000176576
4.67E+04,205200,1.89E+02,2.60E+00,1.29E-02,8.88E+01,2.46E-05,3.12E-01,1.68E-01,2.44E-01,2.16E+02,1.37E+01,2.30E+02,0.000168485,0.000176575
4.67E+04,2.05E+05,4.61E+01,7.53E-01,1.30E-02,8.88E+01,2.45E-05,3.11E-01,1.67E-01,2.46E-01,2.15E+02,1.39E+01,2.29E+02,0.000168392,0.000176478
4.67E+04,2.05E+05,1.88E+02,2.60E+00,1.30E-02,8.88E+01,2.45E-05,3.11E-01,1.67E-01,2.46E-01,2.15E+02,1.39E+01,2.29E+02,0.000168392,0.000176478
4.67E+04,205399,4.66E+01,7.55E-01,1.30E-02,8.88E+01,2.45E-05,3.12E-01,1.67E-01,2.47E-01,2.17E+02,1.41E+01,2.31E+02,0.000168299,0.000176382
4.67E+04,205400,1.89E+02,2.60E+00,1.30E-02,8.88E+01,2.45E-05,3.12E-01,1.67E-01,2.47E-01,2.17E+02,1.41E+01,2.31E+02,0.000168298,0.000176381
4.67E+04,205499,4.63E+01,7.51E-01,1.30E-02,8.88E+01,2.45E-05,3.11E-01,1.67E-01,2.47E-01,2.16E+02,1.40E+01,2.30E+02,0.000168206,0.000176285
4.67E+04,2.05E+05,1.88E+02,2.60E+00,1.30E-02,8.88E+01,2.45E-05,3.11E-01,1.67E-01,2.47E-01,2.16E+02,1.40E+01,2.30E+02,0.000168205,0.000176284
4.68E+04,205599,1.89E+02,2.60E+00,1.30E-02,8.88E+01,2.45E-05,3.12E-01,1.67E-01,2.48E-01,2.17E+02,1.43E+01,2.31E+02,0.000168113,0.000176188
4.68E+04,205599,4.68E+01,7.51E-01,1.30E-02,8.88E+01,2.45E-05,3.12E-01,1.67E-01,2.48E-01,2.17E+02,1.43E+01,2.31E+02,0.000168113,0.000176188
4.68E+04,2.06E+05,4.53E+01,7.52E-01,1.29E-02,8.88E+01,2.45E-05,3.12E-01,1.69E-01,2.40E-01,2.15E+02,1.32E+01,2.29E+02,0.000168019,0.00017609
4.68E+04,205700,1.88E+02,2.60E+00,1.29E-02,8.88E+01,2.45E-05,3.12E-01,1.69E-01,2.40E-01,2.15E+02,1.32E+01,2.29E+02,0.000168019,0.00017609
4.68E+04,205799,4.62E+01,7.51E-01,1.30E-02,8.88E+01,2.45E-05,3.12E-01,1.68E-01,2.46E-01,2.16E+02,1.39E+01,2.30E+02,0.000167927,0.000175994
4.68E+04,205800,1.88E+02,2.60E+00,1.30E-02,8.88E+01,2.45E-05,3.12E-01,1.68E-01,2.46E-01,2.16E+02,1.39E+01,2.30E+02,0.000167926,0.000175993
4.68E+04,2.06E+05,4.57E+01,7.51E-01,1.30E-02,8.88E+01,2.45E-05,3.10E-01,1.67E-01,2.44E-01,2.15E+02,1.36E+01,2.28E+02,0.000167834,0.000175897
4.68E+04,2.06E+05,1.87E+02,2.60E+00,1.30E-02,8.88E+01,2.45E-05,3.10E-01,1.67E-01,2.44E-01,2.15E+02,1.36E+01,2.28E+02,0.000167834,0.000175897
4.68E+04,2.06E+05,4.58E+01,7.52E-01,1.30E-02,8.88E+01,2.45E-05,3.11E-01,1.68E-01,2.44E-01,2.15E+02,1.36E+01,2.29E+02,0.000167741,0.0001758
4.68E+04,2.06E+05,1.88E+02,2.60E+00,1.30E-02,8.88E+01,2.45E-05,3.11E-01,1.68E-01,2.44E-01,2.15E+02,1.36E+01,2.29E+02,0.000167741,0.0001758
4.69E+04,2.06E+05,4.57E+01,7.52E-01,1.29E-02,8.88E+01,2.44E-05,3.12E-01,1.68E-01,2.43E-01,2.16E+02,1.35E+01,2.29E+02,0.000167648,0.000175703
4.69E+04,206100,1.88E+02,2.60E+00,1.29E-02,8.88E+01,2.44E-05,3.12E-01,1.68E-01,2.43E-01,2.16E+02,1.35E+01,2.29E+02,0.000167648,0.000175703
4.69E+04,206199,4.62E+01,7.51E-01,1.31E-02,8.88E+01,2.44E-05,3.10E-01,1.66E-01,2.47E-01,2.15E+02,1.40E+01,2.29E+02,0.000167556,0.000175608
4.69E+04,2.06E+05,1.87E+02,2.60E+00,1.31E-02,8.88E+01,2.44E-05,3.10E-01,1.66E-01,2.47E-01,2.15E+02,1.40E+01,2.29E+02,0.000167556,0.000175607
4.69E+04,2.06E+05,4.52E+01,7.51E-01,1.30E-02,8.88E+01,2.44E-05,3.11E-01,1.68E-01,2.41E-01,2.15E+02,1.32E+01,2.28E+02,0.000167463,0.000175511
4.69E+04,2.06E+05,1.88E+02,2.60E+00,1.30E-02,8.88E+01,2.44E-05,3.11E-01,1.68E-01,2.41E-01,2.15E+02,1.32E+01,2.28E+02,0.000167463,0.000175511
4.69E+04,2.06E+05,4.57E+01,7.51E-01,1.30E-02,8.88E+01,2.44E-05,3.11E-01,1.68E-01,2.44E-01,2.15E+02,1.36E+01,2.29E+02,0.000167371,0.000175415
4.69E+04,2.06E+05,1.88E+02,2.60E+00,1.30E-02,8.88E+01,2.44E-05,3.11E-01,1.68E-01,2.44E-01,2.15E+02,1.36E+01,2.29E+02,0.000167371,0.000175415
4.70E+04,2.06E+05,4.60E+01,7.52E-01,1.30E-02,8.88E+01,2.44E-05,3.11E-01,1.67E-01,2.45E-01,2.15E+02,1.38E+01,2.29E+02,0.000167279,0.000175318
4.70E+04,2.06E+05,1.88E+02,2.60E+00,1.30E-02,8.88E+01,2.44E-05,3.11E-01,1.67E-01,2.45E-01,2.15E+02,1.38E+01,2.29E+02,0.000167279,0.000175318
4.70E+04,206599,4.65E+01,7.51E-01,1.31E-02,8.88E+01,2.44E-05,3.10E-01,1.66E-01,2.48E-01,2.16E+02,1.42E+01,2.30E+02,0.000167187,0.000175223
4.70E+04,2.07E+05,1.87E+02,2.60E+00,1.31E-02,8.88E+01,2.44E-05,3.10E-01,1.66E-01,2.48E-01,2.16E+02,1.42E+01,2.30E+02,0.000167187,0.000175222
4.70E+04,2.07E+05,4.60E+01,7.52E-01,1.30E-02,8.88E+01,2.44E-05,3.10E-01,1.67E-01,2.45E-01,2.15E+02,1.38E+01,2.29E+02,0.000167094,0.000175126
4.70E+04,2.07E+05,1.87E+02,2.60E+00,1.30E-02,8.88E+01,2.44E-05,3.10E-01,1.67E-01,2.45E-01,2.15E+02,1.38E+01,2.29E+02,0.000167094,0.000175126
4.70E+04,2.07E+05,4.59E+01,7.51E-01,1.30E-02,8.89E+01,2.44E-05,3.10E-01,1.67E-01,2.45E-01,2.15E+02,1.37E+01,2.29E+02,0.000167003,0.000175031
4.70E+04,2.07E+05,1.87E+02,2.60E+00,1.30E-02,8.89E+01,2.44E-05,3.10E-01,1.67E-01,2.45E-01,2.15E+02,1.37E+01,2.29E+02,0.000167003,0.000175031
4.70E+04,2.07E+05,4.60E+01,7.51E-01,1.30E-02,8.89E+01,2.44E-05,3.10E-01,1.67E-01,2.45E-01,2.15E+02,1.38E+01,2.29E+02,0.000166911,0.000174935
4.70E+04,2.07E+05,1.87E+02,2.60E+00,1.30E-02,8.89E+01,2.44E-05,3.10E-01,1.67E-01,2.45E-01,2.15E+02,1.38E+01,2.29E+02,0.000166911,0.000174935
4.71E+04,2.07E+05,4.60E+01,7.52E-01,1.30E-02,8.89E+01,2.43E-05,3.11E-01,1.68E-01,2.45E-01,2.16E+02,1.37E+01,2.30E+02,0.000166819,0.000174839
4.71E+04,2.07E+05,1.88E+02,2.60E+00,1.30E-02,8.89E+01,2.43E-05,3.11E-01,1.68E-01,2.45E-01,2.16E+02,1.37E+01,2.30E+02,0.000166819,0.000174839
4.71E+04,2.07E+05,4.59E+01,7.51E-01,1.30E-02,8.89E+01,2.43E-05,3.12E-01,1.68E-01,2.44E-01,2.16E+02,1.37E+01,2.30E+02,0.000166727,0.000174744
4.71E+04,207100,1.88E+02,2.60E+00,1.30E-02,8.89E+01,2.43E-05,3.12E-01,1.68E-01,2.44E-01,2.16E+02,1.37E+01,2.30E+02,0.000166727,0.000174743
4.71E+04,2.07E+05,4.59E+01,7.52E-01,1.30E-02,8.89E+01,2.43E-05,3.11E-01,1.68E-01,2.44E-01,2.16E+02,1.37E+01,2.29E+02,0.000166636,0.000174648
4.71E+04,2.07E+05,1.88E+02,2.60E+00,1.30E-02,8.89E+01,2.43E-05,3.11E-01,1.68E-01,2.44E-01,2.16E+02,1.37E+01,2.29E+02,0.000166636,0.000174648
4.71E+04,2.07E+05,4.55E+01,7.52E-01,1.30E-02,8.89E+01,2.43E-05,3.10E-01,1.68E-01,2.43E-01,2.15E+02,1.35E+01,2.28E+02,0.000166544,0.000174553
4.71E+04,2.07E+05,1.87E+02,2.60E+00,1.30E-02,8.89E+01,2.43E-05,3.10E-01,1.68E-01,2.43E-01,2.15E+02,1.35E+01,2.28E+02,0.000166544,0.000174553
4.71E+04,2.07E+05,4.59E+01,7.51E-01,1.31E-02,8.89E+01,2.43E-05,3.10E-01,1.67E-01,2.45E-01,2.15E+02,1.38E+01,2.29E+02,0.000166453,0.000174458
4.71E+04,2.07E+05,1.87E+02,2.60E+00,1.31E-02,8.89E+01,2.43E-05,3.10E-01,1.67E-01,2.45E-01,2.15E+02,1.38E+01,2.29E+02,0.000166453,0.000174458
4.72E+04,2.07E+05,4.58E+01,7.55E-01,1.30E-02,8.89E+01,2.43E-05,3.11E-01,1.67E-01,2.44E-01,2.15E+02,1.36E+01,2.29E+02,0.000166362,0.000174363
4.72E+04,2.07E+05,1.88E+02,2.60E+00,1.30E-02,8.89E+01,2.43E-05,3.11E-01,1.67E-01,2.44E-01,2.15E+02,1.36E+01,2.29E+02,0.000166362,0.000174363
4.72E+04,2.08E+05,4.57E+01,7.55E-01,1.29E-02,8.89E+01,2.43E-05,3.12E-01,1.69E-01,2.42E-01,2.16E+02,1.35E+01,2.29E+02,0.00016627,0.000174268
4.72E+04,207600,1.89E+02,2.60E+00,1.29E-02,8.89E+01,2.43E-05,3.12E-01,1.69E-01,2.42E-01,2.16E+02,1.35E+01,2.29E+02,0.00016627,0.000174267
4.72E+04,207699,4.61E+01,7.53E-01,1.30E-02,8.89E+01,2.43E-05,3.11E-01,1.67E-01,2.46E-01,2.16E+02,1.39E+01,2.29E+02,0.00016618,0.000174173
4.72E+04,2.08E+05,1.88E+02,2.60E+00,1.30E-02,8.89E+01,2.43E-05,3.11E-01,1.67E-01,2.46E-01,2.16E+02,1.39E+01,2.29E+02,0.000166179,0.000174173
4.73E+04,207799,4.62E+01,7.54E-01,1.30E-02,8.89E+01,2.43E-05,3.11E-01,1.67E-01,2.46E-01,2.16E+02,1.39E+01,2.30E+02,0.000166089,0.000174078
4.73E+04,207800,1.88E+02,2.60E+00,1.30E-02,8.89E+01,2.43E-05,3.11E-01,1.67E-01,2.46E-01,2.16E+02,1.39E+01,2.30E+02,0.000166088,0.000174077
4.73E+04,207899,4.62E+01,7.54E-01,1.30E-02,8.89E+01,2.42E-05,3.11E-01,1.67E-01,2.45E-01,2.16E+02,1.38E+01,2.30E+02,0.000165998,0.000173983
4.73E+04,207900,1.88E+02,2.60E+00,1.30E-02,8.89E+01,2.42E-05,3.11E-01,1.67E-01,2.45E-01,2.16E+02,1.38E+01,2.30E+02,0.000165997,0.000173983
4.73E+04,207999,4.62E+01,7.53E-01,1.30E-02,8.89E+01,2.42E-05,3.11E-01,1.67E-01,2.46E-01,2.16E+02,1.39E+01,2.30E+02,0.000165907,0.000173889
4.73E+04,208000,1.88E+02,2.60E+00,1.30E-02,8.89E+01,2.42E-05,3.11E-01,1.67E-01,2.46E-01,2.16E+02,1.39E+01,2.30E+02,0.000165906,0.000173888
4.73E+04,208099,4.61E+01,7.54E-01,1.30E-02,8.89E+01,2.42E-05,3.11E-01,1.67E-01,2.45E-01,2.16E+02,1.38E+01,2.30E+02,0.000165816,0.000173794
4.73E+04,208100,1.88E+02,2.60E+00,1.30E-02,8.89E+01,2.42E-05,3.11E-01,1.67E-01,2.45E-01,2.16E+02,1.38E+01,2.30E+02,0.000165815,0.000173793
4.73E+04,208199,4.62E+01,7.54E-01,1.30E-02,8.89E+01,2.42E-05,3.11E-01,1.67E-01,2.46E-01,2.16E+02,1.39E+01,2.30E+02,0.000165726,0.0001737
4.73E+04,208200,1.88E+02,2.60E+00,1.30E-02,8.89E+01,2.42E-05,3.11E-01,1.67E-01,2.46E-01,2.16E+02,1.39E+01,2.30E+02,0.000165725,0.000173699
4.74E+04,2.08E+05,4.57E+01,7.55E-01,1.29E-02,8.89E+01,2.42E-05,3.12E-01,1.68E-01,2.42E-01,2.16E+02,1.34E+01,2.29E+02,0.000165635,0.000173605
4.74E+04,208300,1.89E+02,2.60E+00,1.29E-02,8.89E+01,2.42E-05,3.12E-01,1.68E-01,2.42E-01,2.16E+02,1.34E+01,2.29E+02,0.000165634,0.000173605
4.74E+04,208399,4.60E+01,7.53E-01,1.30E-02,8.89E+01,2.42E-05,3.11E-01,1.67E-01,2.45E-01,2.16E+02,1.38E+01,2.30E+02,0.000165545,0.000173511
4.74E+04,208400,1.88E+02,2.60E+00,1.30E-02,8.89E+01,2.42E-05,3.11E-01,1.67E-01,2.45E-01,2.16E+02,1.38E+01,2.30E+02,0.000165544,0.00017351
4.74E+04,2.08E+05,4.57E+01,7.52E-01,1.30E-02,8.89E+01,2.42E-05,3.10E-01,1.67E-01,2.44E-01,2.15E+02,1.36E+01,2.29E+02,0.000165454,0.000173417
4.74E+04,2.08E+05,1.87E+02,2.60E+00,1.30E-02,8.89E+01,2.42E-05,3.10E-01,1.67E-01,2.44E-01,2.15E+02,1.36E+01,2.29E+02,0.000165454,0.000173417
4.74E+04,2.09E+05,4.58E+01,7.53E-01,1.30E-02,8.89E+01,2.42E-05,3.11E-01,1.67E-01,2.44E-01,2.15E+02,1.36E+01,2.29E+02,0.000165364,0.000173322
4.74E+04,208600,1.88E+02,2.60E+00,1.30E-02,8.89E+01,2.42E-05,3.11E-01,1.67E-01,2.44E-01,2.15E+02,1.36E+01,2.29E+02,0.000165363,0.000173322
4.75E+04,2.09E+05,4.58E+01,7.52E-01,1.30E-02,8.89E+01,2.42E-05,3.11E-01,1.68E-01,2.44E-01,2.15E+02,1.36E+01,2.29E+02,0.000165273,0.000173229
4.75E+04,208700,1.88E+02,2.60E+00,1.30E-02,8.89E+01,2.42E-05,3.11E-01,1.68E-01,2.44E-01,2.15E+02,1.36E+01,2.29E+02,0.000165273,0.000173228
4.75E+04,208799,4.70E+01,7.53E-01,1.32E-02,8.89E+01,2.41E-05,3.09E-01,1.64E-01,2.52E-01,2.15E+02,1.46E+01,2.30E+02,0.000165184,0.000173135
4.75E+04,2.09E+05,1.87E+02,2.60E+00,1.32E-02,8.89E+01,2.41E-05,3.09E-01,1.64E-01,2.52E-01,2.15E+02,1.46E+01,2.30E+02,0.000165183,0.000173135
4.75E+04,2.09E+05,4.58E+01,7.52E-01,1.31E-02,8.89E+01,2.41E-05,3.10E-01,1.67E-01,2.45E-01,2.15E+02,1.37E+01,2.29E+02,0.000165093,0.000173041
4.75E+04,2.09E+05,1.87E+02,2.60E+00,1.31E-02,8.89E+01,2.41E-05,3.10E-01,1.67E-01,2.45E-01,2.15E+02,1.37E+01,2.29E+02,0.000165093,0.000173041
4.75E+04,208999,4.63E+01,7.52E-01,1.31E-02,8.89E+01,2.41E-05,3.10E-01,1.66E-01,2.48E-01,2.15E+02,1.41E+01,2.29E+02,0.000165004,0.000172948
4.75E+04,2.09E+05,1.87E+02,2.60E+00,1.31E-02,8.89E+01,2.41E-05,3.10E-01,1.66E-01,2.48E-01,2.15E+02,1.41E+01,2.29E+02,0.000165003,0.000172947
4.75E+04,209099,4.63E+01,7.52E-01,1.31E-02,8.89E+01,2.41E-05,3.09E-01,1.66E-01,2.47E-01,2.15E+02,1.40E+01,2.29E+02,0.000164914,0.000172854
4.75E+04,2.09E+05,1.87E+02,2.60E+00,1.31E-02,8.89E+01,2.41E-05,3.09E-01,1.66E-01,2.47E-01,2.15E+02,1.40E+01,2.29E+02,0.000164914,0.000172854
4.76E+04,209199,4.63E+01,7.53E-01,1.30E-02,8.89E+01,2.41E-05,3.10E-01,1.66E-01,2.47E-01,2.16E+02,1.40E+01,2.29E+02,0.000164824,0.000172761
4.76E+04,209200,1.88E+02,2.60E+00,1.30E-02,8.89E+01,2.41E-05,3.10E-01,1.66E-01,2.47E-01,2.16E+02,1.40E+01,2.29E+02,0.000164824,0.00017276
4.76E+04,209299,4.64E+01,7.52E-01,1.30E-02,8.89E+01,2.41E-05,3.11E-01,1.67E-01,2.46E-01,2.16E+02,1.40E+01,2.30E+02,0.000164735,0.000172667
4.76E+04,209300,1.88E+02,2.60E+00,1.30E-02,8.89E+01,2.41E-05,3.11E-01,1.67E-01,2.46E-01,2.16E+02,1.40E+01,2.30E+02,0.000164734,0.000172666
4.76E+04,2.09E+05,4.57E+01,7.52E-01,1.30E-02,8.89E+01,2.41E-05,3.10E-01,1.67E-01,2.44E-01,2.15E+02,1.36E+01,2.29E+02,0.000164645,0.000172573
4.76E+04,209400,1.88E+02,2.60E+00,1.30E-02,8.89E+01,2.41E-05,3.10E-01,1.67E-01,2.44E-01,2.15E+02,1.36E+01,2.29E+02,0.000164644,0.000172573
4.76E+04,2.09E+05,4.56E+01,7.54E-01,1.30E-02,8.89E+01,2.41E-05,3.10E-01,1.67E-01,2.43E-01,2.14E+02,1.35E+01,2.28E+02,0.000164555,0.00017248
4.76E+04,2.09E+05,1.87E+02,2.60E+00,1.30E-02,8.89E+01,2.41E-05,3.10E-01,1.67E-01,2.43E-01,2.14E+02,1.35E+01,2.28E+02,0.000164555,0.00017248
4.77E+04,2.10E+05,4.60E+01,7.51E-01,1.31E-02,8.89E+01,2.41E-05,3.09E-01,1.66E-01,2.46E-01,2.15E+02,1.39E+01,2.29E+02,0.000164466,0.000172387
4.77E+04,2.10E+05,1.87E+02,2.60E+00,1.31E-02,8.89E+01,2.41E-05,3.09E-01,1.66E-01,2.46E-01,2.15E+02,1.39E+01,2.29E+02,0.000164466,0.000172387
4.77E+04,209699,4.66E+01,7.52E-01,1.31E-02,8.89E+01,2.40E-05,3.11E-01,1.66E-01,2.48E-01,2.16E+02,1.41E+01,2.30E+02,0.000164377,0.000172294
4.77E+04,209700,1.88E+02,2.60E+00,1.31E-02,8.89E+01,2.40E-05,3.11E-01,1.66E-01,2.48E-01,2.16E+02,1.41E+01,2.30E+02,0.000164376,0.000172294
4.77E+04,2.10E+05,4.56E+01,7.53E-01,1.30E-02,8.89E+01,2.40E-05,3.10E-01,1.67E-01,2.43E-01,2.15E+02,1.35E+01,2.28E+02,0.000164288,0.000172201
4.77E+04,2.10E+05,1.87E+02,2.60E+00,1.30E-02,8.89E+01,2.40E-05,3.10E-01,1.67E-01,2.43E-01,2.15E+02,1.35E+01,2.28E+02,0.000164288,0.000172201
4.77E+04,2.10E+05,4.60E+01,7.53E-01,1.31E-02,8.89E+01,2.40E-05,3.10E-01,1.67E-01,2.46E-01,2.15E+02,1.38E+01,2.29E+02,0.000164199,0.000172108
4.77E+04,2.10E+05,1.87E+02,2.60E+00,1.31E-02,8.89E+01,2.40E-05,3.10E-01,1.67E-01,2.46E-01,2.15E+02,1.38E+01,2.29E+02,0.000164199,0.000172108
4.77E+04,2.10E+05,4.60E+01,7.53E-01,1.30E-02,8.89E+01,2.40E-05,3.10E-01,1.66E-01,2.46E-01,2.15E+02,1.38E+01,2.29E+02,0.00016411,0.000172016
4.77E+04,2.10E+05,1.87E+02,2.60E+00,1.30E-02,8.89E+01,2.40E-05,3.10E-01,1.66E-01,2.46E-01,2.15E+02,1.38E+01,2.29E+02,0.00016411,0.000172016
4.78E+04,210099,4.65E+01,7.53E-01,1.31E-02,8.89E+01,2.40E-05,3.10E-01,1.66E-01,2.49E-01,2.15E+02,1.42E+01,2.30E+02,0.000164021,0.000171923
4.78E+04,2.10E+05,1.87E+02,2.60E+00,1.31E-02,8.89E+01,2.40E-05,3.10E-01,1.66E-01,2.49E-01,2.15E+02,1.42E+01,2.30E+02,0.000164021,0.000171923
4.78E+04,210199,4.65E+01,7.53E-01,1.31E-02,8.89E+01,2.40E-05,3.09E-01,1.66E-01,2.49E-01,2.15E+02,1.42E+01,2.30E+02,0.000163932,0.000171831
4.78E+04,2.10E+05,1.87E+02,2.60E+00,1.31E-02,8.89E+01,2.40E-05,3.09E-01,1.66E-01,2.49E-01,2.15E+02,1.42E+01,2.30E+02,0.000163932,0.00017183
4.78E+04,2.10E+05,4.55E+01,7.53E-01,1.30E-02,8.89E+01,2.40E-05,3.10E-01,1.67E-01,2.43E-01,2.15E+02,1.35E+01,2.28E+02,0.000163843,0.000171738
4.78E+04,2.10E+05,1.87E+02,2.60E+00,1.30E-02,8.89E+01,2.40E-05,3.10E-01,1.67E-01,2.43E-01,2.15E+02,1.35E+01,2.28E+02,0.000163843,0.000171738
4.78E+04,210399,4.65E+01,7.53E-01,1.31E-02,8.89E+01,2.40E-05,3.10E-01,1.66E-01,2.48E-01,2.16E+02,1.41E+01,2.30E+02,0.000163755,0.000171646
4.78E+04,210400,1.88E+02,2.60E+00,1.31E-02,8.89E+01,2.40E-05,3.10E-01,1.66E-01,2.48E-01,2.16E+02,1.41E+01,2.30E+02,0.000163754,0.000171645
4.79E+04,2.10E+05,4.52E+01,7.53E-01,1.30E-02,8.89E+01,2.40E-05,3.10E-01,1.68E-01,2.41E-01,2.15E+02,1.33E+01,2.28E+02,0.000163666,0.000171553
4.79E+04,210500,1.88E+02,2.60E+00,1.30E-02,8.89E+01,2.40E-05,3.10E-01,1.68E-01,2.41E-01,2.15E+02,1.33E+01,2.28E+02,0.000163666,0.000171553
4.79E+04,210599,4.67E+01,7.52E-01,1.31E-02,8.89E+01,2.40E-05,3.10E-01,1.66E-01,2.49E-01,2.16E+02,1.43E+01,2.30E+02,0.000163578,0.000171462
4.79E+04,210600,1.88E+02,2.60E+00,1.31E-02,8.89E+01,2.40E-05,3.10E-01,1.66E-01,2.49E-01,2.16E+02,1.43E+01,2.30E+02,0.000163577,0.000171461
4.79E+04,210699,4.61E+01,7.52E-01,1.31E-02,8.89E+01,2.39E-05,3.10E-01,1.66E-01,2.47E-01,2.15E+02,1.39E+01,2.29E+02,0.00016349,0.000171369
4.79E+04,2.11E+05,1.87E+02,2.60E+00,1.31E-02,8.89E+01,2.39E-05,3.10E-01,1.66E-01,2.47E-01,2.15E+02,1.39E+01,2.29E+02,0.000163489,0.000171369
4.79E+04,210799,4.61E+01,7.51E-01,1.31E-02,8.89E+01,2.39E-05,3.10E-01,1.67E-01,2.46E-01,2.16E+02,1.39E+01,2.30E+02,0.000163401,0.000171277
4.79E+04,210800,1.88E+02,2.60E+00,1.31E-02,8.89E+01,2.39E-05,3.10E-01,1.67E-01,2.46E-01,2.16E+02,1.39E+01,2.30E+02,0.000163401,0.000171277
4.80E+04,2.11E+05,4.56E+01,7.52E-01,1.30E-02,8.90E+01,2.39E-05,3.10E-01,1.67E-01,2.43E-01,2.15E+02,1.35E+01,2.29E+02,0.000163313,0.000171185
4.80E+04,210900,1.87E+02,2.60E+00,1.30E-02,8.90E+01,2.39E-05,3.10E-01,1.67E-01,2.43E-01,2.15E+02,1.35E+01,2.29E+02,0.000163312,0.000171185
4.80E+04,2.11E+05,4.56E+01,7.53E-01,1.30E-02,8.90E+01,2.39E-05,3.09E-01,1.66E-01,2.44E-01,2.14E+02,1.36E+01,2.28E+02,0.000163225,0.000171093
4.80E+04,2.11E+05,1.87E+02,2.60E+00,1.30E-02,8.90E+01,2.39E-05,3.09E-01,1.66E-01,2.44E-01,2.14E+02,1.36E+01,2.28E+02,0.000163225,0.000171093
4.80E+04,211099,4.61E+01,7.52E-01,1.31E-02,8.90E+01,2.39E-05,3.09E-01,1.66E-01,2.47E-01,2.15E+02,1.39E+01,2.29E+02,0.000163137,0.000171002
4.80E+04,2.11E+05,1.87E+02,2.60E+00,1.31E-02,8.90E+01,2.39E-05,3.09E-01,1.66E-01,2.47E-01,2.15E+02,1.39E+01,2.29E+02,0.000163137,0.000171002
4.80E+04,211199,4.60E+01,7.53E-01,1.31E-02,8.90E+01,2.39E-05,3.08E-01,1.65E-01,2.47E-01,2.14E+02,1.39E+01,2.28E+02,0.000163049,0.00017091
4.80E+04,2.11E+05,1.86E+02,2.60E+00,1.31E-02,8.90E+01,2.39E-05,3.08E-01,1.65E-01,2.47E-01,2.14E+02,1.39E+01,2.28E+02,0.000163049,0.00017091
4.80E+04,2.11E+05,4.56E+01,7.52E-01,1.30E-02,8.90E+01,2.39E-05,3.10E-01,1.67E-01,2.43E-01,2.15E+02,1.35E+01,2.29E+02,0.000162961,0.000170818
4.80E+04,211300,1.88E+02,2.60E+00,1.30E-02,8.90E+01,2.39E-05,3.10E-01,1.67E-01,2.43E-01,2.15E+02,1.35E+01,2.29E+02,0.000162961,0.000170818
4.81E+04,2.11E+05,4.52E+01,7.53E-01,1.30E-02,8.90E+01,2.39E-05,3.10E-01,1.68E-01,2.41E-01,2.15E+02,1.32E+01,2.28E+02,0.000162873,0.000170727
4.81E+04,211400,1.87E+02,2.60E+00,1.30E-02,8.90E+01,2.39E-05,3.10E-01,1.68E-01,2.41E-01,2.15E+02,1.32E+01,2.28E+02,0.000162873,0.000170727
4.81E+04,2.11E+05,4.56E+01,7.55E-01,1.29E-02,8.90E+01,2.39E-05,3.11E-01,1.68E-01,2.43E-01,2.15E+02,1.35E+01,2.29E+02,0.000162786,0.000170636
4.81E+04,211500,1.88E+02,2.60E+00,1.29E-02,8.90E+01,2.39E-05,3.11E-01,1.68E-01,2.43E-01,2.15E+02,1.35E+01,2.29E+02,0.000162785,0.000170635
4.81E+04,2.12E+05,4.61E+01,7.54E-01,1.30E-02,8.90E+01,2.38E-05,3.10E-01,1.66E-01,2.46E-01,2.15E+02,1.39E+01,2.29E+02,0.000162698,0.000170544
4.81E+04,2.12E+05,1.87E+02,2.60E+00,1.30E-02,8.90E+01,2.38E-05,3.10E-01,1.66E-01,2.46E-01,2.15E+02,1.39E+01,2.29E+02,0.000162698,0.000170544
4.81E+04,2.12E+05,4.60E+01,7.54E-01,1.30E-02,8.90E+01,2.38E-05,3.10E-01,1.66E-01,2.46E-01,2.15E+02,1.38E+01,2.29E+02,0.000162611,0.000170453
4.81E+04,2.12E+05,1.87E+02,2.60E+00,1.30E-02,8.90E+01,2.38E-05,3.10E-01,1.66E-01,2.46E-01,2.15E+02,1.38E+01,2.29E+02,0.000162611,0.000170453
4.82E+04,211799,4.72E+01,7.55E-01,1.31E-02,8.90E+01,2.38E-05,3.10E-01,1.65E-01,2.52E-01,2.16E+02,1.46E+01,2.31E+02,0.000162524,0.000170363
4.82E+04,2.12E+05,1.87E+02,2.60E+00,1.31E-02,8.90E+01,2.38E-05,3.10E-01,1.65E-01,2.52E-01,2.16E+02,1.46E+01,2.31E+02,0.000162523,0.000170362
4.82E+04,2.12E+05,4.60E+01,7.53E-01,1.31E-02,8.90E+01,2.38E-05,3.09E-01,1.66E-01,2.46E-01,2.15E+02,1.39E+01,2.28E+02,0.000162436,0.000170271
4.82E+04,2.12E+05,1.87E+02,2.60E+00,1.31E-02,8.90E+01,2.38E-05,3.09E-01,1.66E-01,2.46E-01,2.15E+02,1.39E+01,2.28E+02,0.000162436,0.000170271
4.82E+04,2.12E+05,4.56E+01,7.53E-01,1.30E-02,8.90E+01,2.38E-05,3.11E-01,1.68E-01,2.43E-01,2.15E+02,1.35E+01,2.29E+02,0.000162349,0.00017018
4.82E+04,212000,1.88E+02,2.60E+00,1.30E-02,8.90E+01,2.38E-05,3.11E-01,1.68E-01,2.43E-01,2.15E+02,1.35E+01,2.29E+02,0.000162348,0.00017018
4.82E+04,2.12E+05,4.60E+01,7.54E-01,1.30E-02,8.90E+01,2.38E-05,3.11E-01,1.67E-01,2.45E-01,2.16E+02,1.37E+01,2.29E+02,0.000162262,0.00017009
4.82E+04,212100,1.88E+02,2.60E+00,1.30E-02,8.90E+01,2.38E-05,3.11E-01,1.67E-01,2.45E-01,2.16E+02,1.37E+01,2.29E+02,0.000162261,0.000170089
4.82E+04,212199,4.65E+01,7.52E-01,1.31E-02,8.90E+01,2.38E-05,3.10E-01,1.66E-01,2.48E-01,2.16E+02,1.42E+01,2.30E+02,0.000162175,0.000169999
4.82E+04,2.12E+05,1.87E+02,2.60E+00,1.31E-02,8.90E+01,2.38E-05,3.10E-01,1.66E-01,2.48E-01,2.16E+02,1.42E+01,2.30E+02,0.000162175,0.000169999
4.83E+04,2.12E+05,4.56E+01,7.53E-01,1.31E-02,8.90E+01,2.38E-05,3.09E-01,1.66E-01,2.44E-01,2.14E+02,1.36E+01,2.28E+02,0.000162088,0.000169908
4.83E+04,2.12E+05,1.87E+02,2.60E+00,1.31E-02,8.90E+01,2.38E-05,3.09E-01,1.66E-01,2.44E-01,2.14E+02,1.36E+01,2.28E+02,0.000162088,0.000169908
4.83E+04,2.12E+05,4.56E+01,7.53E-01,1.31E-02,8.90E+01,2.38E-05,3.09E-01,1.66E-01,2.44E-01,2.14E+02,1.36E+01,2.28E+02,0.000162001,0.000169818
4.83E+04,2.12E+05,1.87E+02,2.60E+00,1.31E-02,8.90E+01,2.38E-05,3.09E-01,1.66E-01,2.44E-01,2.14E+02,1.36E+01,2.28E+02,0.000162001,0.000169818
4.83E+04,2.12E+05,4.55E+01,7.53E-01,1.30E-02,8.90E+01,2.37E-05,3.09E-01,1.67E-01,2.43E-01,2.14E+02,1.35E+01,2.28E+02,0.000161914,0.000169727
4.83E+04,2.12E+05,1.87E+02,2.60E+00,1.30E-02,8.90E+01,2.37E-05,3.09E-01,1.67E-01,2.43E-01,2.14E+02,1.35E+01,2.28E+02,0.000161914,0.000169727
4.83E+04,2.13E+05,4.54E+01,7.53E-01,1.30E-02,8.90E+01,2.37E-05,3.09E-01,1.67E-01,2.43E-01,2.14E+02,1.34E+01,2.28E+02,0.000161828,0.000169637
4.83E+04,2.13E+05,1.87E+02,2.60E+00,1.30E-02,8.90E+01,2.37E-05,3.09E-01,1.67E-01,2.43E-01,2.14E+02,1.34E+01,2.28E+02,0.000161828,0.000169637
4.84E+04,212699,4.64E+01,7.51E-01,1.31E-02,8.90E+01,2.37E-05,3.10E-01,1.66E-01,2.48E-01,2.16E+02,1.41E+01,2.30E+02,0.000161741,0.000169547
4.84E+04,212700,1.87E+02,2.60E+00,1.31E-02,8.90E+01,2.37E-05,3.10E-01,1.66E-01,2.48E-01,2.16E+02,1.41E+01,2.30E+02,0.000161741,0.000169546
4.84E+04,212799,4.64E+01,7.51E-01,1.32E-02,8.90E+01,2.37E-05,3.07E-01,1.64E-01,2.49E-01,2.14E+02,1.42E+01,2.29E+02,0.000161655,0.000169457
4.84E+04,2.13E+05,1.86E+02,2.60E+00,1.32E-02,8.90E+01,2.37E-05,3.07E-01,1.64E-01,2.49E-01,2.14E+02,1.42E+01,2.29E+02,0.000161655,0.000169457
4.84E+04,212899,4.58E+01,7.51E-01,1.31E-02,8.90E+01,2.37E-05,3.09E-01,1.66E-01,2.45E-01,2.15E+02,1.37E+01,2.29E+02,0.000161569,0.000169367
4.84E+04,2.13E+05,1.87E+02,2.60E+00,1.31E-02,8.90E+01,2.37E-05,3.09E-01,1.66E-01,2.45E-01,2.15E+02,1.37E+01,2.29E+02,0.000161568,0.000169366
4.84E+04,2.13E+05,4.53E+01,7.51E-01,1.30E-02,8.90E+01,2.37E-05,3.10E-01,1.68E-01,2.42E-01,2.15E+02,1.33E+01,2.28E+02,0.000161482,0.000169276
4.84E+04,213000,1.87E+02,2.60E+00,1.30E-02,8.90E+01,2.37E-05,3.10E-01,1.68E-01,2.42E-01,2.15E+02,1.33E+01,2.28E+02,0.000161481,0.000169276
4.84E+04,213099,4.59E+01,7.51E-01,1.31E-02,8.90E+01,2.37E-05,3.09E-01,1.66E-01,2.45E-01,2.15E+02,1.38E+01,2.28E+02,0.000161396,0.000169187
4.84E+04,2.13E+05,1.87E+02,2.60E+00,1.31E-02,8.90E+01,2.37E-05,3.09E-01,1.66E-01,2.45E-01,2.15E+02,1.38E+01,2.28E+02,0.000161396,0.000169187
4.85E+04,2.13E+05,4.53E+01,7.51E-01,1.31E-02,8.90E+01,2.37E-05,3.09E-01,1.67E-01,2.43E-01,2.14E+02,1.34E+01,2.28E+02,0.000161309,0.000169097
4.85E+04,2.13E+05,1.87E+02,2.60E+00,1.31E-02,8.90E+01,2.37E-05,3.09E-01,1.67E-01,2.43E-01,2.14E+02,1.34E+01,2.28E+02,0.000161309,0.000169097
4.85E+04,213299,4.58E+01,7.51E-01,1.31E-02,8.90E+01,2.37E-05,3.09E-01,1.66E-01,2.45E-01,2.15E+02,1.38E+01,2.28E+02,0.000161224,0.000169008
4.85E+04,2.13E+05,1.87E+02,2.60E+00,1.31E-02,8.90E+01,2.37E-05,3.09E-01,1.66E-01,2.45E-01,2.15E+02,1.38E+01,2.28E+02,0.000161223,0.000169007
4.85E+04,2.13E+05,4.54E+01,7.52E-01,1.30E-02,8.90E+01,2.37E-05,3.09E-01,1.67E-01,2.42E-01,2.15E+02,1.34E+01,2.28E+02,0.000161137,0.000168917
4.85E+04,213400,1.87E+02,2.60E+00,1.30E-02,8.90E+01,2.37E-05,3.09E-01,1.67E-01,2.42E-01,2.15E+02,1.34E+01,2.28E+02,0.000161137,0.000168917
4.86E+04,213499,4.60E+01,7.52E-01,1.31E-02,8.90E+01,2.36E-05,3.09E-01,1.66E-01,2.46E-01,2.15E+02,1.39E+01,2.29E+02,0.000161052,0.000168828
4.86E+04,213500,1.87E+02,2.60E+00,1.31E-02,8.90E+01,2.36E-05,3.09E-01,1.66E-01,2.46E-01,2.15E+02,1.39E+01,2.29E+02,0.000161051,0.000168827
4.86E+04,213599,4.66E+01,7.52E-01,1.32E-02,8.90E+01,2.36E-05,3.08E-01,1.65E-01,2.50E-01,2.15E+02,1.43E+01,2.29E+02,0.000160966,0.000168739
4.86E+04,2.14E+05,1.87E+02,2.60E+00,1.32E-02,8.90E+01,2.36E-05,3.08E-01,1.65E-01,2.50E-01,2.15E+02,1.43E+01,2.29E+02,0.000160966,0.000168739
4.86E+04,2.14E+05,4.55E+01,7.52E-01,1.31E-02,8.90E+01,2.36E-05,3.07E-01,1.65E-01,2.45E-01,2.13E+02,1.36E+01,2.27E+02,0.00016088,0.000168649
4.86E+04,2.14E+05,1.86E+02,2.60E+00,1.31E-02,8.90E+01,2.36E-05,3.07E-01,1.65E-01,2.45E-01,2.13E+02,1.36E+01,2.27E+02,0.00016088,0.000168649
4.86E+04,213799,4.60E+01,7.52E-01,1.32E-02,8.90E+01,2.36E-05,3.08E-01,1.65E-01,2.47E-01,2.14E+02,1.39E+01,2.28E+02,0.000160795,0.00016856
4.86E+04,2.14E+05,1.86E+02,2.60E+00,1.32E-02,8.90E+01,2.36E-05,3.08E-01,1.65E-01,2.47E-01,2.14E+02,1.39E+01,2.28E+02,0.000160794,0.00016856
4.86E+04,213899,4.60E+01,7.52E-01,1.31E-02,8.90E+01,2.36E-05,3.08E-01,1.65E-01,2.47E-01,2.14E+02,1.39E+01,2.28E+02,0.000160709,0.000168471
4.86E+04,2.14E+05,1.87E+02,2.60E+00,1.31E-02,8.90E+01,2.36E-05,3.08E-01,1.65E-01,2.47E-01,2.14E+02,1.39E+01,2.28E+02,0.000160709,0.000168471
4.87E+04,213999,4.61E+01,7.53E-01,1.31E-02,8.90E+01,2.36E-05,3.08E-01,1.65E-01,2.47E-01,2.15E+02,1.39E+01,2.29E+02,0.000160624,0.000168382
4.87E+04,2.14E+05,1.87E+02,2.60E+00,1.31E-02,8.90E+01,2.36E-05,3.08E-01,1.65E-01,2.47E-01,2.15E+02,1.39E+01,2.29E+02,0.000160623,0.000168382
4.87E+04,2.14E+05,4.52E+01,7.53E-01,1.30E-02,8.90E+01,2.36E-05,3.10E-01,1.68E-01,2.41E-01,2.14E+02,1.32E+01,2.28E+02,0.000160538,0.000168293
4.87E+04,214100,1.87E+02,2.60E+00,1.30E-02,8.90E+01,2.36E-05,3.10E-01,1.68E-01,2.41E-01,2.14E+02,1.32E+01,2.28E+02,0.000160538,0.000168292
4.87E+04,2.14E+05,4.51E+01,7.53E-01,1.29E-02,8.90E+01,2.36E-05,3.09E-01,1.68E-01,2.41E-01,2.14E+02,1.32E+01,2.27E+02,0.000160453,0.000168204
4.87E+04,214200,1.87E+02,2.60E+00,1.29E-02,8.90E+01,2.36E-05,3.09E-01,1.68E-01,2.41E-01,2.14E+02,1.32E+01,2.27E+02,0.000160452,0.000168203
4.87E+04,214299,4.61E+01,7.53E-01,1.31E-02,8.90E+01,2.36E-05,3.09E-01,1.66E-01,2.46E-01,2.15E+02,1.39E+01,2.29E+02,0.000160368,0.000168115
4.87E+04,214300,1.87E+02,2.60E+00,1.31E-02,8.90E+01,2.36E-05,3.09E-01,1.66E-01,2.46E-01,2.15E+02,1.39E+01,2.29E+02,0.000160367,0.000168114
4.87E+04,2.14E+05,4.55E+01,7.51E-01,1.30E-02,8.90E+01,2.35E-05,3.09E-01,1.67E-01,2.44E-01,2.15E+02,1.35E+01,2.28E+02,0.000160282,0.000168026
4.87E+04,214400,1.87E+02,2.60E+00,1.30E-02,8.90E+01,2.35E-05,3.09E-01,1.67E-01,2.44E-01,2.15E+02,1.35E+01,2.28E+02,0.000160282,0.000168026
4.88E+04,2.14E+05,4.57E+01,7.55E-01,1.30E-02,8.90E+01,2.35E-05,3.10E-01,1.67E-01,2.44E-01,2.15E+02,1.36E+01,2.28E+02,0.000160197,0.000167938
4.88E+04,214500,1.87E+02,2.60E+00,1.30E-02,8.90E+01,2.35E-05,3.10E-01,1.67E-01,2.44E-01,2.15E+02,1.36E+01,2.28E+02,0.000160197,0.000167937
4.88E+04,2.15E+05,4.60E+01,7.53E-01,1.31E-02,8.90E+01,2.35E-05,3.09E-01,1.66E-01,2.46E-01,2.15E+02,1.38E+01,2.29E+02,0.000160112,0.000167849
4.88E+04,214600,1.87E+02,2.60E+00,1.31E-02,8.90E+01,2.35E-05,3.09E-01,1.66E-01,2.46E-01,2.15E+02,1.38E+01,2.29E+02,0.000160112,0.000167849
4.88E+04,2.15E+05,4.60E+01,7.54E-01,1.30E-02,8.90E+01,2.35E-05,3.10E-01,1.66E-01,2.46E-01,2.15E+02,1.38E+01,2.29E+02,0.000160028,0.000167761
4.88E+04,214700,1.87E+02,2.60E+00,1.30E-02,8.90E+01,2.35E-05,3.10E-01,1.66E-01,2.46E-01,2.15E+02,1.38E+01,2.29E+02,0.000160027,0.00016776
4.88E+04,214799,4.66E+01,7.54E-01,1.31E-02,8.90E+01,2.35E-05,3.08E-01,1.65E-01,2.49E-01,2.15E+02,1.43E+01,2.29E+02,0.000159943,0.000167673
4.88E+04,2.15E+05,1.87E+02,2.60E+00,1.31E-02,8.90E+01,2.35E-05,3.08E-01,1.65E-01,2.49E-01,2.15E+02,1.43E+01,2.29E+02,0.000159943,0.000167672
4.89E+04,214899,4.66E+01,7.55E-01,1.32E-02,8.90E+01,2.35E-05,3.08E-01,1.64E-01,2.50E-01,2.14E+02,1.43E+01,2.29E+02,0.000159858,0.000167584
4.89E+04,2.15E+05,1.86E+02,2.60E+00,1.32E-02,8.90E+01,2.35E-05,3.08E-01,1.64E-01,2.50E-01,2.14E+02,1.43E+01,2.29E+02,0.000159858,0.000167584
4.89E+04,2.15E+05,4.60E+01,7.53E-01,1.31E-02,8.90E+01,2.35E-05,3.10E-01,1.66E-01,2.46E-01,2.15E+02,1.38E+01,2.29E+02,0.000159773,0.000167496
4.89E+04,215000,1.87E+02,2.60E+00,1.31E-02,8.90E+01,2.35E-05,3.10E-01,1.66E-01,2.46E-01,2.15E+02,1.38E+01,2.29E+02,0.000159773,0.000167495
4.89E+04,2.15E+05,4.55E+01,7.54E-01,1.30E-02,8.91E+01,2.35E-05,3.09E-01,1.67E-01,2.43E-01,2.15E+02,1.35E+01,2.28E+02,0.000159689,0.000167408
4.89E+04,215100,1.87E+02,2.60E+00,1.30E-02,8.91E+01,2.35E-05,3.09E-01,1.67E-01,2.43E-01,2.15E+02,1.35E+01,2.28E+02,0.000159688,0.000167407
4.89E+04,2.15E+05,4.60E+01,7.54E-01,1.31E-02,8.91E+01,2.35E-05,3.07E-01,1.65E-01,2.47E-01,2.14E+02,1.39E+01,2.28E+02,0.000159604,0.00016732
4.89E+04,2.15E+05,1.86E+02,2.60E+00,1.31E-02,8.91E+01,2.35E-05,3.07E-01,1.65E-01,2.47E-01,2.14E+02,1.39E+01,2.28E+02,0.000159604,0.00016732
4.89E+04,2.15E+05,4.61E+01,7.55E-01,1.31E-02,8.91E+01,2.35E-05,3.09E-01,1.66E-01,2.47E-01,2.15E+02,1.39E+01,2.29E+02,0.00015952,0.000167232
4.89E+04,2.15E+05,1.87E+02,2.60E+00,1.31E-02,8.91E+01,2.35E-05,3.09E-01,1.66E-01,2.47E-01,2.15E+02,1.39E+01,2.29E+02,0.00015952,0.000167232
4.90E+04,2.15E+05,4.61E+01,7.55E-01,1.32E-02,8.91E+01,2.34E-05,3.08E-01,1.65E-01,2.48E-01,2.14E+02,1.40E+01,2.28E+02,0.000159436,0.000167144
4.90E+04,2.15E+05,1.86E+02,2.60E+00,1.32E-02,8.91E+01,2.34E-05,3.08E-01,1.65E-01,2.48E-01,2.14E+02,1.40E+01,2.28E+02,0.000159436,0.000167144
4.90E+04,215499,4.61E+01,7.51E-01,1.31E-02,8.91E+01,2.34E-05,3.08E-01,1.65E-01,2.47E-01,2.15E+02,1.40E+01,2.29E+02,0.000159352,0.000167056
4.90E+04,2.15E+05,1.87E+02,2.60E+00,1.31E-02,8.91E+01,2.34E-05,3.08E-01,1.65E-01,2.47E-01,2.15E+02,1.40E+01,2.29E+02,0.000159352,0.000167056
4.90E+04,215599,4.61E+01,7.50E-01,1.32E-02,8.91E+01,2.34E-05,3.08E-01,1.65E-01,2.47E-01,2.15E+02,1.40E+01,2.29E+02,0.000159268,0.000166969
4.90E+04,2.16E+05,1.87E+02,2.60E+00,1.32E-02,8.91E+01,2.34E-05,3.08E-01,1.65E-01,2.47E-01,2.15E+02,1.40E+01,2.29E+02,0.000159268,0.000166968
4.90E+04,215699,4.60E+01,7.51E-01,1.31E-02,8.91E+01,2.34E-05,3.09E-01,1.66E-01,2.46E-01,2.15E+02,1.39E+01,2.29E+02,0.000159184,0.000166881
4.90E+04,215700,1.87E+02,2.60E+00,1.31E-02,8.91E+01,2.34E-05,3.09E-01,1.66E-01,2.46E-01,2.15E+02,1.39E+01,2.29E+02,0.000159183,0.00016688
4.91E+04,2.16E+05,4.55E+01,7.50E-01,1.31E-02,8.91E+01,2.34E-05,3.08E-01,1.66E-01,2.44E-01,2.14E+02,1.35E+01,2.28E+02,0.0001591,0.000166793
4.91E+04,215800,1.87E+02,2.60E+00,1.31E-02,8.91E+01,2.34E-05,3.08E-01,1.66E-01,2.44E-01,2.14E+02,1.35E+01,2.28E+02,0.000159099,0.000166793
4.91E+04,2.16E+05,4.55E+01,7.50E-01,1.32E-02,8.91E+01,2.34E-05,3.07E-01,1.65E-01,2.45E-01,2.13E+02,1.36E+01,2.27E+02,0.000159016,0.000166706
4.91E+04,2.16E+05,1.86E+02,2.60E+00,1.32E-02,8.91E+01,2.34E-05,3.07E-01,1.65E-01,2.45E-01,2.13E+02,1.36E+01,2.27E+02,0.000159016,0.000166706
4.91E+04,2.16E+05,4.55E+01,7.51E-01,1.31E-02,8.91E+01,2.34E-05,3.08E-01,1.66E-01,2.44E-01,2.14E+02,1.36E+01,2.27E+02,0.000158932,0.000166618
4.91E+04,2.16E+05,1.86E+02,2.60E+00,1.31E-02,8.91E+01,2.34E-05,3.08E-01,1.66E-01,2.44E-01,2.14E+02,1.36E+01,2.27E+02,0.000158932,0.000166618
4.91E+04,2.16E+05,4.55E+01,7.51E-01,1.32E-02,8.91E+01,2.34E-05,3.07E-01,1.65E-01,2.45E-01,2.13E+02,1.36E+01,2.27E+02,0.000158848,0.000166531
4.91E+04,2.16E+05,1.86E+02,2.60E+00,1.32E-02,8.91E+01,2.34E-05,3.07E-01,1.65E-01,2.45E-01,2.13E+02,1.36E+01,2.27E+02,0.000158848,0.000166531
4.91E+04,216199,4.61E+01,7.52E-01,1.32E-02,8.91E+01,2.34E-05,3.08E-01,1.65E-01,2.47E-01,2.14E+02,1.40E+01,2.28E+02,0.000158765,0.000166444
4.91E+04,2.16E+05,1.86E+02,2.60E+00,1.32E-02,8.91E+01,2.34E-05,3.08E-01,1.65E-01,2.47E-01,2.14E+02,1.40E+01,2.28E+02,0.000158765,0.000166444
4.92E+04,216299,4.61E+01,7.51E-01,1.31E-02,8.91E+01,2.33E-05,3.08E-01,1.66E-01,2.47E-01,2.15E+02,1.39E+01,2.29E+02,0.000158682,0.000166357
4.92E+04,216300,1.87E+02,2.60E+00,1.31E-02,8.91E+01,2.33E-05,3.08E-01,1.66E-01,2.47E-01,2.15E+02,1.39E+01,2.29E+02,0.000158681,0.000166357
4.92E+04,216399,4.59E+01,7.51E-01,1.32E-02,8.91E+01,2.33E-05,3.07E-01,1.65E-01,2.47E-01,2.14E+02,1.39E+01,2.28E+02,0.000158598,0.00016627
4.92E+04,2.16E+05,1.86E+02,2.60E+00,1.32E-02,8.91E+01,2.33E-05,3.07E-01,1.65E-01,2.47E-01,2.14E+02,1.39E+01,2.28E+02,0.000158598,0.00016627
4.92E+04,216499,4.63E+01,7.52E-01,1.31E-02,8.91E+01,2.33E-05,3.08E-01,1.65E-01,2.48E-01,2.15E+02,1.41E+01,2.29E+02,0.000158515,0.000166184
4.92E+04,2.16E+05,1.87E+02,2.60E+00,1.31E-02,8.91E+01,2.33E-05,3.08E-01,1.65E-01,2.48E-01,2.15E+02,1.41E+01,2.29E+02,0.000158514,0.000166183
4.93E+04,216599,4.62E+01,7.53E-01,1.32E-02,8.91E+01,2.33E-05,3.07E-01,1.64E-01,2.48E-01,2.14E+02,1.41E+01,2.28E+02,0.000158431,0.000166097
4.93E+04,2.17E+05,1.86E+02,2.60E+00,1.32E-02,8.91E+01,2.33E-05,3.07E-01,1.64E-01,2.48E-01,2.14E+02,1.41E+01,2.28E+02,0.000158431,0.000166096
4.93E+04,216699,4.68E+01,7.53E-01,1.31E-02,8.91E+01,2.33E-05,3.09E-01,1.65E-01,2.50E-01,2.16E+02,1.44E+01,2.30E+02,0.000158348,0.00016601
4.93E+04,216700,1.87E+02,2.60E+00,1.31E-02,8.91E+01,2.33E-05,3.09E-01,1.65E-01,2.50E-01,2.16E+02,1.44E+01,2.30E+02,0.000158347,0.000166009
4.93E+04,216799,4.62E+01,7.53E-01,1.31E-02,8.91E+01,2.33E-05,3.08E-01,1.65E-01,2.48E-01,2.15E+02,1.41E+01,2.29E+02,0.000158265,0.000165923
4.93E+04,2.17E+05,1.87E+02,2.60E+00,1.31E-02,8.91E+01,2.33E-05,3.08E-01,1.65E-01,2.48E-01,2.15E+02,1.41E+01,2.29E+02,0.000158265,0.000165923
4.93E+04,216899,4.62E+01,7.52E-01,1.31E-02,8.91E+01,2.33E-05,3.08E-01,1.65E-01,2.48E-01,2.15E+02,1.41E+01,2.29E+02,0.000158182,0.000165837
4.93E+04,2.17E+05,1.87E+02,2.60E+00,1.31E-02,8.91E+01,2.33E-05,3.08E-01,1.65E-01,2.48E-01,2.15E+02,1.41E+01,2.29E+02,0.000158182,0.000165836
4.93E+04,2.17E+05,4.57E+01,7.51E-01,1.30E-02,8.91E+01,2.33E-05,3.09E-01,1.66E-01,2.44E-01,2.15E+02,1.36E+01,2.28E+02,0.000158099,0.00016575
4.93E+04,217000,1.87E+02,2.60E+00,1.30E-02,8.91E+01,2.33E-05,3.09E-01,1.66E-01,2.44E-01,2.15E+02,1.36E+01,2.28E+02,0.000158098,0.000165749
4.94E+04,2.17E+05,4.56E+01,7.53E-01,1.31E-02,8.91E+01,2.33E-05,3.07E-01,1.65E-01,2.45E-01,2.14E+02,1.37E+01,2.27E+02,0.000158016,0.000165663
4.94E+04,2.17E+05,1.86E+02,2.60E+00,1.31E-02,8.91E+01,2.33E-05,3.07E-01,1.65E-01,2.45E-01,2.14E+02,1.37E+01,2.27E+02,0.000158016,0.000165663
4.94E+04,217199,4.68E+01,7.52E-01,1.32E-02,8.91E+01,2.33E-05,3.08E-01,1.64E-01,2.51E-01,2.15E+02,1.45E+01,2.29E+02,0.000157933,0.000165578
4.94E+04,2.17E+05,1.86E+02,2.60E+00,1.32E-02,8.91E+01,2.33E-05,3.08E-01,1.64E-01,2.51E-01,2.15E+02,1.45E+01,2.29E+02,0.000157933,0.000165577
4.94E+04,2.17E+05,4.57E+01,7.54E-01,1.30E-02,8.91E+01,2.32E-05,3.09E-01,1.66E-01,2.44E-01,2.14E+02,1.36E+01,2.28E+02,0.00015785,0.000165491
4.94E+04,217300,1.87E+02,2.60E+00,1.30E-02,8.91E+01,2.32E-05,3.09E-01,1.66E-01,2.44E-01,2.14E+02,1.36E+01,2.28E+02,0.00015785,0.00016549
4.94E+04,2.17E+05,4.56E+01,7.52E-01,1.31E-02,8.91E+01,2.32E-05,3.08E-01,1.66E-01,2.45E-01,2.14E+02,1.36E+01,2.28E+02,0.000157768,0.000165405
4.94E+04,2.17E+05,1.86E+02,2.60E+00,1.31E-02,8.91E+01,2.32E-05,3.08E-01,1.66E-01,2.45E-01,2.14E+02,1.36E+01,2.28E+02,0.000157768,0.000165405
4.95E+04,217499,4.63E+01,7.53E-01,1.32E-02,8.91E+01,2.32E-05,3.08E-01,1.65E-01,2.49E-01,2.15E+02,1.41E+01,2.29E+02,0.000157686,0.000165319
4.95E+04,2.17E+05,1.86E+02,2.60E+00,1.32E-02,8.91E+01,2.32E-05,3.08E-01,1.65E-01,2.49E-01,2.15E+02,1.41E+01,2.29E+02,0.000157685,0.000165319
4.95E+04,217599,4.63E+01,7.53E-01,1.32E-02,8.91E+01,2.32E-05,3.07E-01,1.64E-01,2.49E-01,2.14E+02,1.42E+01,2.29E+02,0.000157603,0.000165233
4.95E+04,2.18E+05,1.86E+02,2.60E+00,1.32E-02,8.91E+01,2.32E-05,3.07E-01,1.64E-01,2.49E-01,2.14E+02,1.42E+01,2.29E+02,0.000157603,0.000165233
4.95E+04,2.18E+05,4.53E+01,7.54E-01,1.30E-02,8.91E+01,2.32E-05,3.09E-01,1.67E-01,2.42E-01,2.14E+02,1.33E+01,2.28E+02,0.00015752,0.000165147
4.95E+04,217700,1.87E+02,2.60E+00,1.30E-02,8.91E+01,2.32E-05,3.09E-01,1.67E-01,2.42E-01,2.14E+02,1.33E+01,2.28E+02,0.00015752,0.000165146
4.95E+04,217799,4.62E+01,7.53E-01,1.32E-02,8.91E+01,2.32E-05,3.07E-01,1.65E-01,2.48E-01,2.14E+02,1.41E+01,2.28E+02,0.000157438,0.000165062
4.95E+04,2.18E+05,1.86E+02,2.60E+00,1.32E-02,8.91E+01,2.32E-05,3.07E-01,1.65E-01,2.48E-01,2.14E+02,1.41E+01,2.28E+02,0.000157438,0.000165061
4.95E+04,217899,4.57E+01,7.53E-01,1.31E-02,8.91E+01,2.32E-05,3.08E-01,1.66E-01,2.45E-01,2.14E+02,1.36E+01,2.28E+02,0.000157356,0.000164976
4.95E+04,217900,1.87E+02,2.60E+00,1.31E-02,8.91E+01,2.32E-05,3.08E-01,1.66E-01,2.45E-01,2.14E+02,1.36E+01,2.28E+02,0.000157355,0.000164975
4.96E+04,217999,4.57E+01,7.53E-01,1.31E-02,8.91E+01,2.32E-05,3.08E-01,1.66E-01,2.45E-01,2.14E+02,1.37E+01,2.28E+02,0.000157274,0.00016489
4.96E+04,218000,1.87E+02,2.60E+00,1.31E-02,8.91E+01,2.32E-05,3.08E-01,1.66E-01,2.45E-01,2.14E+02,1.37E+01,2.28E+02,0.000157273,0.000164889
4.96E+04,218099,4.58E+01,7.52E-01,1.31E-02,8.91E+01,2.32E-05,3.07E-01,1.65E-01,2.46E-01,2.14E+02,1.38E+01,2.28E+02,0.000157192,0.000164805
4.96E+04,2.18E+05,1.86E+02,2.60E+00,1.31E-02,8.91E+01,2.32E-05,3.07E-01,1.65E-01,2.46E-01,2.14E+02,1.38E+01,2.28E+02,0.000157192,0.000164804
4.96E+04,218199,4.63E+01,7.54E-01,1.32E-02,8.91E+01,2.32E-05,3.07E-01,1.64E-01,2.49E-01,2.14E+02,1.41E+01,2.28E+02,0.00015711,0.000164719
4.96E+04,2.18E+05,1.86E+02,2.60E+00,1.32E-02,8.91E+01,2.32E-05,3.07E-01,1.64E-01,2.49E-01,2.14E+02,1.41E+01,2.28E+02,0.00015711,0.000164719
4.96E+04,218299,4.63E+01,7.53E-01,1.32E-02,8.91E+01,2.31E-05,3.07E-01,1.64E-01,2.49E-01,2.14E+02,1.41E+01,2.28E+02,0.000157028,0.000164634
4.96E+04,2.18E+05,1.86E+02,2.60E+00,1.32E-02,8.91E+01,2.31E-05,3.07E-01,1.64E-01,2.49E-01,2.14E+02,1.41E+01,2.28E+02,0.000157028,0.000164633
4.96E+04,218399,4.63E+01,7.53E-01,1.32E-02,8.91E+01,2.31E-05,3.08E-01,1.65E-01,2.49E-01,2.15E+02,1.42E+01,2.29E+02,0.000156946,0.000164548
4.96E+04,2.18E+05,1.86E+02,2.60E+00,1.32E-02,8.91E+01,2.31E-05,3.08E-01,1.65E-01,2.49E-01,2.15E+02,1.42E+01,2.29E+02,0.000156946,0.000164548
4.97E+04,218499,4.62E+01,7.54E-01,1.32E-02,8.91E+01,2.31E-05,3.07E-01,1.64E-01,2.48E-01,2.14E+02,1.41E+01,2.28E+02,0.000156865,0.000164463
4.97E+04,2.18E+05,1.86E+02,2.60E+00,1.32E-02,8.91E+01,2.31E-05,3.07E-01,1.64E-01,2.48E-01,2.14E+02,1.41E+01,2.28E+02,0.000156864,0.000164463
4.97E+04,218599,4.62E+01,7.53E-01,1.31E-02,8.91E+01,2.31E-05,3.08E-01,1.65E-01,2.47E-01,2.15E+02,1.40E+01,2.29E+02,0.000156783,0.000164378
4.97E+04,218600,1.87E+02,2.60E+00,1.31E-02,8.91E+01,2.31E-05,3.08E-01,1.65E-01,2.47E-01,2.15E+02,1.40E+01,2.29E+02,0.000156782,0.000164377
4.97E+04,218699,4.62E+01,7.52E-01,1.32E-02,8.91E+01,2.31E-05,3.07E-01,1.64E-01,2.48E-01,2.14E+02,1.41E+01,2.28E+02,0.000156701,0.000164293
4.97E+04,2.19E+05,1.86E+02,2.60E+00,1.32E-02,8.91E+01,2.31E-05,3.07E-01,1.64E-01,2.48E-01,2.14E+02,1.41E+01,2.28E+02,0.000156701,0.000164293
4.98E+04,218799,4.62E+01,7.52E-01,1.32E-02,8.91E+01,2.31E-05,3.08E-01,1.65E-01,2.48E-01,2.15E+02,1.40E+01,2.29E+02,0.00015662,0.000164208
4.98E+04,218800,1.86E+02,2.60E+00,1.32E-02,8.91E+01,2.31E-05,3.08E-01,1.65E-01,2.48E-01,2.15E+02,1.40E+01,2.29E+02,0.000156619,0.000164207
4.98E+04,2.19E+05,4.56E+01,7.52E-01,1.31E-02,8.91E+01,2.31E-05,3.07E-01,1.65E-01,2.45E-01,2.13E+02,1.36E+01,2.27E+02,0.000156538,0.000164123
4.98E+04,2.19E+05,1.86E+02,2.60E+00,1.31E-02,8.91E+01,2.31E-05,3.07E-01,1.65E-01,2.45E-01,2.13E+02,1.36E+01,2.27E+02,0.000156538,0.000164123
4.98E+04,2.19E+05,4.56E+01,7.51E-01,1.31E-02,8.91E+01,2.31E-05,3.07E-01,1.65E-01,2.45E-01,2.14E+02,1.36E+01,2.27E+02,0.000156457,0.000164038
4.98E+04,2.19E+05,1.86E+02,2.60E+00,1.31E-02,8.91E+01,2.31E-05,3.07E-01,1.65E-01,2.45E-01,2.14E+02,1.36E+01,2.27E+02,0.000156457,0.000164038
4.98E+04,2.19E+05,4.51E+01,7.53E-01,1.30E-02,8.91E+01,2.31E-05,3.08E-01,1.66E-01,2.42E-01,2.14E+02,1.33E+01,2.27E+02,0.000156375,0.000163953
4.98E+04,219100,1.86E+02,2.60E+00,1.30E-02,8.91E+01,2.31E-05,3.08E-01,1.66E-01,2.42E-01,2.14E+02,1.33E+01,2.27E+02,0.000156375,0.000163953
4.98E+04,2.19E+05,4.56E+01,7.51E-01,1.31E-02,8.91E+01,2.31E-05,3.07E-01,1.65E-01,2.45E-01,2.14E+02,1.36E+01,2.27E+02,0.000156294,0.000163869
4.98E+04,2.19E+05,1.86E+02,2.60E+00,1.31E-02,8.91E+01,2.31E-05,3.07E-01,1.65E-01,2.45E-01,2.14E+02,1.36E+01,2.27E+02,0.000156294,0.000163869
4.99E+04,219299,4.61E+01,7.52E-01,1.32E-02,8.91E+01,2.30E-05,3.07E-01,1.64E-01,2.48E-01,2.14E+02,1.40E+01,2.28E+02,0.000156214,0.000163784
4.99E+04,2.19E+05,1.86E+02,2.60E+00,1.32E-02,8.91E+01,2.30E-05,3.07E-01,1.64E-01,2.48E-01,2.14E+02,1.40E+01,2.28E+02,0.000156213,0.000163784
4.99E+04,2.19E+05,4.56E+01,7.52E-01,1.32E-02,8.92E+01,2.30E-05,3.07E-01,1.65E-01,2.45E-01,2.14E+02,1.37E+01,2.27E+02,0.000156132,0.0001637
4.99E+04,2.19E+05,1.86E+02,2.60E+00,1.32E-02,8.92E+01,2.30E-05,3.07E-01,1.65E-01,2.45E-01,2.14E+02,1.37E+01,2.27E+02,0.000156132,0.0001637
4.99E+04,2.19E+05,4.59E+01,7.54E-01,1.31E-02,8.92E+01,2.30E-05,3.07E-01,1.65E-01,2.46E-01,2.14E+02,1.38E+01,2.28E+02,0.000156051,0.000163615
4.99E+04,2.19E+05,1.86E+02,2.60E+00,1.31E-02,8.92E+01,2.30E-05,3.07E-01,1.65E-01,2.46E-01,2.14E+02,1.38E+01,2.28E+02,0.000156051,0.000163615
4.99E+04,219599,4.63E+01,7.54E-01,1.31E-02,8.92E+01,2.30E-05,3.08E-01,1.65E-01,2.48E-01,2.15E+02,1.41E+01,2.29E+02,0.000155971,0.000163531
4.99E+04,219600,1.87E+02,2.60E+00,1.31E-02,8.92E+01,2.30E-05,3.08E-01,1.65E-01,2.48E-01,2.15E+02,1.41E+01,2.29E+02,0.00015597,0.00016353
5.00E+04,219699,4.64E+01,7.53E-01,1.32E-02,8.92E+01,2.30E-05,3.08E-01,1.65E-01,2.49E-01,2.15E+02,1.41E+01,2.29E+02,0.00015589,0.000163447
5.00E+04,219700,1.87E+02,2.60E+00,1.32E-02,8.92E+01,2.30E-05,3.08E-01,1.65E-01,2.49E-01,2.15E+02,1.41E+01,2.29E+02,0.000155889,0.000163446
5.00E+04,219799,4.63E+01,7.53E-01,1.32E-02,8.92E+01,2.30E-05,3.06E-01,1.64E-01,2.50E-01,2.14E+02,1.42E+01,2.28E+02,0.000155809,0.000163363
5.00E+04,2.20E+05,1.86E+02,2.60E+00,1.32E-02,8.92E+01,2.30E-05,3.06E-01,1.64E-01,2.50E-01,2.14E+02,1.42E+01,2.28E+02,0.000155809,0.000163363
5.00E+04,2.20E+05,4.53E+01,7.52E-01,1.31E-02,8.92E+01,2.30E-05,3.07E-01,1.65E-01,2.43E-01,2.13E+02,1.34E+01,2.27E+02,0.000155728,0.000163278
5.00E+04,2.20E+05,1.86E+02,2.60E+00,1.31E-02,8.92E+01,2.30E-05,3.07E-01,1.65E-01,2.43E-01,2.13E+02,1.34E+01,2.27E+02,0.000155728,0.000163278
5.00E+04,2.20E+05,4.53E+01,7.53E-01,1.31E-02,8.92E+01,2.30E-05,3.06E-01,1.65E-01,2.44E-01,2.12E+02,1.35E+01,2.26E+02,0.000155648,0.000163194
5.00E+04,2.20E+05,1.85E+02,2.59E+00,1.31E-02,8.92E+01,2.30E-05,3.06E-01,1.65E-01,2.44E-01,2.12E+02,1.35E+01,2.26E+02,0.000155648,0.000163194
5.00E+04,2.20E+05,4.57E+01,7.53E-01,1.31E-02,8.92E+01,2.30E-05,3.07E-01,1.65E-01,2.46E-01,2.14E+02,1.37E+01,2.27E+02,0.000155567,0.000163111
5.00E+04,2.20E+05,1.86E+02,2.60E+00,1.31E-02,8.92E+01,2.30E-05,3.07E-01,1.65E-01,2.46E-01,2.14E+02,1.37E+01,2.27E+02,0.000155567,0.000163111
5.01E+04,2.20E+05,4.57E+01,7.53E-01,1.32E-02,8.92E+01,2.30E-05,3.06E-01,1.64E-01,2.47E-01,2.13E+02,1.38E+01,2.27E+02,0.000155487,0.000163027
5.01E+04,2.20E+05,1.85E+02,2.60E+00,1.32E-02,8.92E+01,2.30E-05,3.06E-01,1.64E-01,2.47E-01,2.13E+02,1.38E+01,2.27E+02,0.000155487,0.000163027
5.01E+04,2.20E+05,4.58E+01,7.53E-01,1.31E-02,8.92E+01,2.29E-05,3.07E-01,1.65E-01,2.46E-01,2.14E+02,1.38E+01,2.27E+02,0.000155406,0.000162943
5.01E+04,2.20E+05,1.86E+02,2.60E+00,1.31E-02,8.92E+01,2.29E-05,3.07E-01,1.65E-01,2.46E-01,2.14E+02,1.38E+01,2.27E+02,0.000155406,0.000162943
5.01E+04,2.20E+05,4.58E+01,7.53E-01,1.31E-02,8.92E+01,2.29E-05,3.07E-01,1.65E-01,2.46E-01,2.14E+02,1.37E+01,2.28E+02,0.000155326,0.000162859
5.01E+04,220400,1.86E+02,2.60E+00,1.31E-02,8.92E+01,2.29E-05,3.07E-01,1.65E-01,2.46E-01,2.14E+02,1.37E+01,2.28E+02,0.000155326,0.000162859
5.01E+04,2.20E+05,4.55E+01,7.53E-01,1.31E-02,8.92E+01,2.29E-05,3.07E-01,1.66E-01,2.44E-01,2.14E+02,1.36E+01,2.27E+02,0.000155246,0.000162776
5.01E+04,220500,1.86E+02,2.60E+00,1.31E-02,8.92E+01,2.29E-05,3.07E-01,1.66E-01,2.44E-01,2.14E+02,1.36E+01,2.27E+02,0.000155246,0.000162775
5.02E+04,2.21E+05,4.54E+01,7.54E-01,1.31E-02,8.92E+01,2.29E-05,3.07E-01,1.65E-01,2.44E-01,2.13E+02,1.35E+01,2.27E+02,0.000155166,0.000162692
5.02E+04,220600,1.86E+02,2.60E+00,1.31E-02,8.92E+01,2.29E-05,3.07E-01,1.65E-01,2.44E-01,2.13E+02,1.35E+01,2.27E+02,0.000155166,0.000162692
5.02E+04,220699,4.58E+01,7.53E-01,1.32E-02,8.92E+01,2.29E-05,3.06E-01,1.64E-01,2.47E-01,2.13E+02,1.39E+01,2.27E+02,0.000155086,0.000162609
5.02E+04,2.21E+05,1.86E+02,2.60E+00,1.32E-02,8.92E+01,2.29E-05,3.06E-01,1.64E-01,2.47E-01,2.13E+02,1.39E+01,2.27E+02,0.000155086,0.000162609
5.02E+04,220799,4.58E+01,7.52E-01,1.31E-02,8.92E+01,2.29E-05,3.07E-01,1.65E-01,2.46E-01,2.14E+02,1.38E+01,2.28E+02,0.000155006,0.000162526
5.02E+04,220800,1.86E+02,2.60E+00,1.31E-02,8.92E+01,2.29E-05,3.07E-01,1.65E-01,2.46E-01,2.14E+02,1.38E+01,2.28E+02,0.000155006,0.000162525
5.02E+04,220899,4.58E+01,7.52E-01,1.32E-02,8.92E+01,2.29E-05,3.07E-01,1.65E-01,2.46E-01,2.14E+02,1.38E+01,2.28E+02,0.000154927,0.000162443
5.02E+04,220900,1.86E+02,2.60E+00,1.32E-02,8.92E+01,2.29E-05,3.07E-01,1.65E-01,2.46E-01,2.14E+02,1.38E+01,2.28E+02,0.000154926,0.000162442
5.02E+04,220999,4.58E+01,7.52E-01,1.31E-02,8.92E+01,2.29E-05,3.07E-01,1.65E-01,2.46E-01,2.14E+02,1.38E+01,2.28E+02,0.000154847,0.00016236
5.02E+04,221000,1.86E+02,2.60E+00,1.31E-02,8.92E+01,2.29E-05,3.07E-01,1.65E-01,2.46E-01,2.14E+02,1.38E+01,2.28E+02,0.000154846,0.000162359
5.03E+04,221099,4.57E+01,7.52E-01,1.32E-02,8.92E+01,2.29E-05,3.06E-01,1.64E-01,2.46E-01,2.13E+02,1.38E+01,2.27E+02,0.000154767,0.000162276
5.03E+04,2.21E+05,1.86E+02,2.60E+00,1.32E-02,8.92E+01,2.29E-05,3.06E-01,1.64E-01,2.46E-01,2.13E+02,1.38E+01,2.27E+02,0.000154767,0.000162276
5.03E+04,221199,4.58E+01,7.51E-01,1.31E-02,8.92E+01,2.29E-05,3.08E-01,1.65E-01,2.46E-01,2.14E+02,1.38E+01,2.28E+02,0.000154687,0.000162193
5.03E+04,221200,1.87E+02,2.60E+00,1.31E-02,8.92E+01,2.29E-05,3.08E-01,1.65E-01,2.46E-01,2.14E+02,1.38E+01,2.28E+02,0.000154687,0.000162193
5.03E+04,2.21E+05,4.53E+01,7.52E-01,1.31E-02,8.92E+01,2.28E-05,3.07E-01,1.65E-01,2.43E-01,2.13E+02,1.34E+01,2.27E+02,0.000154608,0.00016211
5.03E+04,221300,1.86E+02,2.60E+00,1.31E-02,8.92E+01,2.28E-05,3.07E-01,1.65E-01,2.43E-01,2.13E+02,1.34E+01,2.27E+02,0.000154607,0.00016211
5.03E+04,2.21E+05,4.52E+01,7.51E-01,1.31E-02,8.92E+01,2.28E-05,3.06E-01,1.65E-01,2.44E-01,2.13E+02,1.34E+01,2.26E+02,0.000154528,0.000162027
5.03E+04,2.21E+05,1.86E+02,2.60E+00,1.31E-02,8.92E+01,2.28E-05,3.06E-01,1.65E-01,2.44E-01,2.13E+02,1.34E+01,2.26E+02,0.000154528,0.000162027
5.04E+04,221499,4.62E+01,7.54E-01,1.32E-02,8.92E+01,2.28E-05,3.07E-01,1.65E-01,2.48E-01,2.14E+02,1.41E+01,2.29E+02,0.000154449,0.000161945
5.04E+04,221500,1.86E+02,2.60E+00,1.32E-02,8.92E+01,2.28E-05,3.07E-01,1.65E-01,2.48E-01,2.14E+02,1.41E+01,2.29E+02,0.000154448,0.000161944
5.04E+04,2.22E+05,4.57E+01,7.56E-01,1.32E-02,8.92E+01,2.28E-05,3.06E-01,1.64E-01,2.47E-01,2.13E+02,1.38E+01,2.27E+02,0.000154369,0.000161862
5.04E+04,2.22E+05,1.85E+02,2.60E+00,1.32E-02,8.92E+01,2.28E-05,3.06E-01,1.64E-01,2.47E-01,2.13E+02,1.38E+01,2.27E+02,0.000154369,0.000161862
5.04E+04,221699,4.61E+01,7.54E-01,1.33E-02,8.92E+01,2.28E-05,3.05E-01,1.63E-01,2.49E-01,2.13E+02,1.41E+01,2.27E+02,0.000154291,0.00016178
5.04E+04,2.22E+05,1.85E+02,2.60E+00,1.33E-02,8.92E+01,2.28E-05,3.05E-01,1.63E-01,2.49E-01,2.13E+02,1.41E+01,2.27E+02,0.00015429,0.000161779
5.04E+04,2.22E+05,4.57E+01,7.55E-01,1.31E-02,8.92E+01,2.28E-05,3.07E-01,1.65E-01,2.46E-01,2.13E+02,1.37E+01,2.27E+02,0.000154211,0.000161697
5.04E+04,2.22E+05,1.86E+02,2.60E+00,1.31E-02,8.92E+01,2.28E-05,3.07E-01,1.65E-01,2.46E-01,2.13E+02,1.37E+01,2.27E+02,0.000154211,0.000161697
5.05E+04,2.22E+05,4.56E+01,7.55E-01,1.31E-02,8.92E+01,2.28E-05,3.07E-01,1.65E-01,2.45E-01,2.14E+02,1.36E+01,2.27E+02,0.000154132,0.000161614
5.05E+04,221900,1.86E+02,2.60E+00,1.31E-02,8.92E+01,2.28E-05,3.07E-01,1.65E-01,2.45E-01,2.14E+02,1.36E+01,2.27E+02,0.000154131,0.000161614
5.05E+04,221999,4.62E+01,7.54E-01,1.33E-02,8.92E+01,2.28E-05,3.05E-01,1.63E-01,2.50E-01,2.13E+02,1.42E+01,2.27E+02,0.000154053,0.000161532
5.05E+04,2.22E+05,1.85E+02,2.60E+00,1.33E-02,8.92E+01,2.28E-05,3.05E-01,1.63E-01,2.50E-01,2.13E+02,1.42E+01,2.27E+02,0.000154053,0.000161532
5.05E+04,222099,4.61E+01,7.54E-01,1.32E-02,8.92E+01,2.28E-05,3.06E-01,1.64E-01,2.48E-01,2.14E+02,1.40E+01,2.28E+02,0.000153974,0.00016145
5.05E+04,2.22E+05,1.86E+02,2.60E+00,1.32E-02,8.92E+01,2.28E-05,3.06E-01,1.64E-01,2.48E-01,2.14E+02,1.40E+01,2.28E+02,0.000153974,0.000161449
5.05E+04,2.22E+05,4.51E+01,7.55E-01,1.32E-02,8.92E+01,2.28E-05,3.06E-01,1.65E-01,2.43E-01,2.12E+02,1.34E+01,2.26E+02,0.000153895,0.000161367
5.05E+04,2.22E+05,1.85E+02,2.60E+00,1.32E-02,8.92E+01,2.28E-05,3.06E-01,1.65E-01,2.43E-01,2.12E+02,1.34E+01,2.26E+02,0.000153895,0.000161367
5.05E+04,222299,4.61E+01,7.54E-01,1.32E-02,8.92E+01,2.27E-05,3.06E-01,1.64E-01,2.48E-01,2.14E+02,1.40E+01,2.28E+02,0.000153817,0.000161286
5.05E+04,2.22E+05,1.86E+02,2.60E+00,1.32E-02,8.92E+01,2.27E-05,3.06E-01,1.64E-01,2.48E-01,2.14E+02,1.40E+01,2.28E+02,0.000153816,0.000161285
5.06E+04,2.22E+05,4.55E+01,7.52E-01,1.32E-02,8.92E+01,2.27E-05,3.06E-01,1.65E-01,2.45E-01,2.13E+02,1.36E+01,2.27E+02,0.000153738,0.000161203
5.06E+04,2.22E+05,1.86E+02,2.60E+00,1.32E-02,8.92E+01,2.27E-05,3.06E-01,1.65E-01,2.45E-01,2.13E+02,1.36E+01,2.27E+02,0.000153738,0.000161203
5.06E+04,222499,4.69E+01,7.53E-01,1.33E-02,8.92E+01,2.27E-05,3.06E-01,1.63E-01,2.52E-01,2.14E+02,1.46E+01,2.29E+02,0.000153659,0.000161121
5.06E+04,2.22E+05,1.86E+02,2.60E+00,1.33E-02,8.92E+01,2.27E-05,3.06E-01,1.63E-01,2.52E-01,2.14E+02,1.46E+01,2.29E+02,0.000153659,0.000161121
5.06E+04,222599,4.55E+01,7.49E-01,1.31E-02,8.92E+01,2.27E-05,3.07E-01,1.65E-01,2.45E-01,2.14E+02,1.36E+01,2.28E+02,0.000153581,0.00016104
5.06E+04,222600,1.86E+02,2.60E+00,1.31E-02,8.92E+01,2.27E-05,3.07E-01,1.65E-01,2.45E-01,2.14E+02,1.36E+01,2.28E+02,0.00015358,0.000161039
5.06E+04,222699,4.56E+01,7.51E-01,1.31E-02,8.92E+01,2.27E-05,3.07E-01,1.65E-01,2.45E-01,2.14E+02,1.37E+01,2.27E+02,0.000153502,0.000160958
5.06E+04,222700,1.86E+02,2.60E+00,1.31E-02,8.92E+01,2.27E-05,3.07E-01,1.65E-01,2.45E-01,2.14E+02,1.37E+01,2.27E+02,0.000153502,0.000160957
5.07E+04,222799,4.57E+01,7.51E-01,1.32E-02,8.92E+01,2.27E-05,3.06E-01,1.65E-01,2.46E-01,2.13E+02,1.38E+01,2.27E+02,0.000153424,0.000160876
5.07E+04,2.23E+05,1.86E+02,2.60E+00,1.32E-02,8.92E+01,2.27E-05,3.06E-01,1.65E-01,2.46E-01,2.13E+02,1.38E+01,2.27E+02,0.000153424,0.000160876
5.07E+04,222899,4.56E+01,7.51E-01,1.32E-02,8.92E+01,2.27E-05,3.06E-01,1.65E-01,2.46E-01,2.13E+02,1.37E+01,2.27E+02,0.000153346,0.000160794
5.07E+04,2.23E+05,1.86E+02,2.60E+00,1.32E-02,8.92E+01,2.27E-05,3.06E-01,1.65E-01,2.46E-01,2.13E+02,1.37E+01,2.27E+02,0.000153345,0.000160794
5.07E+04,222999,4.62E+01,7.51E-01,1.32E-02,8.92E+01,2.27E-05,3.06E-01,1.64E-01,2.49E-01,2.14E+02,1.41E+01,2.28E+02,0.000153267,0.000160713
5.07E+04,2.23E+05,1.86E+02,2.60E+00,1.32E-02,8.92E+01,2.27E-05,3.06E-01,1.64E-01,2.49E-01,2.14E+02,1.41E+01,2.28E+02,0.000153267,0.000160712
5.07E+04,223099,4.56E+01,7.51E-01,1.32E-02,8.92E+01,2.27E-05,3.06E-01,1.65E-01,2.46E-01,2.13E+02,1.37E+01,2.27E+02,0.000153189,0.000160631
5.07E+04,2.23E+05,1.86E+02,2.60E+00,1.32E-02,8.92E+01,2.27E-05,3.06E-01,1.65E-01,2.46E-01,2.13E+02,1.37E+01,2.27E+02,0.000153189,0.000160631
5.07E+04,223199,4.58E+01,7.53E-01,1.32E-02,8.92E+01,2.27E-05,3.06E-01,1.64E-01,2.47E-01,2.13E+02,1.38E+01,2.27E+02,0.000153111,0.00016055
5.07E+04,2.23E+05,1.85E+02,2.60E+00,1.32E-02,8.92E+01,2.27E-05,3.06E-01,1.64E-01,2.47E-01,2.13E+02,1.38E+01,2.27E+02,0.000153111,0.000160549
5.08E+04,223299,4.56E+01,7.52E-01,1.31E-02,8.92E+01,2.26E-05,3.06E-01,1.65E-01,2.45E-01,2.13E+02,1.36E+01,2.27E+02,0.000153033,0.000160468
5.08E+04,223300,1.86E+02,2.60E+00,1.31E-02,8.92E+01,2.26E-05,3.06E-01,1.65E-01,2.45E-01,2.13E+02,1.36E+01,2.27E+02,0.000153032,0.000160468
5.08E+04,223399,4.56E+01,7.51E-01,1.32E-02,8.92E+01,2.26E-05,3.05E-01,1.64E-01,2.46E-01,2.13E+02,1.37E+01,2.27E+02,0.000152955,0.000160387
5.08E+04,2.23E+05,1.85E+02,2.60E+00,1.32E-02,8.92E+01,2.26E-05,3.05E-01,1.64E-01,2.46E-01,2.13E+02,1.37E+01,2.27E+02,0.000152955,0.000160387
5.08E+04,223499,4.64E+01,7.54E-01,1.33E-02,8.92E+01,2.26E-05,3.05E-01,1.63E-01,2.51E-01,2.14E+02,1.43E+01,2.28E+02,0.000152877,0.000160306
5.08E+04,2.23E+05,1.85E+02,2.60E+00,1.33E-02,8.92E+01,2.26E-05,3.05E-01,1.63E-01,2.51E-01,2.14E+02,1.43E+01,2.28E+02,0.000152877,0.000160306
5.08E+04,223599,4.58E+01,7.52E-01,1.32E-02,8.92E+01,2.26E-05,3.06E-01,1.64E-01,2.47E-01,2.14E+02,1.38E+01,2.27E+02,0.000152799,0.000160225
5.08E+04,223600,1.86E+02,2.60E+00,1.32E-02,8.92E+01,2.26E-05,3.06E-01,1.64E-01,2.47E-01,2.14E+02,1.38E+01,2.27E+02,0.000152799,0.000160224
5.09E+04,223699,4.58E+01,7.52E-01,1.32E-02,8.92E+01,2.26E-05,3.06E-01,1.64E-01,2.46E-01,2.14E+02,1.38E+01,2.27E+02,0.000152722,0.000160144
5.09E+04,223700,1.86E+02,2.60E+00,1.32E-02,8.92E+01,2.26E-05,3.06E-01,1.64E-01,2.46E-01,2.14E+02,1.38E+01,2.27E+02,0.000152721,0.000160143
5.09E+04,223799,4.58E+01,7.53E-01,1.31E-02,8.93E+01,2.26E-05,3.07E-01,1.65E-01,2.46E-01,2.14E+02,1.38E+01,2.28E+02,0.000152644,0.000160063
5.09E+04,223800,1.86E+02,2.60E+00,1.31E-02,8.93E+01,2.26E-05,3.07E-01,1.65E-01,2.46E-01,2.14E+02,1.38E+01,2.28E+02,0.000152643,0.000160062
5.09E+04,2.24E+05,4.53E+01,7.52E-01,1.32E-02,8.93E+01,2.26E-05,3.05E-01,1.64E-01,2.45E-01,2.13E+02,1.35E+01,2.26E+02,0.000152566,0.000159981
5.09E+04,2.24E+05,1.85E+02,2.60E+00,1.32E-02,8.93E+01,2.26E-05,3.05E-01,1.64E-01,2.45E-01,2.13E+02,1.35E+01,2.26E+02,0.000152566,0.000159981
5.09E+04,223999,4.58E+01,7.53E-01,1.32E-02,8.93E+01,2.26E-05,3.06E-01,1.64E-01,2.47E-01,2.13E+02,1.39E+01,2.27E+02,0.000152489,0.000159901
5.09E+04,224000,1.86E+02,2.60E+00,1.32E-02,8.93E+01,2.26E-05,3.06E-01,1.64E-01,2.47E-01,2.13E+02,1.39E+01,2.27E+02,0.000152488,0.0001599
5.09E+04,2.24E+05,4.53E+01,7.53E-01,1.32E-02,8.93E+01,2.26E-05,3.05E-01,1.64E-01,2.45E-01,2.13E+02,1.36E+01,2.26E+02,0.000152411,0.00015982
5.09E+04,2.24E+05,1.85E+02,2.60E+00,1.32E-02,8.93E+01,2.26E-05,3.05E-01,1.64E-01,2.45E-01,2.13E+02,1.36E+01,2.26E+02,0.000152411,0.00015982
5.10E+04,2.24E+05,4.53E+01,7.52E-01,1.32E-02,8.93E+01,2.26E-05,3.05E-01,1.64E-01,2.45E-01,2.13E+02,1.35E+01,2.26E+02,0.000152334,0.000159739
5.10E+04,2.24E+05,1.85E+02,2.60E+00,1.32E-02,8.93E+01,2.26E-05,3.05E-01,1.64E-01,2.45E-01,2.13E+02,1.35E+01,2.26E+02,0.000152334,0.000159739
5.10E+04,2.24E+05,4.53E+01,7.52E-01,1.32E-02,8.93E+01,2.26E-05,3.05E-01,1.64E-01,2.45E-01,2.13E+02,1.35E+01,2.26E+02,0.000152256,0.000159659
5.10E+04,2.24E+05,1.85E+02,2.60E+00,1.32E-02,8.93E+01,2.26E-05,3.05E-01,1.64E-01,2.45E-01,2.13E+02,1.35E+01,2.26E+02,0.000152256,0.000159659
5.10E+04,224399,4.58E+01,7.53E-01,1.32E-02,8.93E+01,2.25E-05,3.06E-01,1.64E-01,2.47E-01,2.14E+02,1.39E+01,2.27E+02,0.00015218,0.000159579
5.10E+04,224400,1.86E+02,2.60E+00,1.32E-02,8.93E+01,2.25E-05,3.06E-01,1.64E-01,2.47E-01,2.14E+02,1.39E+01,2.27E+02,0.000152179,0.000159578
5.11E+04,2.24E+05,4.55E+01,7.54E-01,1.31E-02,8.93E+01,2.25E-05,3.07E-01,1.65E-01,2.44E-01,2.13E+02,1.36E+01,2.27E+02,0.000152102,0.000159498
5.11E+04,224500,1.86E+02,2.60E+00,1.31E-02,8.93E+01,2.25E-05,3.07E-01,1.65E-01,2.44E-01,2.13E+02,1.36E+01,2.27E+02,0.000152102,0.000159497
5.11E+04,2.25E+05,4.55E+01,7.55E-01,1.31E-02,8.93E+01,2.25E-05,3.06E-01,1.65E-01,2.44E-01,2.13E+02,1.35E+01,2.27E+02,0.000152025,0.000159417
5.11E+04,224600,1.86E+02,2.60E+00,1.31E-02,8.93E+01,2.25E-05,3.06E-01,1.65E-01,2.44E-01,2.13E+02,1.35E+01,2.27E+02,0.000152025,0.000159417
5.11E+04,2.25E+05,4.59E+01,7.54E-01,1.32E-02,8.93E+01,2.25E-05,3.06E-01,1.64E-01,2.47E-01,2.14E+02,1.39E+01,2.27E+02,0.000151948,0.000159337
5.11E+04,224700,1.86E+02,2.60E+00,1.32E-02,8.93E+01,2.25E-05,3.06E-01,1.64E-01,2.47E-01,2.14E+02,1.39E+01,2.27E+02,0.000151948,0.000159337
5.11E+04,2.25E+05,4.58E+01,7.54E-01,1.32E-02,8.93E+01,2.25E-05,3.05E-01,1.64E-01,2.47E-01,2.13E+02,1.39E+01,2.27E+02,0.000151871,0.000159257
5.11E+04,2.25E+05,1.85E+02,2.60E+00,1.32E-02,8.93E+01,2.25E-05,3.05E-01,1.64E-01,2.47E-01,2.13E+02,1.39E+01,2.27E+02,0.000151871,0.000159257
5.11E+04,2.25E+05,4.58E+01,7.53E-01,1.32E-02,8.93E+01,2.25E-05,3.05E-01,1.64E-01,2.47E-01,2.13E+02,1.38E+01,2.27E+02,0.000151794,0.000159177
5.11E+04,2.25E+05,1.85E+02,2.60E+00,1.32E-02,8.93E+01,2.25E-05,3.05E-01,1.64E-01,2.47E-01,2.13E+02,1.38E+01,2.27E+02,0.000151794,0.000159177
5.12E+04,2.25E+05,4.53E+01,7.54E-01,1.31E-02,8.93E+01,2.25E-05,3.07E-01,1.65E-01,2.43E-01,2.13E+02,1.34E+01,2.27E+02,0.000151718,0.000159097
5.12E+04,225000,1.86E+02,2.60E+00,1.31E-02,8.93E+01,2.25E-05,3.07E-01,1.65E-01,2.43E-01,2.13E+02,1.34E+01,2.27E+02,0.000151717,0.000159096
5.12E+04,2.25E+05,4.53E+01,7.55E-01,1.32E-02,8.93E+01,2.25E-05,3.04E-01,1.63E-01,2.45E-01,2.12E+02,1.36E+01,2.25E+02,0.000151641,0.000159017
5.12E+04,2.25E+05,1.85E+02,2.60E+00,1.32E-02,8.93E+01,2.25E-05,3.04E-01,1.63E-01,2.45E-01,2.12E+02,1.36E+01,2.25E+02,0.000151641,0.000159017
5.12E+04,225199,1.86E+02,2.60E+00,1.31E-02,8.93E+01,2.25E-05,3.06E-01,1.65E-01,2.44E-01,2.13E+02,1.34E+01,2.26E+02,0.000151565,0.000158937
5.12E+04,2.25E+05,4.53E+01,7.56E-01,1.31E-02,8.93E+01,2.25E-05,3.06E-01,1.65E-01,2.44E-01,2.13E+02,1.34E+01,2.26E+02,0.000151564,0.000158937
5.12E+04,2.25E+05,4.57E+01,7.55E-01,1.32E-02,8.93E+01,2.25E-05,3.05E-01,1.64E-01,2.46E-01,2.13E+02,1.38E+01,2.26E+02,0.000151488,0.000158857
5.12E+04,2.25E+05,1.85E+02,2.60E+00,1.32E-02,8.93E+01,2.25E-05,3.05E-01,1.64E-01,2.46E-01,2.13E+02,1.38E+01,2.26E+02,0.000151488,0.000158857
5.12E+04,2.25E+05,4.53E+01,7.53E-01,1.31E-02,8.93E+01,2.24E-05,3.06E-01,1.65E-01,2.44E-01,2.13E+02,1.34E+01,2.27E+02,0.000151411,0.000158777
5.12E+04,225400,1.86E+02,2.60E+00,1.31E-02,8.93E+01,2.24E-05,3.06E-01,1.65E-01,2.44E-01,2.13E+02,1.34E+01,2.27E+02,0.000151411,0.000158777
5.13E+04,2.25E+05,4.54E+01,7.52E-01,1.32E-02,8.93E+01,2.24E-05,3.05E-01,1.64E-01,2.45E-01,2.12E+02,1.36E+01,2.26E+02,0.000151335,0.000158698
5.13E+04,2.25E+05,1.85E+02,2.60E+00,1.32E-02,8.93E+01,2.24E-05,3.05E-01,1.64E-01,2.45E-01,2.12E+02,1.36E+01,2.26E+02,0.000151335,0.000158698
5.13E+04,225599,4.57E+01,7.51E-01,1.32E-02,8.93E+01,2.24E-05,3.05E-01,1.64E-01,2.46E-01,2.13E+02,1.38E+01,2.27E+02,0.000151259,0.000158618
5.13E+04,225600,1.85E+02,2.60E+00,1.32E-02,8.93E+01,2.24E-05,3.05E-01,1.64E-01,2.46E-01,2.13E+02,1.38E+01,2.27E+02,0.000151258,0.000158618
5.13E+04,2.26E+05,4.52E+01,7.51E-01,1.32E-02,8.93E+01,2.24E-05,3.04E-01,1.64E-01,2.44E-01,2.12E+02,1.35E+01,2.26E+02,0.000151182,0.000158538
5.13E+04,2.26E+05,1.85E+02,2.60E+00,1.32E-02,8.93E+01,2.24E-05,3.04E-01,1.64E-01,2.44E-01,2.12E+02,1.35E+01,2.26E+02,0.000151182,0.000158538
5.13E+04,225799,4.63E+01,7.52E-01,1.33E-02,8.93E+01,2.24E-05,3.05E-01,1.63E-01,2.50E-01,2.13E+02,1.42E+01,2.28E+02,0.000151106,0.000158459
5.13E+04,2.26E+05,1.85E+02,2.60E+00,1.33E-02,8.93E+01,2.24E-05,3.05E-01,1.63E-01,2.50E-01,2.13E+02,1.42E+01,2.28E+02,0.000151106,0.000158459
5.14E+04,2.26E+05,4.53E+01,7.52E-01,1.32E-02,8.93E+01,2.24E-05,3.05E-01,1.64E-01,2.44E-01,2.13E+02,1.35E+01,2.26E+02,0.00015103,0.00015838
5.14E+04,225900,1.85E+02,2.60E+00,1.32E-02,8.93E+01,2.24E-05,3.05E-01,1.64E-01,2.44E-01,2.13E+02,1.35E+01,2.26E+02,0.000151029,0.000158379
5.14E+04,2.26E+05,4.52E+01,7.52E-01,1.32E-02,8.93E+01,2.24E-05,3.06E-01,1.65E-01,2.44E-01,2.13E+02,1.35E+01,2.26E+02,0.000150954,0.0001583
5.14E+04,226000,1.85E+02,2.60E+00,1.32E-02,8.93E+01,2.24E-05,3.06E-01,1.65E-01,2.44E-01,2.13E+02,1.35E+01,2.26E+02,0.000150953,0.0001583
5.14E+04,226099,4.58E+01,7.51E-01,1.32E-02,8.93E+01,2.24E-05,3.05E-01,1.64E-01,2.47E-01,2.13E+02,1.38E+01,2.27E+02,0.000150878,0.000158221
5.14E+04,226100,1.85E+02,2.59E+00,1.32E-02,8.93E+01,2.24E-05,3.05E-01,1.64E-01,2.47E-01,2.13E+02,1.38E+01,2.27E+02,0.000150877,0.000158221
5.14E+04,226199,4.58E+01,7.51E-01,1.33E-02,8.93E+01,2.24E-05,3.05E-01,1.63E-01,2.48E-01,2.13E+02,1.39E+01,2.27E+02,0.000150802,0.000158142
5.14E+04,2.26E+05,1.85E+02,2.60E+00,1.33E-02,8.93E+01,2.24E-05,3.05E-01,1.63E-01,2.48E-01,2.13E+02,1.39E+01,2.27E+02,0.000150802,0.000158142
5.14E+04,226299,4.58E+01,7.51E-01,1.33E-02,8.93E+01,2.24E-05,3.04E-01,1.63E-01,2.48E-01,2.13E+02,1.39E+01,2.27E+02,0.000150726,0.000158063
5.14E+04,2.26E+05,1.85E+02,2.60E+00,1.33E-02,8.93E+01,2.24E-05,3.04E-01,1.63E-01,2.48E-01,2.13E+02,1.39E+01,2.27E+02,0.000150726,0.000158063
5.15E+04,2.26E+05,4.47E+01,7.52E-01,1.31E-02,8.93E+01,2.24E-05,3.05E-01,1.65E-01,2.41E-01,2.12E+02,1.31E+01,2.25E+02,0.00015065,0.000157984
5.15E+04,226400,1.85E+02,2.60E+00,1.31E-02,8.93E+01,2.24E-05,3.05E-01,1.65E-01,2.41E-01,2.12E+02,1.31E+01,2.25E+02,0.00015065,0.000157983
5.15E+04,226499,4.73E+01,7.55E-01,1.34E-02,8.93E+01,2.23E-05,3.05E-01,1.62E-01,2.55E-01,2.14E+02,1.50E+01,2.29E+02,0.000150575,0.000157905
5.15E+04,2.26E+05,1.85E+02,2.60E+00,1.34E-02,8.93E+01,2.23E-05,3.05E-01,1.62E-01,2.55E-01,2.14E+02,1.50E+01,2.29E+02,0.000150575,0.000157905
5.15E+04,226599,4.59E+01,7.51E-01,1.33E-02,8.93E+01,2.23E-05,3.05E-01,1.64E-01,2.48E-01,2.14E+02,1.40E+01,2.28E+02,0.000150499,0.000157826
5.15E+04,2.27E+05,1.85E+02,2.60E+00,1.33E-02,8.93E+01,2.23E-05,3.05E-01,1.64E-01,2.48E-01,2.14E+02,1.40E+01,2.28E+02,0.000150499,0.000157826
5.15E+04,2.27E+05,4.54E+01,7.52E-01,1.32E-02,8.93E+01,2.23E-05,3.04E-01,1.63E-01,2.46E-01,2.12E+02,1.36E+01,2.26E+02,0.000150423,0.000157747
5.15E+04,2.27E+05,1.85E+02,2.60E+00,1.32E-02,8.93E+01,2.23E-05,3.04E-01,1.63E-01,2.46E-01,2.12E+02,1.36E+01,2.26E+02,0.000150423,0.000157747
5.16E+04,226799,4.59E+01,7.53E-01,1.32E-02,8.93E+01,2.23E-05,3.05E-01,1.63E-01,2.48E-01,2.13E+02,1.40E+01,2.27E+02,0.000150348,0.000157669
5.16E+04,2.27E+05,1.85E+02,2.60E+00,1.32E-02,8.93E+01,2.23E-05,3.05E-01,1.63E-01,2.48E-01,2.13E+02,1.40E+01,2.27E+02,0.000150348,0.000157669
5.16E+04,2.27E+05,4.54E+01,7.53E-01,1.32E-02,8.93E+01,2.23E-05,3.04E-01,1.63E-01,2.46E-01,2.12E+02,1.37E+01,2.26E+02,0.000150273,0.00015759
5.16E+04,2.27E+05,1.85E+02,2.60E+00,1.32E-02,8.93E+01,2.23E-05,3.04E-01,1.63E-01,2.46E-01,2.12E+02,1.37E+01,2.26E+02,0.000150273,0.00015759
5.16E+04,226999,4.59E+01,7.51E-01,1.32E-02,8.93E+01,2.23E-05,3.06E-01,1.64E-01,2.48E-01,2.14E+02,1.39E+01,2.28E+02,0.000150198,0.000157512
5.16E+04,227000,1.86E+02,2.60E+00,1.32E-02,8.93E+01,2.23E-05,3.06E-01,1.64E-01,2.48E-01,2.14E+02,1.39E+01,2.28E+02,0.000150197,0.000157511
5.16E+04,2.27E+05,4.54E+01,7.52E-01,1.33E-02,8.93E+01,2.23E-05,3.04E-01,1.63E-01,2.46E-01,2.12E+02,1.37E+01,2.26E+02,0.000150122,0.000157433
5.16E+04,2.27E+05,1.85E+02,2.60E+00,1.33E-02,8.93E+01,2.23E-05,3.04E-01,1.63E-01,2.46E-01,2.12E+02,1.37E+01,2.26E+02,0.000150122,0.000157433
5.16E+04,2.27E+05,4.54E+01,7.52E-01,1.32E-02,8.93E+01,2.23E-05,3.05E-01,1.64E-01,2.45E-01,2.13E+02,1.36E+01,2.26E+02,0.000150047,0.000157355
5.16E+04,2.27E+05,1.85E+02,2.60E+00,1.32E-02,8.93E+01,2.23E-05,3.05E-01,1.64E-01,2.45E-01,2.13E+02,1.36E+01,2.26E+02,0.000150047,0.000157355
5.17E+04,2.27E+05,4.55E+01,7.53E-01,1.32E-02,8.93E+01,2.23E-05,3.05E-01,1.64E-01,2.46E-01,2.13E+02,1.37E+01,2.26E+02,0.000149972,0.000157276
5.17E+04,2.27E+05,1.85E+02,2.60E+00,1.32E-02,8.93E+01,2.23E-05,3.05E-01,1.64E-01,2.46E-01,2.13E+02,1.37E+01,2.26E+02,0.000149972,0.000157276
5.17E+04,227399,4.60E+01,7.53E-01,1.33E-02,8.93E+01,2.23E-05,3.04E-01,1.63E-01,2.49E-01,2.13E+02,1.41E+01,2.27E+02,0.000149897,0.000157198
5.17E+04,2.27E+05,1.85E+02,2.60E+00,1.33E-02,8.93E+01,2.23E-05,3.04E-01,1.63E-01,2.49E-01,2.13E+02,1.41E+01,2.27E+02,0.000149897,0.000157198
5.17E+04,227499,4.56E+01,7.53E-01,1.32E-02,8.93E+01,2.23E-05,3.05E-01,1.64E-01,2.46E-01,2.13E+02,1.37E+01,2.27E+02,0.000149822,0.00015712
5.17E+04,2.27E+05,1.85E+02,2.60E+00,1.32E-02,8.93E+01,2.23E-05,3.05E-01,1.64E-01,2.46E-01,2.13E+02,1.37E+01,2.27E+02,0.000149822,0.00015712
5.18E+04,2.28E+05,4.50E+01,7.53E-01,1.32E-02,8.93E+01,2.22E-05,3.04E-01,1.64E-01,2.43E-01,2.12E+02,1.33E+01,2.25E+02,0.000149747,0.000157042
5.18E+04,2.28E+05,1.85E+02,2.60E+00,1.32E-02,8.93E+01,2.22E-05,3.04E-01,1.64E-01,2.43E-01,2.12E+02,1.33E+01,2.25E+02,0.000149747,0.000157042
5.18E+04,2.28E+05,4.50E+01,7.52E-01,1.31E-02,8.93E+01,2.22E-05,3.05E-01,1.65E-01,2.43E-01,2.13E+02,1.33E+01,2.26E+02,0.000149672,0.000156964
5.18E+04,227700,1.85E+02,2.60E+00,1.31E-02,8.93E+01,2.22E-05,3.05E-01,1.65E-01,2.43E-01,2.13E+02,1.33E+01,2.26E+02,0.000149672,0.000156963
5.18E+04,227799,4.61E+01,7.54E-01,1.32E-02,8.93E+01,2.22E-05,3.05E-01,1.63E-01,2.49E-01,2.13E+02,1.41E+01,2.27E+02,0.000149598,0.000156886
5.18E+04,227800,1.85E+02,2.60E+00,1.32E-02,8.93E+01,2.22E-05,3.05E-01,1.63E-01,2.49E-01,2.13E+02,1.41E+01,2.27E+02,0.000149597,0.000156885
5.18E+04,227899,4.55E+01,7.51E-01,1.32E-02,8.93E+01,2.22E-05,3.04E-01,1.64E-01,2.46E-01,2.13E+02,1.37E+01,2.26E+02,0.000149523,0.000156808
5.18E+04,2.28E+05,1.85E+02,2.60E+00,1.32E-02,8.93E+01,2.22E-05,3.04E-01,1.64E-01,2.46E-01,2.13E+02,1.37E+01,2.26E+02,0.000149522,0.000156808
5.18E+04,227999,4.56E+01,7.53E-01,1.32E-02,8.93E+01,2.22E-05,3.04E-01,1.63E-01,2.47E-01,2.12E+02,1.38E+01,2.26E+02,0.000149448,0.00015673
5.18E+04,2.28E+05,1.85E+02,2.60E+00,1.32E-02,8.93E+01,2.22E-05,3.04E-01,1.63E-01,2.47E-01,2.12E+02,1.38E+01,2.26E+02,0.000149448,0.00015673
5.19E+04,228099,4.61E+01,7.51E-01,1.33E-02,8.93E+01,2.22E-05,3.04E-01,1.63E-01,2.49E-01,2.13E+02,1.41E+01,2.27E+02,0.000149374,0.000156653
5.19E+04,2.28E+05,1.85E+02,2.60E+00,1.33E-02,8.93E+01,2.22E-05,3.04E-01,1.63E-01,2.49E-01,2.13E+02,1.41E+01,2.27E+02,0.000149373,0.000156652
5.19E+04,228199,4.55E+01,7.52E-01,1.32E-02,8.93E+01,2.22E-05,3.04E-01,1.64E-01,2.46E-01,2.12E+02,1.37E+01,2.26E+02,0.000149299,0.000156575
5.19E+04,2.28E+05,1.85E+02,2.60E+00,1.32E-02,8.93E+01,2.22E-05,3.04E-01,1.64E-01,2.46E-01,2.12E+02,1.37E+01,2.26E+02,0.000149299,0.000156574
5.19E+04,228299,4.55E+01,7.51E-01,1.32E-02,8.94E+01,2.22E-05,3.04E-01,1.64E-01,2.46E-01,2.13E+02,1.37E+01,2.26E+02,0.000149225,0.000156497
5.19E+04,2.28E+05,1.85E+02,2.60E+00,1.32E-02,8.94E+01,2.22E-05,3.04E-01,1.64E-01,2.46E-01,2.13E+02,1.37E+01,2.26E+02,0.000149224,0.000156497
5.19E+04,228399,4.60E+01,7.52E-01,1.33E-02,8.94E+01,2.22E-05,3.04E-01,1.63E-01,2.49E-01,2.13E+02,1.40E+01,2.27E+02,0.00014915,0.00015642
5.19E+04,2.28E+05,1.85E+02,2.60E+00,1.33E-02,8.94E+01,2.22E-05,3.04E-01,1.63E-01,2.49E-01,2.13E+02,1.40E+01,2.27E+02,0.00014915,0.000156419
5.20E+04,228499,4.61E+01,7.56E-01,1.32E-02,8.94E+01,2.22E-05,3.05E-01,1.63E-01,2.49E-01,2.13E+02,1.41E+01,2.27E+02,0.000149076,0.000156342
5.20E+04,228500,1.85E+02,2.60E+00,1.32E-02,8.94E+01,2.22E-05,3.05E-01,1.63E-01,2.49E-01,2.13E+02,1.41E+01,2.27E+02,0.000149075,0.000156341
5.20E+04,228599,4.59E+01,7.55E-01,1.33E-02,8.94E+01,2.21E-05,3.04E-01,1.63E-01,2.49E-01,2.13E+02,1.40E+01,2.27E+02,0.000149002,0.000156265
5.20E+04,2.29E+05,1.85E+02,2.60E+00,1.33E-02,8.94E+01,2.21E-05,3.04E-01,1.63E-01,2.49E-01,2.13E+02,1.40E+01,2.27E+02,0.000149002,0.000156264
5.20E+04,228699,4.60E+01,7.54E-01,1.32E-02,8.94E+01,2.21E-05,3.05E-01,1.63E-01,2.49E-01,2.13E+02,1.40E+01,2.27E+02,0.000148928,0.000156188
5.20E+04,228700,1.85E+02,2.60E+00,1.32E-02,8.94E+01,2.21E-05,3.05E-01,1.63E-01,2.49E-01,2.13E+02,1.40E+01,2.27E+02,0.000148927,0.000156187
5.20E+04,2.29E+05,4.50E+01,7.53E-01,1.32E-02,8.94E+01,2.21E-05,3.04E-01,1.64E-01,2.44E-01,2.12E+02,1.34E+01,2.25E+02,0.000148853,0.00015611
5.20E+04,2.29E+05,1.85E+02,2.60E+00,1.32E-02,8.94E+01,2.21E-05,3.04E-01,1.64E-01,2.44E-01,2.12E+02,1.34E+01,2.25E+02,0.000148853,0.00015611
5.20E+04,228899,4.59E+01,7.55E-01,1.32E-02,8.94E+01,2.21E-05,3.05E-01,1.63E-01,2.48E-01,2.13E+02,1.40E+01,2.27E+02,0.00014878,0.000156033
5.20E+04,228900,1.85E+02,2.60E+00,1.32E-02,8.94E+01,2.21E-05,3.05E-01,1.63E-01,2.48E-01,2.13E+02,1.40E+01,2.27E+02,0.000148779,0.000156032
5.21E+04,228999,4.59E+01,7.54E-01,1.32E-02,8.94E+01,2.21E-05,3.05E-01,1.63E-01,2.48E-01,2.13E+02,1.39E+01,2.27E+02,0.000148706,0.000155956
5.21E+04,229000,1.85E+02,2.60E+00,1.32E-02,8.94E+01,2.21E-05,3.05E-01,1.63E-01,2.48E-01,2.13E+02,1.39E+01,2.27E+02,0.000148705,0.000155955
5.21E+04,2.29E+05,4.53E+01,7.52E-01,1.33E-02,8.94E+01,2.21E-05,3.03E-01,1.63E-01,2.46E-01,2.11E+02,1.36E+01,2.25E+02,0.000148632,0.000155879
5.21E+04,2.29E+05,1.84E+02,2.60E+00,1.33E-02,8.94E+01,2.21E-05,3.03E-01,1.63E-01,2.46E-01,2.11E+02,1.36E+01,2.25E+02,0.000148632,0.000155879
5.21E+04,2.29E+05,4.53E+01,7.53E-01,1.33E-02,8.94E+01,2.21E-05,3.03E-01,1.63E-01,2.46E-01,2.12E+02,1.37E+01,2.25E+02,0.000148558,0.000155802
5.21E+04,2.29E+05,1.84E+02,2.60E+00,1.33E-02,8.94E+01,2.21E-05,3.03E-01,1.63E-01,2.46E-01,2.12E+02,1.37E+01,2.25E+02,0.000148558,0.000155802
5.21E+04,229299,4.59E+01,7.52E-01,1.33E-02,8.94E+01,2.21E-05,3.04E-01,1.63E-01,2.49E-01,2.13E+02,1.40E+01,2.27E+02,0.000148484,0.000155725
5.21E+04,2.29E+05,1.85E+02,2.60E+00,1.33E-02,8.94E+01,2.21E-05,3.04E-01,1.63E-01,2.49E-01,2.13E+02,1.40E+01,2.27E+02,0.000148484,0.000155725
5.21E+04,2.29E+05,4.54E+01,7.54E-01,1.32E-02,8.94E+01,2.21E-05,3.04E-01,1.63E-01,2.46E-01,2.12E+02,1.36E+01,2.25E+02,0.00014841,0.000155648
5.21E+04,2.29E+05,1.85E+02,2.60E+00,1.32E-02,8.94E+01,2.21E-05,3.04E-01,1.63E-01,2.46E-01,2.12E+02,1.36E+01,2.25E+02,0.00014841,0.000155648
5.22E+04,229499,4.60E+01,7.54E-01,1.33E-02,8.94E+01,2.21E-05,3.03E-01,1.62E-01,2.49E-01,2.12E+02,1.41E+01,2.26E+02,0.000148337,0.000155572
5.22E+04,2.29E+05,1.84E+02,2.60E+00,1.33E-02,8.94E+01,2.21E-05,3.03E-01,1.62E-01,2.49E-01,2.12E+02,1.41E+01,2.26E+02,0.000148337,0.000155571
5.22E+04,2.30E+05,4.49E+01,7.53E-01,1.31E-02,8.94E+01,2.21E-05,3.05E-01,1.65E-01,2.42E-01,2.12E+02,1.32E+01,2.25E+02,0.000148263,0.000155495
5.22E+04,229600,1.85E+02,2.60E+00,1.31E-02,8.94E+01,2.21E-05,3.05E-01,1.65E-01,2.42E-01,2.12E+02,1.32E+01,2.25E+02,0.000148263,0.000155494
5.22E+04,229699,4.59E+01,7.52E-01,1.33E-02,8.94E+01,2.20E-05,3.03E-01,1.62E-01,2.49E-01,2.12E+02,1.40E+01,2.26E+02,0.00014819,0.000155418
5.22E+04,2.30E+05,1.84E+02,2.60E+00,1.33E-02,8.94E+01,2.20E-05,3.03E-01,1.62E-01,2.49E-01,2.12E+02,1.40E+01,2.26E+02,0.00014819,0.000155418
5.22E+04,2.30E+05,4.53E+01,7.52E-01,1.32E-02,8.94E+01,2.20E-05,3.05E-01,1.64E-01,2.45E-01,2.13E+02,1.35E+01,2.26E+02,0.000148116,0.000155341
5.22E+04,229800,1.85E+02,2.60E+00,1.32E-02,8.94E+01,2.20E-05,3.05E-01,1.64E-01,2.45E-01,2.13E+02,1.35E+01,2.26E+02,0.000148116,0.000155341
5.23E+04,2.30E+05,4.53E+01,7.52E-01,1.33E-02,8.94E+01,2.20E-05,3.03E-01,1.63E-01,2.46E-01,2.12E+02,1.36E+01,2.25E+02,0.000148043,0.000155265
5.23E+04,2.30E+05,1.84E+02,2.60E+00,1.33E-02,8.94E+01,2.20E-05,3.03E-01,1.63E-01,2.46E-01,2.12E+02,1.36E+01,2.25E+02,0.000148043,0.000155265
5.23E+04,2.30E+05,4.52E+01,7.50E-01,1.33E-02,8.94E+01,2.20E-05,3.03E-01,1.63E-01,2.46E-01,2.12E+02,1.36E+01,2.25E+02,0.00014797,0.000155189
5.23E+04,2.30E+05,1.84E+02,2.59E+00,1.33E-02,8.94E+01,2.20E-05,3.03E-01,1.63E-01,2.46E-01,2.12E+02,1.36E+01,2.25E+02,0.00014797,0.000155189
5.23E+04,2.30E+05,4.52E+01,7.50E-01,1.33E-02,8.94E+01,2.20E-05,3.03E-01,1.63E-01,2.45E-01,2.12E+02,1.36E+01,2.25E+02,0.000147897,0.000155112
5.23E+04,2.30E+05,1.84E+02,2.60E+00,1.33E-02,8.94E+01,2.20E-05,3.03E-01,1.63E-01,2.45E-01,2.12E+02,1.36E+01,2.25E+02,0.000147897,0.000155112
5.23E+04,2.30E+05,4.53E+01,7.52E-01,1.32E-02,8.94E+01,2.20E-05,3.04E-01,1.63E-01,2.45E-01,2.12E+02,1.36E+01,2.26E+02,0.000147824,0.000155036
5.23E+04,2.30E+05,1.85E+02,2.60E+00,1.32E-02,8.94E+01,2.20E-05,3.04E-01,1.63E-01,2.45E-01,2.12E+02,1.36E+01,2.26E+02,0.000147824,0.000155036
5.23E+04,230299,4.64E+01,7.53E-01,1.33E-02,8.94E+01,2.20E-05,3.04E-01,1.62E-01,2.51E-01,2.13E+02,1.44E+01,2.28E+02,0.000147751,0.00015496
5.23E+04,2.30E+05,1.85E+02,2.60E+00,1.33E-02,8.94E+01,2.20E-05,3.04E-01,1.62E-01,2.51E-01,2.13E+02,1.44E+01,2.28E+02,0.00014775,0.00015496
5.24E+04,2.30E+05,4.53E+01,7.51E-01,1.32E-02,8.94E+01,2.20E-05,3.04E-01,1.64E-01,2.45E-01,2.12E+02,1.35E+01,2.26E+02,0.000147678,0.000154884
5.24E+04,2.30E+05,1.85E+02,2.60E+00,1.32E-02,8.94E+01,2.20E-05,3.04E-01,1.64E-01,2.45E-01,2.12E+02,1.35E+01,2.26E+02,0.000147678,0.000154884
5.24E+04,230499,4.58E+01,7.55E-01,1.33E-02,8.94E+01,2.20E-05,3.04E-01,1.63E-01,2.48E-01,2.12E+02,1.39E+01,2.26E+02,0.000147605,0.000154808
5.24E+04,2.30E+05,1.85E+02,2.60E+00,1.33E-02,8.94E+01,2.20E-05,3.04E-01,1.63E-01,2.48E-01,2.12E+02,1.39E+01,2.26E+02,0.000147605,0.000154808
5.24E+04,2.31E+05,4.51E+01,7.53E-01,1.32E-02,8.94E+01,2.20E-05,3.04E-01,1.64E-01,2.45E-01,2.12E+02,1.35E+01,2.25E+02,0.000147532,0.000154732
5.24E+04,2.31E+05,1.84E+02,2.60E+00,1.32E-02,8.94E+01,2.20E-05,3.04E-01,1.64E-01,2.45E-01,2.12E+02,1.35E+01,2.25E+02,0.000147532,0.000154732
5.25E+04,230699,1.85E+02,2.60E+00,1.32E-02,8.94E+01,2.20E-05,3.05E-01,1.64E-01,2.46E-01,2.13E+02,1.37E+01,2.27E+02,0.000147459,0.000154656
5.25E+04,230699,4.56E+01,7.52E-01,1.32E-02,8.94E+01,2.20E-05,3.05E-01,1.64E-01,2.46E-01,2.13E+02,1.37E+01,2.27E+02,0.000147459,0.000154656
5.25E+04,230799,4.57E+01,7.53E-01,1.33E-02,8.94E+01,2.19E-05,3.04E-01,1.63E-01,2.47E-01,2.12E+02,1.38E+01,2.26E+02,0.000147387,0.00015458
5.25E+04,2.31E+05,1.85E+02,2.60E+00,1.33E-02,8.94E+01,2.19E-05,3.04E-01,1.63E-01,2.47E-01,2.12E+02,1.38E+01,2.26E+02,0.000147386,0.00015458
5.25E+04,230899,4.56E+01,7.51E-01,1.33E-02,8.94E+01,2.19E-05,3.03E-01,1.63E-01,2.47E-01,2.12E+02,1.38E+01,2.26E+02,0.000147314,0.000154505
5.25E+04,2.31E+05,1.85E+02,2.60E+00,1.33E-02,8.94E+01,2.19E-05,3.03E-01,1.63E-01,2.47E-01,2.12E+02,1.38E+01,2.26E+02,0.000147314,0.000154504
5.25E+04,230999,4.55E+01,7.51E-01,1.32E-02,8.94E+01,2.19E-05,3.05E-01,1.64E-01,2.46E-01,2.13E+02,1.37E+01,2.27E+02,0.000147241,0.000154429
5.25E+04,231000,1.85E+02,2.60E+00,1.32E-02,8.94E+01,2.19E-05,3.05E-01,1.64E-01,2.46E-01,2.13E+02,1.37E+01,2.27E+02,0.000147241,0.000154428
5.25E+04,2.31E+05,4.51E+01,7.53E-01,1.32E-02,8.94E+01,2.19E-05,3.03E-01,1.63E-01,2.45E-01,2.12E+02,1.35E+01,2.25E+02,0.000147169,0.000154353
5.25E+04,2.31E+05,1.84E+02,2.60E+00,1.32E-02,8.94E+01,2.19E-05,3.03E-01,1.63E-01,2.45E-01,2.12E+02,1.35E+01,2.25E+02,0.000147169,0.000154353
5.26E+04,2.31E+05,4.52E+01,7.53E-01,1.32E-02,8.94E+01,2.19E-05,3.04E-01,1.64E-01,2.44E-01,2.12E+02,1.35E+01,2.26E+02,0.000147096,0.000154277
5.26E+04,231200,1.85E+02,2.60E+00,1.32E-02,8.94E+01,2.19E-05,3.04E-01,1.64E-01,2.44E-01,2.12E+02,1.35E+01,2.26E+02,0.000147096,0.000154277
5.26E+04,2.31E+05,4.52E+01,7.53E-01,1.33E-02,8.94E+01,2.19E-05,3.02E-01,1.63E-01,2.46E-01,2.11E+02,1.36E+01,2.25E+02,0.000147024,0.000154202
5.26E+04,2.31E+05,1.84E+02,2.60E+00,1.33E-02,8.94E+01,2.19E-05,3.02E-01,1.63E-01,2.46E-01,2.11E+02,1.36E+01,2.25E+02,0.000147024,0.000154202
5.26E+04,231399,4.56E+01,7.53E-01,1.32E-02,8.94E+01,2.19E-05,3.05E-01,1.64E-01,2.46E-01,2.13E+02,1.37E+01,2.26E+02,0.000146952,0.000154127
5.26E+04,231400,1.85E+02,2.60E+00,1.32E-02,8.94E+01,2.19E-05,3.05E-01,1.64E-01,2.46E-01,2.13E+02,1.37E+01,2.26E+02,0.000146951,0.000154126
5.26E+04,2.31E+05,4.56E+01,7.57E-01,1.32E-02,8.94E+01,2.19E-05,3.05E-01,1.64E-01,2.46E-01,2.13E+02,1.37E+01,2.26E+02,0.000146879,0.000154051
5.26E+04,231500,1.85E+02,2.60E+00,1.32E-02,8.94E+01,2.19E-05,3.05E-01,1.64E-01,2.46E-01,2.13E+02,1.37E+01,2.26E+02,0.000146879,0.000154051
5.27E+04,2.32E+05,4.53E+01,7.53E-01,1.32E-02,8.94E+01,2.19E-05,3.05E-01,1.64E-01,2.45E-01,2.12E+02,1.35E+01,2.26E+02,0.000146807,0.000153976
5.27E+04,231600,1.85E+02,2.60E+00,1.32E-02,8.94E+01,2.19E-05,3.05E-01,1.64E-01,2.45E-01,2.12E+02,1.35E+01,2.26E+02,0.000146807,0.000153976
5.27E+04,2.32E+05,4.53E+01,7.54E-01,1.32E-02,8.94E+01,2.19E-05,3.04E-01,1.63E-01,2.45E-01,2.12E+02,1.36E+01,2.26E+02,0.000146735,0.000153901
5.27E+04,2.32E+05,1.85E+02,2.60E+00,1.32E-02,8.94E+01,2.19E-05,3.04E-01,1.63E-01,2.45E-01,2.12E+02,1.36E+01,2.26E+02,0.000146735,0.000153901
5.27E+04,231799,4.58E+01,7.53E-01,1.33E-02,8.94E+01,2.19E-05,3.03E-01,1.62E-01,2.48E-01,2.12E+02,1.39E+01,2.26E+02,0.000146663,0.000153826
5.27E+04,2.32E+05,1.84E+02,2.60E+00,1.33E-02,8.94E+01,2.19E-05,3.03E-01,1.62E-01,2.48E-01,2.12E+02,1.39E+01,2.26E+02,0.000146663,0.000153826
5.27E+04,2.32E+05,4.48E+01,7.53E-01,1.32E-02,8.94E+01,2.18E-05,3.04E-01,1.64E-01,2.42E-01,2.12E+02,1.32E+01,2.25E+02,0.000146591,0.000153751
5.27E+04,2.32E+05,1.85E+02,2.60E+00,1.32E-02,8.94E+01,2.18E-05,3.04E-01,1.64E-01,2.42E-01,2.12E+02,1.32E+01,2.25E+02,0.000146591,0.000153751
5.27E+04,2.32E+05,4.54E+01,7.52E-01,1.32E-02,8.94E+01,2.18E-05,3.04E-01,1.63E-01,2.46E-01,2.12E+02,1.36E+01,2.26E+02,0.000146519,0.000153676
5.27E+04,2.32E+05,1.85E+02,2.60E+00,1.32E-02,8.94E+01,2.18E-05,3.04E-01,1.63E-01,2.46E-01,2.12E+02,1.36E+01,2.26E+02,0.000146519,0.000153676
5.28E+04,2.32E+05,4.50E+01,7.53E-01,1.32E-02,8.94E+01,2.18E-05,3.04E-01,1.64E-01,2.44E-01,2.12E+02,1.34E+01,2.25E+02,0.000146447,0.000153601
5.28E+04,2.32E+05,1.85E+02,2.60E+00,1.32E-02,8.94E+01,2.18E-05,3.04E-01,1.64E-01,2.44E-01,2.12E+02,1.34E+01,2.25E+02,0.000146447,0.000153601
5.28E+04,232199,4.61E+01,7.54E-01,1.33E-02,8.94E+01,2.18E-05,3.04E-01,1.62E-01,2.50E-01,2.13E+02,1.41E+01,2.27E+02,0.000146376,0.000153526
5.28E+04,2.32E+05,1.85E+02,2.60E+00,1.33E-02,8.94E+01,2.18E-05,3.04E-01,1.62E-01,2.50E-01,2.13E+02,1.41E+01,2.27E+02,0.000146375,0.000153526
5.28E+04,2.32E+05,4.55E+01,7.55E-01,1.32E-02,8.94E+01,2.18E-05,3.05E-01,1.64E-01,2.46E-01,2.13E+02,1.36E+01,2.26E+02,0.000146304,0.000153451
5.28E+04,232300,1.85E+02,2.60E+00,1.32E-02,8.94E+01,2.18E-05,3.05E-01,1.64E-01,2.46E-01,2.13E+02,1.36E+01,2.26E+02,0.000146303,0.000153451
5.28E+04,2.32E+05,4.50E+01,7.54E-01,1.32E-02,8.94E+01,2.18E-05,3.04E-01,1.64E-01,2.44E-01,2.12E+02,1.34E+01,2.25E+02,0.000146232,0.000153376
5.28E+04,2.32E+05,1.85E+02,2.60E+00,1.32E-02,8.94E+01,2.18E-05,3.04E-01,1.64E-01,2.44E-01,2.12E+02,1.34E+01,2.25E+02,0.000146232,0.000153376
5.29E+04,232499,4.56E+01,7.54E-01,1.32E-02,8.94E+01,2.18E-05,3.04E-01,1.63E-01,2.47E-01,2.13E+02,1.38E+01,2.26E+02,0.000146161,0.000153302
5.29E+04,232500,1.85E+02,2.60E+00,1.32E-02,8.94E+01,2.18E-05,3.04E-01,1.63E-01,2.47E-01,2.13E+02,1.38E+01,2.26E+02,0.00014616,0.000153301
5.29E+04,232599,4.59E+01,7.51E-01,1.33E-02,8.94E+01,2.18E-05,3.03E-01,1.62E-01,2.49E-01,2.12E+02,1.40E+01,2.26E+02,0.000146089,0.000153227
5.29E+04,2.33E+05,1.84E+02,2.60E+00,1.33E-02,8.94E+01,2.18E-05,3.03E-01,1.62E-01,2.49E-01,2.12E+02,1.40E+01,2.26E+02,0.000146089,0.000153227
5.29E+04,232699,4.54E+01,7.50E-01,1.33E-02,8.94E+01,2.18E-05,3.03E-01,1.63E-01,2.46E-01,2.12E+02,1.37E+01,2.26E+02,0.000146018,0.000153153
5.29E+04,2.33E+05,1.84E+02,2.60E+00,1.33E-02,8.94E+01,2.18E-05,3.03E-01,1.63E-01,2.46E-01,2.12E+02,1.37E+01,2.26E+02,0.000146018,0.000153153
5.29E+04,2.33E+05,4.48E+01,7.51E-01,1.32E-02,8.95E+01,2.18E-05,3.03E-01,1.63E-01,2.43E-01,2.11E+02,1.33E+01,2.24E+02,0.000145946,0.000153078
5.29E+04,2.33E+05,1.84E+02,2.59E+00,1.32E-02,8.95E+01,2.18E-05,3.03E-01,1.63E-01,2.43E-01,2.11E+02,1.33E+01,2.24E+02,0.000145946,0.000153078
5.30E+04,232899,4.59E+01,7.52E-01,1.34E-02,8.95E+01,2.18E-05,3.02E-01,1.61E-01,2.50E-01,2.11E+02,1.41E+01,2.26E+02,0.000145875,0.000153004
5.30E+04,2.33E+05,1.84E+02,2.59E+00,1.34E-02,8.95E+01,2.18E-05,3.02E-01,1.61E-01,2.50E-01,2.11E+02,1.41E+01,2.26E+02,0.000145875,0.000153004
5.30E+04,232999,4.53E+01,7.50E-01,1.32E-02,8.95E+01,2.17E-05,3.04E-01,1.63E-01,2.45E-01,2.12E+02,1.36E+01,2.26E+02,0.000145804,0.00015293
5.30E+04,233000,1.85E+02,2.60E+00,1.32E-02,8.95E+01,2.17E-05,3.04E-01,1.63E-01,2.45E-01,2.12E+02,1.36E+01,2.26E+02,0.000145803,0.000152929
5.30E+04,233099,4.55E+01,7.51E-01,1.33E-02,8.95E+01,2.17E-05,3.02E-01,1.62E-01,2.48E-01,2.11E+02,1.38E+01,2.25E+02,0.000145733,0.000152856
5.30E+04,2.33E+05,1.84E+02,2.60E+00,1.33E-02,8.95E+01,2.17E-05,3.02E-01,1.62E-01,2.48E-01,2.11E+02,1.38E+01,2.25E+02,0.000145732,0.000152855
5.30E+04,2.33E+05,4.50E+01,7.52E-01,1.33E-02,8.95E+01,2.17E-05,3.02E-01,1.63E-01,2.45E-01,2.11E+02,1.35E+01,2.24E+02,0.000145661,0.000152781
5.30E+04,2.33E+05,1.84E+02,2.60E+00,1.33E-02,8.95E+01,2.17E-05,3.02E-01,1.63E-01,2.45E-01,2.11E+02,1.35E+01,2.24E+02,0.000145661,0.000152781
5.30E+04,233299,4.54E+01,7.52E-01,1.33E-02,8.95E+01,2.17E-05,3.03E-01,1.63E-01,2.46E-01,2.12E+02,1.37E+01,2.25E+02,0.000145591,0.000152707
5.30E+04,2.33E+05,1.84E+02,2.60E+00,1.33E-02,8.95E+01,2.17E-05,3.03E-01,1.63E-01,2.46E-01,2.12E+02,1.37E+01,2.25E+02,0.00014559,0.000152707
5.31E+04,233399,4.59E+01,7.52E-01,1.33E-02,8.95E+01,2.17E-05,3.03E-01,1.62E-01,2.49E-01,2.12E+02,1.40E+01,2.26E+02,0.00014552,0.000152633
5.31E+04,2.33E+05,1.84E+02,2.60E+00,1.33E-02,8.95E+01,2.17E-05,3.03E-01,1.62E-01,2.49E-01,2.12E+02,1.40E+01,2.26E+02,0.000145519,0.000152633
5.31E+04,233499,4.63E+01,7.55E-01,1.33E-02,8.95E+01,2.17E-05,3.04E-01,1.62E-01,2.51E-01,2.13E+02,1.43E+01,2.27E+02,0.000145449,0.000152559
5.31E+04,233500,1.85E+02,2.60E+00,1.33E-02,8.95E+01,2.17E-05,3.04E-01,1.62E-01,2.51E-01,2.13E+02,1.43E+01,2.27E+02,0.000145448,0.000152558
5.31E+04,2.34E+05,4.51E+01,7.51E-01,1.33E-02,8.95E+01,2.17E-05,3.02E-01,1.63E-01,2.45E-01,2.11E+02,1.35E+01,2.25E+02,0.000145378,0.000152485
5.31E+04,2.34E+05,1.84E+02,2.60E+00,1.33E-02,8.95E+01,2.17E-05,3.02E-01,1.63E-01,2.45E-01,2.11E+02,1.35E+01,2.25E+02,0.000145378,0.000152485
5.31E+04,233699,4.56E+01,7.51E-01,1.33E-02,8.95E+01,2.17E-05,3.03E-01,1.62E-01,2.47E-01,2.12E+02,1.38E+01,2.26E+02,0.000145307,0.000152411
5.31E+04,2.34E+05,1.84E+02,2.60E+00,1.33E-02,8.95E+01,2.17E-05,3.03E-01,1.62E-01,2.47E-01,2.12E+02,1.38E+01,2.26E+02,0.000145307,0.000152411
5.32E+04,2.34E+05,4.50E+01,7.52E-01,1.32E-02,8.95E+01,2.17E-05,3.04E-01,1.64E-01,2.44E-01,2.12E+02,1.34E+01,2.25E+02,0.000145236,0.000152337
5.32E+04,233800,1.85E+02,2.60E+00,1.32E-02,8.95E+01,2.17E-05,3.04E-01,1.64E-01,2.44E-01,2.12E+02,1.34E+01,2.25E+02,0.000145236,0.000152337
5.32E+04,2.34E+05,4.50E+01,7.51E-01,1.33E-02,8.95E+01,2.17E-05,3.02E-01,1.63E-01,2.45E-01,2.11E+02,1.35E+01,2.25E+02,0.000145165,0.000152264
5.32E+04,2.34E+05,1.84E+02,2.60E+00,1.33E-02,8.95E+01,2.17E-05,3.02E-01,1.63E-01,2.45E-01,2.11E+02,1.35E+01,2.25E+02,0.000145165,0.000152264
5.32E+04,2.34E+05,4.51E+01,7.52E-01,1.32E-02,8.95E+01,2.17E-05,3.04E-01,1.64E-01,2.44E-01,2.12E+02,1.34E+01,2.26E+02,0.000145095,0.00015219
5.32E+04,234000,1.85E+02,2.60E+00,1.32E-02,8.95E+01,2.17E-05,3.04E-01,1.64E-01,2.44E-01,2.12E+02,1.34E+01,2.26E+02,0.000145094,0.00015219
5.32E+04,2.34E+05,4.51E+01,7.52E-01,1.32E-02,8.95E+01,2.17E-05,3.03E-01,1.63E-01,2.45E-01,2.12E+02,1.35E+01,2.25E+02,0.000145024,0.000152116
5.32E+04,234100,1.85E+02,2.60E+00,1.32E-02,8.95E+01,2.17E-05,3.03E-01,1.63E-01,2.45E-01,2.12E+02,1.35E+01,2.25E+02,0.000145024,0.000152116
5.32E+04,234199,4.56E+01,7.52E-01,1.33E-02,8.95E+01,2.16E-05,3.03E-01,1.63E-01,2.47E-01,2.12E+02,1.38E+01,2.26E+02,0.000144954,0.000152043
5.32E+04,234200,1.85E+02,2.60E+00,1.33E-02,8.95E+01,2.16E-05,3.03E-01,1.63E-01,2.47E-01,2.12E+02,1.38E+01,2.26E+02,0.000144953,0.000152043
5.33E+04,2.34E+05,4.50E+01,7.52E-01,1.32E-02,8.95E+01,2.16E-05,3.03E-01,1.64E-01,2.44E-01,2.12E+02,1.34E+01,2.25E+02,0.000144883,0.00015197
5.33E+04,234300,1.85E+02,2.60E+00,1.32E-02,8.95E+01,2.16E-05,3.03E-01,1.64E-01,2.44E-01,2.12E+02,1.34E+01,2.25E+02,0.000144883,0.000151969
5.33E+04,2.34E+05,4.51E+01,7.52E-01,1.32E-02,8.95E+01,2.16E-05,3.03E-01,1.63E-01,2.44E-01,2.12E+02,1.34E+01,2.25E+02,0.000144813,0.000151896
5.33E+04,234400,1.84E+02,2.60E+00,1.32E-02,8.95E+01,2.16E-05,3.03E-01,1.63E-01,2.44E-01,2.12E+02,1.34E+01,2.25E+02,0.000144813,0.000151896
5.33E+04,234499,4.61E+01,7.57E-01,1.33E-02,8.95E+01,2.16E-05,3.04E-01,1.62E-01,2.50E-01,2.12E+02,1.42E+01,2.27E+02,0.000144743,0.000151823
5.33E+04,2.34E+05,1.85E+02,2.60E+00,1.33E-02,8.95E+01,2.16E-05,3.04E-01,1.62E-01,2.50E-01,2.12E+02,1.42E+01,2.27E+02,0.000144743,0.000151823
5.33E+04,2.35E+05,4.55E+01,7.53E-01,1.33E-02,8.95E+01,2.16E-05,3.02E-01,1.62E-01,2.48E-01,2.11E+02,1.38E+01,2.25E+02,0.000144673,0.00015175
5.33E+04,2.35E+05,1.84E+02,2.60E+00,1.33E-02,8.95E+01,2.16E-05,3.02E-01,1.62E-01,2.48E-01,2.11E+02,1.38E+01,2.25E+02,0.000144673,0.00015175
5.34E+04,234699,4.60E+01,7.54E-01,1.33E-02,8.95E+01,2.16E-05,3.03E-01,1.62E-01,2.49E-01,2.12E+02,1.41E+01,2.26E+02,0.000144603,0.000151677
5.34E+04,2.35E+05,1.84E+02,2.60E+00,1.33E-02,8.95E+01,2.16E-05,3.03E-01,1.62E-01,2.49E-01,2.12E+02,1.41E+01,2.26E+02,0.000144602,0.000151676
5.34E+04,2.35E+05,4.50E+01,7.54E-01,1.32E-02,8.95E+01,2.16E-05,3.03E-01,1.63E-01,2.44E-01,2.11E+02,1.34E+01,2.25E+02,0.000144532,0.000151603
5.34E+04,2.35E+05,1.84E+02,2.60E+00,1.32E-02,8.95E+01,2.16E-05,3.03E-01,1.63E-01,2.44E-01,2.11E+02,1.34E+01,2.25E+02,0.000144532,0.000151603
5.34E+04,2.35E+05,4.54E+01,7.54E-01,1.33E-02,8.95E+01,2.16E-05,3.03E-01,1.63E-01,2.46E-01,2.12E+02,1.37E+01,2.25E+02,0.000144462,0.00015153
5.34E+04,2.35E+05,1.84E+02,2.60E+00,1.33E-02,8.95E+01,2.16E-05,3.03E-01,1.63E-01,2.46E-01,2.12E+02,1.37E+01,2.25E+02,0.000144462,0.00015153
5.34E+04,2.35E+05,4.55E+01,7.54E-01,1.33E-02,8.95E+01,2.16E-05,3.03E-01,1.62E-01,2.47E-01,2.12E+02,1.37E+01,2.25E+02,0.000144392,0.000151457
5.34E+04,2.35E+05,1.84E+02,2.60E+00,1.33E-02,8.95E+01,2.16E-05,3.03E-01,1.62E-01,2.47E-01,2.12E+02,1.37E+01,2.25E+02,0.000144392,0.000151457
5.34E+04,235099,4.59E+01,7.54E-01,1.33E-02,8.95E+01,2.16E-05,3.03E-01,1.62E-01,2.49E-01,2.12E+02,1.40E+01,2.26E+02,0.000144323,0.000151385
5.34E+04,2.35E+05,1.84E+02,2.60E+00,1.33E-02,8.95E+01,2.16E-05,3.03E-01,1.62E-01,2.49E-01,2.12E+02,1.40E+01,2.26E+02,0.000144322,0.000151384
5.35E+04,2.35E+05,4.54E+01,7.54E-01,1.33E-02,8.95E+01,2.16E-05,3.02E-01,1.62E-01,2.47E-01,2.11E+02,1.37E+01,2.25E+02,0.000144253,0.000151312
5.35E+04,2.35E+05,1.84E+02,2.60E+00,1.33E-02,8.95E+01,2.16E-05,3.02E-01,1.62E-01,2.47E-01,2.11E+02,1.37E+01,2.25E+02,0.000144253,0.000151312
5.35E+04,235299,4.59E+01,7.55E-01,1.33E-02,8.95E+01,2.15E-05,3.03E-01,1.62E-01,2.49E-01,2.12E+02,1.40E+01,2.26E+02,0.000144183,0.000151239
5.35E+04,2.35E+05,1.84E+02,2.60E+00,1.33E-02,8.95E+01,2.15E-05,3.03E-01,1.62E-01,2.49E-01,2.12E+02,1.40E+01,2.26E+02,0.000144183,0.000151239
5.35E+04,2.35E+05,4.54E+01,7.54E-01,1.33E-02,8.95E+01,2.15E-05,3.02E-01,1.62E-01,2.47E-01,2.11E+02,1.38E+01,2.25E+02,0.000144113,0.000151166
5.35E+04,2.35E+05,1.84E+02,2.60E+00,1.33E-02,8.95E+01,2.15E-05,3.02E-01,1.62E-01,2.47E-01,2.11E+02,1.38E+01,2.25E+02,0.000144113,0.000151166
5.36E+04,2.35E+05,4.53E+01,7.56E-01,1.33E-02,8.95E+01,2.15E-05,3.03E-01,1.63E-01,2.46E-01,2.12E+02,1.36E+01,2.25E+02,0.000144044,0.000151094
5.36E+04,2.35E+05,1.84E+02,2.60E+00,1.33E-02,8.95E+01,2.15E-05,3.03E-01,1.63E-01,2.46E-01,2.12E+02,1.36E+01,2.25E+02,0.000144044,0.000151094
5.36E+04,2.36E+05,4.51E+01,7.52E-01,1.32E-02,8.95E+01,2.15E-05,3.03E-01,1.63E-01,2.44E-01,2.12E+02,1.34E+01,2.25E+02,0.000143974,0.000151021
5.36E+04,235600,1.84E+02,2.60E+00,1.32E-02,8.95E+01,2.15E-05,3.03E-01,1.63E-01,2.44E-01,2.12E+02,1.34E+01,2.25E+02,0.000143974,0.000151021
5.36E+04,2.36E+05,4.50E+01,7.53E-01,1.33E-02,8.95E+01,2.15E-05,3.02E-01,1.63E-01,2.45E-01,2.11E+02,1.35E+01,2.25E+02,0.000143904,0.000150948
5.36E+04,2.36E+05,1.84E+02,2.60E+00,1.33E-02,8.95E+01,2.15E-05,3.02E-01,1.63E-01,2.45E-01,2.11E+02,1.35E+01,2.25E+02,0.000143904,0.000150948
5.36E+04,235799,4.56E+01,7.53E-01,1.33E-02,8.95E+01,2.15E-05,3.03E-01,1.62E-01,2.47E-01,2.12E+02,1.38E+01,2.26E+02,0.000143835,0.000150876
5.36E+04,235800,1.84E+02,2.60E+00,1.33E-02,8.95E+01,2.15E-05,3.03E-01,1.62E-01,2.47E-01,2.12E+02,1.38E+01,2.26E+02,0.000143835,0.000150876
5.36E+04,2.36E+05,4.51E+01,7.52E-01,1.32E-02,8.95E+01,2.15E-05,3.03E-01,1.63E-01,2.45E-01,2.12E+02,1.35E+01,2.25E+02,0.000143766,0.000150804
5.36E+04,235900,1.84E+02,2.60E+00,1.32E-02,8.95E+01,2.15E-05,3.03E-01,1.63E-01,2.45E-01,2.12E+02,1.35E+01,2.25E+02,0.000143765,0.000150803
5.37E+04,235999,4.56E+01,7.53E-01,1.33E-02,8.95E+01,2.15E-05,3.02E-01,1.62E-01,2.48E-01,2.12E+02,1.39E+01,2.26E+02,0.000143697,0.000150732
5.37E+04,2.36E+05,1.84E+02,2.60E+00,1.33E-02,8.95E+01,2.15E-05,3.02E-01,1.62E-01,2.48E-01,2.12E+02,1.39E+01,2.26E+02,0.000143696,0.000150731
5.37E+04,2.36E+05,4.51E+01,7.53E-01,1.33E-02,8.95E+01,2.15E-05,3.02E-01,1.62E-01,2.45E-01,2.11E+02,1.35E+01,2.25E+02,0.000143627,0.000150659
5.37E+04,2.36E+05,1.84E+02,2.60E+00,1.33E-02,8.95E+01,2.15E-05,3.02E-01,1.62E-01,2.45E-01,2.11E+02,1.35E+01,2.25E+02,0.000143627,0.000150659
5.37E+04,2.36E+05,4.51E+01,7.53E-01,1.33E-02,8.95E+01,2.15E-05,3.02E-01,1.63E-01,2.45E-01,2.11E+02,1.35E+01,2.25E+02,0.000143558,0.000150587
5.37E+04,2.36E+05,1.84E+02,2.60E+00,1.33E-02,8.95E+01,2.15E-05,3.02E-01,1.63E-01,2.45E-01,2.11E+02,1.35E+01,2.25E+02,0.000143558,0.000150587
5.37E+04,2.36E+05,4.51E+01,7.52E-01,1.33E-02,8.95E+01,2.15E-05,3.01E-01,1.62E-01,2.46E-01,2.11E+02,1.36E+01,2.24E+02,0.000143489,0.000150515
5.37E+04,2.36E+05,1.83E+02,2.60E+00,1.33E-02,8.95E+01,2.15E-05,3.01E-01,1.62E-01,2.46E-01,2.11E+02,1.36E+01,2.24E+02,0.000143489,0.000150515
5.37E+04,236399,4.56E+01,7.53E-01,1.33E-02,8.95E+01,2.15E-05,3.03E-01,1.62E-01,2.47E-01,2.12E+02,1.38E+01,2.26E+02,0.00014342,0.000150443
5.37E+04,236400,1.84E+02,2.60E+00,1.33E-02,8.95E+01,2.15E-05,3.03E-01,1.62E-01,2.47E-01,2.12E+02,1.38E+01,2.26E+02,0.000143419,0.000150442
5.38E+04,2.36E+05,4.56E+01,7.57E-01,1.34E-02,8.95E+01,2.14E-05,3.01E-01,1.61E-01,2.49E-01,2.10E+02,1.39E+01,2.24E+02,0.000143351,0.000150371
5.38E+04,2.36E+05,1.83E+02,2.60E+00,1.34E-02,8.95E+01,2.14E-05,3.01E-01,1.61E-01,2.49E-01,2.10E+02,1.39E+01,2.24E+02,0.000143351,0.000150371
5.38E+04,2.37E+05,4.53E+01,7.53E-01,1.33E-02,8.95E+01,2.14E-05,3.02E-01,1.62E-01,2.46E-01,2.11E+02,1.36E+01,2.25E+02,0.000143282,0.000150299
5.38E+04,2.37E+05,1.84E+02,2.60E+00,1.33E-02,8.95E+01,2.14E-05,3.02E-01,1.62E-01,2.46E-01,2.11E+02,1.36E+01,2.25E+02,0.000143282,0.000150299
5.38E+04,2.37E+05,4.52E+01,7.52E-01,1.33E-02,8.95E+01,2.14E-05,3.01E-01,1.62E-01,2.47E-01,2.11E+02,1.36E+01,2.24E+02,0.000143213,0.000150227
5.38E+04,2.37E+05,1.83E+02,2.59E+00,1.33E-02,8.95E+01,2.14E-05,3.01E-01,1.62E-01,2.47E-01,2.11E+02,1.36E+01,2.24E+02,0.000143213,0.000150227
5.38E+04,2.37E+05,4.48E+01,7.53E-01,1.32E-02,8.95E+01,2.14E-05,3.02E-01,1.63E-01,2.44E-01,2.11E+02,1.33E+01,2.24E+02,0.000143144,0.000150155
5.38E+04,2.37E+05,1.84E+02,2.60E+00,1.32E-02,8.95E+01,2.14E-05,3.02E-01,1.63E-01,2.44E-01,2.11E+02,1.33E+01,2.24E+02,0.000143144,0.000150155
5.39E+04,236899,4.58E+01,7.53E-01,1.33E-02,8.95E+01,2.14E-05,3.02E-01,1.62E-01,2.49E-01,2.12E+02,1.40E+01,2.26E+02,0.000143076,0.000150084
5.39E+04,2.37E+05,1.84E+02,2.60E+00,1.33E-02,8.95E+01,2.14E-05,3.02E-01,1.62E-01,2.49E-01,2.12E+02,1.40E+01,2.26E+02,0.000143075,0.000150084
5.39E+04,2.37E+05,4.52E+01,7.52E-01,1.33E-02,8.95E+01,2.14E-05,3.02E-01,1.63E-01,2.45E-01,2.11E+02,1.35E+01,2.25E+02,0.000143007,0.000150012
5.39E+04,2.37E+05,1.84E+02,2.60E+00,1.33E-02,8.95E+01,2.14E-05,3.02E-01,1.63E-01,2.45E-01,2.11E+02,1.35E+01,2.25E+02,0.000143007,0.000150012
5.39E+04,237099,4.57E+01,7.53E-01,1.33E-02,8.95E+01,2.14E-05,3.02E-01,1.62E-01,2.49E-01,2.12E+02,1.39E+01,2.26E+02,0.000142938,0.000149941
5.39E+04,2.37E+05,1.84E+02,2.60E+00,1.33E-02,8.95E+01,2.14E-05,3.02E-01,1.62E-01,2.49E-01,2.12E+02,1.39E+01,2.26E+02,0.000142938,0.00014994
5.39E+04,2.37E+05,4.52E+01,7.51E-01,1.34E-02,8.95E+01,2.14E-05,3.01E-01,1.62E-01,2.46E-01,2.11E+02,1.36E+01,2.24E+02,0.000142869,0.000149869
5.39E+04,2.37E+05,1.83E+02,2.60E+00,1.34E-02,8.95E+01,2.14E-05,3.01E-01,1.62E-01,2.46E-01,2.11E+02,1.36E+01,2.24E+02,0.000142869,0.000149869
5.39E+04,2.37E+05,4.48E+01,7.54E-01,1.33E-02,8.95E+01,2.14E-05,3.01E-01,1.62E-01,2.44E-01,2.10E+02,1.33E+01,2.24E+02,0.000142801,0.000149797
5.39E+04,2.37E+05,1.83E+02,2.60E+00,1.33E-02,8.95E+01,2.14E-05,3.01E-01,1.62E-01,2.44E-01,2.10E+02,1.33E+01,2.24E+02,0.000142801,0.000149797
5.40E+04,2.37E+05,4.48E+01,7.54E-01,1.32E-02,8.95E+01,2.14E-05,3.02E-01,1.63E-01,2.44E-01,2.11E+02,1.33E+01,2.24E+02,0.000142732,0.000149726
5.40E+04,2.37E+05,1.84E+02,2.60E+00,1.32E-02,8.95E+01,2.14E-05,3.02E-01,1.63E-01,2.44E-01,2.11E+02,1.33E+01,2.24E+02,0.000142732,0.000149726
5.40E+04,237499,4.62E+01,7.57E-01,1.34E-02,8.96E+01,2.14E-05,3.02E-01,1.60E-01,2.52E-01,2.12E+02,1.43E+01,2.26E+02,0.000142664,0.000149655
5.40E+04,2.37E+05,1.83E+02,2.60E+00,1.34E-02,8.96E+01,2.14E-05,3.02E-01,1.60E-01,2.52E-01,2.12E+02,1.43E+01,2.26E+02,0.000142664,0.000149655
5.40E+04,237599,4.53E+01,7.52E-01,1.33E-02,8.96E+01,2.13E-05,3.02E-01,1.62E-01,2.47E-01,2.11E+02,1.37E+01,2.25E+02,0.000142596,0.000149584
5.40E+04,2.38E+05,1.84E+02,2.60E+00,1.33E-02,8.96E+01,2.13E-05,3.02E-01,1.62E-01,2.47E-01,2.11E+02,1.37E+01,2.25E+02,0.000142596,0.000149583
5.40E+04,237699,4.53E+01,7.53E-01,1.34E-02,8.96E+01,2.13E-05,3.00E-01,1.60E-01,2.48E-01,2.10E+02,1.38E+01,2.24E+02,0.000142528,0.000149512
5.40E+04,2.38E+05,1.83E+02,2.60E+00,1.34E-02,8.96E+01,2.13E-05,3.00E-01,1.60E-01,2.48E-01,2.10E+02,1.38E+01,2.24E+02,0.000142527,0.000149512
5.41E+04,2.38E+05,4.49E+01,7.53E-01,1.33E-02,8.96E+01,2.13E-05,3.02E-01,1.63E-01,2.44E-01,2.11E+02,1.34E+01,2.24E+02,0.000142459,0.000149441
5.41E+04,2.38E+05,1.84E+02,2.60E+00,1.33E-02,8.96E+01,2.13E-05,3.02E-01,1.63E-01,2.44E-01,2.11E+02,1.34E+01,2.24E+02,0.000142459,0.000149441
5.41E+04,237899,4.59E+01,7.53E-01,1.33E-02,8.96E+01,2.13E-05,3.03E-01,1.62E-01,2.49E-01,2.12E+02,1.40E+01,2.26E+02,0.000142391,0.00014937
5.41E+04,237900,1.84E+02,2.60E+00,1.33E-02,8.96E+01,2.13E-05,3.03E-01,1.62E-01,2.49E-01,2.12E+02,1.40E+01,2.26E+02,0.000142391,0.000149369
5.41E+04,237999,4.53E+01,7.53E-01,1.33E-02,8.96E+01,2.13E-05,3.03E-01,1.63E-01,2.46E-01,2.12E+02,1.37E+01,2.25E+02,0.000142323,0.000149299
5.41E+04,238000,1.84E+02,2.60E+00,1.33E-02,8.96E+01,2.13E-05,3.03E-01,1.63E-01,2.46E-01,2.12E+02,1.37E+01,2.25E+02,0.000142323,0.000149298
5.41E+04,2.38E+05,4.49E+01,7.52E-01,1.33E-02,8.96E+01,2.13E-05,3.02E-01,1.63E-01,2.45E-01,2.11E+02,1.34E+01,2.24E+02,0.000142255,0.000149228
5.41E+04,2.38E+05,1.84E+02,2.60E+00,1.33E-02,8.96E+01,2.13E-05,3.02E-01,1.63E-01,2.45E-01,2.11E+02,1.34E+01,2.24E+02,0.000142255,0.000149228
5.41E+04,2.38E+05,4.45E+01,7.53E-01,1.32E-02,8.96E+01,2.13E-05,3.02E-01,1.63E-01,2.42E-01,2.10E+02,1.31E+01,2.23E+02,0.000142187,0.000149157
5.41E+04,2.38E+05,1.84E+02,2.60E+00,1.32E-02,8.96E+01,2.13E-05,3.02E-01,1.63E-01,2.42E-01,2.10E+02,1.31E+01,2.23E+02,0.000142187,0.000149157
5.42E+04,238299,4.54E+01,7.52E-01,1.33E-02,8.96E+01,2.13E-05,3.02E-01,1.62E-01,2.47E-01,2.11E+02,1.37E+01,2.25E+02,0.000142119,0.000149087
5.42E+04,2.38E+05,1.84E+02,2.60E+00,1.33E-02,8.96E+01,2.13E-05,3.02E-01,1.62E-01,2.47E-01,2.11E+02,1.37E+01,2.25E+02,0.000142119,0.000149086
5.42E+04,2.38E+05,4.48E+01,7.53E-01,1.33E-02,8.96E+01,2.13E-05,3.01E-01,1.62E-01,2.45E-01,2.10E+02,1.34E+01,2.24E+02,0.000142051,0.000149015
5.42E+04,2.38E+05,1.83E+02,2.60E+00,1.33E-02,8.96E+01,2.13E-05,3.01E-01,1.62E-01,2.45E-01,2.10E+02,1.34E+01,2.24E+02,0.000142051,0.000149015
5.42E+04,238499,4.61E+01,7.58E-01,1.34E-02,8.96E+01,2.13E-05,3.03E-01,1.61E-01,2.51E-01,2.12E+02,1.42E+01,2.26E+02,0.000141984,0.000148945
5.42E+04,2.38E+05,1.84E+02,2.60E+00,1.34E-02,8.96E+01,2.13E-05,3.03E-01,1.61E-01,2.51E-01,2.12E+02,1.42E+01,2.26E+02,0.000141983,0.000148945
5.43E+04,2.39E+05,4.53E+01,7.56E-01,1.33E-02,8.96E+01,2.13E-05,3.02E-01,1.62E-01,2.46E-01,2.11E+02,1.36E+01,2.25E+02,0.000141916,0.000148874
5.43E+04,238600,1.84E+02,2.60E+00,1.33E-02,8.96E+01,2.13E-05,3.02E-01,1.62E-01,2.46E-01,2.11E+02,1.36E+01,2.25E+02,0.000141915,0.000148874
5.43E+04,2.39E+05,4.53E+01,7.55E-01,1.33E-02,8.96E+01,2.13E-05,3.02E-01,1.62E-01,2.46E-01,2.11E+02,1.36E+01,2.25E+02,0.000141848,0.000148803
5.43E+04,238700,1.84E+02,2.60E+00,1.33E-02,8.96E+01,2.13E-05,3.02E-01,1.62E-01,2.46E-01,2.11E+02,1.36E+01,2.25E+02,0.000141848,0.000148803
5.43E+04,2.39E+05,4.49E+01,7.55E-01,1.32E-02,8.96E+01,2.12E-05,3.02E-01,1.63E-01,2.44E-01,2.11E+02,1.33E+01,2.24E+02,0.00014178,0.000148733
5.43E+04,238800,1.84E+02,2.60E+00,1.32E-02,8.96E+01,2.12E-05,3.02E-01,1.63E-01,2.44E-01,2.11E+02,1.33E+01,2.24E+02,0.00014178,0.000148733
5.43E+04,2.39E+05,4.53E+01,7.54E-01,1.32E-02,8.96E+01,2.12E-05,3.03E-01,1.63E-01,2.46E-01,2.12E+02,1.36E+01,2.25E+02,0.000141713,0.000148663
5.43E+04,238900,1.84E+02,2.60E+00,1.32E-02,8.96E+01,2.12E-05,3.03E-01,1.63E-01,2.46E-01,2.12E+02,1.36E+01,2.25E+02,0.000141713,0.000148662
5.43E+04,238999,4.58E+01,7.54E-01,1.33E-02,8.96E+01,2.12E-05,3.03E-01,1.62E-01,2.48E-01,2.12E+02,1.39E+01,2.26E+02,0.000141646,0.000148592
5.43E+04,239000,1.85E+02,2.60E+00,1.33E-02,8.96E+01,2.12E-05,3.03E-01,1.62E-01,2.48E-01,2.12E+02,1.39E+01,2.26E+02,0.000141645,0.000148592
5.44E+04,239099,4.58E+01,7.54E-01,1.33E-02,8.96E+01,2.12E-05,3.02E-01,1.62E-01,2.49E-01,2.12E+02,1.40E+01,2.26E+02,0.000141578,0.000148522
5.44E+04,239100,1.84E+02,2.60E+00,1.33E-02,8.96E+01,2.12E-05,3.02E-01,1.62E-01,2.49E-01,2.12E+02,1.40E+01,2.26E+02,0.000141578,0.000148521
5.44E+04,2.39E+05,4.48E+01,7.54E-01,1.32E-02,8.96E+01,2.12E-05,3.02E-01,1.63E-01,2.43E-01,2.11E+02,1.33E+01,2.24E+02,0.000141511,0.000148452
5.44E+04,239200,1.84E+02,2.60E+00,1.32E-02,8.96E+01,2.12E-05,3.02E-01,1.63E-01,2.43E-01,2.11E+02,1.33E+01,2.24E+02,0.00014151,0.000148451
5.44E+04,239299,4.58E+01,7.53E-01,1.33E-02,8.96E+01,2.12E-05,3.02E-01,1.62E-01,2.49E-01,2.12E+02,1.40E+01,2.26E+02,0.000141444,0.000148382
5.44E+04,239300,1.84E+02,2.60E+00,1.33E-02,8.96E+01,2.12E-05,3.02E-01,1.62E-01,2.49E-01,2.12E+02,1.40E+01,2.26E+02,0.000141443,0.000148381
5.44E+04,239399,4.57E+01,7.54E-01,1.33E-02,8.96E+01,2.12E-05,3.02E-01,1.62E-01,2.48E-01,2.12E+02,1.39E+01,2.26E+02,0.000141376,0.000148312
5.44E+04,239400,1.84E+02,2.60E+00,1.33E-02,8.96E+01,2.12E-05,3.02E-01,1.62E-01,2.48E-01,2.12E+02,1.39E+01,2.26E+02,0.000141376,0.000148311
5.45E+04,239499,4.60E+01,7.56E-01,1.34E-02,8.96E+01,2.12E-05,3.03E-01,1.62E-01,2.50E-01,2.12E+02,1.42E+01,2.27E+02,0.000141309,0.000148241
5.45E+04,2.39E+05,1.84E+02,2.60E+00,1.34E-02,8.96E+01,2.12E-05,3.03E-01,1.62E-01,2.50E-01,2.12E+02,1.42E+01,2.27E+02,0.000141309,0.000148241
5.45E+04,239599,4.57E+01,7.52E-01,1.34E-02,8.96E+01,2.12E-05,3.01E-01,1.61E-01,2.49E-01,2.11E+02,1.40E+01,2.25E+02,0.000141242,0.000148171
5.45E+04,2.40E+05,1.83E+02,2.60E+00,1.34E-02,8.96E+01,2.12E-05,3.01E-01,1.61E-01,2.49E-01,2.11E+02,1.40E+01,2.25E+02,0.000141242,0.000148171
5.45E+04,2.40E+05,4.52E+01,7.53E-01,1.34E-02,8.96E+01,2.12E-05,3.01E-01,1.61E-01,2.47E-01,2.11E+02,1.36E+01,2.24E+02,0.000141175,0.000148101
5.45E+04,2.40E+05,1.83E+02,2.60E+00,1.34E-02,8.96E+01,2.12E-05,3.01E-01,1.61E-01,2.47E-01,2.11E+02,1.36E+01,2.24E+02,0.000141175,0.000148101
5.45E+04,239799,4.56E+01,7.52E-01,1.34E-02,8.96E+01,2.12E-05,3.01E-01,1.61E-01,2.49E-01,2.11E+02,1.40E+01,2.25E+02,0.000141108,0.000148032
5.45E+04,2.40E+05,1.83E+02,2.60E+00,1.34E-02,8.96E+01,2.12E-05,3.01E-01,1.61E-01,2.49E-01,2.11E+02,1.40E+01,2.25E+02,0.000141108,0.000148031
5.45E+04,2.40E+05,4.52E+01,7.52E-01,1.33E-02,8.96E+01,2.12E-05,3.02E-01,1.62E-01,2.46E-01,2.11E+02,1.36E+01,2.25E+02,0.000141041,0.000147961
5.45E+04,2.40E+05,1.84E+02,2.60E+00,1.33E-02,8.96E+01,2.12E-05,3.02E-01,1.62E-01,2.46E-01,2.11E+02,1.36E+01,2.25E+02,0.000141041,0.000147961
5.46E+04,2.40E+05,4.51E+01,7.52E-01,1.33E-02,8.96E+01,2.11E-05,3.02E-01,1.62E-01,2.46E-01,2.11E+02,1.36E+01,2.25E+02,0.000140974,0.000147892
5.46E+04,2.40E+05,1.84E+02,2.60E+00,1.33E-02,8.96E+01,2.11E-05,3.02E-01,1.62E-01,2.46E-01,2.11E+02,1.36E+01,2.25E+02,0.000140974,0.000147892
5.46E+04,240099,4.56E+01,7.52E-01,1.34E-02,8.96E+01,2.11E-05,3.01E-01,1.61E-01,2.49E-01,2.11E+02,1.40E+01,2.25E+02,0.000140908,0.000147822
5.46E+04,2.40E+05,1.83E+02,2.60E+00,1.34E-02,8.96E+01,2.11E-05,3.01E-01,1.61E-01,2.49E-01,2.11E+02,1.40E+01,2.25E+02,0.000140907,0.000147822
5.46E+04,2.40E+05,4.51E+01,7.51E-01,1.33E-02,8.96E+01,2.11E-05,3.02E-01,1.63E-01,2.45E-01,2.11E+02,1.35E+01,2.25E+02,0.00014084,0.000147752
5.46E+04,240200,1.84E+02,2.60E+00,1.33E-02,8.96E+01,2.11E-05,3.02E-01,1.63E-01,2.45E-01,2.11E+02,1.35E+01,2.25E+02,0.00014084,0.000147752
5.46E+04,240299,4.57E+01,7.51E-01,1.34E-02,8.96E+01,2.11E-05,3.00E-01,1.61E-01,2.50E-01,2.11E+02,1.40E+01,2.25E+02,0.000140774,0.000147683
5.46E+04,2.40E+05,1.83E+02,2.60E+00,1.34E-02,8.96E+01,2.11E-05,3.00E-01,1.61E-01,2.50E-01,2.11E+02,1.40E+01,2.25E+02,0.000140774,0.000147683
5.46E+04,2.40E+05,4.52E+01,7.52E-01,1.34E-02,8.96E+01,2.11E-05,3.00E-01,1.61E-01,2.47E-01,2.10E+02,1.36E+01,2.24E+02,0.000140707,0.000147613
5.46E+04,2.40E+05,1.83E+02,2.60E+00,1.34E-02,8.96E+01,2.11E-05,3.00E-01,1.61E-01,2.47E-01,2.10E+02,1.36E+01,2.24E+02,0.000140707,0.000147613
5.47E+04,2.40E+05,4.51E+01,7.55E-01,1.33E-02,8.96E+01,2.11E-05,3.03E-01,1.63E-01,2.45E-01,2.12E+02,1.35E+01,2.25E+02,0.000140641,0.000147544
5.47E+04,240500,1.84E+02,2.60E+00,1.33E-02,8.96E+01,2.11E-05,3.03E-01,1.63E-01,2.45E-01,2.12E+02,1.35E+01,2.25E+02,0.00014064,0.000147543
5.47E+04,2.41E+05,4.48E+01,7.53E-01,1.33E-02,8.96E+01,2.11E-05,3.02E-01,1.63E-01,2.44E-01,2.11E+02,1.34E+01,2.24E+02,0.000140574,0.000147474
5.47E+04,240600,1.84E+02,2.60E+00,1.33E-02,8.96E+01,2.11E-05,3.02E-01,1.63E-01,2.44E-01,2.11E+02,1.34E+01,2.24E+02,0.000140574,0.000147474
5.47E+04,240699,4.52E+01,7.52E-01,1.33E-02,8.96E+01,2.11E-05,3.01E-01,1.62E-01,2.46E-01,2.11E+02,1.36E+01,2.25E+02,0.000140508,0.000147405
5.47E+04,240700,1.84E+02,2.60E+00,1.33E-02,8.96E+01,2.11E-05,3.01E-01,1.62E-01,2.46E-01,2.11E+02,1.36E+01,2.25E+02,0.000140507,0.000147405
5.47E+04,240799,4.59E+01,7.52E-01,1.34E-02,8.96E+01,2.11E-05,3.02E-01,1.61E-01,2.50E-01,2.12E+02,1.41E+01,2.26E+02,0.000140441,0.000147336
5.47E+04,240800,1.84E+02,2.60E+00,1.34E-02,8.96E+01,2.11E-05,3.02E-01,1.61E-01,2.50E-01,2.12E+02,1.41E+01,2.26E+02,0.000140441,0.000147335
5.48E+04,240899,4.59E+01,7.54E-01,1.34E-02,8.96E+01,2.11E-05,3.01E-01,1.61E-01,2.50E-01,2.11E+02,1.41E+01,2.25E+02,0.000140375,0.000147267
5.48E+04,2.41E+05,1.83E+02,2.60E+00,1.34E-02,8.96E+01,2.11E-05,3.01E-01,1.61E-01,2.50E-01,2.11E+02,1.41E+01,2.25E+02,0.000140375,0.000147267
5.48E+04,240999,4.52E+01,7.52E-01,1.34E-02,8.96E+01,2.11E-05,3.01E-01,1.61E-01,2.47E-01,2.11E+02,1.37E+01,2.25E+02,0.000140309,0.000147198
5.48E+04,2.41E+05,1.83E+02,2.60E+00,1.34E-02,8.96E+01,2.11E-05,3.01E-01,1.61E-01,2.47E-01,2.11E+02,1.37E+01,2.25E+02,0.000140309,0.000147197
5.48E+04,2.41E+05,4.48E+01,7.53E-01,1.32E-02,8.96E+01,2.11E-05,3.02E-01,1.63E-01,2.43E-01,2.11E+02,1.33E+01,2.24E+02,0.000140242,0.000147128
5.48E+04,241100,1.84E+02,2.60E+00,1.32E-02,8.96E+01,2.11E-05,3.02E-01,1.63E-01,2.43E-01,2.11E+02,1.33E+01,2.24E+02,0.000140242,0.000147128
5.48E+04,241199,4.52E+01,7.51E-01,1.34E-02,8.96E+01,2.10E-05,3.01E-01,1.62E-01,2.47E-01,2.11E+02,1.37E+01,2.25E+02,0.000140176,0.00014706
5.48E+04,2.41E+05,1.83E+02,2.60E+00,1.34E-02,8.96E+01,2.10E-05,3.01E-01,1.62E-01,2.47E-01,2.11E+02,1.37E+01,2.25E+02,0.000140176,0.000147059
5.48E+04,241299,4.53E+01,7.52E-01,1.33E-02,8.96E+01,2.10E-05,3.02E-01,1.62E-01,2.46E-01,2.11E+02,1.36E+01,2.25E+02,0.00014011,0.000146991
5.48E+04,241300,1.84E+02,2.60E+00,1.33E-02,8.96E+01,2.10E-05,3.02E-01,1.62E-01,2.46E-01,2.11E+02,1.36E+01,2.25E+02,0.00014011,0.00014699
5.49E+04,241399,4.53E+01,7.52E-01,1.34E-02,8.96E+01,2.10E-05,3.01E-01,1.61E-01,2.47E-01,2.11E+02,1.37E+01,2.24E+02,0.000140044,0.000146922
5.49E+04,2.41E+05,1.83E+02,2.60E+00,1.34E-02,8.96E+01,2.10E-05,3.01E-01,1.61E-01,2.47E-01,2.11E+02,1.37E+01,2.24E+02,0.000140044,0.000146922
5.49E+04,2.41E+05,4.56E+01,7.58E-01,1.33E-02,8.96E+01,2.10E-05,3.03E-01,1.62E-01,2.47E-01,2.12E+02,1.38E+01,2.26E+02,0.000139978,0.000146853
5.49E+04,241500,1.84E+02,2.60E+00,1.33E-02,8.96E+01,2.10E-05,3.03E-01,1.62E-01,2.47E-01,2.12E+02,1.38E+01,2.26E+02,0.000139978,0.000146852
5.49E+04,2.42E+05,4.49E+01,7.55E-01,1.33E-02,8.96E+01,2.10E-05,3.01E-01,1.62E-01,2.45E-01,2.10E+02,1.34E+01,2.24E+02,0.000139912,0.000146784
5.49E+04,2.42E+05,1.84E+02,2.60E+00,1.33E-02,8.96E+01,2.10E-05,3.01E-01,1.62E-01,2.45E-01,2.10E+02,1.34E+01,2.24E+02,0.000139912,0.000146784
5.50E+04,241699,4.59E+01,7.55E-01,1.34E-02,8.96E+01,2.10E-05,3.00E-01,1.60E-01,2.51E-01,2.11E+02,1.41E+01,2.25E+02,0.000139846,0.000146716
5.50E+04,2.42E+05,1.83E+02,2.60E+00,1.34E-02,8.96E+01,2.10E-05,3.00E-01,1.60E-01,2.51E-01,2.11E+02,1.41E+01,2.25E+02,0.000139846,0.000146715
5.50E+04,241799,4.58E+01,7.55E-01,1.34E-02,8.96E+01,2.10E-05,3.01E-01,1.61E-01,2.50E-01,2.11E+02,1.41E+01,2.25E+02,0.000139781,0.000146647
5.50E+04,2.42E+05,1.84E+02,2.60E+00,1.34E-02,8.96E+01,2.10E-05,3.01E-01,1.61E-01,2.50E-01,2.11E+02,1.41E+01,2.25E+02,0.00013978,0.000146646
5.50E+04,2.42E+05,4.54E+01,7.56E-01,1.33E-02,8.96E+01,2.10E-05,3.01E-01,1.61E-01,2.47E-01,2.11E+02,1.37E+01,2.24E+02,0.000139715,0.000146578
5.50E+04,2.42E+05,1.84E+02,2.60E+00,1.33E-02,8.96E+01,2.10E-05,3.01E-01,1.61E-01,2.47E-01,2.11E+02,1.37E+01,2.24E+02,0.000139715,0.000146578
5.50E+04,241999,4.58E+01,7.56E-01,1.34E-02,8.96E+01,2.10E-05,3.00E-01,1.60E-01,2.50E-01,2.11E+02,1.41E+01,2.25E+02,0.000139649,0.00014651
5.50E+04,2.42E+05,1.83E+02,2.60E+00,1.34E-02,8.96E+01,2.10E-05,3.00E-01,1.60E-01,2.50E-01,2.11E+02,1.41E+01,2.25E+02,0.000139649,0.000146509
5.50E+04,242099,4.59E+01,7.54E-01,1.34E-02,8.96E+01,2.10E-05,3.00E-01,1.60E-01,2.51E-01,2.11E+02,1.41E+01,2.25E+02,0.000139584,0.000146441
5.50E+04,2.42E+05,1.83E+02,2.60E+00,1.34E-02,8.96E+01,2.10E-05,3.00E-01,1.60E-01,2.51E-01,2.11E+02,1.41E+01,2.25E+02,0.000139583,0.000146441
5.51E+04,2.42E+05,4.53E+01,7.55E-01,1.34E-02,8.97E+01,2.10E-05,3.00E-01,1.61E-01,2.48E-01,2.10E+02,1.37E+01,2.24E+02,0.000139518,0.000146372
5.51E+04,2.42E+05,1.83E+02,2.60E+00,1.34E-02,8.97E+01,2.10E-05,3.00E-01,1.61E-01,2.48E-01,2.10E+02,1.37E+01,2.24E+02,0.000139518,0.000146372
5.51E+04,2.42E+05,4.49E+01,7.55E-01,1.33E-02,8.97E+01,2.10E-05,3.01E-01,1.62E-01,2.45E-01,2.10E+02,1.34E+01,2.24E+02,0.000139452,0.000146304
5.51E+04,2.42E+05,1.83E+02,2.60E+00,1.33E-02,8.97E+01,2.10E-05,3.01E-01,1.62E-01,2.45E-01,2.10E+02,1.34E+01,2.24E+02,0.000139452,0.000146304
5.51E+04,242399,4.58E+01,7.55E-01,1.33E-02,8.97E+01,2.09E-05,3.02E-01,1.61E-01,2.49E-01,2.12E+02,1.40E+01,2.26E+02,0.000139387,0.000146236
5.51E+04,242400,1.84E+02,2.60E+00,1.33E-02,8.97E+01,2.09E-05,3.02E-01,1.61E-01,2.49E-01,2.12E+02,1.40E+01,2.26E+02,0.000139386,0.000146235
5.51E+04,242499,4.57E+01,7.55E-01,1.34E-02,8.97E+01,2.09E-05,3.02E-01,1.62E-01,2.49E-01,2.12E+02,1.40E+01,2.26E+02,0.000139322,0.000146168
5.51E+04,2.42E+05,1.84E+02,2.60E+00,1.34E-02,8.97E+01,2.09E-05,3.02E-01,1.62E-01,2.49E-01,2.12E+02,1.40E+01,2.26E+02,0.000139321,0.000146168
5.52E+04,242599,4.59E+01,7.51E-01,1.34E-02,8.97E+01,2.09E-05,3.00E-01,1.60E-01,2.50E-01,2.11E+02,1.41E+01,2.25E+02,0.000139256,0.0001461
5.52E+04,2.43E+05,1.83E+02,2.60E+00,1.34E-02,8.97E+01,2.09E-05,3.00E-01,1.60E-01,2.50E-01,2.11E+02,1.41E+01,2.25E+02,0.000139256,0.000146099
5.52E+04,242699,4.54E+01,7.53E-01,1.34E-02,8.97E+01,2.09E-05,3.00E-01,1.61E-01,2.48E-01,2.11E+02,1.38E+01,2.24E+02,0.000139191,0.000146032
5.52E+04,2.43E+05,1.83E+02,2.60E+00,1.34E-02,8.97E+01,2.09E-05,3.00E-01,1.61E-01,2.48E-01,2.11E+02,1.38E+01,2.24E+02,0.000139191,0.000146031
5.52E+04,242799,4.54E+01,7.52E-01,1.33E-02,8.97E+01,2.09E-05,3.01E-01,1.62E-01,2.47E-01,2.11E+02,1.37E+01,2.25E+02,0.000139126,0.000145964
5.52E+04,242800,1.84E+02,2.60E+00,1.33E-02,8.97E+01,2.09E-05,3.01E-01,1.62E-01,2.47E-01,2.11E+02,1.37E+01,2.25E+02,0.000139125,0.000145963
5.52E+04,2.43E+05,4.48E+01,7.51E-01,1.33E-02,8.97E+01,2.09E-05,3.00E-01,1.62E-01,2.45E-01,2.10E+02,1.34E+01,2.24E+02,0.00013906,0.000145895
5.52E+04,2.43E+05,1.83E+02,2.60E+00,1.33E-02,8.97E+01,2.09E-05,3.00E-01,1.62E-01,2.45E-01,2.10E+02,1.34E+01,2.24E+02,0.00013906,0.000145895
5.52E+04,2.43E+05,4.48E+01,7.51E-01,1.33E-02,8.97E+01,2.09E-05,3.01E-01,1.63E-01,2.44E-01,2.11E+02,1.33E+01,2.24E+02,0.000138995,0.000145827
5.52E+04,243000,1.84E+02,2.60E+00,1.33E-02,8.97E+01,2.09E-05,3.01E-01,1.63E-01,2.44E-01,2.11E+02,1.33E+01,2.24E+02,0.000138995,0.000145827
5.53E+04,243099,4.60E+01,7.52E-01,1.34E-02,8.97E+01,2.09E-05,3.00E-01,1.60E-01,2.51E-01,2.11E+02,1.42E+01,2.25E+02,0.00013893,0.00014576
5.53E+04,2.43E+05,1.83E+02,2.60E+00,1.34E-02,8.97E+01,2.09E-05,3.00E-01,1.60E-01,2.51E-01,2.11E+02,1.42E+01,2.25E+02,0.00013893,0.000145759
5.53E+04,2.43E+05,4.44E+01,7.52E-01,1.32E-02,8.97E+01,2.09E-05,3.01E-01,1.63E-01,2.42E-01,2.10E+02,1.30E+01,2.23E+02,0.000138865,0.000145692
5.53E+04,243200,1.84E+02,2.60E+00,1.32E-02,8.97E+01,2.09E-05,3.01E-01,1.63E-01,2.42E-01,2.10E+02,1.30E+01,2.23E+02,0.000138865,0.000145691
5.53E+04,243299,4.52E+01,7.50E-01,1.34E-02,8.97E+01,2.09E-05,3.00E-01,1.61E-01,2.47E-01,2.11E+02,1.37E+01,2.25E+02,0.0001388,0.000145624
5.53E+04,2.43E+05,1.83E+02,2.60E+00,1.34E-02,8.97E+01,2.09E-05,3.00E-01,1.61E-01,2.47E-01,2.11E+02,1.37E+01,2.25E+02,0.0001388,0.000145624
5.53E+04,243399,4.53E+01,7.52E-01,1.34E-02,8.97E+01,2.09E-05,3.00E-01,1.61E-01,2.47E-01,2.11E+02,1.37E+01,2.24E+02,0.000138735,0.000145556
5.53E+04,2.43E+05,1.83E+02,2.59E+00,1.34E-02,8.97E+01,2.09E-05,3.00E-01,1.61E-01,2.47E-01,2.11E+02,1.37E+01,2.24E+02,0.000138735,0.000145556
5.54E+04,2.43E+05,4.54E+01,7.55E-01,1.33E-02,8.97E+01,2.09E-05,3.04E-01,1.63E-01,2.46E-01,2.13E+02,1.37E+01,2.26E+02,0.00013867,0.000145488
5.54E+04,243500,1.84E+02,2.61E+00,1.33E-02,8.97E+01,2.09E-05,3.04E-01,1.63E-01,2.46E-01,2.13E+02,1.37E+01,2.26E+02,0.00013867,0.000145488
5.54E+04,243599,4.55E+01,7.53E-01,1.34E-02,8.97E+01,2.08E-05,3.00E-01,1.60E-01,2.49E-01,2.10E+02,1.39E+01,2.24E+02,0.000138606,0.000145421
5.54E+04,2.44E+05,1.83E+02,2.60E+00,1.34E-02,8.97E+01,2.08E-05,3.00E-01,1.60E-01,2.49E-01,2.10E+02,1.39E+01,2.24E+02,0.000138606,0.000145421
5.54E+04,243699,4.55E+01,7.53E-01,1.34E-02,8.97E+01,2.08E-05,3.00E-01,1.60E-01,2.49E-01,2.11E+02,1.39E+01,2.24E+02,0.000138541,0.000145354
5.54E+04,2.44E+05,1.83E+02,2.60E+00,1.34E-02,8.97E+01,2.08E-05,3.00E-01,1.60E-01,2.49E-01,2.11E+02,1.39E+01,2.24E+02,0.000138541,0.000145353
5.54E+04,2.44E+05,4.50E+01,7.52E-01,1.34E-02,8.97E+01,2.08E-05,3.00E-01,1.61E-01,2.46E-01,2.10E+02,1.35E+01,2.23E+02,0.000138476,0.000145286
5.54E+04,2.44E+05,1.83E+02,2.60E+00,1.34E-02,8.97E+01,2.08E-05,3.00E-01,1.61E-01,2.46E-01,2.10E+02,1.35E+01,2.23E+02,0.000138476,0.000145286
5.54E+04,2.44E+05,4.50E+01,7.52E-01,1.34E-02,8.97E+01,2.08E-05,2.99E-01,1.60E-01,2.47E-01,2.10E+02,1.36E+01,2.23E+02,0.000138412,0.000145219
5.54E+04,2.44E+05,1.82E+02,2.60E+00,1.34E-02,8.97E+01,2.08E-05,2.99E-01,1.60E-01,2.47E-01,2.10E+02,1.36E+01,2.23E+02,0.000138412,0.000145219
5.55E+04,243999,4.55E+01,7.53E-01,1.35E-02,8.97E+01,2.08E-05,2.99E-01,1.60E-01,2.50E-01,2.10E+02,1.39E+01,2.24E+02,0.000138347,0.000145151
5.55E+04,2.44E+05,1.82E+02,2.60E+00,1.35E-02,8.97E+01,2.08E-05,2.99E-01,1.60E-01,2.50E-01,2.10E+02,1.39E+01,2.24E+02,0.000138347,0.000145151
5.55E+04,244099,4.55E+01,7.52E-01,1.34E-02,8.97E+01,2.08E-05,3.00E-01,1.61E-01,2.49E-01,2.11E+02,1.39E+01,2.24E+02,0.000138283,0.000145084
5.55E+04,2.44E+05,1.83E+02,2.60E+00,1.34E-02,8.97E+01,2.08E-05,3.00E-01,1.61E-01,2.49E-01,2.11E+02,1.39E+01,2.24E+02,0.000138283,0.000145084
5.55E+04,244199,4.54E+01,7.53E-01,1.33E-02,8.97E+01,2.08E-05,3.01E-01,1.61E-01,2.47E-01,2.11E+02,1.37E+01,2.25E+02,0.000138218,0.000145017
5.55E+04,244200,1.84E+02,2.59E+00,1.33E-02,8.97E+01,2.08E-05,3.01E-01,1.61E-01,2.47E-01,2.11E+02,1.37E+01,2.25E+02,0.000138218,0.000145016
5.55E+04,244299,4.55E+01,7.54E-01,1.34E-02,8.97E+01,2.08E-05,3.00E-01,1.60E-01,2.49E-01,2.10E+02,1.39E+01,2.24E+02,0.000138154,0.00014495
5.55E+04,2.44E+05,1.83E+02,2.60E+00,1.34E-02,8.97E+01,2.08E-05,3.00E-01,1.60E-01,2.49E-01,2.10E+02,1.39E+01,2.24E+02,0.000138154,0.000144949
5.55E+04,244399,4.59E+01,7.52E-01,1.34E-02,8.97E+01,2.08E-05,3.01E-01,1.61E-01,2.51E-01,2.12E+02,1.42E+01,2.26E+02,0.00013809,0.000144883
5.55E+04,244400,1.83E+02,2.60E+00,1.34E-02,8.97E+01,2.08E-05,3.01E-01,1.61E-01,2.51E-01,2.12E+02,1.42E+01,2.26E+02,0.000138089,0.000144882
5.56E+04,2.44E+05,4.54E+01,7.52E-01,1.34E-02,8.97E+01,2.08E-05,3.02E-01,1.62E-01,2.47E-01,2.12E+02,1.38E+01,2.26E+02,0.000138025,0.000144815
5.56E+04,2.44E+05,1.83E+02,2.61E+00,1.34E-02,8.97E+01,2.08E-05,3.02E-01,1.62E-01,2.47E-01,2.12E+02,1.38E+01,2.26E+02,0.000138025,0.000144815
5.56E+04,2.45E+05,4.50E+01,7.53E-01,1.33E-02,8.97E+01,2.08E-05,3.00E-01,1.61E-01,2.46E-01,2.10E+02,1.35E+01,2.24E+02,0.000137961,0.000144748
5.56E+04,2.45E+05,1.83E+02,2.60E+00,1.33E-02,8.97E+01,2.08E-05,3.00E-01,1.61E-01,2.46E-01,2.10E+02,1.35E+01,2.24E+02,0.000137961,0.000144748
5.56E+04,2.45E+05,4.49E+01,7.52E-01,1.34E-02,8.97E+01,2.08E-05,3.00E-01,1.61E-01,2.46E-01,2.10E+02,1.35E+01,2.24E+02,0.000137897,0.000144681
5.56E+04,2.45E+05,1.83E+02,2.60E+00,1.34E-02,8.97E+01,2.08E-05,3.00E-01,1.61E-01,2.46E-01,2.10E+02,1.35E+01,2.24E+02,0.000137897,0.000144681
5.57E+04,2.45E+05,4.50E+01,7.53E-01,1.33E-02,8.97E+01,2.07E-05,3.01E-01,1.62E-01,2.45E-01,2.11E+02,1.35E+01,2.24E+02,0.000137833,0.000144614
5.57E+04,244800,1.84E+02,2.60E+00,1.33E-02,8.97E+01,2.07E-05,3.01E-01,1.62E-01,2.45E-01,2.11E+02,1.35E+01,2.24E+02,0.000137832,0.000144614
5.57E+04,244899,4.55E+01,7.51E-01,1.34E-02,8.97E+01,2.07E-05,3.01E-01,1.61E-01,2.48E-01,2.11E+02,1.39E+01,2.25E+02,0.000137769,0.000144548
5.57E+04,244900,1.83E+02,2.60E+00,1.34E-02,8.97E+01,2.07E-05,3.01E-01,1.61E-01,2.48E-01,2.11E+02,1.39E+01,2.25E+02,0.000137768,0.000144547
5.57E+04,2.45E+05,4.50E+01,7.52E-01,1.34E-02,8.97E+01,2.07E-05,3.00E-01,1.61E-01,2.46E-01,2.10E+02,1.35E+01,2.24E+02,0.000137705,0.000144481
5.57E+04,2.45E+05,1.83E+02,2.60E+00,1.34E-02,8.97E+01,2.07E-05,3.00E-01,1.61E-01,2.46E-01,2.10E+02,1.35E+01,2.24E+02,0.000137705,0.000144481
5.57E+04,245099,4.55E+01,7.53E-01,1.34E-02,8.97E+01,2.07E-05,3.01E-01,1.61E-01,2.48E-01,2.11E+02,1.38E+01,2.25E+02,0.000137641,0.000144415
5.57E+04,245100,1.84E+02,2.60E+00,1.34E-02,8.97E+01,2.07E-05,3.01E-01,1.61E-01,2.48E-01,2.11E+02,1.38E+01,2.25E+02,0.00013764,0.000144414
5.57E+04,2.45E+05,4.45E+01,7.52E-01,1.33E-02,8.97E+01,2.07E-05,3.00E-01,1.62E-01,2.43E-01,2.10E+02,1.32E+01,2.23E+02,0.000137577,0.000144348
5.57E+04,2.45E+05,1.83E+02,2.60E+00,1.33E-02,8.97E+01,2.07E-05,3.00E-01,1.62E-01,2.43E-01,2.10E+02,1.32E+01,2.23E+02,0.000137577,0.000144348
5.58E+04,2.45E+05,4.49E+01,7.53E-01,1.34E-02,8.97E+01,2.07E-05,3.00E-01,1.61E-01,2.46E-01,2.10E+02,1.35E+01,2.24E+02,0.000137513,0.000144281
5.58E+04,2.45E+05,1.83E+02,2.60E+00,1.34E-02,8.97E+01,2.07E-05,3.00E-01,1.61E-01,2.46E-01,2.10E+02,1.35E+01,2.24E+02,0.000137513,0.000144281
5.58E+04,245399,4.55E+01,7.52E-01,1.35E-02,8.97E+01,2.07E-05,2.99E-01,1.60E-01,2.50E-01,2.10E+02,1.40E+01,2.24E+02,0.000137449,0.000144215
5.58E+04,2.45E+05,1.82E+02,2.60E+00,1.35E-02,8.97E+01,2.07E-05,2.99E-01,1.60E-01,2.50E-01,2.10E+02,1.40E+01,2.24E+02,0.000137449,0.000144214
5.58E+04,245499,1.85E+02,2.61E+00,1.33E-02,8.97E+01,2.07E-05,3.05E-01,1.65E-01,2.44E-01,2.14E+02,1.36E+01,2.27E+02,0.000137386,0.000144148
5.58E+04,2.45E+05,4.52E+01,7.52E-01,1.33E-02,8.97E+01,2.07E-05,3.05E-01,1.65E-01,2.44E-01,2.14E+02,1.36E+01,2.27E+02,0.000137385,0.000144148
5.58E+04,2.46E+05,4.50E+01,7.54E-01,1.34E-02,8.97E+01,2.07E-05,3.00E-01,1.61E-01,2.46E-01,2.10E+02,1.35E+01,2.23E+02,0.000137322,0.000144082
5.58E+04,2.46E+05,1.83E+02,2.60E+00,1.34E-02,8.97E+01,2.07E-05,3.00E-01,1.61E-01,2.46E-01,2.10E+02,1.35E+01,2.23E+02,0.000137322,0.000144082
5.59E+04,2.46E+05,4.50E+01,7.53E-01,1.33E-02,8.97E+01,2.07E-05,3.01E-01,1.62E-01,2.45E-01,2.11E+02,1.35E+01,2.24E+02,0.000137258,0.000144015
5.59E+04,245700,1.83E+02,2.60E+00,1.33E-02,8.97E+01,2.07E-05,3.01E-01,1.62E-01,2.45E-01,2.11E+02,1.35E+01,2.24E+02,0.000137258,0.000144015
5.59E+04,2.46E+05,4.49E+01,7.53E-01,1.34E-02,8.97E+01,2.07E-05,3.00E-01,1.61E-01,2.46E-01,2.10E+02,1.35E+01,2.24E+02,0.000137195,0.000143949
5.59E+04,2.46E+05,1.83E+02,2.60E+00,1.34E-02,8.97E+01,2.07E-05,3.00E-01,1.61E-01,2.46E-01,2.10E+02,1.35E+01,2.24E+02,0.000137195,0.000143949
5.59E+04,245899,1.84E+02,2.60E+00,1.33E-02,8.97E+01,2.07E-05,3.01E-01,1.62E-01,2.47E-01,2.11E+02,1.37E+01,2.25E+02,0.000137131,0.000143883
5.59E+04,245899,4.54E+01,7.53E-01,1.33E-02,8.97E+01,2.07E-05,3.01E-01,1.62E-01,2.47E-01,2.11E+02,1.37E+01,2.25E+02,0.000137131,0.000143883
5.59E+04,2.46E+05,4.49E+01,7.53E-01,1.33E-02,8.97E+01,2.07E-05,3.01E-01,1.62E-01,2.45E-01,2.11E+02,1.34E+01,2.24E+02,0.000137068,0.000143816
5.59E+04,246000,1.83E+02,2.60E+00,1.33E-02,8.97E+01,2.07E-05,3.01E-01,1.62E-01,2.45E-01,2.11E+02,1.34E+01,2.24E+02,0.000137067,0.000143816
5.59E+04,2.46E+05,4.48E+01,7.52E-01,1.33E-02,8.97E+01,2.06E-05,3.00E-01,1.62E-01,2.45E-01,2.10E+02,1.34E+01,2.24E+02,0.000137004,0.00014375
5.59E+04,246100,1.83E+02,2.60E+00,1.33E-02,8.97E+01,2.06E-05,3.00E-01,1.62E-01,2.45E-01,2.10E+02,1.34E+01,2.24E+02,0.000137004,0.00014375
5.60E+04,246199,4.54E+01,7.54E-01,1.34E-02,8.97E+01,2.06E-05,3.00E-01,1.60E-01,2.48E-01,2.10E+02,1.38E+01,2.24E+02,0.000136941,0.000143685
5.60E+04,2.46E+05,1.83E+02,2.60E+00,1.34E-02,8.97E+01,2.06E-05,3.00E-01,1.60E-01,2.48E-01,2.10E+02,1.38E+01,2.24E+02,0.000136941,0.000143684
5.60E+04,2.46E+05,4.49E+01,7.51E-01,1.33E-02,8.97E+01,2.06E-05,3.01E-01,1.62E-01,2.44E-01,2.11E+02,1.34E+01,2.24E+02,0.000136878,0.000143618
5.60E+04,246300,1.84E+02,2.60E+00,1.33E-02,8.97E+01,2.06E-05,3.01E-01,1.62E-01,2.44E-01,2.11E+02,1.34E+01,2.24E+02,0.000136877,0.000143618
5.60E+04,246399,4.56E+01,7.54E-01,1.34E-02,8.97E+01,2.06E-05,3.00E-01,1.60E-01,2.49E-01,2.11E+02,1.39E+01,2.25E+02,0.000136815,0.000143553
5.60E+04,2.46E+05,1.83E+02,2.60E+00,1.34E-02,8.97E+01,2.06E-05,3.00E-01,1.60E-01,2.49E-01,2.11E+02,1.39E+01,2.25E+02,0.000136815,0.000143552
5.60E+04,246499,1.83E+02,2.61E+00,1.34E-02,8.97E+01,2.06E-05,3.02E-01,1.62E-01,2.48E-01,2.12E+02,1.39E+01,2.26E+02,0.000136752,0.000143487
5.60E+04,2.46E+05,4.55E+01,7.54E-01,1.34E-02,8.97E+01,2.06E-05,3.02E-01,1.62E-01,2.48E-01,2.12E+02,1.39E+01,2.26E+02,0.000136751,0.000143486
5.61E+04,246599,4.55E+01,7.53E-01,1.34E-02,8.97E+01,2.06E-05,2.99E-01,1.60E-01,2.49E-01,2.10E+02,1.39E+01,2.24E+02,0.000136689,0.000143421
5.61E+04,2.47E+05,1.82E+02,2.60E+00,1.34E-02,8.97E+01,2.06E-05,2.99E-01,1.60E-01,2.49E-01,2.10E+02,1.39E+01,2.24E+02,0.000136688,0.000143421
5.61E+04,246699,4.54E+01,7.53E-01,1.34E-02,8.97E+01,2.06E-05,3.00E-01,1.61E-01,2.48E-01,2.11E+02,1.38E+01,2.25E+02,0.000136626,0.000143355
5.61E+04,246700,1.83E+02,2.60E+00,1.34E-02,8.97E+01,2.06E-05,3.00E-01,1.61E-01,2.48E-01,2.11E+02,1.38E+01,2.25E+02,0.000136625,0.000143354
5.61E+04,246799,4.55E+01,7.53E-01,1.34E-02,8.97E+01,2.06E-05,2.99E-01,1.60E-01,2.50E-01,2.10E+02,1.39E+01,2.24E+02,0.000136563,0.000143289
5.61E+04,2.47E+05,1.82E+02,2.59E+00,1.34E-02,8.97E+01,2.06E-05,2.99E-01,1.60E-01,2.50E-01,2.10E+02,1.39E+01,2.24E+02,0.000136562,0.000143289
5.61E+04,246899,4.56E+01,7.53E-01,1.34E-02,8.97E+01,2.06E-05,3.00E-01,1.60E-01,2.49E-01,2.11E+02,1.39E+01,2.25E+02,0.0001365,0.000143224
5.61E+04,2.47E+05,1.83E+02,2.60E+00,1.34E-02,8.97E+01,2.06E-05,3.00E-01,1.60E-01,2.49E-01,2.11E+02,1.39E+01,2.25E+02,0.000136499,0.000143223
5.61E+04,2.47E+05,4.45E+01,7.52E-01,1.34E-02,8.98E+01,2.06E-05,2.99E-01,1.61E-01,2.44E-01,2.09E+02,1.32E+01,2.22E+02,0.000136436,0.000143158
5.61E+04,2.47E+05,1.82E+02,2.60E+00,1.34E-02,8.98E+01,2.06E-05,2.99E-01,1.61E-01,2.44E-01,2.09E+02,1.32E+01,2.22E+02,0.000136436,0.000143158
5.62E+04,2.47E+05,4.49E+01,7.53E-01,1.34E-02,8.98E+01,2.06E-05,2.99E-01,1.61E-01,2.46E-01,2.10E+02,1.35E+01,2.23E+02,0.000136374,0.000143092
5.62E+04,2.47E+05,1.83E+02,2.59E+00,1.34E-02,8.98E+01,2.06E-05,2.99E-01,1.61E-01,2.46E-01,2.10E+02,1.35E+01,2.23E+02,0.000136374,0.000143092
5.62E+04,2.47E+05,4.50E+01,7.54E-01,1.34E-02,8.98E+01,2.06E-05,3.00E-01,1.61E-01,2.46E-01,2.10E+02,1.35E+01,2.23E+02,0.000136311,0.000143027
5.62E+04,2.47E+05,1.83E+02,2.60E+00,1.34E-02,8.98E+01,2.06E-05,3.00E-01,1.61E-01,2.46E-01,2.10E+02,1.35E+01,2.23E+02,0.000136311,0.000143027
5.62E+04,2.47E+05,4.50E+01,7.54E-01,1.34E-02,8.98E+01,2.05E-05,2.99E-01,1.61E-01,2.46E-01,2.10E+02,1.35E+01,2.23E+02,0.000136248,0.000142961
5.62E+04,2.47E+05,1.83E+02,2.59E+00,1.34E-02,8.98E+01,2.05E-05,2.99E-01,1.61E-01,2.46E-01,2.10E+02,1.35E+01,2.23E+02,0.000136248,0.000142961
5.62E+04,247399,4.55E+01,7.52E-01,1.34E-02,8.98E+01,2.05E-05,3.00E-01,1.60E-01,2.49E-01,2.10E+02,1.39E+01,2.24E+02,0.000136186,0.000142896
5.62E+04,2.47E+05,1.83E+02,2.59E+00,1.34E-02,8.98E+01,2.05E-05,3.00E-01,1.60E-01,2.49E-01,2.10E+02,1.39E+01,2.24E+02,0.000136185,0.000142896
5.63E+04,247499,1.82E+02,2.60E+00,1.35E-02,8.98E+01,2.05E-05,2.99E-01,1.59E-01,2.52E-01,2.10E+02,1.42E+01,2.24E+02,0.000136123,0.000142831
56277,2.47E+05,4.59E+01,7.63E-01,1.35E-02,8.98E+01,2.05E-05,2.99E-01,1.59E-01,2.52E-01,2.10E+02,1.42E+01,2.24E+02,0.000136123,0.000142831
5.63E+04,247599,4.51E+01,7.53E-01,1.35E-02,8.98E+01,2.05E-05,2.98E-01,1.60E-01,2.48E-01,2.09E+02,1.37E+01,2.23E+02,0.000136061,0.000142766
5.63E+04,2.48E+05,1.82E+02,2.60E+00,1.35E-02,8.98E+01,2.05E-05,2.98E-01,1.60E-01,2.48E-01,2.09E+02,1.37E+01,2.23E+02,0.00013606,0.000142765
5.63E+04,2.48E+05,4.46E+01,7.53E-01,1.34E-02,8.98E+01,2.05E-05,2.98E-01,1.61E-01,2.45E-01,2.09E+02,1.34E+01,2.22E+02,0.000135998,0.0001427
5.63E+04,2.48E+05,1.82E+02,2.60E+00,1.34E-02,8.98E+01,2.05E-05,2.98E-01,1.61E-01,2.45E-01,2.09E+02,1.34E+01,2.22E+02,0.000135998,0.0001427
5.63E+04,247799,4.51E+01,7.52E-01,1.34E-02,8.98E+01,2.05E-05,2.99E-01,1.61E-01,2.47E-01,2.10E+02,1.36E+01,2.24E+02,0.000135936,0.000142635
5.63E+04,2.48E+05,1.83E+02,2.60E+00,1.34E-02,8.98E+01,2.05E-05,2.99E-01,1.61E-01,2.47E-01,2.10E+02,1.36E+01,2.24E+02,0.000135935,0.000142635
5.64E+04,2.48E+05,4.47E+01,7.52E-01,1.34E-02,8.98E+01,2.05E-05,2.99E-01,1.61E-01,2.45E-01,2.10E+02,1.34E+01,2.23E+02,0.000135873,0.00014257
5.64E+04,2.48E+05,1.83E+02,2.60E+00,1.34E-02,8.98E+01,2.05E-05,2.99E-01,1.61E-01,2.45E-01,2.10E+02,1.34E+01,2.23E+02,0.000135873,0.00014257
5.64E+04,247999,4.52E+01,7.52E-01,1.34E-02,8.98E+01,2.05E-05,3.00E-01,1.61E-01,2.47E-01,2.11E+02,1.37E+01,2.24E+02,0.000135811,0.000142505
5.64E+04,248000,1.83E+02,2.60E+00,1.34E-02,8.98E+01,2.05E-05,3.00E-01,1.61E-01,2.47E-01,2.11E+02,1.37E+01,2.24E+02,0.00013581,0.000142504
5.64E+04,248099,1.84E+02,2.60E+00,1.33E-02,8.98E+01,2.05E-05,3.01E-01,1.62E-01,2.44E-01,2.10E+02,1.33E+01,2.24E+02,0.000135749,0.00014244
5.64E+04,2.48E+05,4.47E+01,7.53E-01,1.33E-02,8.98E+01,2.05E-05,3.01E-01,1.62E-01,2.44E-01,2.10E+02,1.33E+01,2.24E+02,0.000135748,0.00014244
5.64E+04,248199,4.57E+01,7.53E-01,1.35E-02,8.98E+01,2.05E-05,2.98E-01,1.59E-01,2.51E-01,2.10E+02,1.41E+01,2.24E+02,0.000135686,0.000142375
5.64E+04,2.48E+05,1.82E+02,2.60E+00,1.35E-02,8.98E+01,2.05E-05,2.98E-01,1.59E-01,2.51E-01,2.10E+02,1.41E+01,2.24E+02,0.000135686,0.000142375
5.64E+04,248299,4.56E+01,7.52E-01,1.34E-02,8.98E+01,2.05E-05,3.00E-01,1.60E-01,2.49E-01,2.11E+02,1.40E+01,2.25E+02,0.000135624,0.00014231
5.64E+04,248300,1.83E+02,2.60E+00,1.34E-02,8.98E+01,2.05E-05,3.00E-01,1.60E-01,2.49E-01,2.11E+02,1.40E+01,2.25E+02,0.000135623,0.00014231
5.65E+04,248399,4.50E+01,7.53E-01,1.34E-02,8.98E+01,2.05E-05,3.00E-01,1.61E-01,2.46E-01,2.10E+02,1.36E+01,2.24E+02,0.000135562,0.000142245
5.65E+04,2.48E+05,1.83E+02,2.60E+00,1.34E-02,8.98E+01,2.05E-05,3.00E-01,1.61E-01,2.46E-01,2.10E+02,1.36E+01,2.24E+02,0.000135562,0.000142245
5.65E+04,248499,1.83E+02,2.60E+00,1.34E-02,8.98E+01,2.05E-05,3.01E-01,1.59E-01,2.52E-01,2.10E+02,1.43E+01,2.25E+02,0.0001355,0.000142181
5.65E+04,2.48E+05,4.62E+01,7.65E-01,1.34E-02,8.98E+01,2.05E-05,3.01E-01,1.59E-01,2.52E-01,2.10E+02,1.43E+01,2.25E+02,0.0001355,0.00014218
5.65E+04,248599,4.53E+01,7.54E-01,1.34E-02,8.98E+01,2.04E-05,3.00E-01,1.61E-01,2.48E-01,2.10E+02,1.37E+01,2.24E+02,0.000135438,0.000142116
5.65E+04,248600,1.83E+02,2.60E+00,1.34E-02,8.98E+01,2.04E-05,3.00E-01,1.61E-01,2.48E-01,2.10E+02,1.37E+01,2.24E+02,0.000135437,0.000142115
5.65E+04,248699,4.53E+01,7.53E-01,1.34E-02,8.98E+01,2.04E-05,3.00E-01,1.61E-01,2.47E-01,2.10E+02,1.37E+01,2.24E+02,0.000135376,0.000142051
5.65E+04,248700,1.83E+02,2.60E+00,1.34E-02,8.98E+01,2.04E-05,3.00E-01,1.61E-01,2.47E-01,2.10E+02,1.37E+01,2.24E+02,0.000135375,0.000142051
5.66E+04,248799,4.53E+01,7.53E-01,1.35E-02,8.98E+01,2.04E-05,2.99E-01,1.60E-01,2.49E-01,2.10E+02,1.38E+01,2.24E+02,0.000135314,0.000141987
5.66E+04,2.49E+05,1.82E+02,2.60E+00,1.35E-02,8.98E+01,2.04E-05,2.99E-01,1.60E-01,2.49E-01,2.10E+02,1.38E+01,2.24E+02,0.000135314,0.000141986
5.66E+04,2.49E+05,4.48E+01,7.53E-01,1.33E-02,8.98E+01,2.04E-05,3.00E-01,1.62E-01,2.44E-01,2.10E+02,1.34E+01,2.24E+02,0.000135252,0.000141922
5.66E+04,248900,1.83E+02,2.60E+00,1.33E-02,8.98E+01,2.04E-05,3.00E-01,1.62E-01,2.44E-01,2.10E+02,1.34E+01,2.24E+02,0.000135251,0.000141921
5.66E+04,248999,4.54E+01,7.54E-01,1.35E-02,8.98E+01,2.04E-05,2.99E-01,1.60E-01,2.49E-01,2.10E+02,1.39E+01,2.24E+02,0.00013519,0.000141858
5.66E+04,2.49E+05,1.82E+02,2.60E+00,1.35E-02,8.98E+01,2.04E-05,2.99E-01,1.60E-01,2.49E-01,2.10E+02,1.39E+01,2.24E+02,0.00013519,0.000141857
5.66E+04,2.49E+05,4.49E+01,7.53E-01,1.34E-02,8.98E+01,2.04E-05,2.99E-01,1.60E-01,2.46E-01,2.09E+02,1.35E+01,2.23E+02,0.000135128,0.000141793
5.66E+04,2.49E+05,1.82E+02,2.60E+00,1.34E-02,8.98E+01,2.04E-05,2.99E-01,1.60E-01,2.46E-01,2.09E+02,1.35E+01,2.23E+02,0.000135128,0.000141793
5.66E+04,249199,4.53E+01,7.54E-01,1.35E-02,8.98E+01,2.04E-05,2.99E-01,1.60E-01,2.49E-01,2.10E+02,1.38E+01,2.23E+02,0.000135067,0.000141729
5.66E+04,2.49E+05,1.82E+02,2.60E+00,1.35E-02,8.98E+01,2.04E-05,2.99E-01,1.60E-01,2.49E-01,2.10E+02,1.38E+01,2.23E+02,0.000135067,0.000141728
5.67E+04,249299,4.53E+01,7.53E-01,1.35E-02,8.98E+01,2.04E-05,2.98E-01,1.59E-01,2.49E-01,2.09E+02,1.38E+01,2.23E+02,0.000135005,0.000141664
5.67E+04,2.49E+05,1.82E+02,2.60E+00,1.35E-02,8.98E+01,2.04E-05,2.98E-01,1.59E-01,2.49E-01,2.09E+02,1.38E+01,2.23E+02,0.000135005,0.000141664
5.67E+04,2.49E+05,4.49E+01,7.54E-01,1.33E-02,8.98E+01,2.04E-05,3.00E-01,1.62E-01,2.45E-01,2.10E+02,1.34E+01,2.24E+02,0.000134943,0.0001416
5.67E+04,249400,1.83E+02,2.60E+00,1.33E-02,8.98E+01,2.04E-05,3.00E-01,1.62E-01,2.45E-01,2.10E+02,1.34E+01,2.24E+02,0.000134943,0.0001416
5.67E+04,249499,1.85E+02,2.61E+00,1.41E-02,8.98E+01,2.04E-05,3.04E-01,3.04E-01,0,2.41E+02,1.43E+01,2.55E+02,0.000134882,0.000141536
5.68E+04,2.50E+05,4.51E+01,7.51E-01,1.34E-02,8.98E+01,2.04E-05,2.99E-01,1.61E-01,2.47E-01,2.10E+02,1.43E+01,2.24E+02,0.00013482,0.000141471
5.68E+04,2.50E+05,1.83E+02,2.60E+00,1.34E-02,8.98E+01,2.04E-05,2.99E-01,1.61E-01,2.47E-01,2.10E+02,1.38E+01,2.24E+02,0.00013482,0.000141471
5.68E+04,249699,4.54E+01,7.52E-01,1.34E-02,8.98E+01,2.04E-05,3.00E-01,1.60E-01,2.48E-01,2.11E+02,1.38E+01,2.24E+02,0.000134759,0.000141408
5.68E+04,249700,1.83E+02,2.60E+00,1.34E-02,8.98E+01,2.04E-05,3.00E-01,1.60E-01,2.48E-01,2.11E+02,1.38E+01,2.24E+02,0.000134758,0.000141407
5.68E+04,249799,4.54E+01,7.52E-01,1.35E-02,8.98E+01,2.04E-05,2.98E-01,1.59E-01,2.49E-01,2.10E+02,1.38E+01,2.23E+02,0.000134698,0.000141344
5.68E+04,2.50E+05,1.82E+02,2.60E+00,1.35E-02,8.98E+01,2.04E-05,2.98E-01,1.59E-01,2.49E-01,2.10E+02,1.36E+01,2.23E+02,0.000134697,0.000141343
5.68E+04,2.50E+05,4.48E+01,7.52E-01,1.34E-02,8.98E+01,2.03E-05,2.99E-01,1.61E-01,2.46E-01,2.09E+02,1.36E+01,2.23E+02,0.000134636,0.000141279
5.68E+04,2.50E+05,1.82E+02,2.59E+00,1.34E-02,8.98E+01,2.03E-05,2.99E-01,1.61E-01,2.46E-01,2.09E+02,1.38E+01,2.23E+02,0.000134636,0.000141279
5.68E+04,249999,4.53E+01,7.51E-01,1.35E-02,8.98E+01,2.03E-05,2.98E-01,1.59E-01,2.49E-01,2.10E+02,1.38E+01,2.23E+02,0.000134575,0.000141216
5.68E+04,2.50E+05,1.82E+02,2.60E+00,1.35E-02,8.98E+01,2.03E-05,2.98E-01,1.59E-01,2.49E-01,2.10E+02,1.35E+01,2.23E+02,0.000134575,0.000141215
5.69E+04,2.50E+05,4.48E+01,7.51E-01,1.34E-02,8.98E+01,2.03E-05,2.99E-01,1.61E-01,2.45E-01,2.10E+02,1.35E+01,2.24E+02,0.000134514,0.000141151
5.69E+04,250100,1.83E+02,2.60E+00,1.34E-02,8.98E+01,2.03E-05,2.99E-01,1.61E-01,2.45E-01,2.10E+02,1.37E+01,2.24E+02,0.000134513,0.000141151
5.69E+04,250199,4.54E+01,7.52E-01,1.34E-02,8.98E+01,2.03E-05,2.99E-01,1.60E-01,2.49E-01,2.10E+02,1.37E+01,2.24E+02,0.000134453,0.000141088
5.69E+04,2.50E+05,1.82E+02,2.59E+00,1.34E-02,8.98E+01,2.03E-05,2.99E-01,1.60E-01,2.49E-01,2.10E+02,1.35E+01,2.23E+02,0.000134452,0.000141088
5.69E+04,2.50E+05,4.49E+01,7.50E-01,1.34E-02,8.98E+01,2.03E-05,3.00E-01,1.61E-01,2.45E-01,2.10E+02,1.35E+01,2.24E+02,0.000134391,0.000141024
5.69E+04,250300,1.83E+02,2.60E+00,1.34E-02,8.98E+01,2.03E-05,3.00E-01,1.61E-01,2.45E-01,2.10E+02,1.35E+01,2.24E+02,0.000134391,0.000141024
5.69E+04,2.50E+05,4.49E+01,7.51E-01,1.34E-02,8.98E+01,2.03E-05,2.99E-01,1.61E-01,2.45E-01,2.10E+02,1.35E+01,2.23E+02,0.00013433,0.00014096
5.69E+04,250400,1.83E+02,2.59E+00,1.34E-02,8.98E+01,2.03E-05,2.99E-01,1.61E-01,2.45E-01,2.10E+02,1.21E+01,2.22E+02,0.00013433,0.00014096
5.69E+04,2.50E+05,4.26E+01,7.41E-01,1.74E-02,8.98E+01,2.03E-05,1.99E-02,1.99E-02,0,1.58E+01,1.21E+01,2.79E+01,0.000134269,0.000140896
5.70E+04,250599,1.83E+02,2.60E+00,1.33E-02,8.98E+01,2.03E-05,3.00E-01,1.61E-01,2.46E-01,2.10E+02,1.35E+01,2.24E+02,0.000134208,0.000140833
5.70E+04,250599,4.50E+01,7.52E-01,1.33E-02,8.98E+01,2.03E-05,3.00E-01,1.61E-01,2.46E-01,2.10E+02,1.35E+01,2.24E+02,0.000134208,0.000140833
5.70E+04,250699,4.56E+01,7.52E-01,1.34E-02,8.98E+01,2.03E-05,2.99E-01,1.60E-01,2.50E-01,2.11E+02,1.40E+01,2.25E+02,0.000134148,0.00014077
5.70E+04,250700,1.83E+02,2.60E+00,1.34E-02,8.98E+01,2.03E-05,2.99E-01,1.60E-01,2.50E-01,2.11E+02,1.40E+01,2.25E+02,0.000134147,0.000140769
5.70E+04,250799,4.50E+01,7.52E-01,1.33E-02,8.98E+01,2.03E-05,3.00E-01,1.61E-01,2.46E-01,2.11E+02,1.35E+01,2.24E+02,0.000134087,0.000140706
5.70E+04,250800,1.83E+02,2.60E+00,1.33E-02,8.98E+01,2.03E-05,3.00E-01,1.61E-01,2.46E-01,2.11E+02,1.35E+01,2.24E+02,0.000134086,0.000140705
5.70E+04,250899,4.51E+01,7.52E-01,1.34E-02,8.98E+01,2.03E-05,2.99E-01,1.60E-01,2.47E-01,2.10E+02,1.37E+01,2.23E+02,0.000134026,0.000140643
5.70E+04,2.51E+05,1.82E+02,2.60E+00,1.34E-02,8.98E+01,2.03E-05,2.99E-01,1.60E-01,2.47E-01,2.10E+02,1.37E+01,2.23E+02,0.000134026,0.000140642
5.71E+04,250999,4.52E+01,7.53E-01,1.34E-02,8.98E+01,2.03E-05,2.99E-01,1.60E-01,2.48E-01,2.10E+02,1.37E+01,2.23E+02,0.000133965,0.000140579
5.71E+04,2.51E+05,1.82E+02,2.60E+00,1.34E-02,8.98E+01,2.03E-05,2.99E-01,1.60E-01,2.48E-01,2.10E+02,1.37E+01,2.23E+02,0.000133965,0.000140579
5.71E+04,251099,4.56E+01,7.52E-01,1.34E-02,8.98E+01,2.03E-05,2.99E-01,1.60E-01,2.49E-01,2.10E+02,1.40E+01,2.24E+02,0.000133904,0.000140516
5.71E+04,251100,1.83E+02,2.60E+00,1.34E-02,8.98E+01,2.03E-05,2.99E-01,1.60E-01,2.49E-01,2.10E+02,1.40E+01,2.24E+02,0.000133904,0.000140515
5.71E+04,251199,4.51E+01,7.51E-01,1.35E-02,8.98E+01,2.02E-05,2.98E-01,1.60E-01,2.47E-01,2.10E+02,1.37E+01,2.24E+02,0.000133844,0.000140453
5.71E+04,2.51E+05,1.82E+02,2.60E+00,1.35E-02,8.98E+01,2.02E-05,2.98E-01,1.60E-01,2.47E-01,2.10E+02,1.37E+01,2.24E+02,0.000133843,0.000140452
5.71E+04,251299,1.83E+02,2.60E+00,1.34E-02,8.98E+01,2.02E-05,3.00E-01,1.61E-01,2.46E-01,2.11E+02,1.36E+01,2.24E+02,0.000133783,0.000140389
5.71E+04,251299,4.51E+01,7.52E-01,1.34E-02,8.98E+01,2.02E-05,3.00E-01,1.61E-01,2.46E-01,2.11E+02,1.36E+01,2.24E+02,0.000133783,0.000140389
5.71E+04,2.51E+05,4.46E+01,7.51E-01,1.34E-02,8.98E+01,2.02E-05,2.98E-01,1.61E-01,2.44E-01,2.09E+02,1.33E+01,2.23E+02,0.000133722,0.000140326
5.71E+04,2.51E+05,1.82E+02,2.60E+00,1.34E-02,8.98E+01,2.02E-05,2.98E-01,1.61E-01,2.44E-01,2.09E+02,1.33E+01,2.23E+02,0.000133722,0.000140326
5.72E+04,2.51E+05,4.45E+01,7.50E-01,1.34E-02,8.98E+01,2.02E-05,2.98E-01,1.61E-01,2.44E-01,2.09E+02,1.33E+01,2.23E+02,0.000133662,0.000140263
5.72E+04,2.51E+05,1.82E+02,2.60E+00,1.34E-02,8.98E+01,2.02E-05,2.98E-01,1.61E-01,2.44E-01,2.09E+02,1.33E+01,2.23E+02,0.000133662,0.000140263
5.72E+04,2.52E+05,4.47E+01,7.57E-01,1.34E-02,8.98E+01,2.02E-05,2.99E-01,1.61E-01,2.45E-01,2.09E+02,1.34E+01,2.23E+02,0.000133601,0.0001402
5.72E+04,2.52E+05,1.83E+02,2.60E+00,1.34E-02,8.98E+01,2.02E-05,2.99E-01,1.61E-01,2.45E-01,2.09E+02,1.34E+01,2.23E+02,0.000133601,0.0001402
5.72E+04,251699,4.62E+01,7.55E-01,1.36E-02,8.98E+01,2.02E-05,2.98E-01,1.58E-01,2.54E-01,2.10E+02,1.45E+01,2.25E+02,0.000133541,0.000140137
5.72E+04,2.52E+05,1.82E+02,2.60E+00,1.36E-02,8.98E+01,2.02E-05,2.98E-01,1.58E-01,2.54E-01,2.10E+02,1.45E+01,2.25E+02,0.000133541,0.000140137
5.72E+04,2.52E+05,4.51E+01,7.55E-01,1.35E-02,8.98E+01,2.02E-05,2.98E-01,1.59E-01,2.48E-01,2.09E+02,1.37E+01,2.23E+02,0.000133481,0.000140074
5.72E+04,2.52E+05,1.82E+02,2.60E+00,1.35E-02,8.98E+01,2.02E-05,2.98E-01,1.59E-01,2.48E-01,2.09E+02,1.37E+01,2.23E+02,0.000133481,0.000140074
5.73E+04,2.52E+05,4.51E+01,7.55E-01,1.34E-02,8.99E+01,2.02E-05,2.99E-01,1.60E-01,2.47E-01,2.10E+02,1.36E+01,2.23E+02,0.00013342,0.000140011
5.73E+04,2.52E+05,1.83E+02,2.60E+00,1.34E-02,8.99E+01,2.02E-05,2.99E-01,1.60E-01,2.47E-01,2.10E+02,1.36E+01,2.23E+02,0.00013342,0.000140011
5.73E+04,2.52E+05,4.50E+01,7.54E-01,1.34E-02,8.99E+01,2.02E-05,2.99E-01,1.60E-01,2.47E-01,2.10E+02,1.36E+01,2.23E+02,0.00013336,0.000139948
5.73E+04,2.52E+05,1.82E+02,2.60E+00,1.34E-02,8.99E+01,2.02E-05,2.99E-01,1.60E-01,2.47E-01,2.10E+02,1.36E+01,2.23E+02,0.00013336,0.000139948
5.73E+04,252099,4.55E+01,7.55E-01,1.35E-02,8.99E+01,2.02E-05,2.98E-01,1.59E-01,2.50E-01,2.09E+02,1.40E+01,2.23E+02,0.0001333,0.000139885
5.73E+04,2.52E+05,1.82E+02,2.60E+00,1.35E-02,8.99E+01,2.02E-05,2.98E-01,1.59E-01,2.50E-01,2.09E+02,1.40E+01,2.23E+02,0.0001333,0.000139885
5.73E+04,252199,4.55E+01,7.54E-01,1.35E-02,8.99E+01,2.02E-05,2.99E-01,1.60E-01,2.49E-01,2.10E+02,1.39E+01,2.24E+02,0.00013324,0.000139822
5.73E+04,2.52E+05,1.83E+02,2.60E+00,1.35E-02,8.99E+01,2.02E-05,2.99E-01,1.60E-01,2.49E-01,2.10E+02,1.39E+01,2.24E+02,0.00013324,0.000139822
5.73E+04,2.52E+05,4.46E+01,7.55E-01,1.34E-02,8.99E+01,2.02E-05,2.99E-01,1.61E-01,2.44E-01,2.09E+02,1.33E+01,2.22E+02,0.00013318,0.000139759
5.73E+04,2.52E+05,1.82E+02,2.60E+00,1.34E-02,8.99E+01,2.02E-05,2.99E-01,1.61E-01,2.44E-01,2.09E+02,1.33E+01,2.22E+02,0.00013318,0.000139759
5.74E+04,2.52E+05,4.51E+01,7.54E-01,1.34E-02,8.99E+01,2.02E-05,2.99E-01,1.61E-01,2.46E-01,2.10E+02,1.36E+01,2.24E+02,0.00013312,0.000139697
5.74E+04,252400,1.83E+02,2.60E+00,1.34E-02,8.99E+01,2.02E-05,2.99E-01,1.61E-01,2.46E-01,2.10E+02,1.36E+01,2.24E+02,0.000133119,0.000139696
5.74E+04,2.52E+05,4.51E+01,7.55E-01,1.35E-02,8.99E+01,2.01E-05,2.98E-01,1.59E-01,2.48E-01,2.09E+02,1.37E+01,2.23E+02,0.00013306,0.000139634
5.74E+04,2.52E+05,1.82E+02,2.60E+00,1.35E-02,8.99E+01,2.01E-05,2.98E-01,1.59E-01,2.48E-01,2.09E+02,1.37E+01,2.23E+02,0.00013306,0.000139634
5.74E+04,2.53E+05,4.45E+01,7.51E-01,1.34E-02,8.99E+01,2.01E-05,2.99E-01,1.61E-01,2.43E-01,2.09E+02,1.32E+01,2.23E+02,0.000133,0.000139572
5.74E+04,252600,1.83E+02,2.60E+00,1.34E-02,8.99E+01,2.01E-05,2.99E-01,1.61E-01,2.43E-01,2.09E+02,1.32E+01,2.23E+02,0.000132999,0.000139571
5.75E+04,252699,4.51E+01,7.52E-01,1.35E-02,8.99E+01,2.01E-05,2.98E-01,1.60E-01,2.47E-01,2.10E+02,1.37E+01,2.23E+02,0.00013294,0.000139509
5.75E+04,2.53E+05,1.82E+02,2.60E+00,1.35E-02,8.99E+01,2.01E-05,2.98E-01,1.60E-01,2.47E-01,2.10E+02,1.37E+01,2.23E+02,0.00013294,0.000139509
5.75E+04,252799,4.50E+01,7.52E-01,1.35E-02,8.99E+01,2.01E-05,2.98E-01,1.60E-01,2.47E-01,2.09E+02,1.36E+01,2.23E+02,0.00013288,0.000139447
5.75E+04,2.53E+05,1.82E+02,2.60E+00,1.35E-02,8.99E+01,2.01E-05,2.98E-01,1.60E-01,2.47E-01,2.09E+02,1.36E+01,2.23E+02,0.00013288,0.000139447
5.75E+04,252899,4.56E+01,7.52E-01,1.35E-02,8.99E+01,2.01E-05,2.98E-01,1.59E-01,2.51E-01,2.10E+02,1.41E+01,2.24E+02,0.00013282,0.000139385
5.75E+04,2.53E+05,1.82E+02,2.60E+00,1.35E-02,8.99E+01,2.01E-05,2.98E-01,1.59E-01,2.51E-01,2.10E+02,1.41E+01,2.24E+02,0.00013282,0.000139384
5.75E+04,2.53E+05,4.41E+01,7.52E-01,1.33E-02,8.99E+01,2.01E-05,2.99E-01,1.61E-01,2.41E-01,2.09E+02,1.29E+01,2.22E+02,0.00013276,0.000139322
5.75E+04,253000,1.83E+02,2.60E+00,1.33E-02,8.99E+01,2.01E-05,2.99E-01,1.61E-01,2.41E-01,2.09E+02,1.29E+01,2.22E+02,0.00013276,0.000139322
5.75E+04,2.53E+05,4.46E+01,7.51E-01,1.34E-02,8.99E+01,2.01E-05,2.99E-01,1.61E-01,2.44E-01,2.09E+02,1.33E+01,2.23E+02,0.000132701,0.00013926
5.75E+04,253100,1.83E+02,2.60E+00,1.34E-02,8.99E+01,2.01E-05,2.99E-01,1.61E-01,2.44E-01,2.09E+02,1.33E+01,2.23E+02,0.0001327,0.000139259
5.76E+04,2.53E+05,4.44E+01,7.51E-01,1.34E-02,8.99E+01,2.01E-05,2.98E-01,1.61E-01,2.44E-01,2.09E+02,1.32E+01,2.22E+02,0.000132641,0.000139197
5.76E+04,2.53E+05,1.82E+02,2.60E+00,1.34E-02,8.99E+01,2.01E-05,2.98E-01,1.61E-01,2.44E-01,2.09E+02,1.32E+01,2.22E+02,0.000132641,0.000139197
5.76E+04,253299,1.83E+02,2.60E+00,1.34E-02,8.99E+01,2.01E-05,2.99E-01,1.61E-01,2.46E-01,2.10E+02,1.36E+01,2.24E+02,0.000132582,0.000139136
5.76E+04,253299,4.50E+01,7.51E-01,1.34E-02,8.99E+01,2.01E-05,2.99E-01,1.61E-01,2.46E-01,2.10E+02,1.36E+01,2.24E+02,0.000132582,0.000139136
5.76E+04,2.53E+05,4.45E+01,7.52E-01,1.35E-02,8.99E+01,2.01E-05,2.97E-01,1.60E-01,2.45E-01,2.08E+02,1.33E+01,2.22E+02,0.000132522,0.000139073
5.76E+04,2.53E+05,1.82E+02,2.60E+00,1.35E-02,8.99E+01,2.01E-05,2.97E-01,1.60E-01,2.45E-01,2.08E+02,1.33E+01,2.22E+02,0.000132522,0.000139073
5.76E+04,2.53E+05,4.46E+01,7.51E-01,1.34E-02,8.99E+01,2.01E-05,2.98E-01,1.60E-01,2.45E-01,2.09E+02,1.33E+01,2.23E+02,0.000132462,0.000139011
5.76E+04,2.53E+05,1.82E+02,2.60E+00,1.34E-02,8.99E+01,2.01E-05,2.98E-01,1.60E-01,2.45E-01,2.09E+02,1.33E+01,2.23E+02,0.000132462,0.000139011
5.77E+04,2.54E+05,4.48E+01,7.52E-01,1.34E-02,8.99E+01,2.01E-05,2.98E-01,1.60E-01,2.46E-01,2.09E+02,1.35E+01,2.23E+02,0.000132403,0.000138949
5.77E+04,253600,1.82E+02,2.59E+00,1.34E-02,8.99E+01,2.01E-05,2.98E-01,1.60E-01,2.46E-01,2.09E+02,1.35E+01,2.23E+02,0.000132403,0.000138949
5.77E+04,253699,4.59E+01,7.52E-01,1.36E-02,8.99E+01,2.01E-05,2.97E-01,1.58E-01,2.52E-01,2.10E+02,1.43E+01,2.24E+02,0.000132344,0.000138887
5.77E+04,2.54E+05,1.82E+02,2.60E+00,1.36E-02,8.99E+01,2.01E-05,2.97E-01,1.58E-01,2.52E-01,2.10E+02,1.43E+01,2.24E+02,0.000132344,0.000138887
5.77E+04,2.54E+05,4.48E+01,7.52E-01,1.35E-02,8.99E+01,2.00E-05,2.97E-01,1.60E-01,2.47E-01,2.09E+02,1.35E+01,2.22E+02,0.000132284,0.000138825
5.77E+04,2.54E+05,1.82E+02,2.60E+00,1.35E-02,8.99E+01,2.00E-05,2.97E-01,1.60E-01,2.47E-01,2.09E+02,1.35E+01,2.22E+02,0.000132284,0.000138825
5.77E+04,253899,4.58E+01,7.53E-01,1.35E-02,8.99E+01,2.00E-05,2.98E-01,1.59E-01,2.52E-01,2.10E+02,1.42E+01,2.24E+02,0.000132225,0.000138764
5.77E+04,253900,1.82E+02,2.60E+00,1.35E-02,8.99E+01,2.00E-05,2.98E-01,1.59E-01,2.52E-01,2.10E+02,1.42E+01,2.24E+02,0.000132225,0.000138763
5.77E+04,2.54E+05,4.48E+01,7.54E-01,1.34E-02,8.99E+01,2.00E-05,2.98E-01,1.60E-01,2.46E-01,2.09E+02,1.34E+01,2.23E+02,0.000132166,0.000138701
5.77E+04,254000,1.82E+02,2.60E+00,1.34E-02,8.99E+01,2.00E-05,2.98E-01,1.60E-01,2.46E-01,2.09E+02,1.34E+01,2.23E+02,0.000132165,0.000138701
5.78E+04,2.54E+05,4.47E+01,7.53E-01,1.34E-02,8.99E+01,2.00E-05,2.99E-01,1.61E-01,2.45E-01,2.09E+02,1.33E+01,2.23E+02,0.000132106,0.00013864
5.78E+04,254100,1.83E+02,2.60E+00,1.34E-02,8.99E+01,2.00E-05,2.99E-01,1.61E-01,2.45E-01,2.09E+02,1.33E+01,2.23E+02,0.000132106,0.000138639
5.78E+04,254199,4.58E+01,7.53E-01,1.36E-02,8.99E+01,2.00E-05,2.97E-01,1.58E-01,2.52E-01,2.10E+02,1.42E+01,2.24E+02,0.000132048,0.000138578
5.78E+04,2.54E+05,1.82E+02,2.60E+00,1.36E-02,8.99E+01,2.00E-05,2.97E-01,1.58E-01,2.52E-01,2.10E+02,1.42E+01,2.24E+02,0.000132047,0.000138578
5.78E+04,254299,4.59E+01,7.53E-01,1.35E-02,8.99E+01,2.00E-05,2.98E-01,1.59E-01,2.52E-01,2.10E+02,1.42E+01,2.25E+02,0.000131989,0.000138517
5.78E+04,254300,1.82E+02,2.60E+00,1.35E-02,8.99E+01,2.00E-05,2.98E-01,1.59E-01,2.52E-01,2.10E+02,1.42E+01,2.25E+02,0.000131988,0.000138516
5.78E+04,2.54E+05,4.48E+01,7.53E-01,1.35E-02,8.99E+01,2.00E-05,2.97E-01,1.60E-01,2.46E-01,2.09E+02,1.35E+01,2.22E+02,0.000131929,0.000138455
5.78E+04,2.54E+05,1.82E+02,2.60E+00,1.35E-02,8.99E+01,2.00E-05,2.97E-01,1.60E-01,2.46E-01,2.09E+02,1.35E+01,2.22E+02,0.000131929,0.000138455
5.78E+04,2.54E+05,4.48E+01,7.52E-01,1.34E-02,8.99E+01,2.00E-05,2.98E-01,1.60E-01,2.46E-01,2.09E+02,1.35E+01,2.23E+02,0.00013187,0.000138393
5.78E+04,254500,1.82E+02,2.60E+00,1.34E-02,8.99E+01,2.00E-05,2.98E-01,1.60E-01,2.46E-01,2.09E+02,1.35E+01,2.23E+02,0.00013187,0.000138393
5.79E+04,2.55E+05,4.48E+01,7.54E-01,1.34E-02,8.99E+01,2.00E-05,2.99E-01,1.61E-01,2.46E-01,2.10E+02,1.35E+01,2.23E+02,0.000131811,0.000138332
5.79E+04,254600,1.82E+02,2.60E+00,1.34E-02,8.99E+01,2.00E-05,2.99E-01,1.61E-01,2.46E-01,2.10E+02,1.35E+01,2.23E+02,0.000131811,0.000138331
5.79E+04,2.55E+05,4.43E+01,7.51E-01,1.34E-02,8.99E+01,2.00E-05,2.98E-01,1.61E-01,2.43E-01,2.09E+02,1.31E+01,2.22E+02,0.000131752,0.00013827
5.79E+04,254700,1.82E+02,2.60E+00,1.34E-02,8.99E+01,2.00E-05,2.98E-01,1.61E-01,2.43E-01,2.09E+02,1.31E+01,2.22E+02,0.000131752,0.00013827
5.79E+04,254799,4.53E+01,7.52E-01,1.35E-02,8.99E+01,2.00E-05,2.98E-01,1.59E-01,2.49E-01,2.10E+02,1.39E+01,2.23E+02,0.000131694,0.000138209
5.79E+04,2.55E+05,1.82E+02,2.60E+00,1.35E-02,8.99E+01,2.00E-05,2.98E-01,1.59E-01,2.49E-01,2.10E+02,1.39E+01,2.23E+02,0.000131694,0.000138209
5.79E+04,254899,4.53E+01,7.52E-01,1.35E-02,8.99E+01,2.00E-05,2.98E-01,1.59E-01,2.49E-01,2.10E+02,1.39E+01,2.24E+02,0.000131635,0.000138148
5.79E+04,2.55E+05,1.82E+02,2.60E+00,1.35E-02,8.99E+01,2.00E-05,2.98E-01,1.59E-01,2.49E-01,2.10E+02,1.39E+01,2.24E+02,0.000131635,0.000138147
5.80E+04,2.55E+05,4.48E+01,7.53E-01,1.34E-02,8.99E+01,2.00E-05,2.99E-01,1.60E-01,2.45E-01,2.10E+02,1.34E+01,2.23E+02,0.000131576,0.000138086
5.80E+04,255000,1.82E+02,2.60E+00,1.34E-02,8.99E+01,2.00E-05,2.99E-01,1.60E-01,2.45E-01,2.10E+02,1.34E+01,2.23E+02,0.000131576,0.000138086
5.80E+04,2.55E+05,4.48E+01,7.52E-01,1.34E-02,8.99E+01,1.99E-05,2.99E-01,1.61E-01,2.45E-01,2.10E+02,1.34E+01,2.23E+02,0.000131517,0.000138025
5.80E+04,255100,1.82E+02,2.60E+00,1.34E-02,8.99E+01,1.99E-05,2.99E-01,1.61E-01,2.45E-01,2.10E+02,1.34E+01,2.23E+02,0.000131517,0.000138025
5.80E+04,255199,4.53E+01,7.52E-01,1.35E-02,8.99E+01,1.99E-05,2.98E-01,1.59E-01,2.49E-01,2.10E+02,1.39E+01,2.23E+02,0.000131459,0.000137964
5.80E+04,2.55E+05,1.82E+02,2.60E+00,1.35E-02,8.99E+01,1.99E-05,2.98E-01,1.59E-01,2.49E-01,2.10E+02,1.39E+01,2.23E+02,0.000131459,0.000137964
5.80E+04,2.55E+05,4.48E+01,7.52E-01,1.35E-02,8.99E+01,1.99E-05,2.97E-01,1.59E-01,2.47E-01,2.09E+02,1.36E+01,2.22E+02,0.0001314,0.000137902
5.80E+04,2.55E+05,1.81E+02,2.60E+00,1.35E-02,8.99E+01,1.99E-05,2.97E-01,1.59E-01,2.47E-01,2.09E+02,1.36E+01,2.22E+02,0.0001314,0.000137902
5.80E+04,2.55E+05,4.48E+01,7.52E-01,1.34E-02,8.99E+01,1.99E-05,2.97E-01,1.60E-01,2.46E-01,2.09E+02,1.35E+01,2.22E+02,0.000131342,0.000137841
5.80E+04,2.55E+05,1.82E+02,2.60E+00,1.34E-02,8.99E+01,1.99E-05,2.97E-01,1.60E-01,2.46E-01,2.09E+02,1.35E+01,2.22E+02,0.000131342,0.000137841
5.81E+04,2.55E+05,4.48E+01,7.52E-01,1.34E-02,8.99E+01,1.99E-05,2.98E-01,1.61E-01,2.45E-01,2.10E+02,1.34E+01,2.23E+02,0.000131283,0.00013778
5.81E+04,255500,1.82E+02,2.60E+00,1.34E-02,8.99E+01,1.99E-05,2.98E-01,1.61E-01,2.45E-01,2.10E+02,1.34E+01,2.23E+02,0.000131283,0.00013778
5.81E+04,2.56E+05,4.48E+01,7.53E-01,1.35E-02,8.99E+01,1.99E-05,2.97E-01,1.60E-01,2.46E-01,2.09E+02,1.35E+01,2.22E+02,0.000131225,0.000137719
5.81E+04,2.56E+05,1.82E+02,2.60E+00,1.35E-02,8.99E+01,1.99E-05,2.97E-01,1.60E-01,2.46E-01,2.09E+02,1.35E+01,2.22E+02,0.000131225,0.000137719
5.81E+04,255699,4.53E+01,7.52E-01,1.35E-02,8.99E+01,1.99E-05,2.98E-01,1.60E-01,2.49E-01,2.10E+02,1.38E+01,2.24E+02,0.000131166,0.000137659
5.81E+04,255700,1.82E+02,2.60E+00,1.35E-02,8.99E+01,1.99E-05,2.98E-01,1.60E-01,2.49E-01,2.10E+02,1.38E+01,2.24E+02,0.000131166,0.000137658
5.82E+04,255799,4.52E+01,7.55E-01,1.35E-02,8.99E+01,1.99E-05,2.96E-01,1.58E-01,2.49E-01,2.09E+02,1.38E+01,2.22E+02,0.000131108,0.000137598
5.82E+04,2.56E+05,1.81E+02,2.60E+00,1.35E-02,8.99E+01,1.99E-05,2.96E-01,1.58E-01,2.49E-01,2.09E+02,1.38E+01,2.22E+02,0.000131108,0.000137597
5.82E+04,255899,4.59E+01,7.55E-01,1.36E-02,8.99E+01,1.99E-05,2.97E-01,1.58E-01,2.52E-01,2.10E+02,1.43E+01,2.24E+02,0.00013105,0.000137537
5.82E+04,2.56E+05,1.82E+02,2.60E+00,1.36E-02,8.99E+01,1.99E-05,2.97E-01,1.58E-01,2.52E-01,2.10E+02,1.43E+01,2.24E+02,0.000131049,0.000137537
5.82E+04,2.56E+05,4.48E+01,7.53E-01,1.34E-02,8.99E+01,1.99E-05,2.97E-01,1.60E-01,2.46E-01,2.09E+02,1.35E+01,2.22E+02,0.000130991,0.000137476
5.82E+04,2.56E+05,1.82E+02,2.60E+00,1.34E-02,8.99E+01,1.99E-05,2.97E-01,1.60E-01,2.46E-01,2.09E+02,1.35E+01,2.22E+02,0.000130991,0.000137476
5.82E+04,256099,4.52E+01,7.52E-01,1.35E-02,8.99E+01,1.99E-05,2.98E-01,1.60E-01,2.48E-01,2.10E+02,1.38E+01,2.24E+02,0.000130933,0.000137415
5.82E+04,256100,1.82E+02,2.60E+00,1.35E-02,8.99E+01,1.99E-05,2.98E-01,1.60E-01,2.48E-01,2.10E+02,1.38E+01,2.24E+02,0.000130933,0.000137415
5.82E+04,256199,4.58E+01,7.54E-01,1.35E-02,8.99E+01,1.99E-05,2.97E-01,1.58E-01,2.52E-01,2.10E+02,1.42E+01,2.24E+02,0.000130875,0.000137355
5.82E+04,2.56E+05,1.82E+02,2.60E+00,1.35E-02,8.99E+01,1.99E-05,2.97E-01,1.58E-01,2.52E-01,2.10E+02,1.42E+01,2.24E+02,0.000130875,0.000137354
5.83E+04,256299,4.52E+01,7.53E-01,1.36E-02,8.99E+01,1.99E-05,2.97E-01,1.58E-01,2.50E-01,2.09E+02,1.39E+01,2.23E+02,0.000130817,0.000137294
5.83E+04,2.56E+05,1.81E+02,2.60E+00,1.36E-02,8.99E+01,1.99E-05,2.97E-01,1.58E-01,2.50E-01,2.09E+02,1.39E+01,2.23E+02,0.000130817,0.000137294
5.83E+04,256399,4.52E+01,7.53E-01,1.35E-02,8.99E+01,1.99E-05,2.98E-01,1.60E-01,2.48E-01,2.10E+02,1.37E+01,2.24E+02,0.000130759,0.000137233
5.83E+04,256400,1.82E+02,2.60E+00,1.35E-02,8.99E+01,1.99E-05,2.98E-01,1.60E-01,2.48E-01,2.10E+02,1.37E+01,2.24E+02,0.000130758,0.000137233
5.83E+04,256499,4.51E+01,7.53E-01,1.35E-02,8.99E+01,1.98E-05,2.96E-01,1.59E-01,2.49E-01,2.09E+02,1.38E+01,2.22E+02,0.000130701,0.000137173
5.83E+04,2.56E+05,1.81E+02,2.60E+00,1.35E-02,8.99E+01,1.98E-05,2.96E-01,1.59E-01,2.49E-01,2.09E+02,1.38E+01,2.22E+02,0.000130701,0.000137173
5.83E+04,2.57E+05,4.46E+01,7.52E-01,1.34E-02,8.99E+01,1.98E-05,2.98E-01,1.60E-01,2.44E-01,2.09E+02,1.33E+01,2.22E+02,0.000130643,0.000137112
5.83E+04,256600,1.82E+02,2.59E+00,1.34E-02,8.99E+01,1.98E-05,2.98E-01,1.60E-01,2.44E-01,2.09E+02,1.33E+01,2.22E+02,0.000130642,0.000137112
5.84E+04,256699,4.51E+01,7.54E-01,1.34E-02,8.99E+01,1.98E-05,2.98E-01,1.60E-01,2.48E-01,2.09E+02,1.37E+01,2.23E+02,0.000130585,0.000137052
5.84E+04,256700,1.82E+02,2.60E+00,1.34E-02,8.99E+01,1.98E-05,2.98E-01,1.60E-01,2.48E-01,2.09E+02,1.37E+01,2.23E+02,0.000130585,0.000137051
5.84E+04,256799,4.51E+01,7.53E-01,1.35E-02,8.99E+01,1.98E-05,2.96E-01,1.58E-01,2.49E-01,2.08E+02,1.37E+01,2.22E+02,0.000130527,0.000136992
5.84E+04,2.57E+05,1.81E+02,2.59E+00,1.35E-02,8.99E+01,1.98E-05,2.96E-01,1.58E-01,2.49E-01,2.08E+02,1.37E+01,2.22E+02,0.000130527,0.000136991
5.84E+04,256899,4.58E+01,7.52E-01,1.36E-02,9.00E+01,1.98E-05,2.96E-01,1.58E-01,2.52E-01,2.09E+02,1.42E+01,2.24E+02,0.000130469,0.000136931
5.84E+04,2.57E+05,1.81E+02,2.60E+00,1.36E-02,9.00E+01,1.98E-05,2.96E-01,1.58E-01,2.52E-01,2.09E+02,1.42E+01,2.24E+02,0.000130469,0.000136931
5.84E+04,256999,4.57E+01,7.53E-01,1.36E-02,9.00E+01,1.98E-05,2.96E-01,1.58E-01,2.52E-01,2.09E+02,1.42E+01,2.23E+02,0.000130412,0.000136871
5.84E+04,2.57E+05,1.81E+02,2.59E+00,1.36E-02,9.00E+01,1.98E-05,2.96E-01,1.58E-01,2.52E-01,2.09E+02,1.42E+01,2.23E+02,0.000130411,0.000136871
5.84E+04,2.57E+05,4.46E+01,7.51E-01,1.34E-02,9.00E+01,1.98E-05,2.97E-01,1.60E-01,2.45E-01,2.09E+02,1.34E+01,2.22E+02,0.000130354,0.00013681
5.84E+04,2.57E+05,1.82E+02,2.60E+00,1.34E-02,9.00E+01,1.98E-05,2.97E-01,1.60E-01,2.45E-01,2.09E+02,1.34E+01,2.22E+02,0.000130354,0.00013681
5.85E+04,257199,4.51E+01,7.52E-01,1.35E-02,9.00E+01,1.98E-05,2.96E-01,1.59E-01,2.49E-01,2.09E+02,1.38E+01,2.22E+02,0.000130296,0.000136751
5.85E+04,2.57E+05,1.81E+02,2.60E+00,1.35E-02,9.00E+01,1.98E-05,2.96E-01,1.59E-01,2.49E-01,2.09E+02,1.38E+01,2.22E+02,0.000130296,0.00013675
5.85E+04,257299,4.51E+01,7.53E-01,1.34E-02,9.00E+01,1.98E-05,2.98E-01,1.60E-01,2.48E-01,2.09E+02,1.37E+01,2.23E+02,0.000130239,0.00013669
5.85E+04,257300,1.82E+02,2.60E+00,1.34E-02,9.00E+01,1.98E-05,2.98E-01,1.60E-01,2.48E-01,2.09E+02,1.37E+01,2.23E+02,0.000130238,0.00013669
5.85E+04,2.57E+05,4.42E+01,7.51E-01,1.34E-02,9.00E+01,1.98E-05,2.97E-01,1.60E-01,2.43E-01,2.08E+02,1.31E+01,2.21E+02,0.000130181,0.00013663
5.85E+04,2.57E+05,1.82E+02,2.60E+00,1.34E-02,9.00E+01,1.98E-05,2.97E-01,1.60E-01,2.43E-01,2.08E+02,1.31E+01,2.21E+02,0.000130181,0.00013663
5.85E+04,257499,4.51E+01,7.51E-01,1.35E-02,9.00E+01,1.98E-05,2.97E-01,1.59E-01,2.48E-01,2.09E+02,1.37E+01,2.23E+02,0.000130124,0.00013657
5.85E+04,2.57E+05,1.82E+02,2.59E+00,1.35E-02,9.00E+01,1.98E-05,2.97E-01,1.59E-01,2.48E-01,2.09E+02,1.37E+01,2.23E+02,0.000130123,0.00013657
5.86E+04,257599,4.54E+01,7.53E-01,1.35E-02,9.00E+01,1.98E-05,2.97E-01,1.59E-01,2.50E-01,2.09E+02,1.40E+01,2.23E+02,0.000130066,0.00013651
5.86E+04,2.58E+05,1.82E+02,2.60E+00,1.35E-02,9.00E+01,1.98E-05,2.97E-01,1.59E-01,2.50E-01,2.09E+02,1.40E+01,2.23E+02,0.000130066,0.00013651
5.86E+04,2.58E+05,4.44E+01,7.52E-01,1.34E-02,9.00E+01,1.98E-05,2.97E-01,1.60E-01,2.44E-01,2.08E+02,1.32E+01,2.22E+02,0.000130008,0.00013645
5.86E+04,2.58E+05,1.82E+02,2.60E+00,1.34E-02,9.00E+01,1.98E-05,2.97E-01,1.60E-01,2.44E-01,2.08E+02,1.32E+01,2.22E+02,0.000130008,0.00013645
5.86E+04,257799,4.49E+01,7.53E-01,1.35E-02,9.00E+01,1.97E-05,2.97E-01,1.59E-01,2.47E-01,2.09E+02,1.36E+01,2.23E+02,0.000129951,0.00013639
5.86E+04,2.58E+05,1.82E+02,2.60E+00,1.35E-02,9.00E+01,1.97E-05,2.97E-01,1.59E-01,2.47E-01,2.09E+02,1.36E+01,2.23E+02,0.000129951,0.00013639
5.86E+04,2.58E+05,4.44E+01,7.53E-01,1.34E-02,9.00E+01,1.97E-05,2.97E-01,1.60E-01,2.45E-01,2.08E+02,1.33E+01,2.22E+02,0.000129894,0.00013633
5.86E+04,2.58E+05,1.82E+02,2.60E+00,1.34E-02,9.00E+01,1.97E-05,2.97E-01,1.60E-01,2.45E-01,2.08E+02,1.33E+01,2.22E+02,0.000129894,0.00013633
5.86E+04,2.58E+05,4.44E+01,7.52E-01,1.34E-02,9.00E+01,1.97E-05,2.97E-01,1.60E-01,2.45E-01,2.09E+02,1.33E+01,2.22E+02,0.000129836,0.000136271
5.86E+04,2.58E+05,1.82E+02,2.60E+00,1.34E-02,9.00E+01,1.97E-05,2.97E-01,1.60E-01,2.45E-01,2.09E+02,1.33E+01,2.22E+02,0.000129836,0.000136271
5.87E+04,2.58E+05,4.45E+01,7.52E-01,1.34E-02,9.00E+01,1.97E-05,2.97E-01,1.60E-01,2.45E-01,2.08E+02,1.33E+01,2.22E+02,0.000129779,0.000136211
5.87E+04,2.58E+05,1.82E+02,2.60E+00,1.34E-02,9.00E+01,1.97E-05,2.97E-01,1.60E-01,2.45E-01,2.08E+02,1.33E+01,2.22E+02,0.000129779,0.000136211
5.87E+04,2.58E+05,4.44E+01,7.52E-01,1.34E-02,9.00E+01,1.97E-05,2.97E-01,1.60E-01,2.45E-01,2.09E+02,1.33E+01,2.22E+02,0.000129722,0.000136151
5.87E+04,2.58E+05,1.82E+02,2.60E+00,1.34E-02,9.00E+01,1.97E-05,2.97E-01,1.60E-01,2.45E-01,2.09E+02,1.33E+01,2.22E+02,0.000129722,0.000136151
5.87E+04,258299,4.55E+01,7.53E-01,1.35E-02,9.00E+01,1.97E-05,2.98E-01,1.59E-01,2.50E-01,2.10E+02,1.39E+01,2.24E+02,0.000129665,0.000136092
5.87E+04,258300,1.82E+02,2.60E+00,1.35E-02,9.00E+01,1.97E-05,2.98E-01,1.59E-01,2.50E-01,2.10E+02,1.39E+01,2.24E+02,0.000129664,0.000136091
5.87E+04,2.58E+05,4.44E+01,7.52E-01,1.34E-02,9.00E+01,1.97E-05,2.97E-01,1.60E-01,2.44E-01,2.08E+02,1.32E+01,2.22E+02,0.000129608,0.000136032
5.87E+04,2.58E+05,1.82E+02,2.60E+00,1.34E-02,9.00E+01,1.97E-05,2.97E-01,1.60E-01,2.44E-01,2.08E+02,1.32E+01,2.22E+02,0.000129608,0.000136032
5.87E+04,2.58E+05,4.40E+01,7.52E-01,1.34E-02,9.00E+01,1.97E-05,2.96E-01,1.60E-01,2.43E-01,2.07E+02,1.30E+01,2.21E+02,0.000129551,0.000135972
5.87E+04,2.58E+05,1.81E+02,2.60E+00,1.34E-02,9.00E+01,1.97E-05,2.96E-01,1.60E-01,2.43E-01,2.07E+02,1.30E+01,2.21E+02,0.000129551,0.000135972
5.88E+04,2.59E+05,4.43E+01,7.53E-01,1.35E-02,9.00E+01,1.97E-05,2.97E-01,1.60E-01,2.44E-01,2.08E+02,1.32E+01,2.21E+02,0.000129494,0.000135913
5.88E+04,2.59E+05,1.81E+02,2.60E+00,1.35E-02,9.00E+01,1.97E-05,2.97E-01,1.60E-01,2.44E-01,2.08E+02,1.32E+01,2.21E+02,0.000129494,0.000135913
5.88E+04,258699,4.53E+01,7.53E-01,1.35E-02,9.00E+01,1.97E-05,2.96E-01,1.58E-01,2.50E-01,2.09E+02,1.39E+01,2.23E+02,0.000129437,0.000135854
5.88E+04,2.59E+05,1.81E+02,2.60E+00,1.35E-02,9.00E+01,1.97E-05,2.96E-01,1.58E-01,2.50E-01,2.09E+02,1.39E+01,2.23E+02,0.000129437,0.000135853
5.88E+04,258799,4.53E+01,7.53E-01,1.35E-02,9.00E+01,1.97E-05,2.97E-01,1.59E-01,2.49E-01,2.09E+02,1.39E+01,2.23E+02,0.00012938,0.000135794
5.88E+04,258800,1.82E+02,2.60E+00,1.35E-02,9.00E+01,1.97E-05,2.97E-01,1.59E-01,2.49E-01,2.09E+02,1.39E+01,2.23E+02,0.000129379,0.000135794
5.89E+04,2.59E+05,4.43E+01,7.52E-01,1.34E-02,9.00E+01,1.97E-05,2.97E-01,1.60E-01,2.43E-01,2.08E+02,1.31E+01,2.22E+02,0.000129323,0.000135735
5.89E+04,258900,1.82E+02,2.60E+00,1.34E-02,9.00E+01,1.97E-05,2.97E-01,1.60E-01,2.43E-01,2.08E+02,1.31E+01,2.22E+02,0.000129323,0.000135734
5.89E+04,258999,4.53E+01,7.52E-01,1.35E-02,9.00E+01,1.97E-05,2.97E-01,1.59E-01,2.49E-01,2.10E+02,1.39E+01,2.23E+02,0.000129266,0.000135676
5.89E+04,259000,1.82E+02,2.60E+00,1.35E-02,9.00E+01,1.97E-05,2.97E-01,1.59E-01,2.49E-01,2.10E+02,1.39E+01,2.23E+02,0.000129266,0.000135675
5.89E+04,2.59E+05,4.47E+01,7.51E-01,1.34E-02,9.00E+01,1.97E-05,2.97E-01,1.60E-01,2.46E-01,2.09E+02,1.34E+01,2.22E+02,0.000129209,0.000135616
5.89E+04,259100,1.82E+02,2.60E+00,1.34E-02,9.00E+01,1.97E-05,2.97E-01,1.60E-01,2.46E-01,2.09E+02,1.34E+01,2.22E+02,0.000129209,0.000135616
5.89E+04,2.59E+05,4.47E+01,7.52E-01,1.35E-02,9.00E+01,1.96E-05,2.97E-01,1.59E-01,2.46E-01,2.09E+02,1.35E+01,2.22E+02,0.000129152,0.000135557
5.89E+04,2.59E+05,1.81E+02,2.60E+00,1.35E-02,9.00E+01,1.96E-05,2.97E-01,1.59E-01,2.46E-01,2.09E+02,1.35E+01,2.22E+02,0.000129152,0.000135557
5.89E+04,259299,4.54E+01,7.52E-01,1.35E-02,9.00E+01,1.96E-05,2.97E-01,1.59E-01,2.49E-01,2.09E+02,1.39E+01,2.23E+02,0.000129096,0.000135498
5.89E+04,259300,1.82E+02,2.60E+00,1.35E-02,9.00E+01,1.96E-05,2.97E-01,1.59E-01,2.49E-01,2.09E+02,1.39E+01,2.23E+02,0.000129096,0.000135497
5.90E+04,259399,4.53E+01,7.52E-01,1.35E-02,9.00E+01,1.96E-05,2.97E-01,1.59E-01,2.49E-01,2.10E+02,1.39E+01,2.24E+02,0.000129039,0.000135439
5.90E+04,259400,1.82E+02,2.60E+00,1.35E-02,9.00E+01,1.96E-05,2.97E-01,1.59E-01,2.49E-01,2.10E+02,1.39E+01,2.24E+02,0.000129039,0.000135438
5.90E+04,259499,4.58E+01,7.53E-01,1.37E-02,9.00E+01,1.96E-05,2.95E-01,1.57E-01,2.53E-01,2.09E+02,1.43E+01,2.23E+02,0.000128983,0.00013538
5.90E+04,2.59E+05,1.81E+02,2.60E+00,1.37E-02,9.00E+01,1.96E-05,2.95E-01,1.57E-01,2.53E-01,2.09E+02,1.43E+01,2.23E+02,0.000128983,0.00013538
5.90E+04,2.60E+05,4.47E+01,7.51E-01,1.35E-02,9.00E+01,1.96E-05,2.97E-01,1.60E-01,2.46E-01,2.09E+02,1.34E+01,2.22E+02,0.000128926,0.00013532
5.90E+04,2.60E+05,1.82E+02,2.60E+00,1.35E-02,9.00E+01,1.96E-05,2.97E-01,1.60E-01,2.46E-01,2.09E+02,1.34E+01,2.22E+02,0.000128926,0.00013532
5.90E+04,2.60E+05,4.47E+01,7.52E-01,1.35E-02,9.00E+01,1.96E-05,2.97E-01,1.59E-01,2.46E-01,2.09E+02,1.35E+01,2.22E+02,0.00012887,0.000135262
5.90E+04,2.60E+05,1.82E+02,2.60E+00,1.35E-02,9.00E+01,1.96E-05,2.97E-01,1.59E-01,2.46E-01,2.09E+02,1.35E+01,2.22E+02,0.00012887,0.000135262
5.91E+04,259799,4.52E+01,7.51E-01,1.36E-02,9.00E+01,1.96E-05,2.96E-01,1.58E-01,2.50E-01,2.09E+02,1.39E+01,2.22E+02,0.000128813,0.000135203
5.91E+04,2.60E+05,1.81E+02,2.60E+00,1.36E-02,9.00E+01,1.96E-05,2.96E-01,1.58E-01,2.50E-01,2.09E+02,1.39E+01,2.22E+02,0.000128813,0.000135203
5.91E+04,2.60E+05,4.47E+01,7.51E-01,1.35E-02,9.00E+01,1.96E-05,2.96E-01,1.59E-01,2.46E-01,2.09E+02,1.34E+01,2.22E+02,0.000128757,0.000135144
5.91E+04,2.60E+05,1.81E+02,2.60E+00,1.35E-02,9.00E+01,1.96E-05,2.96E-01,1.59E-01,2.46E-01,2.09E+02,1.34E+01,2.22E+02,0.000128757,0.000135144
5.91E+04,2.60E+05,4.47E+01,7.52E-01,1.34E-02,9.00E+01,1.96E-05,2.97E-01,1.60E-01,2.45E-01,2.09E+02,1.34E+01,2.22E+02,0.0001287,0.000135085
5.91E+04,260000,1.82E+02,2.60E+00,1.34E-02,9.00E+01,1.96E-05,2.97E-01,1.60E-01,2.45E-01,2.09E+02,1.34E+01,2.22E+02,0.0001287,0.000135085
5.91E+04,2.60E+05,4.46E+01,7.51E-01,1.34E-02,9.00E+01,1.96E-05,2.97E-01,1.60E-01,2.45E-01,2.09E+02,1.33E+01,2.22E+02,0.000128644,0.000135026
5.91E+04,260100,1.82E+02,2.59E+00,1.34E-02,9.00E+01,1.96E-05,2.97E-01,1.60E-01,2.45E-01,2.09E+02,1.33E+01,2.22E+02,0.000128644,0.000135026
5.91E+04,260199,4.57E+01,7.52E-01,1.36E-02,9.00E+01,1.96E-05,2.95E-01,1.57E-01,2.53E-01,2.09E+02,1.42E+01,2.23E+02,0.000128588,0.000134968
5.91E+04,2.60E+05,1.81E+02,2.59E+00,1.36E-02,9.00E+01,1.96E-05,2.95E-01,1.57E-01,2.53E-01,2.09E+02,1.42E+01,2.23E+02,0.000128588,0.000134967
5.92E+04,2.60E+05,4.47E+01,7.51E-01,1.34E-02,9.00E+01,1.96E-05,2.97E-01,1.60E-01,2.46E-01,2.09E+02,1.34E+01,2.22E+02,0.000128532,0.000134909
5.92E+04,260300,1.82E+02,2.59E+00,1.34E-02,9.00E+01,1.96E-05,2.97E-01,1.60E-01,2.46E-01,2.09E+02,1.34E+01,2.22E+02,0.000128531,0.000134908
5.92E+04,260399,4.53E+01,7.51E-01,1.35E-02,9.00E+01,1.96E-05,2.97E-01,1.59E-01,2.49E-01,2.09E+02,1.38E+01,2.23E+02,0.000128476,0.00013485
5.92E+04,260400,1.82E+02,2.60E+00,1.35E-02,9.00E+01,1.96E-05,2.97E-01,1.59E-01,2.49E-01,2.09E+02,1.38E+01,2.23E+02,0.000128475,0.00013485
5.92E+04,260499,4.52E+01,7.50E-01,1.36E-02,9.00E+01,1.96E-05,2.96E-01,1.58E-01,2.50E-01,2.09E+02,1.39E+01,2.23E+02,0.00012842,0.000134792
5.92E+04,2.60E+05,1.81E+02,2.60E+00,1.36E-02,9.00E+01,1.96E-05,2.96E-01,1.58E-01,2.50E-01,2.09E+02,1.39E+01,2.23E+02,0.000128419,0.000134792
5.92E+04,260599,4.49E+01,7.52E-01,1.35E-02,9.00E+01,1.95E-05,2.96E-01,1.59E-01,2.48E-01,2.09E+02,1.36E+01,2.22E+02,0.000128363,0.000134733
5.92E+04,2.61E+05,1.81E+02,2.60E+00,1.35E-02,9.00E+01,1.95E-05,2.96E-01,1.59E-01,2.48E-01,2.09E+02,1.36E+01,2.22E+02,0.000128363,0.000134733
5.93E+04,260699,1.82E+02,2.60E+00,1.34E-02,9.00E+01,1.95E-05,2.98E-01,1.60E-01,2.46E-01,2.09E+02,1.35E+01,2.23E+02,0.000128307,0.000134675
5.93E+04,260699,4.49E+01,7.52E-01,1.34E-02,9.00E+01,1.95E-05,2.98E-01,1.60E-01,2.46E-01,2.09E+02,1.35E+01,2.23E+02,0.000128307,0.000134675
5.93E+04,2.61E+05,4.44E+01,7.51E-01,1.34E-02,9.00E+01,1.95E-05,2.97E-01,1.60E-01,2.44E-01,2.09E+02,1.33E+01,2.22E+02,0.000128251,0.000134616
5.93E+04,260800,1.82E+02,2.60E+00,1.34E-02,9.00E+01,1.95E-05,2.97E-01,1.60E-01,2.44E-01,2.09E+02,1.33E+01,2.22E+02,0.000128251,0.000134616
5.93E+04,260899,4.48E+01,7.52E-01,1.35E-02,9.00E+01,1.95E-05,2.96E-01,1.59E-01,2.47E-01,2.09E+02,1.36E+01,2.22E+02,0.000128195,0.000134558
5.93E+04,2.61E+05,1.81E+02,2.60E+00,1.35E-02,9.00E+01,1.95E-05,2.96E-01,1.59E-01,2.47E-01,2.09E+02,1.36E+01,2.22E+02,0.000128195,0.000134558
5.93E+04,260999,4.48E+01,7.51E-01,1.35E-02,9.00E+01,1.95E-05,2.96E-01,1.59E-01,2.47E-01,2.09E+02,1.36E+01,2.22E+02,0.00012814,0.0001345
5.93E+04,2.61E+05,1.81E+02,2.60E+00,1.35E-02,9.00E+01,1.95E-05,2.96E-01,1.59E-01,2.47E-01,2.09E+02,1.36E+01,2.22E+02,0.000128139,0.000134499
5.93E+04,2.61E+05,4.44E+01,7.51E-01,1.34E-02,9.00E+01,1.95E-05,2.97E-01,1.60E-01,2.44E-01,2.09E+02,1.32E+01,2.22E+02,0.000128083,0.000134441
5.93E+04,261100,1.82E+02,2.60E+00,1.34E-02,9.00E+01,1.95E-05,2.97E-01,1.60E-01,2.44E-01,2.09E+02,1.32E+01,2.22E+02,0.000128083,0.000134441
5.94E+04,261199,1.82E+02,2.60E+00,1.34E-02,9.00E+01,1.95E-05,2.98E-01,1.60E-01,2.46E-01,2.09E+02,1.35E+01,2.23E+02,0.000128028,0.000134383
5.94E+04,261199,4.48E+01,7.51E-01,1.34E-02,9.00E+01,1.95E-05,2.98E-01,1.60E-01,2.46E-01,2.09E+02,1.35E+01,2.23E+02,0.000128028,0.000134383
5.94E+04,261299,4.49E+01,7.52E-01,1.36E-02,9.00E+01,1.95E-05,2.95E-01,1.58E-01,2.49E-01,2.08E+02,1.37E+01,2.22E+02,0.000127972,0.000134325
5.94E+04,2.61E+05,1.81E+02,2.60E+00,1.36E-02,9.00E+01,1.95E-05,2.95E-01,1.58E-01,2.49E-01,2.08E+02,1.37E+01,2.22E+02,0.000127972,0.000134325
5.94E+04,261399,4.48E+01,7.51E-01,1.35E-02,9.00E+01,1.95E-05,2.96E-01,1.59E-01,2.47E-01,2.09E+02,1.36E+01,2.22E+02,0.000127916,0.000134267
5.94E+04,2.61E+05,1.81E+02,2.60E+00,1.35E-02,9.00E+01,1.95E-05,2.96E-01,1.59E-01,2.47E-01,2.09E+02,1.36E+01,2.22E+02,0.000127916,0.000134267
5.94E+04,2.61E+05,4.43E+01,7.51E-01,1.34E-02,9.00E+01,1.95E-05,2.97E-01,1.60E-01,2.44E-01,2.09E+02,1.32E+01,2.22E+02,0.000127861,0.000134208
5.94E+04,261500,1.82E+02,2.60E+00,1.34E-02,9.00E+01,1.95E-05,2.97E-01,1.60E-01,2.44E-01,2.09E+02,1.32E+01,2.22E+02,0.00012786,0.000134208
5.95E+04,261599,4.58E+01,7.55E-01,1.36E-02,9.00E+01,1.95E-05,2.97E-01,1.58E-01,2.52E-01,2.09E+02,1.42E+01,2.24E+02,0.000127805,0.000134151
5.95E+04,2.62E+05,1.82E+02,2.60E+00,1.36E-02,9.00E+01,1.95E-05,2.97E-01,1.58E-01,2.52E-01,2.09E+02,1.42E+01,2.24E+02,0.000127805,0.00013415
5.95E+04,261699,4.52E+01,7.55E-01,1.35E-02,9.00E+01,1.95E-05,2.97E-01,1.59E-01,2.49E-01,2.09E+02,1.38E+01,2.23E+02,0.00012775,0.000134093
5.95E+04,2.62E+05,1.82E+02,2.60E+00,1.35E-02,9.00E+01,1.95E-05,2.97E-01,1.59E-01,2.49E-01,2.09E+02,1.38E+01,2.23E+02,0.000127749,0.000134092
5.95E+04,261799,4.52E+01,7.55E-01,1.35E-02,9.00E+01,1.95E-05,2.96E-01,1.58E-01,2.49E-01,2.09E+02,1.38E+01,2.23E+02,0.000127694,0.000134035
5.95E+04,2.62E+05,1.81E+02,2.60E+00,1.35E-02,9.00E+01,1.95E-05,2.96E-01,1.58E-01,2.49E-01,2.09E+02,1.38E+01,2.23E+02,0.000127694,0.000134034
5.95E+04,261899,4.52E+01,7.55E-01,1.35E-02,9.00E+01,1.95E-05,2.97E-01,1.59E-01,2.48E-01,2.09E+02,1.37E+01,2.23E+02,0.000127639,0.000133977
5.95E+04,261900,1.82E+02,2.60E+00,1.35E-02,9.00E+01,1.95E-05,2.97E-01,1.59E-01,2.48E-01,2.09E+02,1.37E+01,2.23E+02,0.000127638,0.000133976
5.96E+04,2.62E+05,4.47E+01,7.55E-01,1.35E-02,9.01E+01,1.94E-05,2.96E-01,1.58E-01,2.47E-01,2.08E+02,1.35E+01,2.21E+02,0.000127583,0.000133919
5.96E+04,2.62E+05,1.81E+02,2.60E+00,1.35E-02,9.01E+01,1.94E-05,2.96E-01,1.58E-01,2.47E-01,2.08E+02,1.35E+01,2.21E+02,0.000127583,0.000133919
5.96E+04,262099,4.57E+01,7.54E-01,1.37E-02,9.01E+01,1.94E-05,2.94E-01,1.56E-01,2.54E-01,2.08E+02,1.43E+01,2.22E+02,0.000127528,0.000133861
5.96E+04,2.62E+05,1.80E+02,2.59E+00,1.37E-02,9.01E+01,1.94E-05,2.94E-01,1.56E-01,2.54E-01,2.08E+02,1.43E+01,2.22E+02,0.000127528,0.000133861
5.96E+04,2.62E+05,4.47E+01,7.54E-01,1.35E-02,9.01E+01,1.94E-05,2.97E-01,1.59E-01,2.46E-01,2.09E+02,1.34E+01,2.22E+02,0.000127472,0.000133803
5.96E+04,2.62E+05,1.81E+02,2.60E+00,1.35E-02,9.01E+01,1.94E-05,2.97E-01,1.59E-01,2.46E-01,2.09E+02,1.34E+01,2.22E+02,0.000127472,0.000133803
5.96E+04,2.62E+05,4.49E+01,7.56E-01,1.35E-02,9.01E+01,1.94E-05,2.96E-01,1.59E-01,2.47E-01,2.08E+02,1.35E+01,2.22E+02,0.000127417,0.000133745
5.96E+04,2.62E+05,1.82E+02,2.60E+00,1.35E-02,9.01E+01,1.94E-05,2.96E-01,1.59E-01,2.47E-01,2.08E+02,1.35E+01,2.22E+02,0.000127417,0.000133745
5.96E+04,2.62E+05,4.47E+01,7.54E-01,1.35E-02,9.01E+01,1.94E-05,2.96E-01,1.59E-01,2.46E-01,2.08E+02,1.34E+01,2.22E+02,0.000127362,0.000133688
5.96E+04,2.62E+05,1.82E+02,2.60E+00,1.35E-02,9.01E+01,1.94E-05,2.96E-01,1.59E-01,2.46E-01,2.08E+02,1.34E+01,2.22E+02,0.000127362,0.000133688
5.97E+04,2.62E+05,4.47E+01,7.54E-01,1.35E-02,9.01E+01,1.94E-05,2.95E-01,1.58E-01,2.47E-01,2.08E+02,1.35E+01,2.21E+02,0.000127306,0.00013363
5.97E+04,2.62E+05,1.81E+02,2.60E+00,1.35E-02,9.01E+01,1.94E-05,2.95E-01,1.58E-01,2.47E-01,2.08E+02,1.35E+01,2.21E+02,0.000127306,0.00013363
5.97E+04,262599,4.49E+01,7.52E-01,1.35E-02,9.01E+01,1.94E-05,2.96E-01,1.59E-01,2.48E-01,2.09E+02,1.36E+01,2.22E+02,0.000127251,0.000133573
59704,2.63E+05,1.81E+02,2.60E+00,1.35E-02,9.01E+01,1.94E-05,2.96E-01,1.59E-01,2.48E-01,2.09E+02,1.36E+01,2.22E+02,0.000127251,0.000133572
5.97E+04,2.63E+05,4.44E+01,7.52E-01,1.35E-02,9.01E+01,1.94E-05,2.96E-01,1.59E-01,2.45E-01,2.08E+02,1.33E+01,2.21E+02,0.000127196,0.000133515
59724,2.63E+05,1.81E+02,2.60E+00,1.35E-02,9.01E+01,1.94E-05,2.96E-01,1.59E-01,2.45E-01,2.08E+02,1.33E+01,2.21E+02,0.000127196,0.000133515
5.97E+04,262799,4.49E+01,7.53E-01,1.35E-02,9.01E+01,1.94E-05,2.96E-01,1.59E-01,2.48E-01,2.08E+02,1.36E+01,2.22E+02,0.000127141,0.000133458
59744,2.63E+05,1.81E+02,2.60E+00,1.35E-02,9.01E+01,1.94E-05,2.96E-01,1.59E-01,2.48E-01,2.08E+02,1.36E+01,2.22E+02,0.000127141,0.000133457
5.98E+04,262899,4.48E+01,7.51E-01,1.35E-02,9.01E+01,1.94E-05,2.96E-01,1.59E-01,2.47E-01,2.09E+02,1.36E+01,2.22E+02,0.000127086,0.0001334
59764,2.63E+05,1.81E+02,2.60E+00,1.35E-02,9.01E+01,1.94E-05,2.96E-01,1.59E-01,2.47E-01,2.09E+02,1.36E+01,2.22E+02,0.000127086,0.0001334
5.98E+04,2.63E+05,4.43E+01,7.52E-01,1.34E-02,9.01E+01,1.94E-05,2.97E-01,1.60E-01,2.44E-01,2.08E+02,1.32E+01,2.22E+02,0.000127031,0.000133343
59784,263000,1.82E+02,2.60E+00,1.34E-02,9.01E+01,1.94E-05,2.97E-01,1.60E-01,2.44E-01,2.08E+02,1.32E+01,2.22E+02,0.000127031,0.000133342
5.98E+04,263099,4.48E+01,7.52E-01,1.35E-02,9.01E+01,1.94E-05,2.96E-01,1.59E-01,2.47E-01,2.09E+02,1.36E+01,2.22E+02,0.000126976,0.000133286
59804,2.63E+05,1.81E+02,2.60E+00,1.35E-02,9.01E+01,1.94E-05,2.96E-01,1.59E-01,2.47E-01,2.09E+02,1.36E+01,2.22E+02,0.000126976,0.000133285
5.98E+04,263199,4.48E+01,7.52E-01,1.35E-02,9.01E+01,1.94E-05,2.96E-01,1.59E-01,2.47E-01,2.08E+02,1.36E+01,2.22E+02,0.000126921,0.000133228
59824,2.63E+05,1.81E+02,2.60E+00,1.35E-02,9.01E+01,1.94E-05,2.96E-01,1.59E-01,2.47E-01,2.08E+02,1.36E+01,2.22E+02,0.000126921,0.000133228
5.98E+04,2.63E+05,4.44E+01,7.53E-01,1.35E-02,9.01E+01,1.94E-05,2.96E-01,1.59E-01,2.45E-01,2.08E+02,1.33E+01,2.21E+02,0.000126866,0.000133171
59844,2.63E+05,1.81E+02,2.60E+00,1.35E-02,9.01E+01,1.94E-05,2.96E-01,1.59E-01,2.45E-01,2.08E+02,1.33E+01,2.21E+02,0.000126866,0.000133171
5.99E+04,2.63E+05,4.43E+01,7.52E-01,1.34E-02,9.01E+01,1.93E-05,2.97E-01,1.60E-01,2.44E-01,2.08E+02,1.32E+01,2.22E+02,0.000126811,0.000133113
59864,263400,1.82E+02,2.60E+00,1.34E-02,9.01E+01,1.93E-05,2.97E-01,1.60E-01,2.44E-01,2.08E+02,1.32E+01,2.22E+02,0.000126811,0.000133113
5.99E+04,2.63E+05,4.43E+01,7.51E-01,1.34E-02,9.01E+01,1.93E-05,2.97E-01,1.60E-01,2.44E-01,2.09E+02,1.32E+01,2.22E+02,0.000126757,0.000133056
59884,263500,1.82E+02,2.60E+00,1.34E-02,9.01E+01,1.93E-05,2.97E-01,1.60E-01,2.44E-01,2.09E+02,1.32E+01,2.22E+02,0.000126756,0.000133056
5.99E+04,263599,4.51E+01,7.53E-01,1.35E-02,9.01E+01,1.93E-05,2.97E-01,1.59E-01,2.48E-01,2.09E+02,1.37E+01,2.23E+02,0.000126702,0.000132999
5.99E+04,263600,1.82E+02,2.60E+00,1.35E-02,9.01E+01,1.93E-05,2.97E-01,1.59E-01,2.48E-01,2.09E+02,1.37E+01,2.23E+02,0.000126702,0.000132999
6.00E+04,263699,4.50E+01,7.53E-01,1.35E-02,9.01E+01,1.93E-05,2.97E-01,1.59E-01,2.48E-01,2.09E+02,1.37E+01,2.23E+02,0.000126648,0.000132942
6.00E+04,263700,1.82E+02,2.60E+00,1.35E-02,9.01E+01,1.93E-05,2.97E-01,1.59E-01,2.48E-01,2.09E+02,1.37E+01,2.23E+02,0.000126647,0.000132942
6.00E+04,263799,4.56E+01,7.54E-01,1.36E-02,9.01E+01,1.93E-05,2.95E-01,1.57E-01,2.52E-01,2.08E+02,1.41E+01,2.23E+02,0.000126593,0.000132885
6.00E+04,2.64E+05,1.81E+02,2.60E+00,1.36E-02,9.01E+01,1.93E-05,2.95E-01,1.57E-01,2.52E-01,2.08E+02,1.41E+01,2.23E+02,0.000126593,0.000132885
6.00E+04,263899,4.50E+01,7.53E-01,1.36E-02,9.01E+01,1.93E-05,2.95E-01,1.58E-01,2.49E-01,2.08E+02,1.37E+01,2.22E+02,0.000126538,0.000132828
6.00E+04,2.64E+05,1.81E+02,2.60E+00,1.36E-02,9.01E+01,1.93E-05,2.95E-01,1.58E-01,2.49E-01,2.08E+02,1.37E+01,2.22E+02,0.000126538,0.000132828
6.00E+04,2.64E+05,4.45E+01,7.53E-01,1.35E-02,9.01E+01,1.93E-05,2.95E-01,1.58E-01,2.46E-01,2.08E+02,1.34E+01,2.21E+02,0.000126484,0.000132771
6.00E+04,2.64E+05,1.81E+02,2.60E+00,1.35E-02,9.01E+01,1.93E-05,2.95E-01,1.58E-01,2.46E-01,2.08E+02,1.34E+01,2.21E+02,0.000126484,0.000132771
6.00E+04,2.64E+05,4.46E+01,7.52E-01,1.35E-02,9.01E+01,1.93E-05,2.95E-01,1.58E-01,2.47E-01,2.08E+02,1.34E+01,2.21E+02,0.000126429,0.000132714
6.00E+04,2.64E+05,1.81E+02,2.60E+00,1.35E-02,9.01E+01,1.93E-05,2.95E-01,1.58E-01,2.47E-01,2.08E+02,1.34E+01,2.21E+02,0.000126429,0.000132714
6.01E+04,264199,4.49E+01,7.53E-01,1.36E-02,9.01E+01,1.93E-05,2.95E-01,1.58E-01,2.49E-01,2.08E+02,1.37E+01,2.22E+02,0.000126375,0.000132658
6.01E+04,2.64E+05,1.81E+02,2.60E+00,1.36E-02,9.01E+01,1.93E-05,2.95E-01,1.58E-01,2.49E-01,2.08E+02,1.37E+01,2.22E+02,0.000126375,0.000132657
6.01E+04,264299,4.50E+01,7.53E-01,1.35E-02,9.01E+01,1.93E-05,2.96E-01,1.58E-01,2.48E-01,2.08E+02,1.37E+01,2.22E+02,0.00012632,0.000132601
6.01E+04,264300,1.81E+02,2.60E+00,1.35E-02,9.01E+01,1.93E-05,2.96E-01,1.58E-01,2.48E-01,2.08E+02,1.37E+01,2.22E+02,0.00012632,0.0001326
6.01E+04,264399,4.50E+01,7.52E-01,1.36E-02,9.01E+01,1.93E-05,2.95E-01,1.58E-01,2.49E-01,2.08E+02,1.38E+01,2.22E+02,0.000126266,0.000132544
6.01E+04,2.64E+05,1.81E+02,2.59E+00,1.36E-02,9.01E+01,1.93E-05,2.95E-01,1.58E-01,2.49E-01,2.08E+02,1.38E+01,2.22E+02,0.000126266,0.000132544
6.01E+04,2.64E+05,4.45E+01,7.53E-01,1.34E-02,9.01E+01,1.93E-05,2.96E-01,1.59E-01,2.45E-01,2.08E+02,1.33E+01,2.22E+02,0.000126211,0.000132487
6.01E+04,264500,1.82E+02,2.60E+00,1.34E-02,9.01E+01,1.93E-05,2.96E-01,1.59E-01,2.45E-01,2.08E+02,1.33E+01,2.22E+02,0.000126211,0.000132487
6.02E+04,2.65E+05,4.41E+01,7.53E-01,1.35E-02,9.01E+01,1.93E-05,2.95E-01,1.59E-01,2.44E-01,2.07E+02,1.31E+01,2.20E+02,0.000126157,0.000132431
6.02E+04,2.65E+05,1.81E+02,2.60E+00,1.35E-02,9.01E+01,1.93E-05,2.95E-01,1.59E-01,2.44E-01,2.07E+02,1.31E+01,2.20E+02,0.000126157,0.000132431
6.02E+04,2.65E+05,4.46E+01,7.52E-01,1.35E-02,9.01E+01,1.93E-05,2.95E-01,1.59E-01,2.47E-01,2.08E+02,1.35E+01,2.22E+02,0.000126103,0.000132374
6.02E+04,2.65E+05,1.81E+02,2.60E+00,1.35E-02,9.01E+01,1.93E-05,2.95E-01,1.59E-01,2.47E-01,2.08E+02,1.35E+01,2.22E+02,0.000126103,0.000132374
6.02E+04,2.65E+05,4.42E+01,7.53E-01,1.35E-02,9.01E+01,1.93E-05,2.94E-01,1.58E-01,2.45E-01,2.07E+02,1.32E+01,2.20E+02,0.000126049,0.000132317
6.02E+04,2.65E+05,1.80E+02,2.60E+00,1.35E-02,9.01E+01,1.93E-05,2.94E-01,1.58E-01,2.45E-01,2.07E+02,1.32E+01,2.20E+02,0.000126049,0.000132317
6.02E+04,264899,4.51E+01,7.52E-01,1.36E-02,9.01E+01,1.92E-05,2.96E-01,1.58E-01,2.49E-01,2.09E+02,1.38E+01,2.22E+02,0.000125995,0.000132261
6.02E+04,2.65E+05,1.81E+02,2.60E+00,1.36E-02,9.01E+01,1.92E-05,2.96E-01,1.58E-01,2.49E-01,2.09E+02,1.38E+01,2.22E+02,0.000125995,0.000132261
6.02E+04,2.65E+05,4.45E+01,7.53E-01,1.35E-02,9.01E+01,1.92E-05,2.95E-01,1.59E-01,2.46E-01,2.08E+02,1.34E+01,2.21E+02,0.000125941,0.000132204
6.02E+04,2.65E+05,1.81E+02,2.60E+00,1.35E-02,9.01E+01,1.92E-05,2.95E-01,1.59E-01,2.46E-01,2.08E+02,1.34E+01,2.21E+02,0.000125941,0.000132204
6.03E+04,2.65E+05,4.45E+01,7.52E-01,1.35E-02,9.01E+01,1.92E-05,2.95E-01,1.59E-01,2.46E-01,2.08E+02,1.34E+01,2.21E+02,0.000125886,0.000132148
6.03E+04,2.65E+05,1.81E+02,2.60E+00,1.35E-02,9.01E+01,1.92E-05,2.95E-01,1.59E-01,2.46E-01,2.08E+02,1.34E+01,2.21E+02,0.000125886,0.000132148
6.03E+04,2.65E+05,4.40E+01,7.51E-01,1.34E-02,9.01E+01,1.92E-05,2.96E-01,1.60E-01,2.43E-01,2.08E+02,1.30E+01,2.21E+02,0.000125832,0.000132092
6.03E+04,265200,1.81E+02,2.60E+00,1.34E-02,9.01E+01,1.92E-05,2.96E-01,1.60E-01,2.43E-01,2.08E+02,1.30E+01,2.21E+02,0.000125832,0.000132091
6.03E+04,2.65E+05,4.45E+01,7.52E-01,1.36E-02,9.01E+01,1.92E-05,2.94E-01,1.58E-01,2.47E-01,2.07E+02,1.34E+01,2.21E+02,0.000125778,0.000132035
6.03E+04,2.65E+05,1.80E+02,2.60E+00,1.36E-02,9.01E+01,1.92E-05,2.94E-01,1.58E-01,2.47E-01,2.07E+02,1.34E+01,2.21E+02,0.000125778,0.000132035
6.03E+04,265399,4.51E+01,7.53E-01,1.36E-02,9.01E+01,1.92E-05,2.95E-01,1.58E-01,2.49E-01,2.08E+02,1.38E+01,2.22E+02,0.000125725,0.000131979
6.03E+04,2.65E+05,1.81E+02,2.60E+00,1.36E-02,9.01E+01,1.92E-05,2.95E-01,1.58E-01,2.49E-01,2.08E+02,1.38E+01,2.22E+02,0.000125725,0.000131979
6.03E+04,2.65E+05,4.41E+01,7.53E-01,1.35E-02,9.01E+01,1.92E-05,2.95E-01,1.59E-01,2.44E-01,2.08E+02,1.31E+01,2.21E+02,0.000125671,0.000131923
6.03E+04,2.65E+05,1.81E+02,2.60E+00,1.35E-02,9.01E+01,1.92E-05,2.95E-01,1.59E-01,2.44E-01,2.08E+02,1.31E+01,2.21E+02,0.000125671,0.000131923
6.04E+04,265599,4.55E+01,7.55E-01,1.35E-02,9.01E+01,1.92E-05,2.97E-01,1.58E-01,2.50E-01,2.09E+02,1.40E+01,2.23E+02,0.000125617,0.000131867
6.04E+04,265600,1.82E+02,2.60E+00,1.35E-02,9.01E+01,1.92E-05,2.97E-01,1.58E-01,2.50E-01,2.09E+02,1.40E+01,2.23E+02,0.000125617,0.000131866
6.04E+04,2.66E+05,4.44E+01,7.54E-01,1.35E-02,9.01E+01,1.92E-05,2.96E-01,1.59E-01,2.45E-01,2.08E+02,1.33E+01,2.21E+02,0.000125563,0.00013181
6.04E+04,265700,1.81E+02,2.60E+00,1.35E-02,9.01E+01,1.92E-05,2.96E-01,1.59E-01,2.45E-01,2.08E+02,1.33E+01,2.21E+02,0.000125563,0.00013181
6.04E+04,2.66E+05,4.44E+01,7.52E-01,1.35E-02,9.01E+01,1.92E-05,2.95E-01,1.59E-01,2.46E-01,2.08E+02,1.33E+01,2.21E+02,0.000125509,0.000131754
6.04E+04,2.66E+05,1.81E+02,2.60E+00,1.35E-02,9.01E+01,1.92E-05,2.95E-01,1.59E-01,2.46E-01,2.08E+02,1.33E+01,2.21E+02,0.000125509,0.000131754
6.04E+04,2.66E+05,4.44E+01,7.54E-01,1.35E-02,9.01E+01,1.92E-05,2.95E-01,1.58E-01,2.46E-01,2.08E+02,1.33E+01,2.21E+02,0.000125456,0.000131698
6.04E+04,2.66E+05,1.81E+02,2.60E+00,1.35E-02,9.01E+01,1.92E-05,2.95E-01,1.58E-01,2.46E-01,2.08E+02,1.33E+01,2.21E+02,0.000125456,0.000131698
6.05E+04,2.66E+05,4.41E+01,7.55E-01,1.34E-02,9.01E+01,1.92E-05,2.96E-01,1.59E-01,2.43E-01,2.08E+02,1.30E+01,2.21E+02,0.000125402,0.000131642
6.05E+04,266000,1.81E+02,2.60E+00,1.34E-02,9.01E+01,1.92E-05,2.96E-01,1.59E-01,2.43E-01,2.08E+02,1.30E+01,2.21E+02,0.000125402,0.000131642
6.05E+04,266099,4.50E+01,7.53E-01,1.36E-02,9.01E+01,1.92E-05,2.95E-01,1.58E-01,2.49E-01,2.08E+02,1.38E+01,2.22E+02,0.000125349,0.000131586
6.05E+04,2.66E+05,1.81E+02,2.60E+00,1.36E-02,9.01E+01,1.92E-05,2.95E-01,1.58E-01,2.49E-01,2.08E+02,1.38E+01,2.22E+02,0.000125348,0.000131586
6.05E+04,266199,4.48E+01,7.54E-01,1.35E-02,9.01E+01,1.92E-05,2.96E-01,1.59E-01,2.47E-01,2.08E+02,1.36E+01,2.22E+02,0.000125295,0.00013153
6.05E+04,266200,1.81E+02,2.60E+00,1.35E-02,9.01E+01,1.92E-05,2.96E-01,1.59E-01,2.47E-01,2.08E+02,1.36E+01,2.22E+02,0.000125294,0.00013153
6.05E+04,266299,4.54E+01,7.54E-01,1.36E-02,9.01E+01,1.91E-05,2.96E-01,1.58E-01,2.51E-01,2.09E+02,1.40E+01,2.23E+02,0.000125241,0.000131475
6.05E+04,266300,1.81E+02,2.60E+00,1.36E-02,9.01E+01,1.91E-05,2.96E-01,1.58E-01,2.51E-01,2.09E+02,1.40E+01,2.23E+02,0.000125241,0.000131474
6.05E+04,2.66E+05,4.44E+01,7.54E-01,1.35E-02,9.01E+01,1.91E-05,2.95E-01,1.58E-01,2.46E-01,2.08E+02,1.34E+01,2.21E+02,0.000125188,0.000131418
6.05E+04,2.66E+05,1.81E+02,2.60E+00,1.35E-02,9.01E+01,1.91E-05,2.95E-01,1.58E-01,2.46E-01,2.08E+02,1.34E+01,2.21E+02,0.000125188,0.000131418
6.06E+04,2.66E+05,4.45E+01,7.54E-01,1.35E-02,9.01E+01,1.91E-05,2.95E-01,1.58E-01,2.46E-01,2.08E+02,1.34E+01,2.21E+02,0.000125134,0.000131363
6.06E+04,2.66E+05,1.81E+02,2.60E+00,1.35E-02,9.01E+01,1.91E-05,2.95E-01,1.58E-01,2.46E-01,2.08E+02,1.34E+01,2.21E+02,0.000125134,0.000131363
6.06E+04,2.67E+05,4.45E+01,7.52E-01,1.36E-02,9.01E+01,1.91E-05,2.94E-01,1.58E-01,2.47E-01,2.07E+02,1.34E+01,2.21E+02,0.000125081,0.000131307
6.06E+04,2.67E+05,1.80E+02,2.60E+00,1.36E-02,9.01E+01,1.91E-05,2.94E-01,1.58E-01,2.47E-01,2.07E+02,1.34E+01,2.21E+02,0.000125081,0.000131307
6.06E+04,266699,4.51E+01,7.53E-01,1.36E-02,9.01E+01,1.91E-05,2.94E-01,1.57E-01,2.50E-01,2.08E+02,1.38E+01,2.22E+02,0.000125028,0.000131251
6.06E+04,2.67E+05,1.80E+02,2.60E+00,1.36E-02,9.01E+01,1.91E-05,2.94E-01,1.57E-01,2.50E-01,2.08E+02,1.38E+01,2.22E+02,0.000125027,0.000131251
6.07E+04,266799,4.49E+01,7.51E-01,1.36E-02,9.01E+01,1.91E-05,2.94E-01,1.57E-01,2.49E-01,2.08E+02,1.37E+01,2.21E+02,0.000124974,0.000131196
6.07E+04,2.67E+05,1.80E+02,2.60E+00,1.36E-02,9.01E+01,1.91E-05,2.94E-01,1.57E-01,2.49E-01,2.08E+02,1.37E+01,2.21E+02,0.000124974,0.000131195
6.07E+04,2.67E+05,4.43E+01,7.52E-01,1.35E-02,9.01E+01,1.91E-05,2.95E-01,1.59E-01,2.45E-01,2.08E+02,1.33E+01,2.21E+02,0.000124921,0.00013114
6.07E+04,2.67E+05,1.81E+02,2.60E+00,1.35E-02,9.01E+01,1.91E-05,2.95E-01,1.59E-01,2.45E-01,2.08E+02,1.33E+01,2.21E+02,0.000124921,0.00013114
6.07E+04,266999,4.49E+01,7.53E-01,1.36E-02,9.01E+01,1.91E-05,2.95E-01,1.58E-01,2.48E-01,2.08E+02,1.37E+01,2.22E+02,0.000124868,0.000131085
6.07E+04,2.67E+05,1.81E+02,2.60E+00,1.36E-02,9.01E+01,1.91E-05,2.95E-01,1.58E-01,2.48E-01,2.08E+02,1.37E+01,2.22E+02,0.000124868,0.000131084
6.07E+04,267099,4.50E+01,7.51E-01,1.36E-02,9.01E+01,1.91E-05,2.95E-01,1.58E-01,2.49E-01,2.08E+02,1.37E+01,2.22E+02,0.000124815,0.000131029
6.07E+04,2.67E+05,1.81E+02,2.60E+00,1.36E-02,9.01E+01,1.91E-05,2.95E-01,1.58E-01,2.49E-01,2.08E+02,1.37E+01,2.22E+02,0.000124814,0.000131029
6.07E+04,2.67E+05,4.44E+01,7.51E-01,1.35E-02,9.02E+01,1.91E-05,2.95E-01,1.59E-01,2.46E-01,2.08E+02,1.33E+01,2.21E+02,0.000124761,0.000130973
6.07E+04,2.67E+05,1.81E+02,2.60E+00,1.35E-02,9.02E+01,1.91E-05,2.95E-01,1.59E-01,2.46E-01,2.08E+02,1.33E+01,2.21E+02,0.000124761,0.000130973
6.08E+04,267299,4.54E+01,7.52E-01,1.36E-02,9.02E+01,1.91E-05,2.95E-01,1.57E-01,2.51E-01,2.09E+02,1.41E+01,2.23E+02,0.000124708,0.000130918
6.08E+04,2.67E+05,1.81E+02,2.60E+00,1.36E-02,9.02E+01,1.91E-05,2.95E-01,1.57E-01,2.51E-01,2.09E+02,1.41E+01,2.23E+02,0.000124708,0.000130918
6.08E+04,2.67E+05,4.44E+01,7.52E-01,1.36E-02,9.02E+01,1.91E-05,2.94E-01,1.58E-01,2.46E-01,2.07E+02,1.34E+01,2.21E+02,0.000124655,0.000130862
6.08E+04,2.67E+05,1.80E+02,2.60E+00,1.36E-02,9.02E+01,1.91E-05,2.94E-01,1.58E-01,2.46E-01,2.07E+02,1.34E+01,2.21E+02,0.000124655,0.000130862
6.08E+04,267499,4.49E+01,7.52E-01,1.36E-02,9.02E+01,1.91E-05,2.94E-01,1.57E-01,2.49E-01,2.08E+02,1.38E+01,2.22E+02,0.000124602,0.000130807
6.08E+04,2.67E+05,1.80E+02,2.60E+00,1.36E-02,9.02E+01,1.91E-05,2.94E-01,1.57E-01,2.49E-01,2.08E+02,1.38E+01,2.22E+02,0.000124602,0.000130807
6.08E+04,267599,4.52E+01,7.53E-01,1.37E-02,9.02E+01,1.91E-05,2.94E-01,1.57E-01,2.51E-01,2.08E+02,1.39E+01,2.21E+02,0.000124549,0.000130752
6.08E+04,2.68E+05,1.80E+02,2.60E+00,1.37E-02,9.02E+01,1.91E-05,2.94E-01,1.57E-01,2.51E-01,2.08E+02,1.39E+01,2.21E+02,0.000124549,0.000130752
6.09E+04,267699,4.52E+01,7.55E-01,1.35E-02,9.02E+01,1.91E-05,2.95E-01,1.58E-01,2.49E-01,2.08E+02,1.38E+01,2.22E+02,0.000124496,0.000130697
6.09E+04,267700,1.81E+02,2.60E+00,1.35E-02,9.02E+01,1.91E-05,2.95E-01,1.58E-01,2.49E-01,2.08E+02,1.38E+01,2.22E+02,0.000124496,0.000130696
6.09E+04,267799,4.46E+01,7.52E-01,1.36E-02,9.02E+01,1.90E-05,2.95E-01,1.58E-01,2.47E-01,2.08E+02,1.35E+01,2.21E+02,0.000124443,0.000130642
6.09E+04,2.68E+05,1.81E+02,2.60E+00,1.36E-02,9.02E+01,1.90E-05,2.95E-01,1.58E-01,2.47E-01,2.08E+02,1.35E+01,2.21E+02,0.000124443,0.000130641
6.09E+04,267899,4.46E+01,7.54E-01,1.36E-02,9.02E+01,1.90E-05,2.93E-01,1.57E-01,2.48E-01,2.07E+02,1.35E+01,2.20E+02,0.000124391,0.000130586
6.09E+04,2.68E+05,1.80E+02,2.60E+00,1.36E-02,9.02E+01,1.90E-05,2.93E-01,1.57E-01,2.48E-01,2.07E+02,1.35E+01,2.20E+02,0.00012439,0.000130586
6.09E+04,267999,4.46E+01,7.53E-01,1.36E-02,9.02E+01,1.90E-05,2.94E-01,1.57E-01,2.48E-01,2.07E+02,1.36E+01,2.21E+02,0.000124338,0.000130531
6.09E+04,2.68E+05,1.80E+02,2.60E+00,1.36E-02,9.02E+01,1.90E-05,2.94E-01,1.57E-01,2.48E-01,2.07E+02,1.36E+01,2.21E+02,0.000124337,0.000130531
6.09E+04,268099,4.52E+01,7.52E-01,1.36E-02,9.02E+01,1.90E-05,2.95E-01,1.58E-01,2.49E-01,2.09E+02,1.38E+01,2.22E+02,0.000124285,0.000130476
6.09E+04,268100,1.81E+02,2.60E+00,1.36E-02,9.02E+01,1.90E-05,2.95E-01,1.58E-01,2.49E-01,2.09E+02,1.38E+01,2.22E+02,0.000124284,0.000130476
6.10E+04,268199,4.57E+01,7.54E-01,1.37E-02,9.02E+01,1.90E-05,2.93E-01,1.56E-01,2.54E-01,2.08E+02,1.44E+01,2.22E+02,0.000124232,0.000130421
6.10E+04,2.68E+05,1.80E+02,2.60E+00,1.37E-02,9.02E+01,1.90E-05,2.93E-01,1.56E-01,2.54E-01,2.08E+02,1.44E+01,2.22E+02,0.000124232,0.000130421
6.10E+04,268299,4.51E+01,7.54E-01,1.37E-02,9.02E+01,1.90E-05,2.93E-01,1.56E-01,2.51E-01,2.07E+02,1.39E+01,2.21E+02,0.000124179,0.000130366
6.10E+04,2.68E+05,1.80E+02,2.60E+00,1.37E-02,9.02E+01,1.90E-05,2.93E-01,1.56E-01,2.51E-01,2.07E+02,1.39E+01,2.21E+02,0.000124179,0.000130366
6.10E+04,268399,4.46E+01,7.53E-01,1.36E-02,9.02E+01,1.90E-05,2.95E-01,1.58E-01,2.47E-01,2.08E+02,1.35E+01,2.21E+02,0.000124127,0.000130311
6.10E+04,2.68E+05,1.81E+02,2.60E+00,1.36E-02,9.02E+01,1.90E-05,2.95E-01,1.58E-01,2.47E-01,2.08E+02,1.35E+01,2.21E+02,0.000124127,0.000130311
6.10E+04,2.68E+05,4.41E+01,7.53E-01,1.35E-02,9.02E+01,1.90E-05,2.94E-01,1.59E-01,2.44E-01,2.07E+02,1.31E+01,2.20E+02,0.000124074,0.000130256
6.10E+04,2.68E+05,1.81E+02,2.60E+00,1.35E-02,9.02E+01,1.90E-05,2.94E-01,1.59E-01,2.44E-01,2.07E+02,1.31E+01,2.20E+02,0.000124074,0.000130256
6.11E+04,2.69E+05,4.41E+01,7.53E-01,1.35E-02,9.02E+01,1.90E-05,2.94E-01,1.58E-01,2.45E-01,2.07E+02,1.32E+01,2.20E+02,0.000124021,0.000130201
6.11E+04,2.69E+05,1.80E+02,2.60E+00,1.35E-02,9.02E+01,1.90E-05,2.94E-01,1.58E-01,2.45E-01,2.07E+02,1.32E+01,2.20E+02,0.000124021,0.000130201
6.11E+04,268699,4.50E+01,7.54E-01,1.36E-02,9.02E+01,1.90E-05,2.94E-01,1.57E-01,2.50E-01,2.08E+02,1.38E+01,2.21E+02,0.000123969,0.000130146
6.11E+04,2.69E+05,1.80E+02,2.60E+00,1.36E-02,9.02E+01,1.90E-05,2.94E-01,1.57E-01,2.50E-01,2.08E+02,1.38E+01,2.21E+02,0.000123969,0.000130146
6.11E+04,2.69E+05,4.41E+01,7.55E-01,1.35E-02,9.02E+01,1.90E-05,2.95E-01,1.59E-01,2.44E-01,2.07E+02,1.31E+01,2.20E+02,0.000123916,0.000130091
6.11E+04,268800,1.81E+02,2.60E+00,1.35E-02,9.02E+01,1.90E-05,2.95E-01,1.59E-01,2.44E-01,2.07E+02,1.31E+01,2.20E+02,0.000123916,0.000130091
6.11E+04,2.69E+05,4.45E+01,7.55E-01,1.35E-02,9.02E+01,1.90E-05,2.95E-01,1.58E-01,2.46E-01,2.08E+02,1.34E+01,2.21E+02,0.000123864,0.000130037
6.11E+04,268900,1.81E+02,2.60E+00,1.35E-02,9.02E+01,1.90E-05,2.95E-01,1.58E-01,2.46E-01,2.08E+02,1.34E+01,2.21E+02,0.000123864,0.000130036
6.11E+04,2.69E+05,4.46E+01,7.55E-01,1.36E-02,9.02E+01,1.90E-05,2.94E-01,1.57E-01,2.47E-01,2.07E+02,1.35E+01,2.20E+02,0.000123812,0.000129982
6.11E+04,2.69E+05,1.80E+02,2.60E+00,1.36E-02,9.02E+01,1.90E-05,2.94E-01,1.57E-01,2.47E-01,2.07E+02,1.35E+01,2.20E+02,0.000123812,0.000129982
6.12E+04,269099,4.50E+01,7.54E-01,1.36E-02,9.02E+01,1.90E-05,2.95E-01,1.58E-01,2.49E-01,2.08E+02,1.37E+01,2.22E+02,0.000123759,0.000129928
6.12E+04,269100,1.81E+02,2.60E+00,1.36E-02,9.02E+01,1.90E-05,2.95E-01,1.58E-01,2.49E-01,2.08E+02,1.37E+01,2.22E+02,0.000123759,0.000129927
6.12E+04,269199,4.51E+01,7.53E-01,1.36E-02,9.02E+01,1.90E-05,2.94E-01,1.57E-01,2.50E-01,2.08E+02,1.38E+01,2.21E+02,0.000123707,0.000129873
6.12E+04,2.69E+05,1.80E+02,2.60E+00,1.36E-02,9.02E+01,1.90E-05,2.94E-01,1.57E-01,2.50E-01,2.08E+02,1.38E+01,2.21E+02,0.000123707,0.000129873
6.12E+04,2.69E+05,4.45E+01,7.53E-01,1.35E-02,9.02E+01,1.89E-05,2.96E-01,1.59E-01,2.46E-01,2.08E+02,1.34E+01,2.21E+02,0.000123655,0.000129818
6.12E+04,269300,1.81E+02,2.60E+00,1.35E-02,9.02E+01,1.89E-05,2.96E-01,1.59E-01,2.46E-01,2.08E+02,1.34E+01,2.21E+02,0.000123654,0.000129818
6.12E+04,269399,4.50E+01,7.54E-01,1.36E-02,9.02E+01,1.89E-05,2.95E-01,1.58E-01,2.49E-01,2.08E+02,1.38E+01,2.22E+02,0.000123603,0.000129764
6.12E+04,269400,1.81E+02,2.60E+00,1.36E-02,9.02E+01,1.89E-05,2.95E-01,1.58E-01,2.49E-01,2.08E+02,1.38E+01,2.22E+02,0.000123602,0.000129763
6.12E+04,2.69E+05,4.41E+01,7.55E-01,1.35E-02,9.02E+01,1.89E-05,2.95E-01,1.59E-01,2.44E-01,2.07E+02,1.31E+01,2.20E+02,0.00012355,0.000129709
6.12E+04,269500,1.81E+02,2.60E+00,1.35E-02,9.02E+01,1.89E-05,2.95E-01,1.59E-01,2.44E-01,2.07E+02,1.31E+01,2.20E+02,0.00012355,0.000129709
6.13E+04,269599,4.51E+01,7.53E-01,1.36E-02,9.02E+01,1.89E-05,2.94E-01,1.57E-01,2.50E-01,2.08E+02,1.38E+01,2.22E+02,0.000123498,0.000129655
6.13E+04,2.70E+05,1.81E+02,2.60E+00,1.36E-02,9.02E+01,1.89E-05,2.94E-01,1.57E-01,2.50E-01,2.08E+02,1.38E+01,2.22E+02,0.000123498,0.000129655
6.13E+04,2.70E+05,4.39E+01,7.49E-01,1.36E-02,9.02E+01,1.89E-05,2.93E-01,1.58E-01,2.44E-01,2.07E+02,1.31E+01,2.20E+02,0.000123446,0.0001296
6.13E+04,2.70E+05,1.80E+02,2.60E+00,1.36E-02,9.02E+01,1.89E-05,2.93E-01,1.58E-01,2.44E-01,2.07E+02,1.31E+01,2.20E+02,0.000123446,0.0001296
6.13E+04,2.70E+05,4.45E+01,7.51E-01,1.36E-02,9.02E+01,1.89E-05,2.94E-01,1.58E-01,2.47E-01,2.07E+02,1.34E+01,2.21E+02,0.000123394,0.000129546
6.13E+04,2.70E+05,1.80E+02,2.60E+00,1.36E-02,9.02E+01,1.89E-05,2.94E-01,1.58E-01,2.47E-01,2.07E+02,1.34E+01,2.21E+02,0.000123394,0.000129546
6.14E+04,269899,4.50E+01,7.51E-01,1.36E-02,9.02E+01,1.89E-05,2.94E-01,1.57E-01,2.49E-01,2.08E+02,1.38E+01,2.22E+02,0.000123342,0.000129492
6.14E+04,2.70E+05,1.80E+02,2.60E+00,1.36E-02,9.02E+01,1.89E-05,2.94E-01,1.57E-01,2.49E-01,2.08E+02,1.38E+01,2.22E+02,0.000123342,0.000129492
6.14E+04,2.70E+05,4.44E+01,7.49E-01,1.36E-02,9.02E+01,1.89E-05,2.94E-01,1.58E-01,2.46E-01,2.08E+02,1.34E+01,2.21E+02,0.00012329,0.000129437
6.14E+04,2.70E+05,1.80E+02,2.60E+00,1.36E-02,9.02E+01,1.89E-05,2.94E-01,1.58E-01,2.46E-01,2.08E+02,1.34E+01,2.21E+02,0.00012329,0.000129437
6.14E+04,2.70E+05,4.45E+01,7.51E-01,1.36E-02,9.02E+01,1.89E-05,2.94E-01,1.58E-01,2.46E-01,2.07E+02,1.34E+01,2.21E+02,0.000123238,0.000129383
6.14E+04,2.70E+05,1.80E+02,2.60E+00,1.36E-02,9.02E+01,1.89E-05,2.94E-01,1.58E-01,2.46E-01,2.07E+02,1.34E+01,2.21E+02,0.000123238,0.000129383
6.14E+04,270199,4.49E+01,7.50E-01,1.36E-02,9.02E+01,1.89E-05,2.95E-01,1.58E-01,2.48E-01,2.08E+02,1.37E+01,2.22E+02,0.000123186,0.000129329
6.14E+04,270200,1.81E+02,2.60E+00,1.36E-02,9.02E+01,1.89E-05,2.95E-01,1.58E-01,2.48E-01,2.08E+02,1.37E+01,2.22E+02,0.000123186,0.000129329
6.14E+04,2.70E+05,4.44E+01,7.51E-01,1.36E-02,9.02E+01,1.89E-05,2.94E-01,1.58E-01,2.46E-01,2.08E+02,1.34E+01,2.21E+02,0.000123134,0.000129275
6.14E+04,2.70E+05,1.81E+02,2.60E+00,1.36E-02,9.02E+01,1.89E-05,2.94E-01,1.58E-01,2.46E-01,2.08E+02,1.34E+01,2.21E+02,0.000123134,0.000129275
6.15E+04,270399,4.50E+01,7.50E-01,1.37E-02,9.02E+01,1.89E-05,2.93E-01,1.57E-01,2.50E-01,2.08E+02,1.39E+01,2.21E+02,0.000123083,0.000129221
6.15E+04,2.70E+05,1.80E+02,2.60E+00,1.37E-02,9.02E+01,1.89E-05,2.93E-01,1.57E-01,2.50E-01,2.08E+02,1.39E+01,2.21E+02,0.000123082,0.000129221
6.15E+04,2.70E+05,4.45E+01,7.51E-01,1.36E-02,9.02E+01,1.89E-05,2.94E-01,1.58E-01,2.47E-01,2.08E+02,1.34E+01,2.21E+02,0.000123031,0.000129167
6.15E+04,2.70E+05,1.80E+02,2.60E+00,1.36E-02,9.02E+01,1.89E-05,2.94E-01,1.58E-01,2.47E-01,2.08E+02,1.34E+01,2.21E+02,0.000123031,0.000129167
6.15E+04,270599,4.54E+01,7.53E-01,1.37E-02,9.02E+01,1.89E-05,2.94E-01,1.57E-01,2.52E-01,2.08E+02,1.40E+01,2.22E+02,0.000122979,0.000129113
6.15E+04,2.71E+05,1.80E+02,2.60E+00,1.37E-02,9.02E+01,1.89E-05,2.94E-01,1.57E-01,2.52E-01,2.08E+02,1.40E+01,2.22E+02,0.000122979,0.000129113
6.15E+04,270699,4.47E+01,7.52E-01,1.36E-02,9.02E+01,1.89E-05,2.95E-01,1.58E-01,2.47E-01,2.08E+02,1.35E+01,2.22E+02,0.000122927,0.000129059
6.15E+04,270700,1.81E+02,2.60E+00,1.36E-02,9.02E+01,1.89E-05,2.95E-01,1.58E-01,2.47E-01,2.08E+02,1.35E+01,2.22E+02,0.000122927,0.000129058
6.16E+04,2.71E+05,4.42E+01,7.52E-01,1.35E-02,9.02E+01,1.88E-05,2.95E-01,1.59E-01,2.45E-01,2.07E+02,1.32E+01,2.21E+02,0.000122875,0.000129005
6.16E+04,270800,1.81E+02,2.60E+00,1.35E-02,9.02E+01,1.88E-05,2.95E-01,1.59E-01,2.45E-01,2.07E+02,1.32E+01,2.21E+02,0.000122875,0.000129004
6.16E+04,2.71E+05,4.42E+01,7.53E-01,1.36E-02,9.02E+01,1.88E-05,2.94E-01,1.58E-01,2.45E-01,2.07E+02,1.33E+01,2.20E+02,0.000122824,0.000128951
6.16E+04,2.71E+05,1.80E+02,2.60E+00,1.36E-02,9.02E+01,1.88E-05,2.94E-01,1.58E-01,2.45E-01,2.07E+02,1.33E+01,2.20E+02,0.000122824,0.000128951
6.16E+04,2.71E+05,4.43E+01,7.54E-01,1.36E-02,9.02E+01,1.88E-05,2.94E-01,1.58E-01,2.46E-01,2.07E+02,1.33E+01,2.20E+02,0.000122772,0.000128897
6.16E+04,2.71E+05,1.80E+02,2.60E+00,1.36E-02,9.02E+01,1.88E-05,2.94E-01,1.58E-01,2.46E-01,2.07E+02,1.33E+01,2.20E+02,0.000122772,0.000128897
6.16E+04,2.71E+05,4.42E+01,7.52E-01,1.35E-02,9.02E+01,1.88E-05,2.94E-01,1.58E-01,2.45E-01,2.07E+02,1.32E+01,2.20E+02,0.000122721,0.000128843
6.16E+04,2.71E+05,1.80E+02,2.60E+00,1.35E-02,9.02E+01,1.88E-05,2.94E-01,1.58E-01,2.45E-01,2.07E+02,1.32E+01,2.20E+02,0.000122721,0.000128843
6.16E+04,2.71E+05,4.42E+01,7.52E-01,1.35E-02,9.02E+01,1.88E-05,2.95E-01,1.59E-01,2.44E-01,2.08E+02,1.31E+01,2.21E+02,0.000122669,0.000128789
6.16E+04,271200,1.81E+02,2.60E+00,1.35E-02,9.02E+01,1.88E-05,2.95E-01,1.59E-01,2.44E-01,2.08E+02,1.31E+01,2.21E+02,0.000122669,0.000128789
6.17E+04,271299,4.53E+01,7.52E-01,1.37E-02,9.02E+01,1.88E-05,2.93E-01,1.56E-01,2.52E-01,2.07E+02,1.41E+01,2.21E+02,0.000122618,0.000128736
6.17E+04,2.71E+05,1.80E+02,2.60E+00,1.37E-02,9.02E+01,1.88E-05,2.93E-01,1.56E-01,2.52E-01,2.07E+02,1.41E+01,2.21E+02,0.000122618,0.000128736
6.17E+04,271399,4.46E+01,7.52E-01,1.37E-02,9.02E+01,1.88E-05,2.93E-01,1.57E-01,2.48E-01,2.07E+02,1.36E+01,2.20E+02,0.000122567,0.000128682
6.17E+04,2.71E+05,1.80E+02,2.60E+00,1.37E-02,9.02E+01,1.88E-05,2.93E-01,1.57E-01,2.48E-01,2.07E+02,1.36E+01,2.20E+02,0.000122566,0.000128682
6.17E+04,271499,4.47E+01,7.51E-01,1.36E-02,9.02E+01,1.88E-05,2.94E-01,1.57E-01,2.48E-01,2.07E+02,1.36E+01,2.21E+02,0.000122515,0.000128629
6.17E+04,2.71E+05,1.80E+02,2.60E+00,1.36E-02,9.02E+01,1.88E-05,2.94E-01,1.57E-01,2.48E-01,2.07E+02,1.36E+01,2.21E+02,0.000122515,0.000128628
6.17E+04,271599,4.48E+01,7.54E-01,1.36E-02,9.02E+01,1.88E-05,2.95E-01,1.58E-01,2.48E-01,2.08E+02,1.37E+01,2.22E+02,0.000122464,0.000128575
6.17E+04,2.72E+05,1.81E+02,2.60E+00,1.36E-02,9.02E+01,1.88E-05,2.95E-01,1.58E-01,2.48E-01,2.08E+02,1.37E+01,2.22E+02,0.000122464,0.000128575
6.18E+04,2.72E+05,4.43E+01,7.54E-01,1.35E-02,9.02E+01,1.88E-05,2.94E-01,1.58E-01,2.46E-01,2.07E+02,1.33E+01,2.20E+02,0.000122412,0.000128521
6.18E+04,2.72E+05,1.80E+02,2.60E+00,1.35E-02,9.02E+01,1.88E-05,2.94E-01,1.58E-01,2.46E-01,2.07E+02,1.33E+01,2.20E+02,0.000122412,0.000128521
6.18E+04,271799,4.48E+01,7.54E-01,1.36E-02,9.02E+01,1.88E-05,2.94E-01,1.57E-01,2.48E-01,2.08E+02,1.36E+01,2.21E+02,0.000122361,0.000128468
6.18E+04,2.72E+05,1.80E+02,2.60E+00,1.36E-02,9.02E+01,1.88E-05,2.94E-01,1.57E-01,2.48E-01,2.08E+02,1.36E+01,2.21E+02,0.000122361,0.000128468
6.18E+04,2.72E+05,4.43E+01,7.54E-01,1.36E-02,9.02E+01,1.88E-05,2.94E-01,1.58E-01,2.46E-01,2.07E+02,1.33E+01,2.20E+02,0.00012231,0.000128414
6.18E+04,2.72E+05,1.80E+02,2.60E+00,1.36E-02,9.02E+01,1.88E-05,2.94E-01,1.58E-01,2.46E-01,2.07E+02,1.33E+01,2.20E+02,0.00012231,0.000128414
6.18E+04,271999,4.48E+01,7.54E-01,1.36E-02,9.02E+01,1.88E-05,2.94E-01,1.57E-01,2.48E-01,2.07E+02,1.36E+01,2.21E+02,0.000122259,0.000128361
6.18E+04,2.72E+05,1.80E+02,2.60E+00,1.36E-02,9.02E+01,1.88E-05,2.94E-01,1.57E-01,2.48E-01,2.07E+02,1.36E+01,2.21E+02,0.000122259,0.000128361
6.18E+04,272099,4.48E+01,7.55E-01,1.36E-02,9.02E+01,1.88E-05,2.94E-01,1.57E-01,2.48E-01,2.07E+02,1.36E+01,2.21E+02,0.000122208,0.000128308
6.18E+04,2.72E+05,1.80E+02,2.60E+00,1.36E-02,9.02E+01,1.88E-05,2.94E-01,1.57E-01,2.48E-01,2.07E+02,1.36E+01,2.21E+02,0.000122208,0.000128307
6.19E+04,272199,4.47E+01,7.52E-01,1.37E-02,9.02E+01,1.88E-05,2.93E-01,1.57E-01,2.49E-01,2.07E+02,1.37E+01,2.21E+02,0.000122157,0.000128254
6.19E+04,2.72E+05,1.80E+02,2.60E+00,1.37E-02,9.02E+01,1.88E-05,2.93E-01,1.57E-01,2.49E-01,2.07E+02,1.37E+01,2.21E+02,0.000122157,0.000128254
6.19E+04,272299,4.48E+01,7.52E-01,1.36E-02,9.02E+01,1.87E-05,2.94E-01,1.57E-01,2.48E-01,2.08E+02,1.36E+01,2.21E+02,0.000122106,0.000128201
6.19E+04,2.72E+05,1.80E+02,2.60E+00,1.36E-02,9.02E+01,1.87E-05,2.94E-01,1.57E-01,2.48E-01,2.08E+02,1.36E+01,2.21E+02,0.000122105,0.000128201
6.19E+04,2.72E+05,4.43E+01,7.53E-01,1.35E-02,9.02E+01,1.87E-05,2.95E-01,1.59E-01,2.45E-01,2.08E+02,1.32E+01,2.21E+02,0.000122054,0.000128148
6.19E+04,272400,1.81E+02,2.60E+00,1.35E-02,9.02E+01,1.87E-05,2.95E-01,1.59E-01,2.45E-01,2.08E+02,1.32E+01,2.21E+02,0.000122054,0.000128147
6.19E+04,2.72E+05,4.44E+01,7.53E-01,1.36E-02,9.03E+01,1.87E-05,2.93E-01,1.57E-01,2.47E-01,2.07E+02,1.34E+01,2.20E+02,0.000122003,0.000128094
6.19E+04,2.72E+05,1.80E+02,2.60E+00,1.36E-02,9.03E+01,1.87E-05,2.93E-01,1.57E-01,2.47E-01,2.07E+02,1.34E+01,2.20E+02,0.000122003,0.000128094
6.20E+04,2.73E+05,4.41E+01,7.54E-01,1.35E-02,9.03E+01,1.87E-05,2.94E-01,1.58E-01,2.45E-01,2.07E+02,1.32E+01,2.20E+02,0.000121953,0.000128041
6.20E+04,2.73E+05,1.80E+02,2.60E+00,1.35E-02,9.03E+01,1.87E-05,2.94E-01,1.58E-01,2.45E-01,2.07E+02,1.32E+01,2.20E+02,0.000121953,0.000128041
6.20E+04,2.73E+05,4.40E+01,7.53E-01,1.36E-02,9.03E+01,1.87E-05,2.93E-01,1.57E-01,2.45E-01,2.06E+02,1.32E+01,2.19E+02,0.000121902,0.000127988
6.20E+04,2.73E+05,1.80E+02,2.60E+00,1.36E-02,9.03E+01,1.87E-05,2.93E-01,1.57E-01,2.45E-01,2.06E+02,1.32E+01,2.19E+02,0.000121902,0.000127988
6.20E+04,272799,4.51E+01,7.52E-01,1.37E-02,9.03E+01,1.87E-05,2.93E-01,1.57E-01,2.50E-01,2.08E+02,1.39E+01,2.21E+02,0.000121851,0.000127935
6.20E+04,2.73E+05,1.80E+02,2.60E+00,1.37E-02,9.03E+01,1.87E-05,2.93E-01,1.57E-01,2.50E-01,2.08E+02,1.39E+01,2.21E+02,0.000121851,0.000127935
6.20E+04,272899,4.46E+01,7.52E-01,1.37E-02,9.03E+01,1.87E-05,2.92E-01,1.56E-01,2.49E-01,2.07E+02,1.36E+01,2.20E+02,0.0001218,0.000127882
6.20E+04,2.73E+05,1.79E+02,2.59E+00,1.37E-02,9.03E+01,1.87E-05,2.92E-01,1.56E-01,2.49E-01,2.07E+02,1.36E+01,2.20E+02,0.0001218,0.000127882
6.21E+04,2.73E+05,4.41E+01,7.53E-01,1.36E-02,9.03E+01,1.87E-05,2.93E-01,1.58E-01,2.45E-01,2.07E+02,1.32E+01,2.20E+02,0.000121749,0.000127829
6.21E+04,2.73E+05,1.80E+02,2.60E+00,1.36E-02,9.03E+01,1.87E-05,2.93E-01,1.58E-01,2.45E-01,2.07E+02,1.32E+01,2.20E+02,0.000121749,0.000127829
6.21E+04,273099,4.51E+01,7.53E-01,1.37E-02,9.03E+01,1.87E-05,2.92E-01,1.56E-01,2.51E-01,2.07E+02,1.39E+01,2.21E+02,0.000121699,0.000127776
6.21E+04,2.73E+05,1.80E+02,2.60E+00,1.37E-02,9.03E+01,1.87E-05,2.92E-01,1.56E-01,2.51E-01,2.07E+02,1.39E+01,2.21E+02,0.000121698,0.000127776
6.21E+04,273199,4.51E+01,7.53E-01,1.36E-02,9.03E+01,1.87E-05,2.94E-01,1.57E-01,2.50E-01,2.08E+02,1.39E+01,2.22E+02,0.000121648,0.000127723
6.21E+04,273200,1.81E+02,2.60E+00,1.36E-02,9.03E+01,1.87E-05,2.94E-01,1.57E-01,2.50E-01,2.08E+02,1.39E+01,2.22E+02,0.000121648,0.000127723
6.21E+04,273299,4.45E+01,7.51E-01,1.36E-02,9.03E+01,1.87E-05,2.94E-01,1.58E-01,2.47E-01,2.07E+02,1.34E+01,2.21E+02,0.000121597,0.00012767
6.21E+04,273300,1.80E+02,2.60E+00,1.36E-02,9.03E+01,1.87E-05,2.94E-01,1.58E-01,2.47E-01,2.07E+02,1.34E+01,2.21E+02,0.000121597,0.00012767
6.21E+04,273399,4.46E+01,7.52E-01,1.36E-02,9.03E+01,1.87E-05,2.94E-01,1.58E-01,2.47E-01,2.07E+02,1.35E+01,2.21E+02,0.000121547,0.000127618
6.21E+04,273400,1.80E+02,2.60E+00,1.36E-02,9.03E+01,1.87E-05,2.94E-01,1.58E-01,2.47E-01,2.07E+02,1.35E+01,2.21E+02,0.000121546,0.000127617
6.22E+04,2.73E+05,4.41E+01,7.53E-01,1.36E-02,9.03E+01,1.87E-05,2.93E-01,1.58E-01,2.45E-01,2.07E+02,1.32E+01,2.20E+02,0.000121496,0.000127564
6.22E+04,2.73E+05,1.80E+02,2.60E+00,1.36E-02,9.03E+01,1.87E-05,2.93E-01,1.58E-01,2.45E-01,2.07E+02,1.32E+01,2.20E+02,0.000121496,0.000127564
6.22E+04,2.74E+05,4.42E+01,7.54E-01,1.35E-02,9.03E+01,1.87E-05,2.95E-01,1.58E-01,2.45E-01,2.07E+02,1.32E+01,2.21E+02,0.000121445,0.000127512
6.22E+04,273600,1.81E+02,2.60E+00,1.35E-02,9.03E+01,1.87E-05,2.95E-01,1.58E-01,2.45E-01,2.07E+02,1.32E+01,2.21E+02,0.000121445,0.000127511
6.22E+04,273699,4.47E+01,7.53E-01,1.36E-02,9.03E+01,1.87E-05,2.94E-01,1.57E-01,2.48E-01,2.07E+02,1.36E+01,2.21E+02,0.000121395,0.000127459
6.22E+04,273700,1.80E+02,2.60E+00,1.36E-02,9.03E+01,1.87E-05,2.94E-01,1.57E-01,2.48E-01,2.07E+02,1.36E+01,2.21E+02,0.000121395,0.000127459
6.22E+04,273799,4.47E+01,7.54E-01,1.36E-02,9.03E+01,1.86E-05,2.93E-01,1.57E-01,2.48E-01,2.07E+02,1.36E+01,2.21E+02,0.000121345,0.000127407
6.22E+04,273800,1.80E+02,2.60E+00,1.36E-02,9.03E+01,1.86E-05,2.93E-01,1.57E-01,2.48E-01,2.07E+02,1.36E+01,2.21E+02,0.000121344,0.000127406
6.23E+04,273899,4.53E+01,7.53E-01,1.36E-02,9.03E+01,1.86E-05,2.94E-01,1.57E-01,2.51E-01,2.08E+02,1.40E+01,2.22E+02,0.000121294,0.000127354
6.23E+04,273900,1.81E+02,2.59E+00,1.36E-02,9.03E+01,1.86E-05,2.94E-01,1.57E-01,2.51E-01,2.08E+02,1.40E+01,2.22E+02,0.000121294,0.000127353
6.23E+04,273999,4.48E+01,7.53E-01,1.36E-02,9.03E+01,1.86E-05,2.94E-01,1.57E-01,2.48E-01,2.07E+02,1.36E+01,2.21E+02,0.000121244,0.000127301
6.23E+04,274000,1.80E+02,2.60E+00,1.36E-02,9.03E+01,1.86E-05,2.94E-01,1.57E-01,2.48E-01,2.07E+02,1.36E+01,2.21E+02,0.000121243,0.000127301
6.23E+04,274099,4.47E+01,7.52E-01,1.36E-02,9.03E+01,1.86E-05,2.94E-01,1.58E-01,2.48E-01,2.08E+02,1.36E+01,2.21E+02,0.000121194,0.000127249
6.23E+04,274100,1.81E+02,2.60E+00,1.36E-02,9.03E+01,1.86E-05,2.94E-01,1.58E-01,2.48E-01,2.08E+02,1.36E+01,2.21E+02,0.000121193,0.000127248
6.23E+04,274199,4.49E+01,7.54E-01,1.36E-02,9.03E+01,1.86E-05,2.93E-01,1.57E-01,2.49E-01,2.07E+02,1.37E+01,2.21E+02,0.000121143,0.000127196
6.23E+04,274200,1.80E+02,2.60E+00,1.36E-02,9.03E+01,1.86E-05,2.93E-01,1.57E-01,2.49E-01,2.07E+02,1.37E+01,2.21E+02,0.000121143,0.000127196
6.23E+04,2.74E+05,4.43E+01,7.53E-01,1.35E-02,9.03E+01,1.86E-05,2.94E-01,1.58E-01,2.45E-01,2.07E+02,1.33E+01,2.21E+02,0.000121093,0.000127144
6.23E+04,274300,1.81E+02,2.60E+00,1.35E-02,9.03E+01,1.86E-05,2.94E-01,1.58E-01,2.45E-01,2.07E+02,1.33E+01,2.21E+02,0.000121093,0.000127143
6.24E+04,274399,4.53E+01,7.54E-01,1.37E-02,9.03E+01,1.86E-05,2.93E-01,1.56E-01,2.52E-01,2.07E+02,1.41E+01,2.21E+02,0.000121043,0.000127091
6.24E+04,2.74E+05,1.80E+02,2.60E+00,1.37E-02,9.03E+01,1.86E-05,2.93E-01,1.56E-01,2.52E-01,2.07E+02,1.41E+01,2.21E+02,0.000121043,0.000127091
6.24E+04,274499,4.48E+01,7.53E-01,1.36E-02,9.03E+01,1.86E-05,2.94E-01,1.57E-01,2.49E-01,2.08E+02,1.37E+01,2.21E+02,0.000120993,0.000127039
6.24E+04,274500,1.80E+02,2.60E+00,1.36E-02,9.03E+01,1.86E-05,2.94E-01,1.57E-01,2.49E-01,2.08E+02,1.37E+01,2.21E+02,0.000120992,0.000127038
6.24E+04,274599,4.50E+01,7.53E-01,1.37E-02,9.03E+01,1.86E-05,2.93E-01,1.56E-01,2.50E-01,2.07E+02,1.38E+01,2.21E+02,0.000120943,0.000126987
6.24E+04,2.75E+05,1.80E+02,2.60E+00,1.37E-02,9.03E+01,1.86E-05,2.93E-01,1.56E-01,2.50E-01,2.07E+02,1.38E+01,2.21E+02,0.000120942,0.000126986
6.24E+04,2.75E+05,4.45E+01,7.52E-01,1.37E-02,9.03E+01,1.86E-05,2.92E-01,1.57E-01,2.48E-01,2.07E+02,1.35E+01,2.20E+02,0.000120892,0.000126934
6.24E+04,2.75E+05,1.80E+02,2.60E+00,1.37E-02,9.03E+01,1.86E-05,2.92E-01,1.57E-01,2.48E-01,2.07E+02,1.35E+01,2.20E+02,0.000120892,0.000126934
6.25E+04,2.75E+05,4.45E+01,7.53E-01,1.35E-02,9.03E+01,1.86E-05,2.94E-01,1.58E-01,2.46E-01,2.07E+02,1.34E+01,2.21E+02,0.000120842,0.000126882
6.25E+04,274800,1.81E+02,2.60E+00,1.35E-02,9.03E+01,1.86E-05,2.94E-01,1.58E-01,2.46E-01,2.07E+02,1.34E+01,2.21E+02,0.000120842,0.000126882
6.25E+04,2.75E+05,4.40E+01,7.51E-01,1.36E-02,9.03E+01,1.86E-05,2.93E-01,1.58E-01,2.45E-01,2.07E+02,1.31E+01,2.20E+02,0.000120792,0.00012683
6.25E+04,2.75E+05,1.80E+02,2.60E+00,1.36E-02,9.03E+01,1.86E-05,2.93E-01,1.58E-01,2.45E-01,2.07E+02,1.31E+01,2.20E+02,0.000120792,0.00012683
6.25E+04,274999,4.51E+01,7.53E-01,1.37E-02,9.03E+01,1.86E-05,2.93E-01,1.56E-01,2.51E-01,2.08E+02,1.39E+01,2.21E+02,0.000120742,0.000126778
6.25E+04,2.75E+05,1.80E+02,2.60E+00,1.37E-02,9.03E+01,1.86E-05,2.93E-01,1.56E-01,2.51E-01,2.08E+02,1.39E+01,2.21E+02,0.000120742,0.000126777
6.25E+04,2.75E+05,4.40E+01,7.52E-01,1.35E-02,9.03E+01,1.86E-05,2.94E-01,1.58E-01,2.44E-01,2.07E+02,1.31E+01,2.20E+02,0.000120692,0.000126725
6.25E+04,275100,1.81E+02,2.60E+00,1.35E-02,9.03E+01,1.86E-05,2.94E-01,1.58E-01,2.44E-01,2.07E+02,1.31E+01,2.20E+02,0.000120692,0.000126725
6.25E+04,2.75E+05,4.45E+01,7.52E-01,1.36E-02,9.03E+01,1.86E-05,2.93E-01,1.57E-01,2.47E-01,2.07E+02,1.34E+01,2.20E+02,0.000120642,0.000126673
6.25E+04,2.75E+05,1.80E+02,2.60E+00,1.36E-02,9.03E+01,1.86E-05,2.93E-01,1.57E-01,2.47E-01,2.07E+02,1.34E+01,2.20E+02,0.000120642,0.000126673
6.26E+04,2.75E+05,4.45E+01,7.51E-01,1.37E-02,9.03E+01,1.86E-05,2.93E-01,1.57E-01,2.48E-01,2.07E+02,1.35E+01,2.20E+02,0.000120592,0.000126621
6.26E+04,2.75E+05,1.80E+02,2.60E+00,1.37E-02,9.03E+01,1.86E-05,2.93E-01,1.57E-01,2.48E-01,2.07E+02,1.35E+01,2.20E+02,0.000120592,0.000126621
6.26E+04,275399,4.49E+01,7.53E-01,1.36E-02,9.03E+01,1.85E-05,2.94E-01,1.57E-01,2.49E-01,2.08E+02,1.37E+01,2.21E+02,0.000120543,0.000126569
6.26E+04,275400,1.80E+02,2.60E+00,1.36E-02,9.03E+01,1.85E-05,2.94E-01,1.57E-01,2.49E-01,2.08E+02,1.37E+01,2.21E+02,0.000120542,0.000126569
6.26E+04,2.75E+05,4.39E+01,7.51E-01,1.36E-02,9.03E+01,1.85E-05,2.93E-01,1.58E-01,2.44E-01,2.07E+02,1.31E+01,2.20E+02,0.000120493,0.000126517
6.26E+04,2.75E+05,1.80E+02,2.60E+00,1.36E-02,9.03E+01,1.85E-05,2.93E-01,1.58E-01,2.44E-01,2.07E+02,1.31E+01,2.20E+02,0.000120493,0.000126517
6.27E+04,2.76E+05,4.43E+01,7.56E-01,1.36E-02,9.03E+01,1.85E-05,2.93E-01,1.57E-01,2.46E-01,2.07E+02,1.33E+01,2.20E+02,0.000120443,0.000126465
6.27E+04,2.76E+05,1.80E+02,2.60E+00,1.36E-02,9.03E+01,1.85E-05,2.93E-01,1.57E-01,2.46E-01,2.07E+02,1.33E+01,2.20E+02,0.000120443,0.000126465
6.27E+04,275699,4.48E+01,7.55E-01,1.37E-02,9.03E+01,1.85E-05,2.92E-01,1.56E-01,2.50E-01,2.06E+02,1.37E+01,2.20E+02,0.000120394,0.000126413
6.27E+04,2.76E+05,1.79E+02,2.60E+00,1.37E-02,9.03E+01,1.85E-05,2.92E-01,1.56E-01,2.50E-01,2.06E+02,1.37E+01,2.20E+02,0.000120393,0.000126413
6.27E+04,275799,4.47E+01,7.54E-01,1.36E-02,9.03E+01,1.85E-05,2.93E-01,1.57E-01,2.49E-01,2.07E+02,1.37E+01,2.21E+02,0.000120344,0.000126362
6.27E+04,2.76E+05,1.80E+02,2.60E+00,1.36E-02,9.03E+01,1.85E-05,2.93E-01,1.57E-01,2.49E-01,2.07E+02,1.37E+01,2.21E+02,0.000120344,0.000126361
6.27E+04,275899,4.52E+01,7.55E-01,1.36E-02,9.03E+01,1.85E-05,2.94E-01,1.57E-01,2.51E-01,2.08E+02,1.39E+01,2.22E+02,0.000120294,0.00012631
6.27E+04,275900,1.80E+02,2.60E+00,1.36E-02,9.03E+01,1.85E-05,2.94E-01,1.57E-01,2.51E-01,2.08E+02,1.39E+01,2.22E+02,0.000120294,0.000126309
6.27E+04,275999,4.52E+01,7.55E-01,1.37E-02,9.03E+01,1.85E-05,2.93E-01,1.56E-01,2.51E-01,2.07E+02,1.40E+01,2.21E+02,0.000120245,0.000126258
6.27E+04,2.76E+05,1.80E+02,2.60E+00,1.37E-02,9.03E+01,1.85E-05,2.93E-01,1.56E-01,2.51E-01,2.07E+02,1.40E+01,2.21E+02,0.000120244,0.000126258
6.28E+04,276099,4.46E+01,7.54E-01,1.36E-02,9.03E+01,1.85E-05,2.93E-01,1.57E-01,2.48E-01,2.07E+02,1.35E+01,2.21E+02,0.000120195,0.000126206
6.28E+04,276100,1.80E+02,2.60E+00,1.36E-02,9.03E+01,1.85E-05,2.93E-01,1.57E-01,2.48E-01,2.07E+02,1.35E+01,2.21E+02,0.000120195,0.000126206
6.28E+04,276199,4.52E+01,7.53E-01,1.37E-02,9.03E+01,1.85E-05,2.94E-01,1.57E-01,2.51E-01,2.08E+02,1.39E+01,2.22E+02,0.000120146,0.000126155
6.28E+04,276200,1.80E+02,2.60E+00,1.37E-02,9.03E+01,1.85E-05,2.94E-01,1.57E-01,2.51E-01,2.08E+02,1.39E+01,2.22E+02,0.000120145,0.000126154
6.28E+04,276299,4.51E+01,7.51E-01,1.37E-02,9.03E+01,1.85E-05,2.93E-01,1.56E-01,2.51E-01,2.08E+02,1.39E+01,2.21E+02,0.000120096,0.000126103
6.28E+04,2.76E+05,1.80E+02,2.60E+00,1.37E-02,9.03E+01,1.85E-05,2.93E-01,1.56E-01,2.51E-01,2.08E+02,1.39E+01,2.21E+02,0.000120096,0.000126103
6.28E+04,276399,4.51E+01,7.51E-01,1.36E-02,9.03E+01,1.85E-05,2.93E-01,1.57E-01,2.50E-01,2.08E+02,1.39E+01,2.22E+02,0.000120047,0.000126051
6.28E+04,276400,1.80E+02,2.60E+00,1.36E-02,9.03E+01,1.85E-05,2.93E-01,1.57E-01,2.50E-01,2.08E+02,1.39E+01,2.22E+02,0.000120046,0.000126051
6.28E+04,276499,4.46E+01,7.51E-01,1.37E-02,9.03E+01,1.85E-05,2.92E-01,1.56E-01,2.49E-01,2.07E+02,1.36E+01,2.20E+02,0.000119997,0.000126
6.28E+04,2.76E+05,1.79E+02,2.60E+00,1.37E-02,9.03E+01,1.85E-05,2.92E-01,1.56E-01,2.49E-01,2.07E+02,1.36E+01,2.20E+02,0.000119997,0.000125999
6.29E+04,276599,1.81E+02,2.59E+00,1.35E-02,9.03E+01,1.85E-05,2.94E-01,1.58E-01,2.45E-01,2.07E+02,1.32E+01,2.20E+02,0.000119948,0.000125948
6.29E+04,2.77E+05,4.43E+01,7.54E-01,1.35E-02,9.03E+01,1.85E-05,2.94E-01,1.58E-01,2.45E-01,2.07E+02,1.32E+01,2.20E+02,0.000119948,0.000125948
6.29E+04,2.77E+05,4.38E+01,7.54E-01,1.36E-02,9.03E+01,1.85E-05,2.92E-01,1.57E-01,2.44E-01,2.06E+02,1.30E+01,2.19E+02,0.000119898,0.000125896
6.29E+04,2.77E+05,1.79E+02,2.60E+00,1.36E-02,9.03E+01,1.85E-05,2.92E-01,1.57E-01,2.44E-01,2.06E+02,1.30E+01,2.19E+02,0.000119898,0.000125896
6.29E+04,2.77E+05,4.42E+01,7.52E-01,1.36E-02,9.03E+01,1.85E-05,2.92E-01,1.57E-01,2.46E-01,2.06E+02,1.33E+01,2.19E+02,0.000119849,0.000125845
6.29E+04,2.77E+05,1.79E+02,2.59E+00,1.36E-02,9.03E+01,1.85E-05,2.92E-01,1.57E-01,2.46E-01,2.06E+02,1.33E+01,2.19E+02,0.000119849,0.000125845
6.29E+04,276899,4.53E+01,7.53E-01,1.37E-02,9.03E+01,1.84E-05,2.93E-01,1.56E-01,2.52E-01,2.07E+02,1.40E+01,2.21E+02,0.0001198,0.000125794
6.29E+04,2.77E+05,1.80E+02,2.59E+00,1.37E-02,9.03E+01,1.84E-05,2.93E-01,1.56E-01,2.52E-01,2.07E+02,1.40E+01,2.21E+02,0.0001198,0.000125793
6.30E+04,2.77E+05,4.41E+01,7.52E-01,1.36E-02,9.03E+01,1.84E-05,2.93E-01,1.58E-01,2.45E-01,2.07E+02,1.32E+01,2.20E+02,0.00011975,0.000125742
6.30E+04,2.77E+05,1.80E+02,2.60E+00,1.36E-02,9.03E+01,1.84E-05,2.93E-01,1.58E-01,2.45E-01,2.07E+02,1.32E+01,2.20E+02,0.00011975,0.000125742
6.30E+04,2.77E+05,4.42E+01,7.53E-01,1.36E-02,9.03E+01,1.84E-05,2.93E-01,1.57E-01,2.46E-01,2.06E+02,1.32E+01,2.20E+02,0.000119701,0.000125691
6.30E+04,2.77E+05,1.80E+02,2.59E+00,1.36E-02,9.03E+01,1.84E-05,2.93E-01,1.57E-01,2.46E-01,2.06E+02,1.32E+01,2.20E+02,0.000119701,0.000125691
6.30E+04,277199,4.47E+01,7.52E-01,1.36E-02,9.03E+01,1.84E-05,2.93E-01,1.57E-01,2.48E-01,2.07E+02,1.36E+01,2.21E+02,0.000119652,0.00012564
6.30E+04,2.77E+05,1.80E+02,2.60E+00,1.36E-02,9.03E+01,1.84E-05,2.93E-01,1.57E-01,2.48E-01,2.07E+02,1.36E+01,2.21E+02,0.000119652,0.000125639
6.30E+04,277299,4.47E+01,7.52E-01,1.36E-02,9.03E+01,1.84E-05,2.93E-01,1.57E-01,2.48E-01,2.07E+02,1.36E+01,2.21E+02,0.000119603,0.000125588
6.30E+04,2.77E+05,1.80E+02,2.59E+00,1.36E-02,9.03E+01,1.84E-05,2.93E-01,1.57E-01,2.48E-01,2.07E+02,1.36E+01,2.21E+02,0.000119603,0.000125588
6.30E+04,2.77E+05,4.38E+01,7.52E-01,1.35E-02,9.03E+01,1.84E-05,2.93E-01,1.58E-01,2.43E-01,2.06E+02,1.30E+01,2.19E+02,0.000119554,0.000125537
6.30E+04,2.77E+05,1.80E+02,2.60E+00,1.35E-02,9.03E+01,1.84E-05,2.93E-01,1.58E-01,2.43E-01,2.06E+02,1.30E+01,2.19E+02,0.000119554,0.000125537
6.31E+04,2.77E+05,4.42E+01,7.52E-01,1.36E-02,9.03E+01,1.84E-05,2.93E-01,1.57E-01,2.45E-01,2.07E+02,1.32E+01,2.20E+02,0.000119505,0.000125486
6.31E+04,2.77E+05,1.80E+02,2.60E+00,1.36E-02,9.03E+01,1.84E-05,2.93E-01,1.57E-01,2.45E-01,2.07E+02,1.32E+01,2.20E+02,0.000119505,0.000125486
6.31E+04,277599,4.44E+01,7.54E-01,1.36E-02,9.03E+01,1.84E-05,2.93E-01,1.57E-01,2.47E-01,2.07E+02,1.34E+01,2.20E+02,0.000119456,0.000125435
6.31E+04,2.78E+05,1.80E+02,2.60E+00,1.36E-02,9.03E+01,1.84E-05,2.93E-01,1.57E-01,2.47E-01,2.07E+02,1.34E+01,2.20E+02,0.000119456,0.000125435
6.31E+04,2.78E+05,4.38E+01,7.51E-01,1.36E-02,9.03E+01,1.84E-05,2.92E-01,1.57E-01,2.44E-01,2.06E+02,1.31E+01,2.19E+02,0.000119407,0.000125383
6.31E+04,2.78E+05,1.79E+02,2.60E+00,1.36E-02,9.03E+01,1.84E-05,2.92E-01,1.57E-01,2.44E-01,2.06E+02,1.31E+01,2.19E+02,0.000119407,0.000125383
6.32E+04,277799,4.48E+01,7.52E-01,1.37E-02,9.03E+01,1.84E-05,2.93E-01,1.56E-01,2.49E-01,2.07E+02,1.37E+01,2.21E+02,0.000119358,0.000125333
6.32E+04,2.78E+05,1.80E+02,2.60E+00,1.37E-02,9.03E+01,1.84E-05,2.93E-01,1.56E-01,2.49E-01,2.07E+02,1.37E+01,2.21E+02,0.000119358,0.000125332
6.32E+04,277899,4.43E+01,7.52E-01,1.36E-02,9.04E+01,1.84E-05,2.93E-01,1.58E-01,2.46E-01,2.07E+02,1.33E+01,2.20E+02,0.000119309,0.000125282
6.32E+04,277900,1.80E+02,2.60E+00,1.36E-02,9.04E+01,1.84E-05,2.93E-01,1.58E-01,2.46E-01,2.07E+02,1.33E+01,2.20E+02,0.000119309,0.000125281
6.32E+04,2.78E+05,4.38E+01,7.52E-01,1.35E-02,9.04E+01,1.84E-05,2.94E-01,1.58E-01,2.43E-01,2.07E+02,1.30E+01,2.20E+02,0.00011926,0.00012523
6.32E+04,278000,1.80E+02,2.60E+00,1.35E-02,9.04E+01,1.84E-05,2.94E-01,1.58E-01,2.43E-01,2.07E+02,1.30E+01,2.20E+02,0.00011926,0.00012523
6.32E+04,278099,4.43E+01,7.52E-01,1.36E-02,9.04E+01,1.84E-05,2.92E-01,1.57E-01,2.47E-01,2.07E+02,1.34E+01,2.20E+02,0.000119212,0.00012518
6.32E+04,2.78E+05,1.80E+02,2.60E+00,1.36E-02,9.04E+01,1.84E-05,2.92E-01,1.57E-01,2.47E-01,2.07E+02,1.34E+01,2.20E+02,0.000119212,0.000125179
6.32E+04,278199,4.43E+01,7.52E-01,1.36E-02,9.04E+01,1.84E-05,2.93E-01,1.57E-01,2.47E-01,2.07E+02,1.34E+01,2.20E+02,0.000119163,0.000125129
6.32E+04,2.78E+05,1.80E+02,2.60E+00,1.36E-02,9.04E+01,1.84E-05,2.93E-01,1.57E-01,2.47E-01,2.07E+02,1.34E+01,2.20E+02,0.000119163,0.000125128
6.33E+04,278299,4.49E+01,7.52E-01,1.36E-02,9.04E+01,1.84E-05,2.93E-01,1.57E-01,2.49E-01,2.08E+02,1.37E+01,2.21E+02,0.000119114,0.000125078
6.33E+04,278300,1.80E+02,2.60E+00,1.36E-02,9.04E+01,1.84E-05,2.93E-01,1.57E-01,2.49E-01,2.08E+02,1.37E+01,2.21E+02,0.000119114,0.000125077
6.33E+04,278399,4.48E+01,7.53E-01,1.37E-02,9.04E+01,1.84E-05,2.92E-01,1.56E-01,2.49E-01,2.07E+02,1.37E+01,2.21E+02,0.000119066,0.000125027
6.33E+04,2.78E+05,1.80E+02,2.60E+00,1.37E-02,9.04E+01,1.84E-05,2.92E-01,1.56E-01,2.49E-01,2.07E+02,1.37E+01,2.21E+02,0.000119065,0.000125027
6.33E+04,278499,4.44E+01,7.54E-01,1.36E-02,9.04E+01,1.83E-05,2.93E-01,1.57E-01,2.47E-01,2.07E+02,1.34E+01,2.20E+02,0.000119017,0.000124976
6.33E+04,2.78E+05,1.80E+02,2.60E+00,1.36E-02,9.04E+01,1.83E-05,2.93E-01,1.57E-01,2.47E-01,2.07E+02,1.34E+01,2.20E+02,0.000119017,0.000124976
6.33E+04,278599,4.51E+01,7.57E-01,1.36E-02,9.04E+01,1.83E-05,2.94E-01,1.56E-01,2.50E-01,2.07E+02,1.38E+01,2.21E+02,0.000118968,0.000124925
6.33E+04,278600,1.80E+02,2.60E+00,1.36E-02,9.04E+01,1.83E-05,2.94E-01,1.56E-01,2.50E-01,2.07E+02,1.38E+01,2.21E+02,0.000118968,0.000124925
6.34E+04,2.79E+05,4.44E+01,7.54E-01,1.36E-02,9.04E+01,1.83E-05,2.92E-01,1.57E-01,2.47E-01,2.06E+02,1.34E+01,2.20E+02,0.00011892,0.000124874
6.34E+04,2.79E+05,1.79E+02,2.60E+00,1.36E-02,9.04E+01,1.83E-05,2.92E-01,1.57E-01,2.47E-01,2.06E+02,1.34E+01,2.20E+02,0.00011892,0.000124874
6.34E+04,2.79E+05,4.44E+01,7.56E-01,1.36E-02,9.04E+01,1.83E-05,2.93E-01,1.57E-01,2.47E-01,2.07E+02,1.34E+01,2.20E+02,0.000118871,0.000124824
6.34E+04,278800,1.80E+02,2.60E+00,1.36E-02,9.04E+01,1.83E-05,2.93E-01,1.57E-01,2.47E-01,2.07E+02,1.34E+01,2.20E+02,0.000118871,0.000124824
6.34E+04,278899,4.49E+01,7.54E-01,1.37E-02,9.04E+01,1.83E-05,2.92E-01,1.56E-01,2.50E-01,2.07E+02,1.38E+01,2.21E+02,0.000118823,0.000124773
6.34E+04,2.79E+05,1.79E+02,2.60E+00,1.37E-02,9.04E+01,1.83E-05,2.92E-01,1.56E-01,2.50E-01,2.07E+02,1.38E+01,2.21E+02,0.000118823,0.000124773
6.34E+04,278999,4.49E+01,7.53E-01,1.36E-02,9.04E+01,1.83E-05,2.93E-01,1.57E-01,2.49E-01,2.07E+02,1.38E+01,2.21E+02,0.000118774,0.000124723
6.34E+04,279000,1.80E+02,2.60E+00,1.36E-02,9.04E+01,1.83E-05,2.93E-01,1.57E-01,2.49E-01,2.07E+02,1.38E+01,2.21E+02,0.000118774,0.000124722
6.34E+04,2.79E+05,4.44E+01,7.55E-01,1.36E-02,9.04E+01,1.83E-05,2.92E-01,1.56E-01,2.48E-01,2.06E+02,1.35E+01,2.20E+02,0.000118726,0.000124672
6.34E+04,2.79E+05,1.79E+02,2.60E+00,1.36E-02,9.04E+01,1.83E-05,2.92E-01,1.56E-01,2.48E-01,2.06E+02,1.35E+01,2.20E+02,0.000118726,0.000124672
6.35E+04,279199,4.50E+01,7.55E-01,1.36E-02,9.04E+01,1.83E-05,2.94E-01,1.57E-01,2.49E-01,2.07E+02,1.37E+01,2.21E+02,0.000118678,0.000124622
6.35E+04,279200,1.80E+02,2.60E+00,1.36E-02,9.04E+01,1.83E-05,2.94E-01,1.57E-01,2.49E-01,2.07E+02,1.37E+01,2.21E+02,0.000118677,0.000124621
6.35E+04,2.79E+05,4.45E+01,7.54E-01,1.36E-02,9.04E+01,1.83E-05,2.92E-01,1.56E-01,2.48E-01,2.06E+02,1.35E+01,2.20E+02,0.000118629,0.000124571
6.35E+04,2.79E+05,1.79E+02,2.60E+00,1.36E-02,9.04E+01,1.83E-05,2.92E-01,1.56E-01,2.48E-01,2.06E+02,1.35E+01,2.20E+02,0.000118629,0.000124571
6.35E+04,279399,4.49E+01,7.55E-01,1.36E-02,9.04E+01,1.83E-05,2.93E-01,1.57E-01,2.49E-01,2.07E+02,1.37E+01,2.21E+02,0.000118581,0.000124521
6.35E+04,279400,1.80E+02,2.60E+00,1.36E-02,9.04E+01,1.83E-05,2.93E-01,1.57E-01,2.49E-01,2.07E+02,1.37E+01,2.21E+02,0.00011858,0.00012452
6.35E+04,279499,4.48E+01,7.55E-01,1.36E-02,9.04E+01,1.83E-05,2.93E-01,1.56E-01,2.49E-01,2.07E+02,1.37E+01,2.21E+02,0.000118533,0.00012447
6.35E+04,279500,1.80E+02,2.60E+00,1.36E-02,9.04E+01,1.83E-05,2.93E-01,1.56E-01,2.49E-01,2.07E+02,1.37E+01,2.21E+02,0.000118532,0.00012447
6.36E+04,2.80E+05,4.45E+01,7.53E-01,1.36E-02,9.04E+01,1.83E-05,2.92E-01,1.57E-01,2.48E-01,2.07E+02,1.35E+01,2.20E+02,0.000118484,0.00012442
6.36E+04,2.80E+05,1.80E+02,2.60E+00,1.36E-02,9.04E+01,1.83E-05,2.92E-01,1.57E-01,2.48E-01,2.07E+02,1.35E+01,2.20E+02,0.000118484,0.00012442
6.36E+04,279699,4.49E+01,7.51E-01,1.37E-02,9.04E+01,1.83E-05,2.92E-01,1.56E-01,2.50E-01,2.07E+02,1.38E+01,2.21E+02,0.000118436,0.00012437
6.36E+04,2.80E+05,1.80E+02,2.60E+00,1.37E-02,9.04E+01,1.83E-05,2.92E-01,1.56E-01,2.50E-01,2.07E+02,1.38E+01,2.21E+02,0.000118436,0.000124369
6.36E+04,2.80E+05,4.43E+01,7.51E-01,1.36E-02,9.04E+01,1.83E-05,2.93E-01,1.57E-01,2.46E-01,2.07E+02,1.33E+01,2.20E+02,0.000118388,0.000124319
6.36E+04,279800,1.80E+02,2.60E+00,1.36E-02,9.04E+01,1.83E-05,2.93E-01,1.57E-01,2.46E-01,2.07E+02,1.33E+01,2.20E+02,0.000118387,0.000124319
6.36E+04,279899,4.49E+01,7.52E-01,1.36E-02,9.04E+01,1.83E-05,2.93E-01,1.57E-01,2.49E-01,2.07E+02,1.37E+01,2.21E+02,0.00011834,0.000124269
6.36E+04,279900,1.80E+02,2.60E+00,1.36E-02,9.04E+01,1.83E-05,2.93E-01,1.57E-01,2.49E-01,2.07E+02,1.37E+01,2.21E+02,0.000118339,0.000124269
6.36E+04,2.80E+05,4.44E+01,7.51E-01,1.36E-02,9.04E+01,1.83E-05,2.92E-01,1.57E-01,2.47E-01,2.07E+02,1.34E+01,2.20E+02,0.000118291,0.000124219
6.36E+04,2.80E+05,1.80E+02,2.60E+00,1.36E-02,9.04E+01,1.83E-05,2.92E-01,1.57E-01,2.47E-01,2.07E+02,1.34E+01,2.20E+02,0.000118291,0.000124219
6.37E+04,2.80E+05,4.34E+01,7.51E-01,1.36E-02,9.04E+01,1.82E-05,2.91E-01,1.57E-01,2.43E-01,2.05E+02,1.28E+01,2.18E+02,0.000118243,0.000124168
6.37E+04,2.80E+05,1.79E+02,2.59E+00,1.36E-02,9.04E+01,1.82E-05,2.91E-01,1.57E-01,2.43E-01,2.05E+02,1.28E+01,2.18E+02,0.000118243,0.000124168
6.37E+04,2.80E+05,4.38E+01,7.52E-01,1.36E-02,9.04E+01,1.82E-05,2.92E-01,1.58E-01,2.44E-01,2.06E+02,1.31E+01,2.19E+02,0.000118195,0.000124118
6.37E+04,2.80E+05,1.80E+02,2.60E+00,1.36E-02,9.04E+01,1.82E-05,2.92E-01,1.58E-01,2.44E-01,2.06E+02,1.31E+01,2.19E+02,0.000118195,0.000124118
6.37E+04,2.80E+05,4.42E+01,7.51E-01,1.37E-02,9.04E+01,1.82E-05,2.91E-01,1.56E-01,2.47E-01,2.06E+02,1.34E+01,2.19E+02,0.000118147,0.000124068
6.37E+04,2.80E+05,1.79E+02,2.59E+00,1.37E-02,9.04E+01,1.82E-05,2.91E-01,1.56E-01,2.47E-01,2.06E+02,1.34E+01,2.19E+02,0.000118147,0.000124068
6.37E+04,2.80E+05,4.38E+01,7.52E-01,1.36E-02,9.04E+01,1.82E-05,2.91E-01,1.57E-01,2.45E-01,2.05E+02,1.31E+01,2.18E+02,0.000118099,0.000124018
6.37E+04,2.80E+05,1.79E+02,2.60E+00,1.36E-02,9.04E+01,1.82E-05,2.91E-01,1.57E-01,2.45E-01,2.05E+02,1.31E+01,2.18E+02,0.000118099,0.000124018
6.37E+04,2.80E+05,4.43E+01,7.52E-01,1.37E-02,9.04E+01,1.82E-05,2.91E-01,1.56E-01,2.47E-01,2.06E+02,1.34E+01,2.19E+02,0.000118052,0.000123968
6.37E+04,2.80E+05,1.79E+02,2.60E+00,1.37E-02,9.04E+01,1.82E-05,2.91E-01,1.56E-01,2.47E-01,2.06E+02,1.34E+01,2.19E+02,0.000118052,0.000123968
6.38E+04,280599,4.52E+01,7.52E-01,1.37E-02,9.04E+01,1.82E-05,2.93E-01,1.56E-01,2.51E-01,2.08E+02,1.40E+01,2.22E+02,0.000118004,0.000123918
6.38E+04,280600,1.80E+02,2.60E+00,1.37E-02,9.04E+01,1.82E-05,2.93E-01,1.56E-01,2.51E-01,2.08E+02,1.40E+01,2.22E+02,0.000118003,0.000123918
6.38E+04,280699,4.45E+01,7.52E-01,1.37E-02,9.04E+01,1.82E-05,2.92E-01,1.56E-01,2.48E-01,2.06E+02,1.36E+01,2.20E+02,0.000117956,0.000123868
6.38E+04,2.81E+05,1.79E+02,2.60E+00,1.37E-02,9.04E+01,1.82E-05,2.92E-01,1.56E-01,2.48E-01,2.06E+02,1.36E+01,2.20E+02,0.000117956,0.000123868
6.38E+04,280799,4.44E+01,7.52E-01,1.37E-02,9.04E+01,1.82E-05,2.92E-01,1.56E-01,2.48E-01,2.06E+02,1.35E+01,2.20E+02,0.000117908,0.000123818
6.38E+04,2.81E+05,1.79E+02,2.60E+00,1.37E-02,9.04E+01,1.82E-05,2.92E-01,1.56E-01,2.48E-01,2.06E+02,1.35E+01,2.20E+02,0.000117908,0.000123818
6.39E+04,280899,4.50E+01,7.53E-01,1.37E-02,9.04E+01,1.82E-05,2.92E-01,1.55E-01,2.51E-01,2.07E+02,1.39E+01,2.21E+02,0.00011786,0.000123769
6.39E+04,2.81E+05,1.79E+02,2.60E+00,1.37E-02,9.04E+01,1.82E-05,2.92E-01,1.55E-01,2.51E-01,2.07E+02,1.39E+01,2.21E+02,0.00011786,0.000123768
6.39E+04,2.81E+05,4.41E+01,7.53E-01,1.36E-02,9.04E+01,1.82E-05,2.93E-01,1.57E-01,2.45E-01,2.06E+02,1.32E+01,2.20E+02,0.000117813,0.000123718
6.39E+04,281000,1.80E+02,2.60E+00,1.36E-02,9.04E+01,1.82E-05,2.93E-01,1.57E-01,2.45E-01,2.06E+02,1.32E+01,2.20E+02,0.000117812,0.000123718
6.39E+04,281099,4.52E+01,7.53E-01,1.37E-02,9.04E+01,1.82E-05,2.92E-01,1.55E-01,2.52E-01,2.07E+02,1.40E+01,2.21E+02,0.000117765,0.000123669
6.39E+04,2.81E+05,1.79E+02,2.60E+00,1.37E-02,9.04E+01,1.82E-05,2.92E-01,1.55E-01,2.52E-01,2.07E+02,1.40E+01,2.21E+02,0.000117765,0.000123669
6.39E+04,281199,4.46E+01,7.52E-01,1.37E-02,9.04E+01,1.82E-05,2.92E-01,1.56E-01,2.49E-01,2.07E+02,1.36E+01,2.20E+02,0.000117717,0.000123619
6.39E+04,2.81E+05,1.79E+02,2.60E+00,1.37E-02,9.04E+01,1.82E-05,2.92E-01,1.56E-01,2.49E-01,2.07E+02,1.36E+01,2.20E+02,0.000117717,0.000123619
6.39E+04,281299,4.46E+01,7.53E-01,1.36E-02,9.04E+01,1.82E-05,2.92E-01,1.57E-01,2.48E-01,2.07E+02,1.35E+01,2.20E+02,0.00011767,0.000123569
6.39E+04,281300,1.80E+02,2.60E+00,1.36E-02,9.04E+01,1.82E-05,2.92E-01,1.57E-01,2.48E-01,2.07E+02,1.35E+01,2.20E+02,0.000117669,0.000123569
6.40E+04,2.81E+05,4.40E+01,7.52E-01,1.36E-02,9.04E+01,1.82E-05,2.92E-01,1.57E-01,2.45E-01,2.06E+02,1.31E+01,2.19E+02,0.000117622,0.00012352
6.40E+04,281400,1.80E+02,2.60E+00,1.36E-02,9.04E+01,1.82E-05,2.92E-01,1.57E-01,2.45E-01,2.06E+02,1.31E+01,2.19E+02,0.000117622,0.000123519
6.40E+04,2.81E+05,4.41E+01,7.53E-01,1.36E-02,9.04E+01,1.82E-05,2.92E-01,1.57E-01,2.46E-01,2.06E+02,1.33E+01,2.19E+02,0.000117574,0.00012347
6.40E+04,2.81E+05,1.79E+02,2.60E+00,1.36E-02,9.04E+01,1.82E-05,2.92E-01,1.57E-01,2.46E-01,2.06E+02,1.33E+01,2.19E+02,0.000117574,0.00012347
6.40E+04,281599,4.47E+01,7.53E-01,1.36E-02,9.04E+01,1.82E-05,2.93E-01,1.57E-01,2.48E-01,2.07E+02,1.36E+01,2.21E+02,0.000117527,0.00012342
6.40E+04,281600,1.80E+02,2.60E+00,1.36E-02,9.04E+01,1.82E-05,2.93E-01,1.57E-01,2.48E-01,2.07E+02,1.36E+01,2.21E+02,0.000117527,0.00012342
6.40E+04,2.82E+05,4.37E+01,7.54E-01,1.36E-02,9.04E+01,1.81E-05,2.91E-01,1.57E-01,2.44E-01,2.05E+02,1.30E+01,2.18E+02,0.000117479,0.000123371
6.40E+04,2.82E+05,1.79E+02,2.60E+00,1.36E-02,9.04E+01,1.81E-05,2.91E-01,1.57E-01,2.44E-01,2.05E+02,1.30E+01,2.18E+02,0.000117479,0.000123371
6.41E+04,281799,4.46E+01,7.53E-01,1.37E-02,9.04E+01,1.81E-05,2.91E-01,1.56E-01,2.49E-01,2.06E+02,1.36E+01,2.20E+02,0.000117432,0.000123321
6.41E+04,2.82E+05,1.79E+02,2.60E+00,1.37E-02,9.04E+01,1.81E-05,2.91E-01,1.56E-01,2.49E-01,2.06E+02,1.36E+01,2.20E+02,0.000117432,0.000123321
6.41E+04,281899,4.46E+01,7.52E-01,1.37E-02,9.04E+01,1.81E-05,2.92E-01,1.56E-01,2.49E-01,2.07E+02,1.36E+01,2.20E+02,0.000117385,0.000123272
6.41E+04,2.82E+05,1.80E+02,2.60E+00,1.37E-02,9.04E+01,1.81E-05,2.92E-01,1.56E-01,2.49E-01,2.07E+02,1.36E+01,2.20E+02,0.000117385,0.000123272
6.41E+04,2.82E+05,4.41E+01,7.51E-01,1.36E-02,9.04E+01,1.81E-05,2.92E-01,1.57E-01,2.46E-01,2.06E+02,1.32E+01,2.19E+02,0.000117337,0.000123222
6.41E+04,2.82E+05,1.79E+02,2.60E+00,1.36E-02,9.04E+01,1.81E-05,2.92E-01,1.57E-01,2.46E-01,2.06E+02,1.32E+01,2.19E+02,0.000117337,0.000123222
6.41E+04,2.82E+05,4.41E+01,7.53E-01,1.37E-02,9.04E+01,1.81E-05,2.91E-01,1.56E-01,2.46E-01,2.06E+02,1.33E+01,2.19E+02,0.00011729,0.000123173
6.41E+04,2.82E+05,1.79E+02,2.60E+00,1.37E-02,9.04E+01,1.81E-05,2.91E-01,1.56E-01,2.46E-01,2.06E+02,1.33E+01,2.19E+02,0.00011729,0.000123173
6.41E+04,282199,4.46E+01,7.51E-01,1.37E-02,9.04E+01,1.81E-05,2.92E-01,1.56E-01,2.48E-01,2.07E+02,1.36E+01,2.20E+02,0.000117243,0.000123124
6.41E+04,2.82E+05,1.80E+02,2.60E+00,1.37E-02,9.04E+01,1.81E-05,2.92E-01,1.56E-01,2.48E-01,2.07E+02,1.36E+01,2.20E+02,0.000117243,0.000123123
6.42E+04,282299,4.52E+01,7.53E-01,1.37E-02,9.04E+01,1.81E-05,2.92E-01,1.55E-01,2.52E-01,2.07E+02,1.40E+01,2.21E+02,0.000117196,0.000123074
6.42E+04,2.82E+05,1.79E+02,2.60E+00,1.37E-02,9.04E+01,1.81E-05,2.92E-01,1.55E-01,2.52E-01,2.07E+02,1.40E+01,2.21E+02,0.000117195,0.000123074
6.42E+04,282399,4.46E+01,7.52E-01,1.37E-02,9.04E+01,1.81E-05,2.91E-01,1.56E-01,2.49E-01,2.06E+02,1.36E+01,2.20E+02,0.000117148,0.000123025
6.42E+04,2.82E+05,1.79E+02,2.60E+00,1.37E-02,9.04E+01,1.81E-05,2.91E-01,1.56E-01,2.49E-01,2.06E+02,1.36E+01,2.20E+02,0.000117148,0.000123025
6.42E+04,2.82E+05,4.41E+01,7.52E-01,1.36E-02,9.04E+01,1.81E-05,2.92E-01,1.57E-01,2.45E-01,2.06E+02,1.32E+01,2.19E+02,0.000117101,0.000122975
6.42E+04,2.82E+05,1.80E+02,2.60E+00,1.36E-02,9.04E+01,1.81E-05,2.92E-01,1.57E-01,2.45E-01,2.06E+02,1.32E+01,2.19E+02,0.000117101,0.000122975
6.42E+04,282599,4.47E+01,7.55E-01,1.37E-02,9.04E+01,1.81E-05,2.92E-01,1.56E-01,2.49E-01,2.07E+02,1.37E+01,2.20E+02,0.000117054,0.000122926
6.42E+04,2.83E+05,1.80E+02,2.60E+00,1.37E-02,9.04E+01,1.81E-05,2.92E-01,1.56E-01,2.49E-01,2.07E+02,1.37E+01,2.20E+02,0.000117054,0.000122926
6.43E+04,2.83E+05,4.37E+01,7.54E-01,1.35E-02,9.04E+01,1.81E-05,2.93E-01,1.58E-01,2.43E-01,2.06E+02,1.29E+01,2.19E+02,0.000117007,0.000122877
6.43E+04,282700,1.80E+02,2.60E+00,1.35E-02,9.04E+01,1.81E-05,2.93E-01,1.58E-01,2.43E-01,2.06E+02,1.29E+01,2.19E+02,0.000117006,0.000122877
6.43E+04,282799,4.45E+01,7.54E-01,1.36E-02,9.04E+01,1.81E-05,2.92E-01,1.56E-01,2.48E-01,2.06E+02,1.35E+01,2.20E+02,0.00011696,0.000122828
6.43E+04,282800,1.80E+02,2.60E+00,1.36E-02,9.04E+01,1.81E-05,2.92E-01,1.56E-01,2.48E-01,2.06E+02,1.35E+01,2.20E+02,0.000116959,0.000122828
6.43E+04,282899,4.50E+01,7.53E-01,1.38E-02,9.04E+01,1.81E-05,2.91E-01,1.55E-01,2.52E-01,2.06E+02,1.39E+01,2.20E+02,0.000116913,0.000122779
6.43E+04,2.83E+05,1.79E+02,2.60E+00,1.38E-02,9.04E+01,1.81E-05,2.91E-01,1.55E-01,2.52E-01,2.06E+02,1.39E+01,2.20E+02,0.000116913,0.000122779
6.43E+04,282999,4.45E+01,7.53E-01,1.37E-02,9.04E+01,1.81E-05,2.92E-01,1.56E-01,2.48E-01,2.06E+02,1.35E+01,2.20E+02,0.000116866,0.00012273
6.43E+04,2.83E+05,1.79E+02,2.60E+00,1.37E-02,9.04E+01,1.81E-05,2.92E-01,1.56E-01,2.48E-01,2.06E+02,1.35E+01,2.20E+02,0.000116865,0.00012273
6.43E+04,2.83E+05,4.41E+01,7.53E-01,1.36E-02,9.04E+01,1.81E-05,2.92E-01,1.57E-01,2.46E-01,2.06E+02,1.32E+01,2.19E+02,0.000116819,0.000122681
6.43E+04,2.83E+05,1.79E+02,2.60E+00,1.36E-02,9.04E+01,1.81E-05,2.92E-01,1.57E-01,2.46E-01,2.06E+02,1.32E+01,2.19E+02,0.000116819,0.000122681
6.44E+04,283199,4.45E+01,7.53E-01,1.37E-02,9.04E+01,1.81E-05,2.91E-01,1.56E-01,2.49E-01,2.06E+02,1.36E+01,2.20E+02,0.000116772,0.000122632
6.44E+04,2.83E+05,1.79E+02,2.60E+00,1.37E-02,9.04E+01,1.81E-05,2.91E-01,1.56E-01,2.49E-01,2.06E+02,1.36E+01,2.20E+02,0.000116772,0.000122631
6.44E+04,2.83E+05,4.37E+01,7.53E-01,1.36E-02,9.04E+01,1.81E-05,2.92E-01,1.57E-01,2.44E-01,2.06E+02,1.30E+01,2.19E+02,0.000116725,0.000122582
6.44E+04,2.83E+05,1.79E+02,2.60E+00,1.36E-02,9.04E+01,1.81E-05,2.92E-01,1.57E-01,2.44E-01,2.06E+02,1.30E+01,2.19E+02,0.000116725,0.000122582
6.44E+04,2.83E+05,4.41E+01,7.53E-01,1.36E-02,9.05E+01,1.80E-05,2.92E-01,1.57E-01,2.46E-01,2.06E+02,1.33E+01,2.19E+02,0.000116678,0.000122534
6.44E+04,2.83E+05,1.79E+02,2.60E+00,1.36E-02,9.05E+01,1.80E-05,2.92E-01,1.57E-01,2.46E-01,2.06E+02,1.33E+01,2.19E+02,0.000116678,0.000122534
6.44E+04,283499,4.45E+01,7.53E-01,1.37E-02,9.05E+01,1.80E-05,2.92E-01,1.56E-01,2.48E-01,2.06E+02,1.36E+01,2.20E+02,0.000116631,0.000122485
6.44E+04,2.83E+05,1.79E+02,2.60E+00,1.37E-02,9.05E+01,1.80E-05,2.92E-01,1.56E-01,2.48E-01,2.06E+02,1.36E+01,2.20E+02,0.000116631,0.000122485
6.45E+04,283599,4.47E+01,7.54E-01,1.37E-02,9.05E+01,1.80E-05,2.92E-01,1.56E-01,2.49E-01,2.07E+02,1.36E+01,2.20E+02,0.000116584,0.000122436
6.45E+04,283600,1.80E+02,2.60E+00,1.37E-02,9.05E+01,1.80E-05,2.92E-01,1.56E-01,2.49E-01,2.07E+02,1.36E+01,2.20E+02,0.000116584,0.000122436
6.45E+04,2.84E+05,4.41E+01,7.53E-01,1.37E-02,9.05E+01,1.80E-05,2.90E-01,1.55E-01,2.47E-01,2.05E+02,1.33E+01,2.18E+02,0.000116537,0.000122387
6.45E+04,2.84E+05,1.78E+02,2.59E+00,1.37E-02,9.05E+01,1.80E-05,2.90E-01,1.55E-01,2.47E-01,2.05E+02,1.33E+01,2.18E+02,0.000116537,0.000122387
6.45E+04,283799,4.46E+01,7.53E-01,1.36E-02,9.05E+01,1.80E-05,2.92E-01,1.57E-01,2.48E-01,2.07E+02,1.35E+01,2.20E+02,0.000116491,0.000122338
6.45E+04,283800,1.80E+02,2.60E+00,1.36E-02,9.05E+01,1.80E-05,2.92E-01,1.57E-01,2.48E-01,2.07E+02,1.35E+01,2.20E+02,0.00011649,0.000122338
6.45E+04,283899,4.45E+01,7.52E-01,1.37E-02,9.05E+01,1.80E-05,2.91E-01,1.56E-01,2.48E-01,2.06E+02,1.35E+01,2.20E+02,0.000116444,0.00012229
6.45E+04,283900,1.79E+02,2.59E+00,1.37E-02,9.05E+01,1.80E-05,2.91E-01,1.56E-01,2.48E-01,2.06E+02,1.35E+01,2.20E+02,0.000116444,0.000122289
6.46E+04,283999,4.45E+01,7.51E-01,1.37E-02,9.05E+01,1.80E-05,2.92E-01,1.56E-01,2.48E-01,2.07E+02,1.35E+01,2.20E+02,0.000116398,0.000122241
6.46E+04,284000,1.79E+02,2.60E+00,1.37E-02,9.05E+01,1.80E-05,2.92E-01,1.56E-01,2.48E-01,2.07E+02,1.35E+01,2.20E+02,0.000116397,0.00012224
6.46E+04,284099,4.51E+01,7.54E-01,1.37E-02,9.05E+01,1.80E-05,2.91E-01,1.55E-01,2.51E-01,2.07E+02,1.39E+01,2.21E+02,0.000116351,0.000122192
6.46E+04,284100,1.79E+02,2.60E+00,1.37E-02,9.05E+01,1.80E-05,2.91E-01,1.55E-01,2.51E-01,2.07E+02,1.39E+01,2.21E+02,0.00011635,0.000122192
6.46E+04,2.84E+05,4.40E+01,7.54E-01,1.36E-02,9.05E+01,1.80E-05,2.91E-01,1.56E-01,2.46E-01,2.05E+02,1.32E+01,2.19E+02,0.000116304,0.000122143
6.46E+04,284200,1.79E+02,2.59E+00,1.36E-02,9.05E+01,1.80E-05,2.91E-01,1.56E-01,2.46E-01,2.05E+02,1.32E+01,2.19E+02,0.000116304,0.000122143
6.46E+04,284299,4.45E+01,7.52E-01,1.37E-02,9.05E+01,1.80E-05,2.91E-01,1.55E-01,2.49E-01,2.06E+02,1.36E+01,2.20E+02,0.000116258,0.000122095
6.46E+04,2.84E+05,1.79E+02,2.60E+00,1.37E-02,9.05E+01,1.80E-05,2.91E-01,1.55E-01,2.49E-01,2.06E+02,1.36E+01,2.20E+02,0.000116258,0.000122095
6.46E+04,284399,4.44E+01,7.51E-01,1.37E-02,9.05E+01,1.80E-05,2.91E-01,1.56E-01,2.49E-01,2.06E+02,1.36E+01,2.19E+02,0.000116211,0.000122046
6.46E+04,2.84E+05,1.79E+02,2.60E+00,1.37E-02,9.05E+01,1.80E-05,2.91E-01,1.56E-01,2.49E-01,2.06E+02,1.36E+01,2.19E+02,0.000116211,0.000122046
6.47E+04,284499,4.44E+01,7.52E-01,1.37E-02,9.05E+01,1.80E-05,2.91E-01,1.56E-01,2.48E-01,2.06E+02,1.35E+01,2.20E+02,0.000116165,0.000121998
6.47E+04,284500,1.79E+02,2.60E+00,1.37E-02,9.05E+01,1.80E-05,2.91E-01,1.56E-01,2.48E-01,2.06E+02,1.35E+01,2.20E+02,0.000116164,0.000121997
6.47E+04,2.85E+05,4.44E+01,7.55E-01,1.37E-02,9.05E+01,1.80E-05,2.91E-01,1.56E-01,2.48E-01,2.06E+02,1.35E+01,2.19E+02,0.000116118,0.000121949
6.47E+04,2.85E+05,1.79E+02,2.60E+00,1.37E-02,9.05E+01,1.80E-05,2.91E-01,1.56E-01,2.48E-01,2.06E+02,1.35E+01,2.19E+02,0.000116118,0.000121949
6.47E+04,284699,4.47E+01,7.51E-01,1.37E-02,9.05E+01,1.80E-05,2.91E-01,1.56E-01,2.50E-01,2.06E+02,1.37E+01,2.20E+02,0.000116072,0.000121901
6.47E+04,2.85E+05,1.79E+02,2.60E+00,1.37E-02,9.05E+01,1.80E-05,2.91E-01,1.56E-01,2.50E-01,2.06E+02,1.37E+01,2.20E+02,0.000116072,0.000121901
6.47E+04,2.85E+05,4.37E+01,7.52E-01,1.37E-02,9.05E+01,1.80E-05,2.90E-01,1.56E-01,2.45E-01,2.05E+02,1.31E+01,2.18E+02,0.000116025,0.000121852
6.47E+04,2.85E+05,1.79E+02,2.60E+00,1.37E-02,9.05E+01,1.80E-05,2.90E-01,1.56E-01,2.45E-01,2.05E+02,1.31E+01,2.18E+02,0.000116025,0.000121852
6.48E+04,2.85E+05,4.42E+01,7.53E-01,1.37E-02,9.05E+01,1.80E-05,2.91E-01,1.56E-01,2.47E-01,2.06E+02,1.34E+01,2.19E+02,0.000115979,0.000121804
6.48E+04,2.85E+05,1.79E+02,2.60E+00,1.37E-02,9.05E+01,1.80E-05,2.91E-01,1.56E-01,2.47E-01,2.06E+02,1.34E+01,2.19E+02,0.000115979,0.000121804
6.48E+04,2.85E+05,4.42E+01,7.52E-01,1.37E-02,9.05E+01,1.79E-05,2.91E-01,1.56E-01,2.47E-01,2.06E+02,1.33E+01,2.19E+02,0.000115933,0.000121755
6.48E+04,2.85E+05,1.79E+02,2.60E+00,1.37E-02,9.05E+01,1.79E-05,2.91E-01,1.56E-01,2.47E-01,2.06E+02,1.33E+01,2.19E+02,0.000115933,0.000121755
6.48E+04,285099,4.47E+01,7.53E-01,1.37E-02,9.05E+01,1.79E-05,2.92E-01,1.56E-01,2.49E-01,2.07E+02,1.36E+01,2.20E+02,0.000115887,0.000121707
6.48E+04,285100,1.80E+02,2.60E+00,1.37E-02,9.05E+01,1.79E-05,2.92E-01,1.56E-01,2.49E-01,2.07E+02,1.36E+01,2.20E+02,0.000115886,0.000121707
6.48E+04,285199,4.48E+01,7.53E-01,1.38E-02,9.05E+01,1.79E-05,2.90E-01,1.55E-01,2.51E-01,2.06E+02,1.38E+01,2.20E+02,0.00011584,0.000121659
6.48E+04,2.85E+05,1.79E+02,2.60E+00,1.38E-02,9.05E+01,1.79E-05,2.90E-01,1.55E-01,2.51E-01,2.06E+02,1.38E+01,2.20E+02,0.00011584,0.000121659
6.48E+04,2.85E+05,4.43E+01,7.55E-01,1.37E-02,9.05E+01,1.79E-05,2.90E-01,1.55E-01,2.48E-01,2.05E+02,1.35E+01,2.19E+02,0.000115794,0.000121611
6.48E+04,2.85E+05,1.79E+02,2.60E+00,1.37E-02,9.05E+01,1.79E-05,2.90E-01,1.55E-01,2.48E-01,2.05E+02,1.35E+01,2.19E+02,0.000115794,0.000121611
6.49E+04,285399,4.47E+01,7.52E-01,1.37E-02,9.05E+01,1.79E-05,2.91E-01,1.56E-01,2.49E-01,2.06E+02,1.37E+01,2.20E+02,0.000115748,0.000121563
6.49E+04,2.85E+05,1.79E+02,2.60E+00,1.37E-02,9.05E+01,1.79E-05,2.91E-01,1.56E-01,2.49E-01,2.06E+02,1.37E+01,2.20E+02,0.000115748,0.000121562
6.49E+04,2.85E+05,4.42E+01,7.54E-01,1.37E-02,9.05E+01,1.79E-05,2.91E-01,1.56E-01,2.47E-01,2.06E+02,1.33E+01,2.19E+02,0.000115702,0.000121514
6.49E+04,2.85E+05,1.79E+02,2.60E+00,1.37E-02,9.05E+01,1.79E-05,2.91E-01,1.56E-01,2.47E-01,2.06E+02,1.33E+01,2.19E+02,0.000115702,0.000121514
6.49E+04,285599,4.51E+01,7.56E-01,1.38E-02,9.05E+01,1.79E-05,2.91E-01,1.55E-01,2.52E-01,2.07E+02,1.40E+01,2.21E+02,0.000115656,0.000121466
6.49E+04,2.86E+05,1.79E+02,2.60E+00,1.38E-02,9.05E+01,1.79E-05,2.91E-01,1.55E-01,2.52E-01,2.07E+02,1.40E+01,2.21E+02,0.000115656,0.000121466
6.49E+04,285699,4.45E+01,7.53E-01,1.37E-02,9.05E+01,1.79E-05,2.91E-01,1.56E-01,2.48E-01,2.06E+02,1.35E+01,2.20E+02,0.00011561,0.000121418
6.49E+04,285700,1.79E+02,2.60E+00,1.37E-02,9.05E+01,1.79E-05,2.91E-01,1.56E-01,2.48E-01,2.06E+02,1.35E+01,2.20E+02,0.000115609,0.000121418
6.50E+04,2.86E+05,4.41E+01,7.52E-01,1.36E-02,9.05E+01,1.79E-05,2.92E-01,1.57E-01,2.46E-01,2.06E+02,1.32E+01,2.19E+02,0.000115563,0.00012137
6.50E+04,285800,1.79E+02,2.60E+00,1.36E-02,9.05E+01,1.79E-05,2.92E-01,1.57E-01,2.46E-01,2.06E+02,1.32E+01,2.19E+02,0.000115563,0.00012137
6.50E+04,285899,4.50E+01,7.51E-01,1.38E-02,9.05E+01,1.79E-05,2.91E-01,1.55E-01,2.52E-01,2.07E+02,1.40E+01,2.21E+02,0.000115518,0.000121322
6.50E+04,2.86E+05,1.79E+02,2.60E+00,1.38E-02,9.05E+01,1.79E-05,2.91E-01,1.55E-01,2.52E-01,2.07E+02,1.40E+01,2.21E+02,0.000115517,0.000121322
6.50E+04,285999,4.44E+01,7.52E-01,1.37E-02,9.05E+01,1.79E-05,2.91E-01,1.56E-01,2.48E-01,2.06E+02,1.35E+01,2.20E+02,0.000115472,0.000121274
6.50E+04,286000,1.79E+02,2.60E+00,1.37E-02,9.05E+01,1.79E-05,2.91E-01,1.56E-01,2.48E-01,2.06E+02,1.35E+01,2.20E+02,0.000115471,0.000121274
6.50E+04,286099,4.44E+01,7.52E-01,1.37E-02,9.05E+01,1.79E-05,2.91E-01,1.56E-01,2.48E-01,2.06E+02,1.35E+01,2.20E+02,0.000115426,0.000121226
6.50E+04,2.86E+05,1.79E+02,2.60E+00,1.37E-02,9.05E+01,1.79E-05,2.91E-01,1.56E-01,2.48E-01,2.06E+02,1.35E+01,2.20E+02,0.000115426,0.000121226
6.50E+04,2.86E+05,4.40E+01,7.51E-01,1.37E-02,9.05E+01,1.79E-05,2.90E-01,1.56E-01,2.47E-01,2.05E+02,1.33E+01,2.18E+02,0.00011538,0.000121178
6.50E+04,2.86E+05,1.78E+02,2.60E+00,1.37E-02,9.05E+01,1.79E-05,2.90E-01,1.56E-01,2.47E-01,2.05E+02,1.33E+01,2.18E+02,0.00011538,0.000121178
6.51E+04,286299,4.44E+01,7.51E-01,1.37E-02,9.05E+01,1.79E-05,2.91E-01,1.56E-01,2.48E-01,2.06E+02,1.36E+01,2.20E+02,0.000115334,0.00012113
6.51E+04,2.86E+05,1.79E+02,2.60E+00,1.37E-02,9.05E+01,1.79E-05,2.91E-01,1.56E-01,2.48E-01,2.06E+02,1.36E+01,2.20E+02,0.000115334,0.00012113
6.51E+04,2.86E+05,4.39E+01,7.52E-01,1.37E-02,9.05E+01,1.79E-05,2.91E-01,1.56E-01,2.46E-01,2.06E+02,1.32E+01,2.19E+02,0.000115288,0.000121082
6.51E+04,2.86E+05,1.79E+02,2.60E+00,1.37E-02,9.05E+01,1.79E-05,2.91E-01,1.56E-01,2.46E-01,2.06E+02,1.32E+01,2.19E+02,0.000115288,0.000121082
6.51E+04,2.86E+05,4.40E+01,7.52E-01,1.37E-02,9.05E+01,1.79E-05,2.91E-01,1.56E-01,2.46E-01,2.06E+02,1.32E+01,2.19E+02,0.000115242,0.000121034
6.51E+04,2.86E+05,1.79E+02,2.60E+00,1.37E-02,9.05E+01,1.79E-05,2.91E-01,1.56E-01,2.46E-01,2.06E+02,1.32E+01,2.19E+02,0.000115242,0.000121034
6.52E+04,2.87E+05,4.38E+01,7.54E-01,1.36E-02,9.05E+01,1.79E-05,2.91E-01,1.57E-01,2.44E-01,2.06E+02,1.30E+01,2.19E+02,0.000115196,0.000120987
6.52E+04,2.87E+05,1.79E+02,2.60E+00,1.36E-02,9.05E+01,1.79E-05,2.91E-01,1.57E-01,2.44E-01,2.06E+02,1.30E+01,2.19E+02,0.000115196,0.000120987
6.52E+04,2.87E+05,4.36E+01,7.53E-01,1.36E-02,9.05E+01,1.78E-05,2.91E-01,1.57E-01,2.43E-01,2.05E+02,1.29E+01,2.18E+02,0.000115151,0.000120939
6.52E+04,2.87E+05,1.79E+02,2.60E+00,1.36E-02,9.05E+01,1.78E-05,2.91E-01,1.57E-01,2.43E-01,2.05E+02,1.29E+01,2.18E+02,0.000115151,0.000120939
6.52E+04,2.87E+05,4.40E+01,7.52E-01,1.36E-02,9.05E+01,1.78E-05,2.91E-01,1.56E-01,2.46E-01,2.06E+02,1.32E+01,2.19E+02,0.000115105,0.000120891
6.52E+04,2.87E+05,1.79E+02,2.60E+00,1.36E-02,9.05E+01,1.78E-05,2.91E-01,1.56E-01,2.46E-01,2.06E+02,1.32E+01,2.19E+02,0.000115105,0.000120891
6.52E+04,2.87E+05,4.40E+01,7.51E-01,1.37E-02,9.05E+01,1.78E-05,2.91E-01,1.56E-01,2.46E-01,2.06E+02,1.32E+01,2.19E+02,0.000115059,0.000120843
6.52E+04,2.87E+05,1.79E+02,2.60E+00,1.37E-02,9.05E+01,1.78E-05,2.91E-01,1.56E-01,2.46E-01,2.06E+02,1.32E+01,2.19E+02,0.000115059,0.000120843
6.52E+04,2.87E+05,4.40E+01,7.52E-01,1.36E-02,9.05E+01,1.78E-05,2.92E-01,1.57E-01,2.45E-01,2.06E+02,1.32E+01,2.19E+02,0.000115014,0.000120796
6.52E+04,287000,1.80E+02,2.60E+00,1.36E-02,9.05E+01,1.78E-05,2.92E-01,1.57E-01,2.45E-01,2.06E+02,1.32E+01,2.19E+02,0.000115013,0.000120795
6.53E+04,287099,4.45E+01,7.51E-01,1.37E-02,9.05E+01,1.78E-05,2.91E-01,1.56E-01,2.49E-01,2.06E+02,1.36E+01,2.20E+02,0.000114968,0.000120748
6.53E+04,2.87E+05,1.79E+02,2.60E+00,1.37E-02,9.05E+01,1.78E-05,2.91E-01,1.56E-01,2.49E-01,2.06E+02,1.36E+01,2.20E+02,0.000114968,0.000120748
6.53E+04,287199,4.45E+01,7.53E-01,1.37E-02,9.05E+01,1.78E-05,2.91E-01,1.56E-01,2.49E-01,2.06E+02,1.36E+01,2.19E+02,0.000114923,0.000120701
6.53E+04,2.87E+05,1.79E+02,2.60E+00,1.37E-02,9.05E+01,1.78E-05,2.91E-01,1.56E-01,2.49E-01,2.06E+02,1.36E+01,2.19E+02,0.000114923,0.000120701
6.53E+04,287299,4.44E+01,7.52E-01,1.37E-02,9.05E+01,1.78E-05,2.91E-01,1.56E-01,2.48E-01,2.06E+02,1.35E+01,2.20E+02,0.000114877,0.000120653
6.53E+04,2.87E+05,1.79E+02,2.60E+00,1.37E-02,9.05E+01,1.78E-05,2.91E-01,1.56E-01,2.48E-01,2.06E+02,1.35E+01,2.20E+02,0.000114877,0.000120653
6.53E+04,2.87E+05,4.40E+01,7.51E-01,1.37E-02,9.05E+01,1.78E-05,2.91E-01,1.56E-01,2.46E-01,2.06E+02,1.32E+01,2.19E+02,0.000114832,0.000120605
6.53E+04,2.87E+05,1.79E+02,2.59E+00,1.37E-02,9.05E+01,1.78E-05,2.91E-01,1.56E-01,2.46E-01,2.06E+02,1.32E+01,2.19E+02,0.000114832,0.000120605
6.53E+04,287499,4.51E+01,7.52E-01,1.38E-02,9.05E+01,1.78E-05,2.91E-01,1.55E-01,2.52E-01,2.07E+02,1.40E+01,2.21E+02,0.000114786,0.000120558
6.53E+04,2.87E+05,1.79E+02,2.60E+00,1.38E-02,9.05E+01,1.78E-05,2.91E-01,1.55E-01,2.52E-01,2.07E+02,1.40E+01,2.21E+02,0.000114786,0.000120558
6.54E+04,287599,4.44E+01,7.55E-01,1.37E-02,9.05E+01,1.78E-05,2.92E-01,1.56E-01,2.47E-01,2.06E+02,1.35E+01,2.20E+02,0.000114741,0.000120511
6.54E+04,287600,1.79E+02,2.60E+00,1.37E-02,9.05E+01,1.78E-05,2.92E-01,1.56E-01,2.47E-01,2.06E+02,1.35E+01,2.20E+02,0.00011474,0.00012051
6.54E+04,287699,1.80E+02,2.60E+00,1.36E-02,9.05E+01,1.78E-05,2.92E-01,1.57E-01,2.46E-01,2.06E+02,1.33E+01,2.20E+02,0.000114696,0.000120463
6.54E+04,287699,4.42E+01,7.53E-01,1.36E-02,9.05E+01,1.78E-05,2.92E-01,1.57E-01,2.46E-01,2.06E+02,1.33E+01,2.20E+02,0.000114696,0.000120463
6.54E+04,287799,4.40E+01,7.51E-01,1.37E-02,9.05E+01,1.78E-05,2.89E-01,1.55E-01,2.47E-01,2.05E+02,1.33E+01,2.18E+02,0.00011465,0.000120416
6.54E+04,2.88E+05,1.78E+02,2.60E+00,1.37E-02,9.05E+01,1.78E-05,2.89E-01,1.55E-01,2.47E-01,2.05E+02,1.33E+01,2.18E+02,0.00011465,0.000120416
6.54E+04,287899,4.47E+01,7.52E-01,1.37E-02,9.05E+01,1.78E-05,2.90E-01,1.55E-01,2.50E-01,2.06E+02,1.37E+01,2.20E+02,0.000114605,0.000120369
6.54E+04,2.88E+05,1.79E+02,2.60E+00,1.37E-02,9.05E+01,1.78E-05,2.90E-01,1.55E-01,2.50E-01,2.06E+02,1.37E+01,2.20E+02,0.000114605,0.000120368
6.55E+04,287999,4.47E+01,7.51E-01,1.37E-02,9.05E+01,1.78E-05,2.91E-01,1.56E-01,2.49E-01,2.07E+02,1.37E+01,2.20E+02,0.00011456,0.000120321
6.55E+04,288000,1.79E+02,2.60E+00,1.37E-02,9.05E+01,1.78E-05,2.91E-01,1.56E-01,2.49E-01,2.07E+02,1.37E+01,2.20E+02,0.000114559,0.000120321
6.55E+04,2.88E+05,4.37E+01,7.53E-01,1.36E-02,9.05E+01,1.78E-05,2.91E-01,1.56E-01,2.44E-01,2.05E+02,1.30E+01,2.18E+02,0.000114514,0.000120274
6.55E+04,2.88E+05,1.79E+02,2.60E+00,1.36E-02,9.05E+01,1.78E-05,2.91E-01,1.56E-01,2.44E-01,2.05E+02,1.30E+01,2.18E+02,0.000114514,0.000120274
6.55E+04,288199,4.42E+01,7.52E-01,1.37E-02,9.05E+01,1.78E-05,2.91E-01,1.56E-01,2.47E-01,2.06E+02,1.33E+01,2.19E+02,0.000114469,0.000120227
6.55E+04,288200,1.79E+02,2.60E+00,1.37E-02,9.05E+01,1.78E-05,2.91E-01,1.56E-01,2.47E-01,2.06E+02,1.33E+01,2.19E+02,0.000114469,0.000120226
6.55E+04,288299,4.46E+01,7.51E-01,1.38E-02,9.05E+01,1.78E-05,2.89E-01,1.55E-01,2.50E-01,2.06E+02,1.37E+01,2.19E+02,0.000114424,0.00012018
6.55E+04,2.88E+05,1.78E+02,2.60E+00,1.38E-02,9.05E+01,1.78E-05,2.89E-01,1.55E-01,2.50E-01,2.06E+02,1.37E+01,2.19E+02,0.000114424,0.00012018
6.55E+04,288399,4.42E+01,7.52E-01,1.37E-02,9.05E+01,1.77E-05,2.90E-01,1.56E-01,2.47E-01,2.06E+02,1.34E+01,2.19E+02,0.000114379,0.000120133
6.55E+04,2.88E+05,1.79E+02,2.60E+00,1.37E-02,9.05E+01,1.77E-05,2.90E-01,1.56E-01,2.47E-01,2.06E+02,1.34E+01,2.19E+02,0.000114379,0.000120132
6.56E+04,288499,4.47E+01,7.51E-01,1.37E-02,9.05E+01,1.77E-05,2.91E-01,1.56E-01,2.50E-01,2.07E+02,1.37E+01,2.20E+02,0.000114334,0.000120085
6.56E+04,288500,1.79E+02,2.60E+00,1.37E-02,9.05E+01,1.77E-05,2.91E-01,1.56E-01,2.50E-01,2.07E+02,1.37E+01,2.20E+02,0.000114333,0.000120085
6.56E+04,2.89E+05,4.44E+01,7.58E-01,1.37E-02,9.05E+01,1.77E-05,2.92E-01,1.56E-01,2.48E-01,2.06E+02,1.35E+01,2.20E+02,0.000114288,0.000120038
6.56E+04,288600,1.79E+02,2.60E+00,1.37E-02,9.05E+01,1.77E-05,2.92E-01,1.56E-01,2.48E-01,2.06E+02,1.35E+01,2.20E+02,0.000114288,0.000120038
6.56E+04,2.89E+05,4.42E+01,7.55E-01,1.36E-02,9.05E+01,1.77E-05,2.91E-01,1.56E-01,2.47E-01,2.06E+02,1.33E+01,2.19E+02,0.000114243,0.000119991
6.56E+04,288700,1.79E+02,2.60E+00,1.36E-02,9.05E+01,1.77E-05,2.91E-01,1.56E-01,2.47E-01,2.06E+02,1.33E+01,2.19E+02,0.000114243,0.000119991
6.56E+04,288799,4.52E+01,7.56E-01,1.37E-02,9.05E+01,1.77E-05,2.92E-01,1.55E-01,2.52E-01,2.07E+02,1.40E+01,2.21E+02,0.000114199,0.000119944
6.56E+04,288800,1.80E+02,2.60E+00,1.37E-02,9.05E+01,1.77E-05,2.92E-01,1.55E-01,2.52E-01,2.07E+02,1.40E+01,2.21E+02,0.000114198,0.000119944
6.57E+04,288899,4.45E+01,7.54E-01,1.38E-02,9.05E+01,1.77E-05,2.90E-01,1.55E-01,2.49E-01,2.06E+02,1.36E+01,2.19E+02,0.000114154,0.000119897
6.57E+04,2.89E+05,1.78E+02,2.60E+00,1.38E-02,9.05E+01,1.77E-05,2.90E-01,1.55E-01,2.49E-01,2.06E+02,1.36E+01,2.19E+02,0.000114153,0.000119897
6.57E+04,2.89E+05,4.41E+01,7.54E-01,1.37E-02,9.06E+01,1.77E-05,2.90E-01,1.56E-01,2.47E-01,2.05E+02,1.33E+01,2.19E+02,0.000114108,0.00011985
6.57E+04,2.89E+05,1.79E+02,2.60E+00,1.37E-02,9.06E+01,1.77E-05,2.90E-01,1.56E-01,2.47E-01,2.05E+02,1.33E+01,2.19E+02,0.000114108,0.00011985
6.57E+04,289099,4.46E+01,7.55E-01,1.38E-02,9.06E+01,1.77E-05,2.90E-01,1.55E-01,2.50E-01,2.06E+02,1.37E+01,2.19E+02,0.000114064,0.000119804
6.57E+04,2.89E+05,1.79E+02,2.60E+00,1.38E-02,9.06E+01,1.77E-05,2.90E-01,1.55E-01,2.50E-01,2.06E+02,1.37E+01,2.19E+02,0.000114063,0.000119803
6.57E+04,289199,4.46E+01,7.55E-01,1.38E-02,9.06E+01,1.77E-05,2.90E-01,1.55E-01,2.50E-01,2.05E+02,1.37E+01,2.19E+02,0.000114019,0.000119757
6.57E+04,2.89E+05,1.78E+02,2.60E+00,1.38E-02,9.06E+01,1.77E-05,2.90E-01,1.55E-01,2.50E-01,2.05E+02,1.37E+01,2.19E+02,0.000114019,0.000119756
6.57E+04,2.89E+05,4.38E+01,7.55E-01,1.36E-02,9.06E+01,1.77E-05,2.91E-01,1.56E-01,2.44E-01,2.05E+02,1.30E+01,2.18E+02,0.000113974,0.00011971
6.57E+04,289300,1.79E+02,2.60E+00,1.36E-02,9.06E+01,1.77E-05,2.91E-01,1.56E-01,2.44E-01,2.05E+02,1.30E+01,2.18E+02,0.000113973,0.000119709
6.58E+04,289399,4.46E+01,7.54E-01,1.37E-02,9.06E+01,1.77E-05,2.91E-01,1.56E-01,2.49E-01,2.06E+02,1.36E+01,2.20E+02,0.000113929,0.000119663
6.58E+04,289400,1.79E+02,2.60E+00,1.37E-02,9.06E+01,1.77E-05,2.91E-01,1.56E-01,2.49E-01,2.06E+02,1.36E+01,2.20E+02,0.000113929,0.000119663
6.58E+04,2.89E+05,4.42E+01,7.55E-01,1.37E-02,9.06E+01,1.77E-05,2.90E-01,1.55E-01,2.48E-01,2.05E+02,1.34E+01,2.19E+02,0.000113884,0.000119616
6.58E+04,2.89E+05,1.79E+02,2.60E+00,1.37E-02,9.06E+01,1.77E-05,2.90E-01,1.55E-01,2.48E-01,2.05E+02,1.34E+01,2.19E+02,0.000113884,0.000119616
6.58E+04,2.90E+05,4.44E+01,7.54E-01,1.38E-02,9.06E+01,1.77E-05,2.90E-01,1.55E-01,2.49E-01,2.06E+02,1.36E+01,2.19E+02,0.000113839,0.000119569
6.58E+04,2.90E+05,1.78E+02,2.60E+00,1.38E-02,9.06E+01,1.77E-05,2.90E-01,1.55E-01,2.49E-01,2.06E+02,1.36E+01,2.19E+02,0.000113839,0.000119569
6.59E+04,289699,4.47E+01,7.52E-01,1.38E-02,9.06E+01,1.77E-05,2.90E-01,1.55E-01,2.50E-01,2.06E+02,1.37E+01,2.20E+02,0.000113795,0.000119523
6.59E+04,2.90E+05,1.79E+02,2.60E+00,1.38E-02,9.06E+01,1.77E-05,2.90E-01,1.55E-01,2.50E-01,2.06E+02,1.37E+01,2.20E+02,0.000113795,0.000119523
6.59E+04,289799,4.48E+01,7.52E-01,1.37E-02,9.06E+01,1.77E-05,2.91E-01,1.55E-01,2.50E-01,2.07E+02,1.38E+01,2.20E+02,0.00011375,0.000119476
6.59E+04,289800,1.79E+02,2.60E+00,1.37E-02,9.06E+01,1.77E-05,2.91E-01,1.55E-01,2.50E-01,2.07E+02,1.38E+01,2.20E+02,0.00011375,0.000119476
6.59E+04,2.90E+05,4.42E+01,7.52E-01,1.38E-02,9.06E+01,1.77E-05,2.89E-01,1.55E-01,2.48E-01,2.05E+02,1.34E+01,2.19E+02,0.000113705,0.000119429
6.59E+04,2.90E+05,1.78E+02,2.60E+00,1.38E-02,9.06E+01,1.77E-05,2.89E-01,1.55E-01,2.48E-01,2.05E+02,1.34E+01,2.19E+02,0.000113705,0.000119429
6.59E+04,2.90E+05,4.37E+01,7.51E-01,1.37E-02,9.06E+01,1.77E-05,2.90E-01,1.56E-01,2.45E-01,2.05E+02,1.31E+01,2.18E+02,0.000113661,0.000119383
6.59E+04,2.90E+05,1.79E+02,2.60E+00,1.37E-02,9.06E+01,1.77E-05,2.90E-01,1.56E-01,2.45E-01,2.05E+02,1.31E+01,2.18E+02,0.000113661,0.000119383
6.59E+04,290099,4.47E+01,7.52E-01,1.39E-02,9.06E+01,1.76E-05,2.88E-01,1.54E-01,2.52E-01,2.05E+02,1.39E+01,2.19E+02,0.000113616,0.000119336
6.59E+04,2.90E+05,1.78E+02,2.60E+00,1.39E-02,9.06E+01,1.76E-05,2.88E-01,1.54E-01,2.52E-01,2.05E+02,1.39E+01,2.19E+02,0.000113616,0.000119336
6.60E+04,2.90E+05,4.42E+01,7.53E-01,1.37E-02,9.06E+01,1.76E-05,2.90E-01,1.56E-01,2.48E-01,2.05E+02,1.34E+01,2.19E+02,0.000113572,0.00011929
6.60E+04,2.90E+05,1.79E+02,2.60E+00,1.37E-02,9.06E+01,1.76E-05,2.90E-01,1.56E-01,2.48E-01,2.05E+02,1.34E+01,2.19E+02,0.000113572,0.00011929
6.60E+04,2.90E+05,4.42E+01,7.52E-01,1.38E-02,9.06E+01,1.76E-05,2.89E-01,1.55E-01,2.48E-01,2.05E+02,1.34E+01,2.18E+02,0.000113527,0.000119243
6.60E+04,2.90E+05,1.78E+02,2.60E+00,1.38E-02,9.06E+01,1.76E-05,2.89E-01,1.55E-01,2.48E-01,2.05E+02,1.34E+01,2.18E+02,0.000113527,0.000119243
6.60E+04,2.90E+05,4.42E+01,7.51E-01,1.37E-02,9.06E+01,1.76E-05,2.90E-01,1.56E-01,2.47E-01,2.06E+02,1.34E+01,2.19E+02,0.000113483,0.000119197
6.60E+04,2.90E+05,1.79E+02,2.60E+00,1.37E-02,9.06E+01,1.76E-05,2.90E-01,1.56E-01,2.47E-01,2.06E+02,1.34E+01,2.19E+02,0.000113483,0.000119197
6.60E+04,2.90E+05,4.43E+01,7.52E-01,1.38E-02,9.06E+01,1.76E-05,2.89E-01,1.55E-01,2.48E-01,2.05E+02,1.35E+01,2.19E+02,0.000113438,0.00011915
6.60E+04,2.90E+05,1.78E+02,2.60E+00,1.38E-02,9.06E+01,1.76E-05,2.89E-01,1.55E-01,2.48E-01,2.05E+02,1.35E+01,2.19E+02,0.000113438,0.00011915
6.61E+04,2.91E+05,4.41E+01,7.56E-01,1.37E-02,9.06E+01,1.76E-05,2.91E-01,1.56E-01,2.47E-01,2.06E+02,1.34E+01,2.19E+02,0.000113394,0.000119104
6.61E+04,2.91E+05,1.79E+02,2.60E+00,1.37E-02,9.06E+01,1.76E-05,2.91E-01,1.56E-01,2.47E-01,2.06E+02,1.34E+01,2.19E+02,0.000113394,0.000119104
6.61E+04,290699,4.49E+01,7.52E-01,1.38E-02,9.06E+01,1.76E-05,2.91E-01,1.55E-01,2.51E-01,2.06E+02,1.39E+01,2.20E+02,0.00011335,0.000119058
6.61E+04,290700,1.79E+02,2.60E+00,1.38E-02,9.06E+01,1.76E-05,2.91E-01,1.55E-01,2.51E-01,2.06E+02,1.39E+01,2.20E+02,0.000113349,0.000119057
6.61E+04,2.91E+05,4.39E+01,7.53E-01,1.37E-02,9.06E+01,1.76E-05,2.90E-01,1.56E-01,2.46E-01,2.05E+02,1.32E+01,2.18E+02,0.000113305,0.000119011
6.61E+04,2.91E+05,1.78E+02,2.60E+00,1.37E-02,9.06E+01,1.76E-05,2.90E-01,1.56E-01,2.46E-01,2.05E+02,1.32E+01,2.18E+02,0.000113305,0.000119011
6.61E+04,2.91E+05,4.39E+01,7.53E-01,1.37E-02,9.06E+01,1.76E-05,2.89E-01,1.56E-01,2.46E-01,2.05E+02,1.32E+01,2.18E+02,0.000113261,0.000118965
6.61E+04,2.91E+05,1.78E+02,2.60E+00,1.37E-02,9.06E+01,1.76E-05,2.89E-01,1.56E-01,2.46E-01,2.05E+02,1.32E+01,2.18E+02,0.000113261,0.000118965
6.61E+04,290999,4.44E+01,7.53E-01,1.37E-02,9.06E+01,1.76E-05,2.90E-01,1.55E-01,2.48E-01,2.06E+02,1.35E+01,2.19E+02,0.000113217,0.000118919
6.61E+04,291000,1.79E+02,2.60E+00,1.37E-02,9.06E+01,1.76E-05,2.90E-01,1.55E-01,2.48E-01,2.06E+02,1.35E+01,2.19E+02,0.000113216,0.000118918
6.62E+04,291099,4.43E+01,7.53E-01,1.38E-02,9.06E+01,1.76E-05,2.89E-01,1.54E-01,2.49E-01,2.05E+02,1.36E+01,2.18E+02,0.000113172,0.000118872
6.62E+04,2.91E+05,1.78E+02,2.60E+00,1.38E-02,9.06E+01,1.76E-05,2.89E-01,1.54E-01,2.49E-01,2.05E+02,1.36E+01,2.18E+02,0.000113172,0.000118872
6.62E+04,2.91E+05,4.39E+01,7.53E-01,1.37E-02,9.06E+01,1.76E-05,2.89E-01,1.55E-01,2.46E-01,2.05E+02,1.32E+01,2.18E+02,0.000113128,0.000118826
6.62E+04,2.91E+05,1.78E+02,2.60E+00,1.37E-02,9.06E+01,1.76E-05,2.89E-01,1.55E-01,2.46E-01,2.05E+02,1.32E+01,2.18E+02,0.000113128,0.000118826
6.62E+04,2.91E+05,4.38E+01,7.53E-01,1.36E-02,9.06E+01,1.76E-05,2.90E-01,1.56E-01,2.45E-01,2.05E+02,1.31E+01,2.18E+02,0.000113084,0.00011878
6.62E+04,291300,1.79E+02,2.60E+00,1.36E-02,9.06E+01,1.76E-05,2.90E-01,1.56E-01,2.45E-01,2.05E+02,1.31E+01,2.18E+02,0.000113083,0.00011878
6.62E+04,291399,4.43E+01,7.52E-01,1.37E-02,9.06E+01,1.76E-05,2.90E-01,1.55E-01,2.48E-01,2.06E+02,1.34E+01,2.19E+02,0.00011304,0.000118734
6.62E+04,291400,1.79E+02,2.60E+00,1.37E-02,9.06E+01,1.76E-05,2.90E-01,1.55E-01,2.48E-01,2.06E+02,1.34E+01,2.19E+02,0.000113039,0.000118734
6.62E+04,2.91E+05,4.38E+01,7.53E-01,1.37E-02,9.06E+01,1.76E-05,2.89E-01,1.55E-01,2.46E-01,2.05E+02,1.32E+01,2.18E+02,0.000112995,0.000118688
6.62E+04,2.91E+05,1.78E+02,2.60E+00,1.37E-02,9.06E+01,1.76E-05,2.89E-01,1.55E-01,2.46E-01,2.05E+02,1.32E+01,2.18E+02,0.000112995,0.000118688
6.63E+04,291599,4.46E+01,7.53E-01,1.38E-02,9.06E+01,1.76E-05,2.90E-01,1.55E-01,2.50E-01,2.06E+02,1.37E+01,2.20E+02,0.000112951,0.000118642
6.63E+04,2.92E+05,1.78E+02,2.60E+00,1.38E-02,9.06E+01,1.76E-05,2.90E-01,1.55E-01,2.50E-01,2.06E+02,1.37E+01,2.20E+02,0.000112951,0.000118642
6.63E+04,291699,4.44E+01,7.52E-01,1.38E-02,9.06E+01,1.76E-05,2.89E-01,1.55E-01,2.49E-01,2.05E+02,1.36E+01,2.19E+02,0.000112907,0.000118596
6.63E+04,2.92E+05,1.78E+02,2.60E+00,1.38E-02,9.06E+01,1.76E-05,2.89E-01,1.55E-01,2.49E-01,2.05E+02,1.36E+01,2.19E+02,0.000112907,0.000118596
6.63E+04,291799,4.44E+01,7.54E-01,1.38E-02,9.06E+01,1.75E-05,2.89E-01,1.54E-01,2.49E-01,2.05E+02,1.36E+01,2.19E+02,0.000112863,0.00011855
6.63E+04,2.92E+05,1.78E+02,2.60E+00,1.38E-02,9.06E+01,1.75E-05,2.89E-01,1.54E-01,2.49E-01,2.05E+02,1.36E+01,2.19E+02,0.000112863,0.00011855
6.64E+04,2.92E+05,4.39E+01,7.53E-01,1.37E-02,9.06E+01,1.75E-05,2.90E-01,1.56E-01,2.46E-01,2.05E+02,1.32E+01,2.18E+02,0.000112819,0.000118504
6.64E+04,2.92E+05,1.79E+02,2.60E+00,1.37E-02,9.06E+01,1.75E-05,2.90E-01,1.56E-01,2.46E-01,2.05E+02,1.32E+01,2.18E+02,0.000112819,0.000118504
6.64E+04,2.92E+05,4.39E+01,7.51E-01,1.38E-02,9.06E+01,1.75E-05,2.89E-01,1.55E-01,2.47E-01,2.05E+02,1.33E+01,2.18E+02,0.000112775,0.000118458
6.64E+04,2.92E+05,1.78E+02,2.60E+00,1.38E-02,9.06E+01,1.75E-05,2.89E-01,1.55E-01,2.47E-01,2.05E+02,1.33E+01,2.18E+02,0.000112775,0.000118458
6.64E+04,292099,4.45E+01,7.52E-01,1.37E-02,9.06E+01,1.75E-05,2.90E-01,1.56E-01,2.48E-01,2.06E+02,1.36E+01,2.20E+02,0.000112731,0.000118412
6.64E+04,292100,1.79E+02,2.60E+00,1.37E-02,9.06E+01,1.75E-05,2.90E-01,1.56E-01,2.48E-01,2.06E+02,1.36E+01,2.20E+02,0.000112731,0.000118412
6.64E+04,2.92E+05,4.39E+01,7.52E-01,1.37E-02,9.06E+01,1.75E-05,2.90E-01,1.56E-01,2.46E-01,2.05E+02,1.32E+01,2.18E+02,0.000112687,0.000118366
6.64E+04,2.92E+05,1.79E+02,2.60E+00,1.37E-02,9.06E+01,1.75E-05,2.90E-01,1.56E-01,2.46E-01,2.05E+02,1.32E+01,2.18E+02,0.000112687,0.000118366
6.64E+04,292299,4.50E+01,7.53E-01,1.38E-02,9.06E+01,1.75E-05,2.90E-01,1.54E-01,2.52E-01,2.06E+02,1.40E+01,2.20E+02,0.000112644,0.00011832
6.64E+04,2.92E+05,1.79E+02,2.60E+00,1.38E-02,9.06E+01,1.75E-05,2.90E-01,1.54E-01,2.52E-01,2.06E+02,1.40E+01,2.20E+02,0.000112643,0.00011832
6.65E+04,2.92E+05,4.34E+01,7.53E-01,1.37E-02,9.06E+01,1.75E-05,2.89E-01,1.56E-01,2.44E-01,2.04E+02,1.29E+01,2.17E+02,0.0001126,0.000118274
6.65E+04,2.92E+05,1.78E+02,2.60E+00,1.37E-02,9.06E+01,1.75E-05,2.89E-01,1.56E-01,2.44E-01,2.04E+02,1.29E+01,2.17E+02,0.0001126,0.000118274
6.65E+04,292499,4.50E+01,7.52E-01,1.38E-02,9.06E+01,1.75E-05,2.90E-01,1.54E-01,2.52E-01,2.06E+02,1.40E+01,2.20E+02,0.000112556,0.000118229
6.65E+04,2.92E+05,1.79E+02,2.60E+00,1.38E-02,9.06E+01,1.75E-05,2.90E-01,1.54E-01,2.52E-01,2.06E+02,1.40E+01,2.20E+02,0.000112556,0.000118229
6.65E+04,292599,4.51E+01,7.56E-01,1.38E-02,9.06E+01,1.75E-05,2.91E-01,1.55E-01,2.52E-01,2.07E+02,1.40E+01,2.21E+02,0.000112512,0.000118183
6.65E+04,2.93E+05,1.79E+02,2.60E+00,1.38E-02,9.06E+01,1.75E-05,2.91E-01,1.55E-01,2.52E-01,2.07E+02,1.40E+01,2.21E+02,0.000112512,0.000118183
6.65E+04,2.93E+05,4.39E+01,7.54E-01,1.37E-02,9.06E+01,1.75E-05,2.90E-01,1.56E-01,2.46E-01,2.05E+02,1.32E+01,2.18E+02,0.000112468,0.000118137
6.65E+04,2.93E+05,1.78E+02,2.60E+00,1.37E-02,9.06E+01,1.75E-05,2.90E-01,1.56E-01,2.46E-01,2.05E+02,1.32E+01,2.18E+02,0.000112468,0.000118137
6.66E+04,292799,4.43E+01,7.54E-01,1.37E-02,9.06E+01,1.75E-05,2.90E-01,1.55E-01,2.48E-01,2.05E+02,1.35E+01,2.19E+02,0.000112425,0.000118092
6.66E+04,2.93E+05,1.78E+02,2.60E+00,1.37E-02,9.06E+01,1.75E-05,2.90E-01,1.55E-01,2.48E-01,2.05E+02,1.35E+01,2.19E+02,0.000112425,0.000118092
6.66E+04,2.93E+05,4.38E+01,7.53E-01,1.37E-02,9.06E+01,1.75E-05,2.90E-01,1.56E-01,2.46E-01,2.05E+02,1.32E+01,2.18E+02,0.000112381,0.000118046
6.66E+04,2.93E+05,1.78E+02,2.60E+00,1.37E-02,9.06E+01,1.75E-05,2.90E-01,1.56E-01,2.46E-01,2.05E+02,1.32E+01,2.18E+02,0.000112381,0.000118046
6.66E+04,292999,4.43E+01,7.54E-01,1.37E-02,9.06E+01,1.75E-05,2.90E-01,1.56E-01,2.48E-01,2.06E+02,1.34E+01,2.19E+02,0.000112337,0.000118001
6.66E+04,293000,1.79E+02,2.60E+00,1.37E-02,9.06E+01,1.75E-05,2.90E-01,1.56E-01,2.48E-01,2.06E+02,1.34E+01,2.19E+02,0.000112337,0.000118
6.66E+04,2.93E+05,4.38E+01,7.54E-01,1.37E-02,9.06E+01,1.75E-05,2.90E-01,1.56E-01,2.46E-01,2.05E+02,1.32E+01,2.18E+02,0.000112294,0.000117955
6.66E+04,2.93E+05,1.78E+02,2.60E+00,1.37E-02,9.06E+01,1.75E-05,2.90E-01,1.56E-01,2.46E-01,2.05E+02,1.32E+01,2.18E+02,0.000112294,0.000117955
6.66E+04,293199,4.41E+01,7.53E-01,1.37E-02,9.06E+01,1.75E-05,2.89E-01,1.55E-01,2.47E-01,2.05E+02,1.34E+01,2.18E+02,0.00011225,0.000117909
6.66E+04,2.93E+05,1.78E+02,2.60E+00,1.37E-02,9.06E+01,1.75E-05,2.89E-01,1.55E-01,2.47E-01,2.05E+02,1.34E+01,2.18E+02,0.00011225,0.000117909
6.67E+04,2.93E+05,4.38E+01,7.54E-01,1.37E-02,9.06E+01,1.75E-05,2.89E-01,1.55E-01,2.46E-01,2.04E+02,1.32E+01,2.18E+02,0.000112207,0.000117864
6.67E+04,2.93E+05,1.78E+02,2.60E+00,1.37E-02,9.06E+01,1.75E-05,2.89E-01,1.55E-01,2.46E-01,2.04E+02,1.32E+01,2.18E+02,0.000112207,0.000117864
6.67E+04,293399,4.43E+01,7.53E-01,1.38E-02,9.06E+01,1.75E-05,2.90E-01,1.55E-01,2.48E-01,2.05E+02,1.35E+01,2.19E+02,0.000112163,0.000117819
6.67E+04,2.93E+05,1.78E+02,2.60E+00,1.38E-02,9.06E+01,1.75E-05,2.90E-01,1.55E-01,2.48E-01,2.05E+02,1.35E+01,2.19E+02,0.000112163,0.000117818
6.67E+04,293499,4.48E+01,7.54E-01,1.39E-02,9.06E+01,1.75E-05,2.89E-01,1.54E-01,2.52E-01,2.05E+02,1.39E+01,2.19E+02,0.00011212,0.000117773
6.67E+04,2.93E+05,1.78E+02,2.60E+00,1.39E-02,9.06E+01,1.75E-05,2.89E-01,1.54E-01,2.52E-01,2.05E+02,1.39E+01,2.19E+02,0.00011212,0.000117773
6.67E+04,293599,4.46E+01,7.53E-01,1.37E-02,9.06E+01,1.74E-05,2.92E-01,1.56E-01,2.49E-01,2.07E+02,1.36E+01,2.21E+02,0.000112076,0.000117728
6.67E+04,293600,1.79E+02,2.60E+00,1.37E-02,9.06E+01,1.74E-05,2.92E-01,1.56E-01,2.49E-01,2.07E+02,1.36E+01,2.21E+02,0.000112076,0.000117727
6.68E+04,293699,4.43E+01,7.52E-01,1.37E-02,9.06E+01,1.74E-05,2.90E-01,1.55E-01,2.48E-01,2.05E+02,1.35E+01,2.19E+02,0.000112033,0.000117682
6.68E+04,293700,1.79E+02,2.60E+00,1.37E-02,9.06E+01,1.74E-05,2.90E-01,1.55E-01,2.48E-01,2.05E+02,1.35E+01,2.19E+02,0.000112032,0.000117682
6.68E+04,293799,4.48E+01,7.53E-01,1.38E-02,9.06E+01,1.74E-05,2.90E-01,1.54E-01,2.51E-01,2.06E+02,1.38E+01,2.20E+02,0.000111989,0.000117637
6.68E+04,293800,1.79E+02,2.60E+00,1.38E-02,9.06E+01,1.74E-05,2.90E-01,1.54E-01,2.51E-01,2.06E+02,1.38E+01,2.20E+02,0.000111989,0.000117637
6.68E+04,293899,4.44E+01,7.53E-01,1.38E-02,9.06E+01,1.74E-05,2.89E-01,1.55E-01,2.49E-01,2.05E+02,1.36E+01,2.19E+02,0.000111946,0.000117592
6.68E+04,2.94E+05,1.78E+02,2.60E+00,1.38E-02,9.06E+01,1.74E-05,2.89E-01,1.55E-01,2.49E-01,2.05E+02,1.36E+01,2.19E+02,0.000111946,0.000117592
6.68E+04,2.94E+05,4.40E+01,7.53E-01,1.37E-02,9.06E+01,1.74E-05,2.90E-01,1.56E-01,2.46E-01,2.06E+02,1.32E+01,2.19E+02,0.000111903,0.000117546
6.68E+04,294000,1.79E+02,2.60E+00,1.37E-02,9.06E+01,1.74E-05,2.90E-01,1.56E-01,2.46E-01,2.06E+02,1.32E+01,2.19E+02,0.000111902,0.000117546
6.68E+04,2.94E+05,4.39E+01,7.52E-01,1.38E-02,9.06E+01,1.74E-05,2.89E-01,1.55E-01,2.46E-01,2.05E+02,1.32E+01,2.18E+02,0.000111859,0.000117501
6.68E+04,2.94E+05,1.78E+02,2.60E+00,1.38E-02,9.06E+01,1.74E-05,2.89E-01,1.55E-01,2.46E-01,2.05E+02,1.32E+01,2.18E+02,0.000111859,0.000117501
6.69E+04,294199,4.43E+01,7.52E-01,1.38E-02,9.06E+01,1.74E-05,2.89E-01,1.55E-01,2.49E-01,2.05E+02,1.36E+01,2.19E+02,0.000111816,0.000117456
6.69E+04,2.94E+05,1.78E+02,2.60E+00,1.38E-02,9.06E+01,1.74E-05,2.89E-01,1.55E-01,2.49E-01,2.05E+02,1.36E+01,2.19E+02,0.000111816,0.000117456
6.69E+04,294299,4.49E+01,7.52E-01,1.38E-02,9.06E+01,1.74E-05,2.90E-01,1.54E-01,2.51E-01,2.06E+02,1.39E+01,2.20E+02,0.000111773,0.000117411
6.69E+04,294300,1.79E+02,2.60E+00,1.38E-02,9.06E+01,1.74E-05,2.90E-01,1.54E-01,2.51E-01,2.06E+02,1.39E+01,2.20E+02,0.000111773,0.00011741
6.69E+04,2.94E+05,4.39E+01,7.53E-01,1.37E-02,9.06E+01,1.74E-05,2.89E-01,1.55E-01,2.46E-01,2.05E+02,1.32E+01,2.18E+02,0.00011173,0.000117366
6.69E+04,2.94E+05,1.78E+02,2.60E+00,1.37E-02,9.06E+01,1.74E-05,2.89E-01,1.55E-01,2.46E-01,2.05E+02,1.32E+01,2.18E+02,0.00011173,0.000117366
6.69E+04,294499,4.44E+01,7.53E-01,1.38E-02,9.06E+01,1.74E-05,2.89E-01,1.55E-01,2.49E-01,2.05E+02,1.36E+01,2.19E+02,0.000111687,0.000117321
6.69E+04,2.94E+05,1.78E+02,2.60E+00,1.38E-02,9.06E+01,1.74E-05,2.89E-01,1.55E-01,2.49E-01,2.05E+02,1.36E+01,2.19E+02,0.000111686,0.00011732
6.70E+04,2.95E+05,4.44E+01,7.53E-01,1.38E-02,9.06E+01,1.74E-05,2.91E-01,1.56E-01,2.49E-01,2.06E+02,1.36E+01,2.20E+02,0.000111643,0.000117275
6.70E+04,2.95E+05,1.78E+02,2.61E+00,1.38E-02,9.06E+01,1.74E-05,2.91E-01,1.56E-01,2.49E-01,2.06E+02,1.36E+01,2.20E+02,0.000111643,0.000117275
6.70E+04,2.95E+05,4.40E+01,7.53E-01,1.37E-02,9.07E+01,1.74E-05,2.90E-01,1.56E-01,2.46E-01,2.05E+02,1.33E+01,2.19E+02,0.0001116,0.00011723
6.70E+04,294700,1.79E+02,2.60E+00,1.37E-02,9.07E+01,1.74E-05,2.90E-01,1.56E-01,2.46E-01,2.05E+02,1.33E+01,2.19E+02,0.0001116,0.00011723
6.70E+04,294799,4.51E+01,7.54E-01,1.38E-02,9.07E+01,1.74E-05,2.89E-01,1.54E-01,2.53E-01,2.06E+02,1.41E+01,2.20E+02,0.000111557,0.000117186
6.70E+04,2.95E+05,1.78E+02,2.60E+00,1.38E-02,9.07E+01,1.74E-05,2.89E-01,1.54E-01,2.53E-01,2.06E+02,1.41E+01,2.20E+02,0.000111557,0.000117185
6.70E+04,294899,4.46E+01,7.54E-01,1.37E-02,9.07E+01,1.74E-05,2.90E-01,1.55E-01,2.49E-01,2.06E+02,1.36E+01,2.20E+02,0.000111514,0.000117141
6.70E+04,294900,1.79E+02,2.60E+00,1.37E-02,9.07E+01,1.74E-05,2.90E-01,1.55E-01,2.49E-01,2.06E+02,1.36E+01,2.20E+02,0.000111514,0.00011714
6.71E+04,294999,4.45E+01,7.53E-01,1.38E-02,9.07E+01,1.74E-05,2.89E-01,1.54E-01,2.50E-01,2.05E+02,1.37E+01,2.19E+02,0.000111471,0.000117096
6.71E+04,2.95E+05,1.78E+02,2.60E+00,1.38E-02,9.07E+01,1.74E-05,2.89E-01,1.54E-01,2.50E-01,2.05E+02,1.37E+01,2.19E+02,0.000111471,0.000117095
6.71E+04,295099,4.46E+01,7.52E-01,1.38E-02,9.07E+01,1.74E-05,2.89E-01,1.54E-01,2.50E-01,2.05E+02,1.37E+01,2.19E+02,0.000111428,0.000117051
6.71E+04,2.95E+05,1.78E+02,2.60E+00,1.38E-02,9.07E+01,1.74E-05,2.89E-01,1.54E-01,2.50E-01,2.05E+02,1.37E+01,2.19E+02,0.000111428,0.000117051
6.71E+04,295199,4.45E+01,7.54E-01,1.37E-02,9.07E+01,1.74E-05,2.90E-01,1.55E-01,2.49E-01,2.06E+02,1.36E+01,2.19E+02,0.000111385,0.000117006
6.71E+04,295200,1.79E+02,2.60E+00,1.37E-02,9.07E+01,1.74E-05,2.90E-01,1.55E-01,2.49E-01,2.06E+02,1.36E+01,2.19E+02,0.000111385,0.000117005
6.71E+04,2.95E+05,4.35E+01,7.53E-01,1.37E-02,9.07E+01,1.73E-05,2.89E-01,1.56E-01,2.44E-01,2.04E+02,1.30E+01,2.17E+02,0.000111342,0.000116961
6.71E+04,2.95E+05,1.78E+02,2.60E+00,1.37E-02,9.07E+01,1.73E-05,2.89E-01,1.56E-01,2.44E-01,2.04E+02,1.30E+01,2.17E+02,0.000111342,0.000116961
6.71E+04,295399,4.45E+01,7.54E-01,1.38E-02,9.07E+01,1.73E-05,2.89E-01,1.54E-01,2.50E-01,2.05E+02,1.37E+01,2.19E+02,0.000111299,0.000116916
6.71E+04,2.95E+05,1.78E+02,2.60E+00,1.38E-02,9.07E+01,1.73E-05,2.89E-01,1.54E-01,2.50E-01,2.05E+02,1.37E+01,2.19E+02,0.000111299,0.000116916
6.72E+04,2.95E+05,4.36E+01,7.54E-01,1.37E-02,9.07E+01,1.73E-05,2.89E-01,1.56E-01,2.44E-01,2.04E+02,1.30E+01,2.17E+02,0.000111256,0.000116871
6.72E+04,2.95E+05,1.78E+02,2.60E+00,1.37E-02,9.07E+01,1.73E-05,2.89E-01,1.56E-01,2.44E-01,2.04E+02,1.30E+01,2.17E+02,0.000111256,0.000116871
67199,295599,1.79E+02,2.61E+00,1.38E-02,9.07E+01,1.73E-05,2.92E-01,1.57E-01,2.45E-01,2.07E+02,1.32E+01,2.20E+02,0.000111214,0.000116827
6.72E+04,2.96E+05,4.39E+01,7.49E-01,1.38E-02,9.07E+01,1.73E-05,2.92E-01,1.57E-01,2.45E-01,2.07E+02,1.32E+01,2.20E+02,0.000111214,0.000116827
6.72E+04,295699,4.44E+01,7.52E-01,1.38E-02,9.07E+01,1.73E-05,2.89E-01,1.55E-01,2.49E-01,2.05E+02,1.36E+01,2.19E+02,0.000111171,0.000116782
6.72E+04,2.96E+05,1.78E+02,2.60E+00,1.38E-02,9.07E+01,1.73E-05,2.89E-01,1.55E-01,2.49E-01,2.05E+02,1.36E+01,2.19E+02,0.000111171,0.000116782
6.72E+04,295799,4.43E+01,7.53E-01,1.38E-02,9.07E+01,1.73E-05,2.89E-01,1.54E-01,2.49E-01,2.05E+02,1.36E+01,2.19E+02,0.000111128,0.000116737
6.72E+04,2.96E+05,1.78E+02,2.60E+00,1.38E-02,9.07E+01,1.73E-05,2.89E-01,1.54E-01,2.49E-01,2.05E+02,1.36E+01,2.19E+02,0.000111128,0.000116737
6.73E+04,2.96E+05,4.38E+01,7.53E-01,1.38E-02,9.07E+01,1.73E-05,2.89E-01,1.55E-01,2.46E-01,2.05E+02,1.32E+01,2.18E+02,0.000111085,0.000116693
6.73E+04,2.96E+05,1.78E+02,2.60E+00,1.38E-02,9.07E+01,1.73E-05,2.89E-01,1.55E-01,2.46E-01,2.05E+02,1.32E+01,2.18E+02,0.000111085,0.000116693
6.73E+04,295999,4.43E+01,7.52E-01,1.38E-02,9.07E+01,1.73E-05,2.89E-01,1.55E-01,2.48E-01,2.05E+02,1.35E+01,2.19E+02,0.000111043,0.000116648
6.73E+04,296000,1.78E+02,2.60E+00,1.38E-02,9.07E+01,1.73E-05,2.89E-01,1.55E-01,2.48E-01,2.05E+02,1.35E+01,2.19E+02,0.000111042,0.000116648
6.73E+04,296099,4.43E+01,7.53E-01,1.39E-02,9.07E+01,1.73E-05,2.88E-01,1.54E-01,2.50E-01,2.04E+02,1.36E+01,2.18E+02,0.000111,0.000116604
6.73E+04,2.96E+05,1.77E+02,2.60E+00,1.39E-02,9.07E+01,1.73E-05,2.88E-01,1.54E-01,2.50E-01,2.04E+02,1.36E+01,2.18E+02,0.000111,0.000116603
6.73E+04,2.96E+05,4.38E+01,7.53E-01,1.38E-02,9.07E+01,1.73E-05,2.89E-01,1.55E-01,2.46E-01,2.04E+02,1.32E+01,2.18E+02,0.000110957,0.000116559
6.73E+04,2.96E+05,1.78E+02,2.60E+00,1.38E-02,9.07E+01,1.73E-05,2.89E-01,1.55E-01,2.46E-01,2.04E+02,1.32E+01,2.18E+02,0.000110957,0.000116559
6.73E+04,296299,4.43E+01,7.52E-01,1.38E-02,9.07E+01,1.73E-05,2.88E-01,1.54E-01,2.49E-01,2.05E+02,1.36E+01,2.18E+02,0.000110915,0.000116514
6.73E+04,2.96E+05,1.78E+02,2.60E+00,1.38E-02,9.07E+01,1.73E-05,2.88E-01,1.54E-01,2.49E-01,2.05E+02,1.36E+01,2.18E+02,0.000110915,0.000116514
6.74E+04,296399,4.43E+01,7.52E-01,1.38E-02,9.07E+01,1.73E-05,2.89E-01,1.55E-01,2.48E-01,2.05E+02,1.35E+01,2.19E+02,0.000110872,0.00011647
6.74E+04,296400,1.78E+02,2.60E+00,1.38E-02,9.07E+01,1.73E-05,2.89E-01,1.55E-01,2.48E-01,2.05E+02,1.35E+01,2.19E+02,0.000110872,0.00011647
6.74E+04,296499,4.48E+01,7.53E-01,1.39E-02,9.07E+01,1.73E-05,2.88E-01,1.53E-01,2.52E-01,2.05E+02,1.39E+01,2.19E+02,0.00011083,0.000116426
6.74E+04,2.96E+05,1.78E+02,2.60E+00,1.39E-02,9.07E+01,1.73E-05,2.88E-01,1.53E-01,2.52E-01,2.05E+02,1.39E+01,2.19E+02,0.000110829,0.000116425
6.74E+04,296599,1.78E+02,2.60E+00,1.37E-02,9.07E+01,1.73E-05,2.90E-01,1.56E-01,2.45E-01,2.05E+02,1.31E+01,2.18E+02,0.000110787,0.000116381
6.74E+04,2.97E+05,4.36E+01,7.53E-01,1.37E-02,9.07E+01,1.73E-05,2.90E-01,1.56E-01,2.45E-01,2.05E+02,1.31E+01,2.18E+02,0.000110787,0.000116381
6.74E+04,296699,4.49E+01,7.52E-01,1.39E-02,9.07E+01,1.73E-05,2.88E-01,1.53E-01,2.53E-01,2.05E+02,1.40E+01,2.19E+02,0.000110745,0.000116337
6.74E+04,2.97E+05,1.78E+02,2.59E+00,1.39E-02,9.07E+01,1.73E-05,2.88E-01,1.53E-01,2.53E-01,2.05E+02,1.40E+01,2.19E+02,0.000110744,0.000116337
6.75E+04,2.97E+05,4.37E+01,7.51E-01,1.37E-02,9.07E+01,1.73E-05,2.89E-01,1.56E-01,2.45E-01,2.05E+02,1.31E+01,2.18E+02,0.000110702,0.000116292
6.75E+04,296800,1.78E+02,2.59E+00,1.37E-02,9.07E+01,1.73E-05,2.89E-01,1.56E-01,2.45E-01,2.05E+02,1.31E+01,2.18E+02,0.000110702,0.000116292
6.75E+04,296899,4.42E+01,7.52E-01,1.38E-02,9.07E+01,1.73E-05,2.89E-01,1.55E-01,2.48E-01,2.05E+02,1.34E+01,2.18E+02,0.00011066,0.000116248
6.75E+04,2.97E+05,1.78E+02,2.60E+00,1.38E-02,9.07E+01,1.73E-05,2.89E-01,1.55E-01,2.48E-01,2.05E+02,1.34E+01,2.18E+02,0.00011066,0.000116248
6.75E+04,296999,4.42E+01,7.51E-01,1.38E-02,9.07E+01,1.73E-05,2.88E-01,1.54E-01,2.49E-01,2.05E+02,1.35E+01,2.18E+02,0.000110617,0.000116204
6.75E+04,2.97E+05,1.78E+02,2.60E+00,1.38E-02,9.07E+01,1.73E-05,2.88E-01,1.54E-01,2.49E-01,2.05E+02,1.35E+01,2.18E+02,0.000110617,0.000116204
6.75E+04,2.97E+05,4.37E+01,7.52E-01,1.37E-02,9.07E+01,1.72E-05,2.89E-01,1.55E-01,2.46E-01,2.04E+02,1.31E+01,2.17E+02,0.000110575,0.000116159
6.75E+04,2.97E+05,1.78E+02,2.59E+00,1.37E-02,9.07E+01,1.72E-05,2.89E-01,1.55E-01,2.46E-01,2.04E+02,1.31E+01,2.17E+02,0.000110575,0.000116159
6.75E+04,297199,4.42E+01,7.53E-01,1.38E-02,9.07E+01,1.72E-05,2.88E-01,1.54E-01,2.49E-01,2.05E+02,1.35E+01,2.18E+02,0.000110533,0.000116115
6.75E+04,2.97E+05,1.78E+02,2.60E+00,1.38E-02,9.07E+01,1.72E-05,2.88E-01,1.54E-01,2.49E-01,2.05E+02,1.35E+01,2.18E+02,0.000110532,0.000116115
6.76E+04,297299,4.42E+01,7.52E-01,1.38E-02,9.07E+01,1.72E-05,2.89E-01,1.55E-01,2.48E-01,2.05E+02,1.35E+01,2.18E+02,0.00011049,0.000116071
6.76E+04,2.97E+05,1.78E+02,2.60E+00,1.38E-02,9.07E+01,1.72E-05,2.89E-01,1.55E-01,2.48E-01,2.05E+02,1.35E+01,2.18E+02,0.00011049,0.000116071
6.76E+04,297399,4.48E+01,7.53E-01,1.38E-02,9.07E+01,1.72E-05,2.89E-01,1.54E-01,2.52E-01,2.05E+02,1.39E+01,2.19E+02,0.000110448,0.000116027
6.76E+04,2.97E+05,1.78E+02,2.60E+00,1.38E-02,9.07E+01,1.72E-05,2.89E-01,1.54E-01,2.52E-01,2.05E+02,1.39E+01,2.19E+02,0.000110448,0.000116027
6.76E+04,297499,4.48E+01,7.53E-01,1.39E-02,9.07E+01,1.72E-05,2.88E-01,1.53E-01,2.52E-01,2.05E+02,1.39E+01,2.19E+02,0.000110406,0.000115983
6.76E+04,2.97E+05,1.78E+02,2.59E+00,1.39E-02,9.07E+01,1.72E-05,2.88E-01,1.53E-01,2.52E-01,2.05E+02,1.39E+01,2.19E+02,0.000110406,0.000115983
6.77E+04,297599,1.78E+02,2.60E+00,1.38E-02,9.07E+01,1.72E-05,2.89E-01,1.53E-01,2.54E-01,2.05E+02,1.41E+01,2.19E+02,0.000110364,0.000115939
6.77E+04,2.98E+05,4.52E+01,7.64E-01,1.38E-02,9.07E+01,1.72E-05,2.89E-01,1.53E-01,2.54E-01,2.05E+02,1.41E+01,2.19E+02,0.000110363,0.000115938
6.77E+04,297699,4.40E+01,7.53E-01,1.38E-02,9.07E+01,1.72E-05,2.89E-01,1.55E-01,2.47E-01,2.05E+02,1.33E+01,2.18E+02,0.000110321,0.000115895
6.77E+04,2.98E+05,1.78E+02,2.60E+00,1.38E-02,9.07E+01,1.72E-05,2.89E-01,1.55E-01,2.47E-01,2.05E+02,1.33E+01,2.18E+02,0.000110321,0.000115894
6.77E+04,2.98E+05,4.34E+01,7.53E-01,1.37E-02,9.07E+01,1.72E-05,2.89E-01,1.55E-01,2.44E-01,2.04E+02,1.29E+01,2.17E+02,0.000110279,0.00011585
6.77E+04,2.98E+05,1.78E+02,2.60E+00,1.37E-02,9.07E+01,1.72E-05,2.89E-01,1.55E-01,2.44E-01,2.04E+02,1.29E+01,2.17E+02,0.000110279,0.00011585
6.77E+04,297899,4.40E+01,7.52E-01,1.38E-02,9.07E+01,1.72E-05,2.88E-01,1.55E-01,2.47E-01,2.05E+02,1.33E+01,2.18E+02,0.000110237,0.000115807
6.77E+04,2.98E+05,1.78E+02,2.60E+00,1.38E-02,9.07E+01,1.72E-05,2.88E-01,1.55E-01,2.47E-01,2.05E+02,1.33E+01,2.18E+02,0.000110237,0.000115806
6.77E+04,297999,4.39E+01,7.51E-01,1.38E-02,9.07E+01,1.72E-05,2.88E-01,1.55E-01,2.47E-01,2.05E+02,1.33E+01,2.18E+02,0.000110195,0.000115763
6.77E+04,2.98E+05,1.78E+02,2.60E+00,1.38E-02,9.07E+01,1.72E-05,2.88E-01,1.55E-01,2.47E-01,2.05E+02,1.33E+01,2.18E+02,0.000110195,0.000115762
6.78E+04,298099,4.45E+01,7.52E-01,1.38E-02,9.07E+01,1.72E-05,2.88E-01,1.54E-01,2.50E-01,2.05E+02,1.37E+01,2.19E+02,0.000110153,0.000115719
6.78E+04,2.98E+05,1.78E+02,2.60E+00,1.38E-02,9.07E+01,1.72E-05,2.88E-01,1.54E-01,2.50E-01,2.05E+02,1.37E+01,2.19E+02,0.000110153,0.000115718
6.78E+04,298199,4.40E+01,7.52E-01,1.37E-02,9.07E+01,1.72E-05,2.89E-01,1.55E-01,2.47E-01,2.05E+02,1.33E+01,2.18E+02,0.000110111,0.000115675
6.78E+04,298200,1.78E+02,2.60E+00,1.37E-02,9.07E+01,1.72E-05,2.89E-01,1.55E-01,2.47E-01,2.05E+02,1.33E+01,2.18E+02,0.00011011,0.000115674
6.78E+04,298299,4.46E+01,7.52E-01,1.38E-02,9.07E+01,1.72E-05,2.89E-01,1.54E-01,2.51E-01,2.05E+02,1.38E+01,2.19E+02,0.000110069,0.000115631
6.78E+04,2.98E+05,1.78E+02,2.60E+00,1.38E-02,9.07E+01,1.72E-05,2.89E-01,1.54E-01,2.51E-01,2.05E+02,1.38E+01,2.19E+02,0.000110069,0.000115631
6.78E+04,2.98E+05,4.36E+01,7.53E-01,1.37E-02,9.07E+01,1.72E-05,2.89E-01,1.56E-01,2.44E-01,2.05E+02,1.30E+01,2.18E+02,0.000110027,0.000115587
6.78E+04,298400,1.78E+02,2.60E+00,1.37E-02,9.07E+01,1.72E-05,2.89E-01,1.56E-01,2.44E-01,2.05E+02,1.30E+01,2.18E+02,0.000110027,0.000115587
6.78E+04,298499,4.39E+01,7.52E-01,1.38E-02,9.07E+01,1.72E-05,2.87E-01,1.54E-01,2.48E-01,2.04E+02,1.34E+01,2.17E+02,0.000109985,0.000115543
6.78E+04,2.98E+05,1.77E+02,2.60E+00,1.38E-02,9.07E+01,1.72E-05,2.87E-01,1.54E-01,2.48E-01,2.04E+02,1.34E+01,2.17E+02,0.000109985,0.000115543
6.79E+04,298599,1.79E+02,2.60E+00,1.38E-02,9.07E+01,1.72E-05,2.90E-01,1.54E-01,2.52E-01,2.06E+02,1.39E+01,2.19E+02,0.000109943,0.000115499
6.79E+04,2.99E+05,4.50E+01,7.63E-01,1.38E-02,9.07E+01,1.72E-05,2.90E-01,1.54E-01,2.52E-01,2.06E+02,1.39E+01,2.19E+02,0.000109943,0.000115499
6.79E+04,298699,4.45E+01,7.56E-01,1.38E-02,9.07E+01,1.72E-05,2.89E-01,1.54E-01,2.50E-01,2.05E+02,1.36E+01,2.19E+02,0.000109901,0.000115456
6.79E+04,298700,1.78E+02,2.60E+00,1.38E-02,9.07E+01,1.72E-05,2.89E-01,1.54E-01,2.50E-01,2.05E+02,1.36E+01,2.19E+02,0.000109901,0.000115455
6.79E+04,2.99E+05,4.40E+01,7.55E-01,1.37E-02,9.07E+01,1.72E-05,2.89E-01,1.55E-01,2.47E-01,2.05E+02,1.33E+01,2.18E+02,0.000109859,0.000115412
6.79E+04,298800,1.78E+02,2.60E+00,1.37E-02,9.07E+01,1.72E-05,2.89E-01,1.55E-01,2.47E-01,2.05E+02,1.33E+01,2.18E+02,0.000109859,0.000115412
6.79E+04,2.99E+05,4.40E+01,7.55E-01,1.37E-02,9.07E+01,1.72E-05,2.89E-01,1.55E-01,2.47E-01,2.05E+02,1.33E+01,2.18E+02,0.000109817,0.000115368
6.79E+04,298900,1.78E+02,2.60E+00,1.37E-02,9.07E+01,1.72E-05,2.89E-01,1.55E-01,2.47E-01,2.05E+02,1.33E+01,2.18E+02,0.000109817,0.000115368
6.80E+04,298999,4.49E+01,7.56E-01,1.39E-02,9.07E+01,1.71E-05,2.88E-01,1.53E-01,2.53E-01,2.05E+02,1.40E+01,2.19E+02,0.000109776,0.000115325
6.80E+04,2.99E+05,1.78E+02,2.60E+00,1.39E-02,9.07E+01,1.71E-05,2.88E-01,1.53E-01,2.53E-01,2.05E+02,1.40E+01,2.19E+02,0.000109775,0.000115324
6.80E+04,2.99E+05,4.39E+01,7.54E-01,1.37E-02,9.07E+01,1.71E-05,2.89E-01,1.55E-01,2.47E-01,2.05E+02,1.32E+01,2.18E+02,0.000109734,0.000115281
6.80E+04,299100,1.78E+02,2.60E+00,1.37E-02,9.07E+01,1.71E-05,2.89E-01,1.55E-01,2.47E-01,2.05E+02,1.32E+01,2.18E+02,0.000109734,0.000115281
6.80E+04,2.99E+05,4.39E+01,7.55E-01,1.38E-02,9.07E+01,1.71E-05,2.88E-01,1.54E-01,2.47E-01,2.04E+02,1.33E+01,2.17E+02,0.000109692,0.000115237
6.80E+04,2.99E+05,1.78E+02,2.60E+00,1.38E-02,9.07E+01,1.71E-05,2.88E-01,1.54E-01,2.47E-01,2.04E+02,1.33E+01,2.17E+02,0.000109692,0.000115237
6.80E+04,2.99E+05,4.34E+01,7.55E-01,1.37E-02,9.07E+01,1.71E-05,2.88E-01,1.55E-01,2.44E-01,2.03E+02,1.29E+01,2.16E+02,0.00010965,0.000115194
6.80E+04,2.99E+05,1.78E+02,2.60E+00,1.37E-02,9.07E+01,1.71E-05,2.88E-01,1.55E-01,2.44E-01,2.03E+02,1.29E+01,2.16E+02,0.00010965,0.000115194
6.80E+04,2.99E+05,4.38E+01,7.54E-01,1.38E-02,9.07E+01,1.71E-05,2.88E-01,1.54E-01,2.47E-01,2.04E+02,1.32E+01,2.17E+02,0.000109609,0.00011515
6.80E+04,2.99E+05,1.78E+02,2.60E+00,1.38E-02,9.07E+01,1.71E-05,2.88E-01,1.54E-01,2.47E-01,2.04E+02,1.32E+01,2.17E+02,0.000109609,0.00011515
6.81E+04,299499,4.42E+01,7.55E-01,1.38E-02,9.07E+01,1.71E-05,2.88E-01,1.54E-01,2.49E-01,2.04E+02,1.35E+01,2.18E+02,0.000109567,0.000115107
6.81E+04,2.99E+05,1.78E+02,2.60E+00,1.38E-02,9.07E+01,1.71E-05,2.88E-01,1.54E-01,2.49E-01,2.04E+02,1.35E+01,2.18E+02,0.000109567,0.000115107
6.81E+04,299599,1.80E+02,2.61E+00,1.45E-02,9.07E+01,1.71E-05,2.93E-01,2.93E-01,0,2.35E+02,1.40E+01,2.48E+02,0.000109526,0.000115063
6.81E+04,3.00E+05,4.39E+01,7.53E-01,1.38E-02,9.07E+01,1.71E-05,2.88E-01,1.55E-01,2.47E-01,2.04E+02,1.40E+01,2.18E+02,0.000109484,0.00011502
6.81E+04,3.00E+05,1.78E+02,2.60E+00,1.38E-02,9.07E+01,1.71E-05,2.88E-01,1.55E-01,2.47E-01,2.04E+02,1.36E+01,2.18E+02,0.000109484,0.00011502
6.81E+04,299799,4.44E+01,7.52E-01,1.38E-02,9.07E+01,1.71E-05,2.88E-01,1.54E-01,2.50E-01,2.05E+02,1.36E+01,2.18E+02,0.000109442,0.000114976
6.81E+04,3.00E+05,1.78E+02,2.60E+00,1.38E-02,9.07E+01,1.71E-05,2.88E-01,1.54E-01,2.50E-01,2.05E+02,1.37E+01,2.19E+02,0.000109442,0.000114976
6.82E+04,299899,4.45E+01,7.51E-01,1.39E-02,9.07E+01,1.71E-05,2.87E-01,1.53E-01,2.51E-01,2.05E+02,1.37E+01,2.18E+02,0.000109401,0.000114933
6.82E+04,3.00E+05,1.77E+02,2.60E+00,1.39E-02,9.07E+01,1.71E-05,2.87E-01,1.53E-01,2.51E-01,2.05E+02,1.37E+01,2.18E+02,0.000109401,0.000114933
6.82E+04,299999,4.45E+01,7.52E-01,1.39E-02,9.07E+01,1.71E-05,2.87E-01,1.53E-01,2.51E-01,2.04E+02,1.37E+01,2.18E+02,0.000109359,0.00011489
6.82E+04,3.00E+05,1.77E+02,2.60E+00,1.39E-02,9.07E+01,1.71E-05,2.87E-01,1.53E-01,2.51E-01,2.04E+02,1.37E+01,2.18E+02,0.000109359,0.000114889
6.82E+04,300099,4.45E+01,7.52E-01,1.38E-02,9.07E+01,1.71E-05,2.88E-01,1.54E-01,2.50E-01,2.05E+02,1.37E+01,2.19E+02,0.000109318,0.000114846
6.82E+04,3.00E+05,1.78E+02,2.60E+00,1.38E-02,9.07E+01,1.71E-05,2.88E-01,1.54E-01,2.50E-01,2.05E+02,1.37E+01,2.19E+02,0.000109318,0.000114846
6.82E+04,300199,4.45E+01,7.52E-01,1.38E-02,9.07E+01,1.71E-05,2.89E-01,1.54E-01,2.50E-01,2.05E+02,1.37E+01,2.19E+02,0.000109276,0.000114803
6.82E+04,300200,1.78E+02,2.60E+00,1.38E-02,9.07E+01,1.71E-05,2.89E-01,1.54E-01,2.50E-01,2.05E+02,1.37E+01,2.19E+02,0.000109276,0.000114803
6.82E+04,300299,4.46E+01,7.52E-01,1.38E-02,9.07E+01,1.71E-05,2.88E-01,1.54E-01,2.51E-01,2.05E+02,1.37E+01,2.19E+02,0.000109235,0.00011476
6.82E+04,3.00E+05,1.78E+02,2.60E+00,1.38E-02,9.07E+01,1.71E-05,2.88E-01,1.54E-01,2.51E-01,2.05E+02,1.37E+01,2.19E+02,0.000109235,0.00011476
6.83E+04,300399,4.44E+01,7.50E-01,1.38E-02,9.07E+01,1.71E-05,2.89E-01,1.55E-01,2.49E-01,2.05E+02,1.37E+01,2.19E+02,0.000109194,0.000114717
6.83E+04,300400,1.78E+02,2.60E+00,1.38E-02,9.07E+01,1.71E-05,2.89E-01,1.55E-01,2.49E-01,2.05E+02,1.33E+01,2.19E+02,0.000109193,0.000114716
6.83E+04,3.00E+05,4.39E+01,7.53E-01,1.38E-02,9.08E+01,1.71E-05,2.87E-01,1.54E-01,2.48E-01,2.04E+02,1.33E+01,2.17E+02,0.000109152,0.000114673
6.83E+04,3.00E+05,1.77E+02,2.60E+00,1.38E-02,9.08E+01,1.71E-05,2.87E-01,1.54E-01,2.48E-01,2.04E+02,1.19E+01,2.16E+02,0.000109152,0.000114673
6.83E+04,3.01E+05,4.15E+01,7.41E-01,1.79E-02,9.08E+01,1.71E-05,1.92E-02,1.92E-02,0,1.54E+01,1.19E+01,2.73E+01,0.000109111,0.00011463
6.84E+04,300699,4.41E+01,7.53E-01,1.38E-02,9.08E+01,1.71E-05,2.87E-01,1.54E-01,2.49E-01,2.04E+02,1.35E+01,2.18E+02,0.00010907,0.000114587
6.84E+04,3.01E+05,1.77E+02,2.60E+00,1.38E-02,9.08E+01,1.71E-05,2.87E-01,1.54E-01,2.49E-01,2.04E+02,1.35E+01,2.18E+02,0.00010907,0.000114587
6.84E+04,300799,4.47E+01,7.52E-01,1.38E-02,9.08E+01,1.70E-05,2.89E-01,1.54E-01,2.50E-01,2.06E+02,1.37E+01,2.19E+02,0.000109028,0.000114544
6.84E+04,300800,1.78E+02,2.60E+00,1.38E-02,9.08E+01,1.70E-05,2.89E-01,1.54E-01,2.50E-01,2.06E+02,1.37E+01,2.19E+02,0.000109028,0.000114544
6.84E+04,300899,4.41E+01,7.53E-01,1.38E-02,9.08E+01,1.70E-05,2.87E-01,1.54E-01,2.49E-01,2.04E+02,1.34E+01,2.18E+02,0.000108987,0.000114501
6.84E+04,3.01E+05,1.77E+02,2.60E+00,1.38E-02,9.08E+01,1.70E-05,2.87E-01,1.54E-01,2.49E-01,2.04E+02,1.34E+01,2.18E+02,0.000108987,0.000114501
6.84E+04,300999,4.41E+01,7.53E-01,1.38E-02,9.08E+01,1.70E-05,2.88E-01,1.54E-01,2.48E-01,2.05E+02,1.34E+01,2.18E+02,0.000108946,0.000114458
6.84E+04,301000,1.78E+02,2.60E+00,1.38E-02,9.08E+01,1.70E-05,2.88E-01,1.54E-01,2.48E-01,2.05E+02,1.34E+01,2.18E+02,0.000108946,0.000114457
6.84E+04,301099,4.41E+01,7.53E-01,1.38E-02,9.08E+01,1.70E-05,2.88E-01,1.54E-01,2.48E-01,2.05E+02,1.34E+01,2.18E+02,0.000108905,0.000114415
6.84E+04,301100,1.78E+02,2.60E+00,1.38E-02,9.08E+01,1.70E-05,2.88E-01,1.54E-01,2.48E-01,2.05E+02,1.34E+01,2.18E+02,0.000108904,0.000114414
6.85E+04,301199,4.41E+01,7.52E-01,1.38E-02,9.08E+01,1.70E-05,2.88E-01,1.54E-01,2.48E-01,2.05E+02,1.34E+01,2.18E+02,0.000108864,0.000114372
6.85E+04,301200,1.78E+02,2.60E+00,1.38E-02,9.08E+01,1.70E-05,2.88E-01,1.54E-01,2.48E-01,2.05E+02,1.34E+01,2.18E+02,0.000108863,0.000114371
6.85E+04,301299,4.41E+01,7.53E-01,1.38E-02,9.08E+01,1.70E-05,2.88E-01,1.54E-01,2.49E-01,2.04E+02,1.35E+01,2.18E+02,0.000108823,0.000114329
6.85E+04,3.01E+05,1.77E+02,2.60E+00,1.38E-02,9.08E+01,1.70E-05,2.88E-01,1.54E-01,2.49E-01,2.04E+02,1.35E+01,2.18E+02,0.000108822,0.000114329
6.85E+04,301399,4.41E+01,7.53E-01,1.38E-02,9.08E+01,1.70E-05,2.87E-01,1.54E-01,2.49E-01,2.04E+02,1.35E+01,2.18E+02,0.000108781,0.000114286
6.85E+04,3.01E+05,1.77E+02,2.60E+00,1.38E-02,9.08E+01,1.70E-05,2.87E-01,1.54E-01,2.49E-01,2.04E+02,1.35E+01,2.18E+02,0.000108781,0.000114286
6.85E+04,3.01E+05,4.37E+01,7.54E-01,1.38E-02,9.08E+01,1.70E-05,2.87E-01,1.54E-01,2.46E-01,2.04E+02,1.31E+01,2.17E+02,0.00010874,0.000114243
6.85E+04,3.01E+05,1.77E+02,2.60E+00,1.38E-02,9.08E+01,1.70E-05,2.87E-01,1.54E-01,2.46E-01,2.04E+02,1.31E+01,2.17E+02,0.00010874,0.000114243
6.85E+04,3.02E+05,4.36E+01,7.54E-01,1.37E-02,9.08E+01,1.70E-05,2.88E-01,1.55E-01,2.45E-01,2.04E+02,1.31E+01,2.17E+02,0.000108699,0.0001142
6.85E+04,301600,1.78E+02,2.60E+00,1.37E-02,9.08E+01,1.70E-05,2.88E-01,1.55E-01,2.45E-01,2.04E+02,1.31E+01,2.17E+02,0.000108699,0.0001142
6.86E+04,3.02E+05,4.37E+01,7.51E-01,1.37E-02,9.08E+01,1.70E-05,2.89E-01,1.55E-01,2.45E-01,2.05E+02,1.31E+01,2.18E+02,0.000108658,0.000114157
6.86E+04,301700,1.78E+02,2.60E+00,1.37E-02,9.08E+01,1.70E-05,2.89E-01,1.55E-01,2.45E-01,2.05E+02,1.31E+01,2.18E+02,0.000108658,0.000114157
6.86E+04,301799,4.43E+01,7.53E-01,1.39E-02,9.08E+01,1.70E-05,2.87E-01,1.53E-01,2.50E-01,2.04E+02,1.36E+01,2.18E+02,0.000108617,0.000114115
6.86E+04,3.02E+05,1.77E+02,2.60E+00,1.39E-02,9.08E+01,1.70E-05,2.87E-01,1.53E-01,2.50E-01,2.04E+02,1.36E+01,2.18E+02,0.000108617,0.000114114
6.86E+04,3.02E+05,4.37E+01,7.53E-01,1.38E-02,9.08E+01,1.70E-05,2.87E-01,1.54E-01,2.47E-01,2.04E+02,1.32E+01,2.17E+02,0.000108576,0.000114072
6.86E+04,3.02E+05,1.77E+02,2.60E+00,1.38E-02,9.08E+01,1.70E-05,2.87E-01,1.54E-01,2.47E-01,2.04E+02,1.32E+01,2.17E+02,0.000108576,0.000114072
6.86E+04,3.02E+05,4.37E+01,7.51E-01,1.38E-02,9.08E+01,1.70E-05,2.87E-01,1.54E-01,2.47E-01,2.04E+02,1.32E+01,2.17E+02,0.000108535,0.000114029
6.86E+04,3.02E+05,1.77E+02,2.60E+00,1.38E-02,9.08E+01,1.70E-05,2.87E-01,1.54E-01,2.47E-01,2.04E+02,1.32E+01,2.17E+02,0.000108535,0.000114029
6.87E+04,302099,4.42E+01,7.52E-01,1.39E-02,9.08E+01,1.70E-05,2.87E-01,1.54E-01,2.49E-01,2.04E+02,1.36E+01,2.18E+02,0.000108495,0.000113986
6.87E+04,3.02E+05,1.77E+02,2.60E+00,1.39E-02,9.08E+01,1.70E-05,2.87E-01,1.54E-01,2.49E-01,2.04E+02,1.36E+01,2.18E+02,0.000108494,0.000113986
6.87E+04,302199,4.43E+01,7.53E-01,1.39E-02,9.08E+01,1.70E-05,2.87E-01,1.53E-01,2.50E-01,2.04E+02,1.36E+01,2.18E+02,0.000108454,0.000113944
6.87E+04,3.02E+05,1.77E+02,2.60E+00,1.39E-02,9.08E+01,1.70E-05,2.87E-01,1.53E-01,2.50E-01,2.04E+02,1.36E+01,2.18E+02,0.000108454,0.000113943
6.87E+04,3.02E+05,4.33E+01,7.52E-01,1.37E-02,9.08E+01,1.70E-05,2.88E-01,1.55E-01,2.44E-01,2.04E+02,1.29E+01,2.17E+02,0.000108413,0.000113901
6.87E+04,3.02E+05,1.78E+02,2.60E+00,1.37E-02,9.08E+01,1.70E-05,2.88E-01,1.55E-01,2.44E-01,2.04E+02,1.29E+01,2.17E+02,0.000108413,0.000113901
6.87E+04,302399,4.42E+01,7.51E-01,1.38E-02,9.08E+01,1.70E-05,2.88E-01,1.54E-01,2.49E-01,2.05E+02,1.35E+01,2.18E+02,0.000108372,0.000113858
6.87E+04,3.02E+05,1.78E+02,2.60E+00,1.38E-02,9.08E+01,1.70E-05,2.88E-01,1.54E-01,2.49E-01,2.05E+02,1.35E+01,2.18E+02,0.000108372,0.000113858
6.87E+04,302499,4.43E+01,7.54E-01,1.38E-02,9.08E+01,1.70E-05,2.88E-01,1.54E-01,2.49E-01,2.05E+02,1.35E+01,2.18E+02,0.000108331,0.000113816
6.87E+04,302500,1.78E+02,2.60E+00,1.38E-02,9.08E+01,1.70E-05,2.88E-01,1.54E-01,2.49E-01,2.05E+02,1.35E+01,2.18E+02,0.000108331,0.000113815
6.88E+04,302599,4.43E+01,7.52E-01,1.39E-02,9.08E+01,1.70E-05,2.86E-01,1.53E-01,2.51E-01,2.04E+02,1.37E+01,2.17E+02,0.000108291,0.000113773
6.88E+04,3.03E+05,1.77E+02,2.60E+00,1.39E-02,9.08E+01,1.70E-05,2.86E-01,1.53E-01,2.51E-01,2.04E+02,1.37E+01,2.17E+02,0.000108291,0.000113773
6.88E+04,302699,4.41E+01,7.52E-01,1.38E-02,9.08E+01,1.69E-05,2.88E-01,1.55E-01,2.48E-01,2.05E+02,1.34E+01,2.18E+02,0.00010825,0.000113731
6.88E+04,302700,1.78E+02,2.60E+00,1.38E-02,9.08E+01,1.69E-05,2.88E-01,1.55E-01,2.48E-01,2.05E+02,1.34E+01,2.18E+02,0.00010825,0.00011373
6.88E+04,302799,4.39E+01,7.52E-01,1.38E-02,9.08E+01,1.69E-05,2.88E-01,1.55E-01,2.47E-01,2.04E+02,1.33E+01,2.18E+02,0.000108209,0.000113688
6.88E+04,302800,1.78E+02,2.60E+00,1.38E-02,9.08E+01,1.69E-05,2.88E-01,1.55E-01,2.47E-01,2.04E+02,1.33E+01,2.18E+02,0.000108209,0.000113688
6.88E+04,302899,4.39E+01,7.52E-01,1.38E-02,9.08E+01,1.69E-05,2.88E-01,1.54E-01,2.47E-01,2.04E+02,1.33E+01,2.18E+02,0.000108169,0.000113646
6.88E+04,3.03E+05,1.78E+02,2.60E+00,1.38E-02,9.08E+01,1.69E-05,2.88E-01,1.54E-01,2.47E-01,2.04E+02,1.33E+01,2.18E+02,0.000108168,0.000113646
6.89E+04,302999,4.39E+01,7.52E-01,1.38E-02,9.08E+01,1.69E-05,2.87E-01,1.54E-01,2.48E-01,2.04E+02,1.33E+01,2.17E+02,0.000108128,0.000113603
6.89E+04,3.03E+05,1.77E+02,2.59E+00,1.38E-02,9.08E+01,1.69E-05,2.87E-01,1.54E-01,2.48E-01,2.04E+02,1.33E+01,2.17E+02,0.000108128,0.000113603
6.89E+04,303099,4.39E+01,7.53E-01,1.38E-02,9.08E+01,1.69E-05,2.87E-01,1.54E-01,2.47E-01,2.04E+02,1.33E+01,2.17E+02,0.000108087,0.000113561
6.89E+04,3.03E+05,1.77E+02,2.60E+00,1.38E-02,9.08E+01,1.69E-05,2.87E-01,1.54E-01,2.47E-01,2.04E+02,1.33E+01,2.17E+02,0.000108087,0.000113561
6.89E+04,3.03E+05,4.35E+01,7.52E-01,1.38E-02,9.08E+01,1.69E-05,2.86E-01,1.54E-01,2.46E-01,2.03E+02,1.31E+01,2.16E+02,0.000108047,0.000113518
6.89E+04,3.03E+05,1.77E+02,2.60E+00,1.38E-02,9.08E+01,1.69E-05,2.86E-01,1.54E-01,2.46E-01,2.03E+02,1.31E+01,2.16E+02,0.000108047,0.000113518
6.89E+04,303299,4.40E+01,7.53E-01,1.38E-02,9.08E+01,1.69E-05,2.87E-01,1.54E-01,2.48E-01,2.04E+02,1.34E+01,2.17E+02,0.000108006,0.000113476
6.89E+04,3.03E+05,1.77E+02,2.60E+00,1.38E-02,9.08E+01,1.69E-05,2.87E-01,1.54E-01,2.48E-01,2.04E+02,1.34E+01,2.17E+02,0.000108006,0.000113476
6.89E+04,3.03E+05,4.34E+01,7.51E-01,1.38E-02,9.08E+01,1.69E-05,2.87E-01,1.55E-01,2.45E-01,2.03E+02,1.29E+01,2.16E+02,0.000107966,0.000113434
6.89E+04,3.03E+05,1.77E+02,2.59E+00,1.38E-02,9.08E+01,1.69E-05,2.87E-01,1.55E-01,2.45E-01,2.03E+02,1.29E+01,2.16E+02,0.000107966,0.000113434
6.90E+04,303499,4.38E+01,7.52E-01,1.37E-02,9.08E+01,1.69E-05,2.88E-01,1.55E-01,2.46E-01,2.04E+02,1.32E+01,2.18E+02,0.000107925,0.000113392
6.90E+04,303500,1.78E+02,2.60E+00,1.37E-02,9.08E+01,1.69E-05,2.88E-01,1.55E-01,2.46E-01,2.04E+02,1.32E+01,2.18E+02,0.000107925,0.000113391
6.90E+04,303599,4.49E+01,7.52E-01,1.39E-02,9.08E+01,1.69E-05,2.87E-01,1.52E-01,2.53E-01,2.05E+02,1.40E+01,2.19E+02,0.000107885,0.000113349
6.90E+04,3.04E+05,1.77E+02,2.59E+00,1.39E-02,9.08E+01,1.69E-05,2.87E-01,1.52E-01,2.53E-01,2.05E+02,1.40E+01,2.19E+02,0.000107885,0.000113349
6.90E+04,303699,4.40E+01,7.52E-01,1.39E-02,9.08E+01,1.69E-05,2.87E-01,1.54E-01,2.49E-01,2.04E+02,1.34E+01,2.17E+02,0.000107844,0.000113307
6.90E+04,3.04E+05,1.77E+02,2.60E+00,1.39E-02,9.08E+01,1.69E-05,2.87E-01,1.54E-01,2.49E-01,2.04E+02,1.34E+01,2.17E+02,0.000107844,0.000113307
6.91E+04,303799,4.39E+01,7.53E-01,1.38E-02,9.08E+01,1.69E-05,2.88E-01,1.54E-01,2.47E-01,2.04E+02,1.33E+01,2.18E+02,0.000107804,0.000113265
6.91E+04,303800,1.78E+02,2.60E+00,1.38E-02,9.08E+01,1.69E-05,2.88E-01,1.54E-01,2.47E-01,2.04E+02,1.33E+01,2.18E+02,0.000107804,0.000113264
6.91E+04,303899,4.41E+01,7.53E-01,1.38E-02,9.08E+01,1.69E-05,2.87E-01,1.54E-01,2.48E-01,2.04E+02,1.34E+01,2.18E+02,0.000107764,0.000113223
6.91E+04,303900,1.78E+02,2.60E+00,1.38E-02,9.08E+01,1.69E-05,2.87E-01,1.54E-01,2.48E-01,2.04E+02,1.34E+01,2.18E+02,0.000107763,0.000113222
6.91E+04,3.04E+05,4.35E+01,7.52E-01,1.37E-02,9.08E+01,1.69E-05,2.88E-01,1.55E-01,2.45E-01,2.04E+02,1.30E+01,2.17E+02,0.000107723,0.00011318
6.91E+04,304000,1.78E+02,2.60E+00,1.37E-02,9.08E+01,1.69E-05,2.88E-01,1.55E-01,2.45E-01,2.04E+02,1.30E+01,2.17E+02,0.000107723,0.00011318
6.91E+04,3.04E+05,4.35E+01,7.50E-01,1.38E-02,9.08E+01,1.69E-05,2.87E-01,1.54E-01,2.46E-01,2.03E+02,1.31E+01,2.17E+02,0.000107683,0.000113138
6.91E+04,3.04E+05,1.77E+02,2.59E+00,1.38E-02,9.08E+01,1.69E-05,2.87E-01,1.54E-01,2.46E-01,2.03E+02,1.31E+01,2.17E+02,0.000107683,0.000113138
6.91E+04,304199,4.41E+01,7.52E-01,1.39E-02,9.08E+01,1.69E-05,2.86E-01,1.53E-01,2.50E-01,2.04E+02,1.35E+01,2.17E+02,0.000107643,0.000113096
6.91E+04,3.04E+05,1.77E+02,2.60E+00,1.39E-02,9.08E+01,1.69E-05,2.86E-01,1.53E-01,2.50E-01,2.04E+02,1.35E+01,2.17E+02,0.000107643,0.000113096
6.92E+04,304299,4.40E+01,7.51E-01,1.38E-02,9.08E+01,1.69E-05,2.88E-01,1.54E-01,2.48E-01,2.04E+02,1.33E+01,2.18E+02,0.000107603,0.000113054
6.92E+04,304300,1.78E+02,2.60E+00,1.38E-02,9.08E+01,1.69E-05,2.88E-01,1.54E-01,2.48E-01,2.04E+02,1.33E+01,2.18E+02,0.000107602,0.000113054
6.92E+04,304399,4.45E+01,7.53E-01,1.39E-02,9.08E+01,1.69E-05,2.87E-01,1.53E-01,2.51E-01,2.04E+02,1.38E+01,2.18E+02,0.000107562,0.000113012
6.92E+04,3.04E+05,1.77E+02,2.60E+00,1.39E-02,9.08E+01,1.69E-05,2.87E-01,1.53E-01,2.51E-01,2.04E+02,1.38E+01,2.18E+02,0.000107562,0.000113012
6.92E+04,304499,4.40E+01,7.54E-01,1.38E-02,9.08E+01,1.68E-05,2.88E-01,1.54E-01,2.48E-01,2.04E+02,1.34E+01,2.18E+02,0.000107522,0.00011297
6.92E+04,304500,1.78E+02,2.60E+00,1.38E-02,9.08E+01,1.68E-05,2.88E-01,1.54E-01,2.48E-01,2.04E+02,1.34E+01,2.18E+02,0.000107522,0.00011297
6.92E+04,304599,4.39E+01,7.53E-01,1.38E-02,9.08E+01,1.68E-05,2.88E-01,1.54E-01,2.47E-01,2.04E+02,1.33E+01,2.18E+02,0.000107482,0.000112928
6.92E+04,304600,1.78E+02,2.60E+00,1.38E-02,9.08E+01,1.68E-05,2.88E-01,1.54E-01,2.47E-01,2.04E+02,1.33E+01,2.18E+02,0.000107482,0.000112928
6.93E+04,304699,4.48E+01,7.54E-01,1.39E-02,9.08E+01,1.68E-05,2.87E-01,1.53E-01,2.52E-01,2.05E+02,1.39E+01,2.19E+02,0.000107442,0.000112886
6.93E+04,3.05E+05,1.77E+02,2.60E+00,1.39E-02,9.08E+01,1.68E-05,2.87E-01,1.53E-01,2.52E-01,2.05E+02,1.39E+01,2.19E+02,0.000107442,0.000112886
6.93E+04,3.05E+05,4.37E+01,7.53E-01,1.38E-02,9.08E+01,1.68E-05,2.86E-01,1.53E-01,2.47E-01,2.03E+02,1.32E+01,2.16E+02,0.000107401,0.000112844
6.93E+04,3.05E+05,1.77E+02,2.60E+00,1.38E-02,9.08E+01,1.68E-05,2.86E-01,1.53E-01,2.47E-01,2.03E+02,1.32E+01,2.16E+02,0.000107401,0.000112844
6.93E+04,304899,4.42E+01,7.52E-01,1.38E-02,9.08E+01,1.68E-05,2.88E-01,1.54E-01,2.49E-01,2.05E+02,1.35E+01,2.18E+02,0.000107362,0.000112803
6.93E+04,304900,1.78E+02,2.60E+00,1.38E-02,9.08E+01,1.68E-05,2.88E-01,1.54E-01,2.49E-01,2.05E+02,1.35E+01,2.18E+02,0.000107361,0.000112802
6.93E+04,304999,4.42E+01,7.53E-01,1.38E-02,9.08E+01,1.68E-05,2.88E-01,1.54E-01,2.49E-01,2.05E+02,1.35E+01,2.18E+02,0.000107322,0.000112761
6.93E+04,305000,1.78E+02,2.60E+00,1.38E-02,9.08E+01,1.68E-05,2.88E-01,1.54E-01,2.49E-01,2.05E+02,1.35E+01,2.18E+02,0.000107321,0.00011276
6.93E+04,305099,4.42E+01,7.52E-01,1.39E-02,9.08E+01,1.68E-05,2.86E-01,1.53E-01,2.50E-01,2.04E+02,1.36E+01,2.17E+02,0.000107281,0.000112719
6.93E+04,3.05E+05,1.77E+02,2.60E+00,1.39E-02,9.08E+01,1.68E-05,2.86E-01,1.53E-01,2.50E-01,2.04E+02,1.36E+01,2.17E+02,0.000107281,0.000112719
6.94E+04,305199,4.43E+01,7.53E-01,1.39E-02,9.08E+01,1.68E-05,2.86E-01,1.53E-01,2.50E-01,2.04E+02,1.36E+01,2.17E+02,0.000107241,0.000112677
6.94E+04,3.05E+05,1.77E+02,2.60E+00,1.39E-02,9.08E+01,1.68E-05,2.86E-01,1.53E-01,2.50E-01,2.04E+02,1.36E+01,2.17E+02,0.000107241,0.000112677
6.94E+04,305299,4.42E+01,7.53E-01,1.39E-02,9.08E+01,1.68E-05,2.87E-01,1.53E-01,2.49E-01,2.04E+02,1.35E+01,2.18E+02,0.000107202,0.000112635
6.94E+04,3.05E+05,1.77E+02,2.60E+00,1.39E-02,9.08E+01,1.68E-05,2.87E-01,1.53E-01,2.49E-01,2.04E+02,1.35E+01,2.18E+02,0.000107201,0.000112635
6.94E+04,305399,4.42E+01,7.53E-01,1.39E-02,9.08E+01,1.68E-05,2.87E-01,1.53E-01,2.49E-01,2.04E+02,1.35E+01,2.18E+02,0.000107162,0.000112594
6.94E+04,3.05E+05,1.77E+02,2.60E+00,1.39E-02,9.08E+01,1.68E-05,2.87E-01,1.53E-01,2.49E-01,2.04E+02,1.35E+01,2.18E+02,0.000107161,0.000112593
6.94E+04,3.05E+05,4.33E+01,7.55E-01,1.37E-02,9.08E+01,1.68E-05,2.88E-01,1.55E-01,2.44E-01,2.04E+02,1.28E+01,2.16E+02,0.000107121,0.000112552
6.94E+04,305500,1.78E+02,2.60E+00,1.37E-02,9.08E+01,1.68E-05,2.88E-01,1.55E-01,2.44E-01,2.04E+02,1.28E+01,2.16E+02,0.000107121,0.000112551
6.94E+04,3.06E+05,4.32E+01,7.54E-01,1.38E-02,9.08E+01,1.68E-05,2.87E-01,1.55E-01,2.44E-01,2.03E+02,1.29E+01,2.16E+02,0.000107082,0.00011251
6.94E+04,3.06E+05,1.77E+02,2.60E+00,1.38E-02,9.08E+01,1.68E-05,2.87E-01,1.55E-01,2.44E-01,2.03E+02,1.29E+01,2.16E+02,0.000107082,0.00011251
6.95E+04,305699,4.42E+01,7.54E-01,1.39E-02,9.08E+01,1.68E-05,2.87E-01,1.53E-01,2.50E-01,2.04E+02,1.36E+01,2.17E+02,0.000107042,0.000112469
6.95E+04,3.06E+05,1.77E+02,2.60E+00,1.39E-02,9.08E+01,1.68E-05,2.87E-01,1.53E-01,2.50E-01,2.04E+02,1.36E+01,2.17E+02,0.000107042,0.000112468
6.95E+04,305799,4.47E+01,7.54E-01,1.39E-02,9.08E+01,1.68E-05,2.87E-01,1.53E-01,2.52E-01,2.04E+02,1.39E+01,2.18E+02,0.000107002,0.000112427
6.95E+04,3.06E+05,1.77E+02,2.60E+00,1.39E-02,9.08E+01,1.68E-05,2.87E-01,1.53E-01,2.52E-01,2.04E+02,1.39E+01,2.18E+02,0.000107002,0.000112427
6.95E+04,305899,4.42E+01,7.53E-01,1.39E-02,9.08E+01,1.68E-05,2.87E-01,1.53E-01,2.50E-01,2.04E+02,1.36E+01,2.18E+02,0.000106962,0.000112385
6.95E+04,3.06E+05,1.77E+02,2.60E+00,1.39E-02,9.08E+01,1.68E-05,2.87E-01,1.53E-01,2.50E-01,2.04E+02,1.36E+01,2.18E+02,0.000106962,0.000112385
6.96E+04,3.06E+05,4.37E+01,7.54E-01,1.38E-02,9.08E+01,1.68E-05,2.87E-01,1.54E-01,2.46E-01,2.04E+02,1.32E+01,2.17E+02,0.000106922,0.000112344
6.96E+04,306000,1.78E+02,2.60E+00,1.38E-02,9.08E+01,1.68E-05,2.87E-01,1.54E-01,2.46E-01,2.04E+02,1.32E+01,2.17E+02,0.000106922,0.000112343
6.96E+04,3.06E+05,4.32E+01,7.53E-01,1.38E-02,9.08E+01,1.68E-05,2.87E-01,1.54E-01,2.44E-01,2.03E+02,1.29E+01,2.16E+02,0.000106883,0.000112302
6.96E+04,3.06E+05,1.77E+02,2.60E+00,1.38E-02,9.08E+01,1.68E-05,2.87E-01,1.54E-01,2.44E-01,2.03E+02,1.29E+01,2.16E+02,0.000106883,0.000112302
6.96E+04,306199,4.41E+01,7.54E-01,1.38E-02,9.08E+01,1.68E-05,2.88E-01,1.54E-01,2.48E-01,2.04E+02,1.34E+01,2.18E+02,0.000106843,0.000112261
6.96E+04,306200,1.78E+02,2.60E+00,1.38E-02,9.08E+01,1.68E-05,2.88E-01,1.54E-01,2.48E-01,2.04E+02,1.34E+01,2.18E+02,0.000106843,0.00011226
6.96E+04,3.06E+05,4.37E+01,7.53E-01,1.38E-02,9.08E+01,1.68E-05,2.86E-01,1.54E-01,2.47E-01,2.03E+02,1.32E+01,2.16E+02,0.000106803,0.000112219
6.96E+04,3.06E+05,1.77E+02,2.60E+00,1.38E-02,9.08E+01,1.68E-05,2.86E-01,1.54E-01,2.47E-01,2.03E+02,1.32E+01,2.16E+02,0.000106803,0.000112219
6.96E+04,306399,4.46E+01,7.54E-01,1.39E-02,9.09E+01,1.67E-05,2.86E-01,1.52E-01,2.52E-01,2.04E+02,1.39E+01,2.18E+02,0.000106764,0.000112178
6.96E+04,3.06E+05,1.77E+02,2.60E+00,1.39E-02,9.09E+01,1.67E-05,2.86E-01,1.52E-01,2.52E-01,2.04E+02,1.39E+01,2.18E+02,0.000106763,0.000112178
6.97E+04,306499,4.41E+01,7.54E-01,1.39E-02,9.09E+01,1.67E-05,2.86E-01,1.53E-01,2.49E-01,2.04E+02,1.35E+01,2.17E+02,0.000106724,0.000112136
6.97E+04,3.06E+05,1.77E+02,2.60E+00,1.39E-02,9.09E+01,1.67E-05,2.86E-01,1.53E-01,2.49E-01,2.04E+02,1.35E+01,2.17E+02,0.000106724,0.000112136
6.97E+04,306599,4.42E+01,7.55E-01,1.39E-02,9.09E+01,1.67E-05,2.86E-01,1.52E-01,2.50E-01,2.03E+02,1.36E+01,2.17E+02,0.000106684,0.000112095
6.97E+04,3.07E+05,1.76E+02,2.60E+00,1.39E-02,9.09E+01,1.67E-05,2.86E-01,1.52E-01,2.50E-01,2.03E+02,1.36E+01,2.17E+02,0.000106684,0.000112095
6.97E+04,3.07E+05,4.37E+01,7.53E-01,1.38E-02,9.09E+01,1.67E-05,2.87E-01,1.54E-01,2.47E-01,2.03E+02,1.32E+01,2.17E+02,0.000106645,0.000112053
6.97E+04,3.07E+05,1.77E+02,2.60E+00,1.38E-02,9.09E+01,1.67E-05,2.87E-01,1.54E-01,2.47E-01,2.03E+02,1.32E+01,2.17E+02,0.000106645,0.000112053
6.97E+04,3.07E+05,4.32E+01,7.52E-01,1.38E-02,9.09E+01,1.67E-05,2.86E-01,1.54E-01,2.44E-01,2.03E+02,1.29E+01,2.15E+02,0.000106605,0.000112012
6.97E+04,3.07E+05,1.77E+02,2.60E+00,1.38E-02,9.09E+01,1.67E-05,2.86E-01,1.54E-01,2.44E-01,2.03E+02,1.29E+01,2.15E+02,0.000106605,0.000112012
6.98E+04,3.07E+05,4.36E+01,7.51E-01,1.38E-02,9.09E+01,1.67E-05,2.87E-01,1.54E-01,2.46E-01,2.04E+02,1.31E+01,2.17E+02,0.000106566,0.000111971
6.98E+04,3.07E+05,1.77E+02,2.60E+00,1.38E-02,9.09E+01,1.67E-05,2.87E-01,1.54E-01,2.46E-01,2.04E+02,1.31E+01,2.17E+02,0.000106566,0.000111971
6.98E+04,3.07E+05,4.32E+01,7.52E-01,1.37E-02,9.09E+01,1.67E-05,2.87E-01,1.55E-01,2.43E-01,2.03E+02,1.28E+01,2.16E+02,0.000106526,0.00011193
6.98E+04,307000,1.78E+02,2.60E+00,1.37E-02,9.09E+01,1.67E-05,2.87E-01,1.55E-01,2.43E-01,2.03E+02,1.28E+01,2.16E+02,0.000106526,0.000111929
6.98E+04,3.07E+05,4.36E+01,7.52E-01,1.38E-02,9.09E+01,1.67E-05,2.87E-01,1.54E-01,2.46E-01,2.04E+02,1.32E+01,2.17E+02,0.000106487,0.000111888
6.98E+04,3.07E+05,1.77E+02,2.60E+00,1.38E-02,9.09E+01,1.67E-05,2.87E-01,1.54E-01,2.46E-01,2.04E+02,1.32E+01,2.17E+02,0.000106487,0.000111888
6.98E+04,3.07E+05,4.31E+01,7.51E-01,1.37E-02,9.09E+01,1.67E-05,2.87E-01,1.55E-01,2.43E-01,2.03E+02,1.27E+01,2.16E+02,0.000106447,0.000111847
6.98E+04,307200,1.78E+02,2.59E+00,1.37E-02,9.09E+01,1.67E-05,2.87E-01,1.55E-01,2.43E-01,2.03E+02,1.27E+01,2.16E+02,0.000106447,0.000111847
6.98E+04,3.07E+05,4.32E+01,7.51E-01,1.38E-02,9.09E+01,1.67E-05,2.86E-01,1.55E-01,2.44E-01,2.03E+02,1.28E+01,2.16E+02,0.000106408,0.000111806
6.98E+04,3.07E+05,1.77E+02,2.60E+00,1.38E-02,9.09E+01,1.67E-05,2.86E-01,1.55E-01,2.44E-01,2.03E+02,1.28E+01,2.16E+02,0.000106408,0.000111806
6.99E+04,3.07E+05,4.35E+01,7.51E-01,1.38E-02,9.09E+01,1.67E-05,2.87E-01,1.55E-01,2.45E-01,2.04E+02,1.31E+01,2.17E+02,0.000106368,0.000111765
6.99E+04,307400,1.77E+02,2.60E+00,1.38E-02,9.09E+01,1.67E-05,2.87E-01,1.55E-01,2.45E-01,2.04E+02,1.31E+01,2.17E+02,0.000106368,0.000111765
6.99E+04,3.07E+05,4.36E+01,7.52E-01,1.38E-02,9.09E+01,1.67E-05,2.87E-01,1.54E-01,2.46E-01,2.03E+02,1.31E+01,2.17E+02,0.000106329,0.000111724
6.99E+04,3.07E+05,1.77E+02,2.60E+00,1.38E-02,9.09E+01,1.67E-05,2.87E-01,1.54E-01,2.46E-01,2.03E+02,1.31E+01,2.17E+02,0.000106329,0.000111724
6.99E+04,3.08E+05,4.34E+01,7.51E-01,1.38E-02,9.09E+01,1.67E-05,2.87E-01,1.54E-01,2.45E-01,2.04E+02,1.30E+01,2.17E+02,0.00010629,0.000111683
6.99E+04,3.08E+05,1.77E+02,2.60E+00,1.38E-02,9.09E+01,1.67E-05,2.87E-01,1.54E-01,2.45E-01,2.04E+02,1.30E+01,2.17E+02,0.00010629,0.000111683
6.99E+04,307699,4.43E+01,7.54E-01,1.39E-02,9.09E+01,1.67E-05,2.86E-01,1.53E-01,2.50E-01,2.04E+02,1.36E+01,2.18E+02,0.00010625,0.000111642
6.99E+04,3.08E+05,1.77E+02,2.60E+00,1.39E-02,9.09E+01,1.67E-05,2.86E-01,1.53E-01,2.50E-01,2.04E+02,1.36E+01,2.18E+02,0.00010625,0.000111641
7.00E+04,307799,4.43E+01,7.52E-01,1.39E-02,9.09E+01,1.67E-05,2.87E-01,1.53E-01,2.50E-01,2.04E+02,1.36E+01,2.18E+02,0.000106211,0.000111601
7.00E+04,307800,1.77E+02,2.60E+00,1.39E-02,9.09E+01,1.67E-05,2.87E-01,1.53E-01,2.50E-01,2.04E+02,1.36E+01,2.18E+02,0.000106211,0.0001116
7.00E+04,307899,4.37E+01,7.52E-01,1.38E-02,9.09E+01,1.67E-05,2.86E-01,1.54E-01,2.47E-01,2.03E+02,1.32E+01,2.16E+02,0.000106172,0.00011156
7.00E+04,3.08E+05,1.77E+02,2.60E+00,1.38E-02,9.09E+01,1.67E-05,2.86E-01,1.54E-01,2.47E-01,2.03E+02,1.32E+01,2.16E+02,0.000106172,0.000111559
7.00E+04,307999,4.38E+01,7.52E-01,1.38E-02,9.09E+01,1.67E-05,2.86E-01,1.54E-01,2.47E-01,2.04E+02,1.33E+01,2.17E+02,0.000106133,0.000111519
7.00E+04,3.08E+05,1.77E+02,2.60E+00,1.38E-02,9.09E+01,1.67E-05,2.86E-01,1.54E-01,2.47E-01,2.04E+02,1.33E+01,2.17E+02,0.000106133,0.000111518
7.00E+04,308099,4.37E+01,7.52E-01,1.39E-02,9.09E+01,1.67E-05,2.86E-01,1.54E-01,2.47E-01,2.04E+02,1.33E+01,2.17E+02,0.000106094,0.000111478
7.00E+04,3.08E+05,1.77E+02,2.60E+00,1.39E-02,9.09E+01,1.67E-05,2.86E-01,1.54E-01,2.47E-01,2.04E+02,1.33E+01,2.17E+02,0.000106093,0.000111477
7.00E+04,3.08E+05,4.33E+01,7.51E-01,1.38E-02,9.09E+01,1.67E-05,2.86E-01,1.54E-01,2.45E-01,2.03E+02,1.30E+01,2.16E+02,0.000106054,0.000111437
7.00E+04,3.08E+05,1.77E+02,2.60E+00,1.38E-02,9.09E+01,1.67E-05,2.86E-01,1.54E-01,2.45E-01,2.03E+02,1.30E+01,2.16E+02,0.000106054,0.000111437
7.01E+04,3.08E+05,4.33E+01,7.51E-01,1.38E-02,9.09E+01,1.67E-05,2.87E-01,1.55E-01,2.44E-01,2.04E+02,1.29E+01,2.17E+02,0.000106015,0.000111396
7.01E+04,308300,1.77E+02,2.60E+00,1.38E-02,9.09E+01,1.67E-05,2.87E-01,1.55E-01,2.44E-01,2.04E+02,1.29E+01,2.17E+02,0.000106015,0.000111395
7.01E+04,308399,4.37E+01,7.51E-01,1.38E-02,9.09E+01,1.66E-05,2.87E-01,1.54E-01,2.46E-01,2.04E+02,1.32E+01,2.17E+02,0.000105976,0.000111355
7.01E+04,308400,1.77E+02,2.60E+00,1.38E-02,9.09E+01,1.66E-05,2.87E-01,1.54E-01,2.46E-01,2.04E+02,1.32E+01,2.17E+02,0.000105976,0.000111355
7.01E+04,308499,1.78E+02,2.60E+00,1.38E-02,9.09E+01,1.66E-05,2.87E-01,1.54E-01,2.46E-01,2.04E+02,1.32E+01,2.17E+02,0.000105937,0.000111314
7.01E+04,308499,4.38E+01,7.52E-01,1.38E-02,9.09E+01,1.66E-05,2.87E-01,1.54E-01,2.46E-01,2.04E+02,1.32E+01,2.17E+02,0.000105937,0.000111314
7.01E+04,308599,4.37E+01,7.52E-01,1.38E-02,9.09E+01,1.66E-05,2.86E-01,1.53E-01,2.47E-01,2.03E+02,1.33E+01,2.17E+02,0.000105898,0.000111273
7.01E+04,3.09E+05,1.77E+02,2.60E+00,1.38E-02,9.09E+01,1.66E-05,2.86E-01,1.53E-01,2.47E-01,2.03E+02,1.33E+01,2.17E+02,0.000105898,0.000111273
7.02E+04,308699,4.45E+01,7.54E-01,1.38E-02,9.09E+01,1.66E-05,2.88E-01,1.53E-01,2.50E-01,2.05E+02,1.37E+01,2.19E+02,0.000105859,0.000111233
7.02E+04,308700,1.78E+02,2.60E+00,1.38E-02,9.09E+01,1.66E-05,2.88E-01,1.53E-01,2.50E-01,2.05E+02,1.37E+01,2.19E+02,0.000105858,0.000111232
7.02E+04,3.09E+05,4.35E+01,7.54E-01,1.38E-02,9.09E+01,1.66E-05,2.86E-01,1.53E-01,2.46E-01,2.03E+02,1.31E+01,2.16E+02,0.00010582,0.000111192
7.02E+04,3.09E+05,1.77E+02,2.60E+00,1.38E-02,9.09E+01,1.66E-05,2.86E-01,1.53E-01,2.46E-01,2.03E+02,1.31E+01,2.16E+02,0.00010582,0.000111192
7.02E+04,308899,4.39E+01,7.54E-01,1.39E-02,9.09E+01,1.66E-05,2.86E-01,1.53E-01,2.49E-01,2.03E+02,1.34E+01,2.17E+02,0.000105781,0.000111151
7.02E+04,3.09E+05,1.77E+02,2.60E+00,1.39E-02,9.09E+01,1.66E-05,2.86E-01,1.53E-01,2.49E-01,2.03E+02,1.34E+01,2.17E+02,0.000105781,0.000111151
7.02E+04,308999,4.38E+01,7.53E-01,1.39E-02,9.09E+01,1.66E-05,2.86E-01,1.53E-01,2.48E-01,2.03E+02,1.33E+01,2.16E+02,0.000105742,0.00011111
7.02E+04,3.09E+05,1.76E+02,2.60E+00,1.39E-02,9.09E+01,1.66E-05,2.86E-01,1.53E-01,2.48E-01,2.03E+02,1.33E+01,2.16E+02,0.000105742,0.00011111
7.03E+04,309099,4.38E+01,7.53E-01,1.38E-02,9.09E+01,1.66E-05,2.86E-01,1.54E-01,2.47E-01,2.04E+02,1.33E+01,2.17E+02,0.000105703,0.00011107
7.03E+04,309100,1.77E+02,2.60E+00,1.38E-02,9.09E+01,1.66E-05,2.86E-01,1.54E-01,2.47E-01,2.04E+02,1.33E+01,2.17E+02,0.000105703,0.000111069
7.03E+04,3.09E+05,4.34E+01,7.53E-01,1.38E-02,9.09E+01,1.66E-05,2.87E-01,1.54E-01,2.45E-01,2.03E+02,1.30E+01,2.16E+02,0.000105664,0.000111029
7.03E+04,309200,1.77E+02,2.60E+00,1.38E-02,9.09E+01,1.66E-05,2.87E-01,1.54E-01,2.45E-01,2.03E+02,1.30E+01,2.16E+02,0.000105664,0.000111029
7.03E+04,3.09E+05,4.34E+01,7.54E-01,1.39E-02,9.09E+01,1.66E-05,2.86E-01,1.53E-01,2.46E-01,2.03E+02,1.31E+01,2.16E+02,0.000105625,0.000110988
7.03E+04,3.09E+05,1.77E+02,2.60E+00,1.39E-02,9.09E+01,1.66E-05,2.86E-01,1.53E-01,2.46E-01,2.03E+02,1.31E+01,2.16E+02,0.000105625,0.000110988
7.03E+04,3.09E+05,4.35E+01,7.53E-01,1.39E-02,9.09E+01,1.66E-05,2.86E-01,1.53E-01,2.46E-01,2.03E+02,1.31E+01,2.16E+02,0.000105586,0.000110948
7.03E+04,3.09E+05,1.77E+02,2.60E+00,1.39E-02,9.09E+01,1.66E-05,2.86E-01,1.53E-01,2.46E-01,2.03E+02,1.31E+01,2.16E+02,0.000105586,0.000110948
7.03E+04,3.09E+05,4.35E+01,7.54E-01,1.38E-02,9.09E+01,1.66E-05,2.86E-01,1.54E-01,2.45E-01,2.03E+02,1.30E+01,2.16E+02,0.000105547,0.000110907
7.03E+04,309500,1.77E+02,2.60E+00,1.38E-02,9.09E+01,1.66E-05,2.86E-01,1.54E-01,2.45E-01,2.03E+02,1.30E+01,2.16E+02,0.000105547,0.000110907
7.04E+04,3.10E+05,4.35E+01,7.53E-01,1.38E-02,9.09E+01,1.66E-05,2.86E-01,1.54E-01,2.46E-01,2.03E+02,1.30E+01,2.16E+02,0.000105509,0.000110866
7.04E+04,309600,1.77E+02,2.60E+00,1.38E-02,9.09E+01,1.66E-05,2.86E-01,1.54E-01,2.46E-01,2.03E+02,1.30E+01,2.16E+02,0.000105508,0.000110866
7.04E+04,309699,4.43E+01,7.53E-01,1.40E-02,9.09E+01,1.66E-05,2.85E-01,1.52E-01,2.51E-01,2.03E+02,1.37E+01,2.17E+02,0.00010547,0.000110826
7.04E+04,3.10E+05,1.76E+02,2.60E+00,1.40E-02,9.09E+01,1.66E-05,2.85E-01,1.52E-01,2.51E-01,2.03E+02,1.37E+01,2.17E+02,0.00010547,0.000110826
7.04E+04,3.10E+05,4.37E+01,7.52E-01,1.38E-02,9.09E+01,1.66E-05,2.86E-01,1.54E-01,2.47E-01,2.03E+02,1.32E+01,2.17E+02,0.000105431,0.000110785
7.04E+04,3.10E+05,1.77E+02,2.60E+00,1.38E-02,9.09E+01,1.66E-05,2.86E-01,1.54E-01,2.47E-01,2.03E+02,1.32E+01,2.17E+02,0.000105431,0.000110785
7.04E+04,309899,4.43E+01,7.52E-01,1.39E-02,9.09E+01,1.66E-05,2.87E-01,1.53E-01,2.50E-01,2.04E+02,1.36E+01,2.18E+02,0.000105393,0.000110745
7.04E+04,309900,1.77E+02,2.60E+00,1.39E-02,9.09E+01,1.66E-05,2.87E-01,1.53E-01,2.50E-01,2.04E+02,1.36E+01,2.18E+02,0.000105392,0.000110745
7.05E+04,3.10E+05,4.37E+01,7.53E-01,1.38E-02,9.09E+01,1.66E-05,2.86E-01,1.53E-01,2.47E-01,2.03E+02,1.32E+01,2.17E+02,0.000105354,0.000110705
7.05E+04,3.10E+05,1.77E+02,2.60E+00,1.38E-02,9.09E+01,1.66E-05,2.86E-01,1.53E-01,2.47E-01,2.03E+02,1.32E+01,2.17E+02,0.000105354,0.000110705
7.05E+04,3.10E+05,4.38E+01,7.52E-01,1.39E-02,9.09E+01,1.66E-05,2.86E-01,1.53E-01,2.47E-01,2.03E+02,1.33E+01,2.17E+02,0.000105315,0.000110664
7.05E+04,3.10E+05,1.77E+02,2.60E+00,1.39E-02,9.09E+01,1.66E-05,2.86E-01,1.53E-01,2.47E-01,2.03E+02,1.33E+01,2.17E+02,0.000105315,0.000110664
7.05E+04,310199,4.42E+01,7.52E-01,1.39E-02,9.09E+01,1.66E-05,2.86E-01,1.53E-01,2.50E-01,2.04E+02,1.36E+01,2.18E+02,0.000105277,0.000110624
7.05E+04,3.10E+05,1.77E+02,2.60E+00,1.39E-02,9.09E+01,1.66E-05,2.86E-01,1.53E-01,2.50E-01,2.04E+02,1.36E+01,2.18E+02,0.000105276,0.000110624
7.05E+04,3.10E+05,4.28E+01,7.51E-01,1.38E-02,9.09E+01,1.65E-05,2.86E-01,1.55E-01,2.42E-01,2.03E+02,1.26E+01,2.15E+02,0.000105238,0.000110584
7.05E+04,3.10E+05,1.77E+02,2.60E+00,1.38E-02,9.09E+01,1.65E-05,2.86E-01,1.55E-01,2.42E-01,2.03E+02,1.26E+01,2.15E+02,0.000105238,0.000110584
7.05E+04,3.10E+05,4.36E+01,7.52E-01,1.39E-02,9.09E+01,1.65E-05,2.85E-01,1.53E-01,2.47E-01,2.03E+02,1.32E+01,2.16E+02,0.000105199,0.000110543
7.05E+04,3.10E+05,1.76E+02,2.60E+00,1.39E-02,9.09E+01,1.65E-05,2.85E-01,1.53E-01,2.47E-01,2.03E+02,1.32E+01,2.16E+02,0.000105199,0.000110543
7.06E+04,3.10E+05,4.38E+01,7.53E-01,1.39E-02,9.09E+01,1.65E-05,2.85E-01,1.53E-01,2.48E-01,2.03E+02,1.33E+01,2.16E+02,0.000105161,0.000110503
7.06E+04,3.10E+05,1.76E+02,2.60E+00,1.39E-02,9.09E+01,1.65E-05,2.85E-01,1.53E-01,2.48E-01,2.03E+02,1.33E+01,2.16E+02,0.000105161,0.000110503
7.06E+04,310599,4.42E+01,7.51E-01,1.40E-02,9.09E+01,1.65E-05,2.85E-01,1.52E-01,2.51E-01,2.03E+02,1.37E+01,2.17E+02,0.000105122,0.000110463
7.06E+04,3.11E+05,1.76E+02,2.60E+00,1.40E-02,9.09E+01,1.65E-05,2.85E-01,1.52E-01,2.51E-01,2.03E+02,1.37E+01,2.17E+02,0.000105122,0.000110463
70626,310699,4.45E+01,7.53E-01,1.40E-02,9.09E+01,1.65E-05,2.85E-01,1.51E-01,2.53E-01,2.03E+02,1.39E+01,2.17E+02,0.000105084,0.000110423
7.06E+04,3.11E+05,1.76E+02,2.60E+00,1.40E-02,9.09E+01,1.65E-05,2.85E-01,1.51E-01,2.53E-01,2.03E+02,1.39E+01,2.17E+02,0.000105084,0.000110422
70646,310799,4.40E+01,7.53E-01,1.39E-02,9.09E+01,1.65E-05,2.86E-01,1.53E-01,2.49E-01,2.04E+02,1.34E+01,2.17E+02,0.000105045,0.000110382
7.06E+04,310800,1.77E+02,2.59E+00,1.39E-02,9.09E+01,1.65E-05,2.86E-01,1.53E-01,2.49E-01,2.04E+02,1.34E+01,2.17E+02,0.000105045,0.000110382
70666,310899,4.41E+01,7.53E-01,1.39E-02,9.09E+01,1.65E-05,2.86E-01,1.53E-01,2.49E-01,2.04E+02,1.35E+01,2.17E+02,0.000105007,0.000110342
7.07E+04,310900,1.77E+02,2.60E+00,1.39E-02,9.09E+01,1.65E-05,2.86E-01,1.53E-01,2.49E-01,2.04E+02,1.35E+01,2.17E+02,0.000105006,0.000110342
70686,310999,4.45E+01,7.53E-01,1.39E-02,9.09E+01,1.65E-05,2.85E-01,1.52E-01,2.52E-01,2.04E+02,1.38E+01,2.17E+02,0.000104968,0.000110302
7.07E+04,3.11E+05,1.77E+02,2.60E+00,1.39E-02,9.09E+01,1.65E-05,2.85E-01,1.52E-01,2.52E-01,2.04E+02,1.38E+01,2.17E+02,0.000104968,0.000110302
70706,311099,4.40E+01,7.54E-01,1.39E-02,9.09E+01,1.65E-05,2.86E-01,1.53E-01,2.49E-01,2.03E+02,1.34E+01,2.17E+02,0.00010493,0.000110262
7.07E+04,3.11E+05,1.77E+02,2.60E+00,1.39E-02,9.09E+01,1.65E-05,2.86E-01,1.53E-01,2.49E-01,2.03E+02,1.34E+01,2.17E+02,0.00010493,0.000110262
70726,311199,4.39E+01,7.53E-01,1.38E-02,9.09E+01,1.65E-05,2.87E-01,1.54E-01,2.48E-01,2.04E+02,1.33E+01,2.17E+02,0.000104892,0.000110222
7.07E+04,311200,1.77E+02,2.60E+00,1.38E-02,9.09E+01,1.65E-05,2.87E-01,1.54E-01,2.48E-01,2.04E+02,1.33E+01,2.17E+02,0.000104891,0.000110221
70746,311299,4.44E+01,7.54E-01,1.39E-02,9.09E+01,1.65E-05,2.85E-01,1.52E-01,2.52E-01,2.03E+02,1.38E+01,2.17E+02,0.000104853,0.000110182
7.07E+04,3.11E+05,1.76E+02,2.59E+00,1.39E-02,9.09E+01,1.65E-05,2.85E-01,1.52E-01,2.52E-01,2.03E+02,1.38E+01,2.17E+02,0.000104853,0.000110182
7.08E+04,311399,1.77E+02,2.60E+00,1.39E-02,9.09E+01,1.65E-05,2.87E-01,1.53E-01,2.51E-01,2.04E+02,1.37E+01,2.18E+02,0.000104815,0.000110142
70766,311399,4.45E+01,7.56E-01,1.39E-02,9.09E+01,1.65E-05,2.87E-01,1.53E-01,2.51E-01,2.04E+02,1.37E+01,2.18E+02,0.000104815,0.000110142
70786,311499,4.39E+01,7.52E-01,1.39E-02,9.09E+01,1.65E-05,2.85E-01,1.53E-01,2.49E-01,2.03E+02,1.34E+01,2.16E+02,0.000104777,0.000110102
7.08E+04,3.11E+05,1.76E+02,2.59E+00,1.39E-02,9.09E+01,1.65E-05,2.85E-01,1.53E-01,2.49E-01,2.03E+02,1.34E+01,2.16E+02,0.000104777,0.000110102
7.08E+04,3.12E+05,4.34E+01,7.53E-01,1.39E-02,9.09E+01,1.65E-05,2.85E-01,1.53E-01,2.46E-01,2.03E+02,1.31E+01,2.16E+02,0.000104738,0.000110062
7.08E+04,3.12E+05,1.76E+02,2.60E+00,1.39E-02,9.09E+01,1.65E-05,2.85E-01,1.53E-01,2.46E-01,2.03E+02,1.31E+01,2.16E+02,0.000104738,0.000110062
7.09E+04,3.12E+05,4.36E+01,7.54E-01,1.38E-02,9.09E+01,1.65E-05,2.86E-01,1.53E-01,2.47E-01,2.03E+02,1.32E+01,2.16E+02,0.0001047,0.000110022
7.09E+04,3.12E+05,1.77E+02,2.60E+00,1.38E-02,9.09E+01,1.65E-05,2.86E-01,1.53E-01,2.47E-01,2.03E+02,1.32E+01,2.16E+02,0.0001047,0.000110022
7.09E+04,3.12E+05,4.36E+01,7.54E-01,1.38E-02,9.09E+01,1.65E-05,2.86E-01,1.53E-01,2.47E-01,2.03E+02,1.31E+01,2.16E+02,0.000104662,0.000109982
7.09E+04,3.12E+05,1.77E+02,2.60E+00,1.38E-02,9.09E+01,1.65E-05,2.86E-01,1.53E-01,2.47E-01,2.03E+02,1.31E+01,2.16E+02,0.000104662,0.000109982
7.09E+04,3.12E+05,4.32E+01,7.53E-01,1.37E-02,9.09E+01,1.65E-05,2.87E-01,1.54E-01,2.44E-01,2.03E+02,1.28E+01,2.16E+02,0.000104624,0.000109942
7.09E+04,311900,1.77E+02,2.60E+00,1.37E-02,9.09E+01,1.65E-05,2.87E-01,1.54E-01,2.44E-01,2.03E+02,1.28E+01,2.16E+02,0.000104623,0.000109942
7.09E+04,311999,4.48E+01,7.55E-01,1.40E-02,9.09E+01,1.65E-05,2.85E-01,1.51E-01,2.54E-01,2.04E+02,1.40E+01,2.18E+02,0.000104586,0.000109902
7.09E+04,3.12E+05,1.76E+02,2.60E+00,1.40E-02,9.09E+01,1.65E-05,2.85E-01,1.51E-01,2.54E-01,2.04E+02,1.40E+01,2.18E+02,0.000104585,0.000109902
7.09E+04,312099,4.42E+01,7.54E-01,1.39E-02,9.09E+01,1.65E-05,2.86E-01,1.53E-01,2.50E-01,2.04E+02,1.36E+01,2.17E+02,0.000104548,0.000109862
7.09E+04,3.12E+05,1.77E+02,2.60E+00,1.39E-02,9.09E+01,1.65E-05,2.86E-01,1.53E-01,2.50E-01,2.04E+02,1.36E+01,2.17E+02,0.000104547,0.000109862
7.10E+04,312199,4.40E+01,7.54E-01,1.39E-02,9.09E+01,1.65E-05,2.86E-01,1.53E-01,2.49E-01,2.04E+02,1.35E+01,2.17E+02,0.000104509,0.000109822
7.10E+04,3.12E+05,1.77E+02,2.60E+00,1.39E-02,9.09E+01,1.65E-05,2.86E-01,1.53E-01,2.49E-01,2.04E+02,1.35E+01,2.17E+02,0.000104509,0.000109822
7.10E+04,312299,4.41E+01,7.54E-01,1.38E-02,9.09E+01,1.64E-05,2.87E-01,1.53E-01,2.49E-01,2.04E+02,1.34E+01,2.17E+02,0.000104471,0.000109783
7.10E+04,312300,1.77E+02,2.60E+00,1.38E-02,9.09E+01,1.64E-05,2.87E-01,1.53E-01,2.49E-01,2.04E+02,1.34E+01,2.17E+02,0.000104471,0.000109782
7.10E+04,3.12E+05,4.37E+01,7.54E-01,1.38E-02,9.10E+01,1.64E-05,2.87E-01,1.54E-01,2.47E-01,2.04E+02,1.32E+01,2.17E+02,0.000104433,0.000109743
7.10E+04,312400,1.77E+02,2.60E+00,1.38E-02,9.10E+01,1.64E-05,2.87E-01,1.54E-01,2.47E-01,2.04E+02,1.32E+01,2.17E+02,0.000104433,0.000109742
7.10E+04,312499,4.41E+01,7.54E-01,1.39E-02,9.10E+01,1.64E-05,2.86E-01,1.53E-01,2.50E-01,2.04E+02,1.35E+01,2.17E+02,0.000104395,0.000109703
7.10E+04,3.12E+05,1.77E+02,2.60E+00,1.39E-02,9.10E+01,1.64E-05,2.86E-01,1.53E-01,2.50E-01,2.04E+02,1.35E+01,2.17E+02,0.000104395,0.000109703
7.10E+04,3.13E+05,4.36E+01,7.54E-01,1.38E-02,9.10E+01,1.64E-05,2.86E-01,1.53E-01,2.47E-01,2.03E+02,1.32E+01,2.16E+02,0.000104357,0.000109663
7.10E+04,3.13E+05,1.77E+02,2.60E+00,1.38E-02,9.10E+01,1.64E-05,2.86E-01,1.53E-01,2.47E-01,2.03E+02,1.32E+01,2.16E+02,0.000104357,0.000109663
7.11E+04,312699,4.36E+01,7.51E-01,1.38E-02,9.10E+01,1.64E-05,2.86E-01,1.54E-01,2.46E-01,2.03E+02,1.31E+01,2.17E+02,0.000104319,0.000109624
7.11E+04,312700,1.77E+02,2.60E+00,1.38E-02,9.10E+01,1.64E-05,2.86E-01,1.54E-01,2.46E-01,2.03E+02,1.31E+01,2.17E+02,0.000104319,0.000109623
7.11E+04,3.13E+05,4.32E+01,7.51E-01,1.38E-02,9.10E+01,1.64E-05,2.86E-01,1.54E-01,2.44E-01,2.03E+02,1.29E+01,2.16E+02,0.000104281,0.000109584
7.11E+04,312800,1.77E+02,2.60E+00,1.38E-02,9.10E+01,1.64E-05,2.86E-01,1.54E-01,2.44E-01,2.03E+02,1.29E+01,2.16E+02,0.000104281,0.000109584
7.11E+04,312899,4.36E+01,7.52E-01,1.38E-02,9.10E+01,1.64E-05,2.86E-01,1.54E-01,2.46E-01,2.03E+02,1.32E+01,2.16E+02,0.000104243,0.000109544
7.11E+04,312900,1.77E+02,2.60E+00,1.38E-02,9.10E+01,1.64E-05,2.86E-01,1.54E-01,2.46E-01,2.03E+02,1.32E+01,2.16E+02,0.000104243,0.000109544
7.11E+04,312999,4.36E+01,7.51E-01,1.39E-02,9.10E+01,1.64E-05,2.85E-01,1.53E-01,2.47E-01,2.03E+02,1.32E+01,2.16E+02,0.000104205,0.000109505
7.11E+04,3.13E+05,1.77E+02,2.60E+00,1.39E-02,9.10E+01,1.64E-05,2.85E-01,1.53E-01,2.47E-01,2.03E+02,1.32E+01,2.16E+02,0.000104205,0.000109505
7.12E+04,313099,4.36E+01,7.51E-01,1.39E-02,9.10E+01,1.64E-05,2.85E-01,1.53E-01,2.47E-01,2.03E+02,1.32E+01,2.16E+02,0.000104168,0.000109465
7.12E+04,3.13E+05,1.77E+02,2.60E+00,1.39E-02,9.10E+01,1.64E-05,2.85E-01,1.53E-01,2.47E-01,2.03E+02,1.32E+01,2.16E+02,0.000104167,0.000109465
7.12E+04,313199,4.42E+01,7.51E-01,1.39E-02,9.10E+01,1.64E-05,2.85E-01,1.52E-01,2.50E-01,2.04E+02,1.36E+01,2.17E+02,0.00010413,0.000109426
7.12E+04,3.13E+05,1.76E+02,2.60E+00,1.39E-02,9.10E+01,1.64E-05,2.85E-01,1.52E-01,2.50E-01,2.04E+02,1.36E+01,2.17E+02,0.00010413,0.000109426
7.12E+04,3.13E+05,4.32E+01,7.52E-01,1.38E-02,9.10E+01,1.64E-05,2.86E-01,1.54E-01,2.44E-01,2.03E+02,1.29E+01,2.16E+02,0.000104092,0.000109386
7.12E+04,313300,1.77E+02,2.60E+00,1.38E-02,9.10E+01,1.64E-05,2.86E-01,1.54E-01,2.44E-01,2.03E+02,1.29E+01,2.16E+02,0.000104092,0.000109386
7.12E+04,313399,4.35E+01,7.50E-01,1.39E-02,9.10E+01,1.64E-05,2.84E-01,1.53E-01,2.47E-01,2.03E+02,1.32E+01,2.16E+02,0.000104054,0.000109347
7.12E+04,3.13E+05,1.76E+02,2.60E+00,1.39E-02,9.10E+01,1.64E-05,2.84E-01,1.53E-01,2.47E-01,2.03E+02,1.32E+01,2.16E+02,0.000104054,0.000109347
7.12E+04,313499,4.41E+01,7.51E-01,1.39E-02,9.10E+01,1.64E-05,2.85E-01,1.52E-01,2.50E-01,2.03E+02,1.35E+01,2.17E+02,0.000104016,0.000109307
7.12E+04,3.13E+05,1.76E+02,2.60E+00,1.39E-02,9.10E+01,1.64E-05,2.85E-01,1.52E-01,2.50E-01,2.03E+02,1.35E+01,2.17E+02,0.000104016,0.000109307
7.13E+04,313599,4.36E+01,7.51E-01,1.38E-02,9.10E+01,1.64E-05,2.86E-01,1.54E-01,2.46E-01,2.04E+02,1.32E+01,2.17E+02,0.000103979,0.000109268
7.13E+04,313600,1.77E+02,2.60E+00,1.38E-02,9.10E+01,1.64E-05,2.86E-01,1.54E-01,2.46E-01,2.04E+02,1.32E+01,2.17E+02,0.000103978,0.000109267
7.13E+04,3.14E+05,4.34E+01,7.54E-01,1.39E-02,9.10E+01,1.64E-05,2.85E-01,1.53E-01,2.47E-01,2.02E+02,1.31E+01,2.15E+02,0.000103941,0.000109228
7.13E+04,3.14E+05,1.76E+02,2.60E+00,1.39E-02,9.10E+01,1.64E-05,2.85E-01,1.53E-01,2.47E-01,2.02E+02,1.31E+01,2.15E+02,0.000103941,0.000109228
7.13E+04,313799,4.38E+01,7.52E-01,1.39E-02,9.10E+01,1.64E-05,2.86E-01,1.53E-01,2.48E-01,2.03E+02,1.33E+01,2.17E+02,0.000103903,0.000109189
7.13E+04,313800,1.77E+02,2.60E+00,1.39E-02,9.10E+01,1.64E-05,2.86E-01,1.53E-01,2.48E-01,2.03E+02,1.33E+01,2.17E+02,0.000103903,0.000109189
7.13E+04,313899,4.38E+01,7.52E-01,1.39E-02,9.10E+01,1.64E-05,2.85E-01,1.52E-01,2.49E-01,2.03E+02,1.34E+01,2.16E+02,0.000103866,0.00010915
7.13E+04,3.14E+05,1.76E+02,2.60E+00,1.39E-02,9.10E+01,1.64E-05,2.85E-01,1.52E-01,2.49E-01,2.03E+02,1.34E+01,2.16E+02,0.000103865,0.000109149
7.14E+04,3.14E+05,4.33E+01,7.53E-01,1.38E-02,9.10E+01,1.64E-05,2.86E-01,1.54E-01,2.45E-01,2.03E+02,1.30E+01,2.16E+02,0.000103828,0.00010911
7.14E+04,314000,1.77E+02,2.60E+00,1.38E-02,9.10E+01,1.64E-05,2.86E-01,1.54E-01,2.45E-01,2.03E+02,1.30E+01,2.16E+02,0.000103828,0.00010911
7.14E+04,314099,4.38E+01,7.53E-01,1.39E-02,9.10E+01,1.64E-05,2.85E-01,1.53E-01,2.48E-01,2.03E+02,1.33E+01,2.16E+02,0.00010379,0.000109071
7.14E+04,314100,1.77E+02,2.60E+00,1.39E-02,9.10E+01,1.64E-05,2.85E-01,1.53E-01,2.48E-01,2.03E+02,1.33E+01,2.16E+02,0.00010379,0.000109071
7.14E+04,314199,4.39E+01,7.53E-01,1.39E-02,9.10E+01,1.64E-05,2.86E-01,1.53E-01,2.48E-01,2.03E+02,1.33E+01,2.17E+02,0.000103753,0.000109032
7.14E+04,314200,1.77E+02,2.60E+00,1.39E-02,9.10E+01,1.64E-05,2.86E-01,1.53E-01,2.48E-01,2.03E+02,1.33E+01,2.17E+02,0.000103752,0.000109031
7.14E+04,3.14E+05,4.33E+01,7.53E-01,1.38E-02,9.10E+01,1.63E-05,2.85E-01,1.53E-01,2.45E-01,2.03E+02,1.30E+01,2.16E+02,0.000103715,0.000108992
7.14E+04,314300,1.77E+02,2.60E+00,1.38E-02,9.10E+01,1.63E-05,2.85E-01,1.53E-01,2.45E-01,2.03E+02,1.30E+01,2.16E+02,0.000103715,0.000108992
7.14E+04,3.14E+05,4.34E+01,7.53E-01,1.38E-02,9.10E+01,1.63E-05,2.85E-01,1.53E-01,2.46E-01,2.03E+02,1.30E+01,2.16E+02,0.000103677,0.000108953
7.14E+04,314400,1.77E+02,2.60E+00,1.38E-02,9.10E+01,1.63E-05,2.85E-01,1.53E-01,2.46E-01,2.03E+02,1.30E+01,2.16E+02,0.000103677,0.000108953
7.15E+04,314499,4.38E+01,7.51E-01,1.39E-02,9.10E+01,1.63E-05,2.85E-01,1.52E-01,2.49E-01,2.03E+02,1.34E+01,2.16E+02,0.00010364,0.000108914
7.15E+04,3.14E+05,1.76E+02,2.60E+00,1.39E-02,9.10E+01,1.63E-05,2.85E-01,1.52E-01,2.49E-01,2.03E+02,1.34E+01,2.16E+02,0.00010364,0.000108914
7.15E+04,3.15E+05,4.34E+01,7.51E-01,1.39E-02,9.10E+01,1.63E-05,2.85E-01,1.54E-01,2.46E-01,2.03E+02,1.31E+01,2.16E+02,0.000103602,0.000108875
7.15E+04,314600,1.77E+02,2.60E+00,1.39E-02,9.10E+01,1.63E-05,2.85E-01,1.54E-01,2.46E-01,2.03E+02,1.31E+01,2.16E+02,0.000103602,0.000108874
7.15E+04,3.15E+05,4.36E+01,7.52E-01,1.39E-02,9.10E+01,1.63E-05,2.84E-01,1.52E-01,2.48E-01,2.02E+02,1.32E+01,2.16E+02,0.000103565,0.000108836
7.15E+04,3.15E+05,1.76E+02,2.60E+00,1.39E-02,9.10E+01,1.63E-05,2.84E-01,1.52E-01,2.48E-01,2.02E+02,1.32E+01,2.16E+02,0.000103565,0.000108836
7.16E+04,314799,4.40E+01,7.52E-01,1.39E-02,9.10E+01,1.63E-05,2.85E-01,1.52E-01,2.50E-01,2.03E+02,1.35E+01,2.17E+02,0.000103528,0.000108797
7.16E+04,3.15E+05,1.76E+02,2.60E+00,1.39E-02,9.10E+01,1.63E-05,2.85E-01,1.52E-01,2.50E-01,2.03E+02,1.35E+01,2.17E+02,0.000103527,0.000108796
7.16E+04,3.15E+05,4.35E+01,7.52E-01,1.39E-02,9.10E+01,1.63E-05,2.85E-01,1.53E-01,2.46E-01,2.03E+02,1.31E+01,2.16E+02,0.00010349,0.000108757
7.16E+04,3.15E+05,1.76E+02,2.60E+00,1.39E-02,9.10E+01,1.63E-05,2.85E-01,1.53E-01,2.46E-01,2.03E+02,1.31E+01,2.16E+02,0.00010349,0.000108757
7.16E+04,3.15E+05,4.28E+01,7.53E-01,1.38E-02,9.10E+01,1.63E-05,2.85E-01,1.54E-01,2.42E-01,2.02E+02,1.26E+01,2.15E+02,0.000103453,0.000108718
7.16E+04,3.15E+05,1.76E+02,2.60E+00,1.38E-02,9.10E+01,1.63E-05,2.85E-01,1.54E-01,2.42E-01,2.02E+02,1.26E+01,2.15E+02,0.000103453,0.000108718
7.16E+04,315099,4.41E+01,7.53E-01,1.40E-02,9.10E+01,1.63E-05,2.84E-01,1.52E-01,2.51E-01,2.03E+02,1.36E+01,2.16E+02,0.000103416,0.000108679
7.16E+04,3.15E+05,1.76E+02,2.60E+00,1.40E-02,9.10E+01,1.63E-05,2.84E-01,1.52E-01,2.51E-01,2.03E+02,1.36E+01,2.16E+02,0.000103415,0.000108679
7.16E+04,3.15E+05,4.35E+01,7.53E-01,1.38E-02,9.10E+01,1.63E-05,2.86E-01,1.53E-01,2.46E-01,2.03E+02,1.30E+01,2.16E+02,0.000103378,0.00010864
7.16E+04,315200,1.77E+02,2.60E+00,1.38E-02,9.10E+01,1.63E-05,2.86E-01,1.53E-01,2.46E-01,2.03E+02,1.30E+01,2.16E+02,0.000103378,0.00010864
7.17E+04,315299,4.41E+01,7.52E-01,1.40E-02,9.10E+01,1.63E-05,2.85E-01,1.52E-01,2.50E-01,2.03E+02,1.35E+01,2.17E+02,0.000103341,0.000108601
7.17E+04,3.15E+05,1.76E+02,2.60E+00,1.40E-02,9.10E+01,1.63E-05,2.85E-01,1.52E-01,2.50E-01,2.03E+02,1.35E+01,2.17E+02,0.000103341,0.000108601
7.17E+04,315399,4.40E+01,7.52E-01,1.39E-02,9.10E+01,1.63E-05,2.85E-01,1.52E-01,2.50E-01,2.03E+02,1.35E+01,2.17E+02,0.000103304,0.000108562
7.17E+04,3.15E+05,1.76E+02,2.60E+00,1.39E-02,9.10E+01,1.63E-05,2.85E-01,1.52E-01,2.50E-01,2.03E+02,1.35E+01,2.17E+02,0.000103303,0.000108562
7.17E+04,3.15E+05,4.35E+01,7.52E-01,1.39E-02,9.10E+01,1.63E-05,2.84E-01,1.52E-01,2.47E-01,2.02E+02,1.32E+01,2.15E+02,0.000103266,0.000108523
7.17E+04,3.15E+05,1.76E+02,2.60E+00,1.39E-02,9.10E+01,1.63E-05,2.84E-01,1.52E-01,2.47E-01,2.02E+02,1.32E+01,2.15E+02,0.000103266,0.000108523
7.17E+04,3.16E+05,4.30E+01,7.52E-01,1.38E-02,9.10E+01,1.63E-05,2.86E-01,1.54E-01,2.43E-01,2.03E+02,1.28E+01,2.16E+02,0.000103229,0.000108484
7.17E+04,315600,1.77E+02,2.60E+00,1.38E-02,9.10E+01,1.63E-05,2.86E-01,1.54E-01,2.43E-01,2.03E+02,1.28E+01,2.16E+02,0.000103229,0.000108484
7.18E+04,3.16E+05,4.35E+01,7.55E-01,1.38E-02,9.10E+01,1.63E-05,2.86E-01,1.53E-01,2.46E-01,2.03E+02,1.31E+01,2.16E+02,0.000103192,0.000108445
7.18E+04,315700,1.77E+02,2.60E+00,1.38E-02,9.10E+01,1.63E-05,2.86E-01,1.53E-01,2.46E-01,2.03E+02,1.31E+01,2.16E+02,0.000103191,0.000108445
7.18E+04,3.16E+05,4.35E+01,7.56E-01,1.39E-02,9.10E+01,1.63E-05,2.85E-01,1.52E-01,2.47E-01,2.02E+02,1.31E+01,2.15E+02,0.000103154,0.000108407
7.18E+04,3.16E+05,1.76E+02,2.60E+00,1.39E-02,9.10E+01,1.63E-05,2.85E-01,1.52E-01,2.47E-01,2.02E+02,1.31E+01,2.15E+02,0.000103154,0.000108407
7.18E+04,315899,4.39E+01,7.55E-01,1.39E-02,9.10E+01,1.63E-05,2.85E-01,1.53E-01,2.49E-01,2.03E+02,1.34E+01,2.17E+02,0.000103118,0.000108368
7.18E+04,315900,1.77E+02,2.60E+00,1.39E-02,9.10E+01,1.63E-05,2.85E-01,1.53E-01,2.49E-01,2.03E+02,1.34E+01,2.17E+02,0.000103117,0.000108368
7.18E+04,3.16E+05,4.31E+01,7.56E-01,1.38E-02,9.10E+01,1.63E-05,2.85E-01,1.53E-01,2.45E-01,2.02E+02,1.29E+01,2.15E+02,0.00010308,0.000108329
7.18E+04,3.16E+05,1.76E+02,2.60E+00,1.38E-02,9.10E+01,1.63E-05,2.85E-01,1.53E-01,2.45E-01,2.02E+02,1.29E+01,2.15E+02,0.00010308,0.000108329
7.18E+04,3.16E+05,4.31E+01,7.55E-01,1.38E-02,9.10E+01,1.63E-05,2.86E-01,1.54E-01,2.44E-01,2.03E+02,1.28E+01,2.15E+02,0.000103043,0.00010829
7.18E+04,316100,1.77E+02,2.60E+00,1.38E-02,9.10E+01,1.63E-05,2.86E-01,1.54E-01,2.44E-01,2.03E+02,1.28E+01,2.15E+02,0.000103043,0.00010829
7.19E+04,3.16E+05,4.35E+01,7.55E-01,1.38E-02,9.10E+01,1.63E-05,2.85E-01,1.53E-01,2.46E-01,2.03E+02,1.31E+01,2.16E+02,0.000103006,0.000108251
7.19E+04,316200,1.77E+02,2.60E+00,1.38E-02,9.10E+01,1.63E-05,2.85E-01,1.53E-01,2.46E-01,2.03E+02,1.31E+01,2.16E+02,0.000103006,0.000108251
7.19E+04,3.16E+05,4.32E+01,7.55E-01,1.39E-02,9.10E+01,1.62E-05,2.84E-01,1.53E-01,2.45E-01,2.02E+02,1.29E+01,2.15E+02,0.000102969,0.000108213
7.19E+04,3.16E+05,1.76E+02,2.60E+00,1.39E-02,9.10E+01,1.62E-05,2.84E-01,1.53E-01,2.45E-01,2.02E+02,1.29E+01,2.15E+02,0.000102969,0.000108213
7.19E+04,316399,4.39E+01,7.54E-01,1.39E-02,9.10E+01,1.62E-05,2.85E-01,1.52E-01,2.49E-01,2.03E+02,1.35E+01,2.16E+02,0.000102932,0.000108174
7.19E+04,3.16E+05,1.76E+02,2.60E+00,1.39E-02,9.10E+01,1.62E-05,2.85E-01,1.52E-01,2.49E-01,2.03E+02,1.35E+01,2.16E+02,0.000102932,0.000108174
7.19E+04,3.16E+05,4.36E+01,7.54E-01,1.39E-02,9.10E+01,1.62E-05,2.85E-01,1.53E-01,2.47E-01,2.03E+02,1.32E+01,2.16E+02,0.000102895,0.000108135
7.19E+04,3.16E+05,1.76E+02,2.60E+00,1.39E-02,9.10E+01,1.62E-05,2.85E-01,1.53E-01,2.47E-01,2.03E+02,1.32E+01,2.16E+02,0.000102895,0.000108135
7.19E+04,3.17E+05,4.36E+01,7.55E-01,1.38E-02,9.10E+01,1.62E-05,2.85E-01,1.53E-01,2.47E-01,2.03E+02,1.31E+01,2.16E+02,0.000102858,0.000108097
7.19E+04,316600,1.77E+02,2.60E+00,1.38E-02,9.10E+01,1.62E-05,2.85E-01,1.53E-01,2.47E-01,2.03E+02,1.31E+01,2.16E+02,0.000102858,0.000108097
7.20E+04,3.17E+05,4.35E+01,7.51E-01,1.40E-02,9.10E+01,1.62E-05,2.84E-01,1.52E-01,2.48E-01,2.02E+02,1.32E+01,2.15E+02,0.000102821,0.000108058
7.20E+04,3.17E+05,1.76E+02,2.60E+00,1.40E-02,9.10E+01,1.62E-05,2.84E-01,1.52E-01,2.48E-01,2.02E+02,1.32E+01,2.15E+02,0.000102821,0.000108058
7.20E+04,3.17E+05,4.33E+01,7.51E-01,1.39E-02,9.10E+01,1.62E-05,2.85E-01,1.53E-01,2.46E-01,2.03E+02,1.30E+01,2.16E+02,0.000102784,0.000108019
7.20E+04,3.17E+05,1.76E+02,2.60E+00,1.39E-02,9.10E+01,1.62E-05,2.85E-01,1.53E-01,2.46E-01,2.03E+02,1.30E+01,2.16E+02,0.000102784,0.000108019
7.20E+04,316899,4.39E+01,7.52E-01,1.39E-02,9.10E+01,1.62E-05,2.85E-01,1.53E-01,2.49E-01,2.03E+02,1.34E+01,2.17E+02,0.000102747,0.000107981
7.20E+04,316900,1.77E+02,2.59E+00,1.39E-02,9.10E+01,1.62E-05,2.85E-01,1.53E-01,2.49E-01,2.03E+02,1.34E+01,2.17E+02,0.000102747,0.000107981
7.20E+04,3.17E+05,4.34E+01,7.51E-01,1.39E-02,9.10E+01,1.62E-05,2.85E-01,1.53E-01,2.46E-01,2.03E+02,1.31E+01,2.16E+02,0.00010271,0.000107942
7.20E+04,3.17E+05,1.76E+02,2.60E+00,1.39E-02,9.10E+01,1.62E-05,2.85E-01,1.53E-01,2.46E-01,2.03E+02,1.31E+01,2.16E+02,0.00010271,0.000107942
7.21E+04,317099,4.45E+01,7.50E-01,1.40E-02,9.10E+01,1.62E-05,2.86E-01,1.52E-01,2.52E-01,2.04E+02,1.38E+01,2.18E+02,0.000102674,0.000107904
7.21E+04,317100,1.77E+02,2.60E+00,1.40E-02,9.10E+01,1.62E-05,2.86E-01,1.52E-01,2.52E-01,2.04E+02,1.38E+01,2.18E+02,0.000102673,0.000107904
7.21E+04,3.17E+05,4.34E+01,7.51E-01,1.38E-02,9.10E+01,1.62E-05,2.85E-01,1.53E-01,2.46E-01,2.03E+02,1.31E+01,2.16E+02,0.000102637,0.000107865
7.21E+04,317200,1.77E+02,2.60E+00,1.38E-02,9.10E+01,1.62E-05,2.85E-01,1.53E-01,2.46E-01,2.03E+02,1.31E+01,2.16E+02,0.000102636,0.000107865
7.21E+04,3.17E+05,4.33E+01,7.51E-01,1.39E-02,9.10E+01,1.62E-05,2.83E-01,1.52E-01,2.47E-01,2.02E+02,1.31E+01,2.15E+02,0.0001026,0.000107827
7.21E+04,3.17E+05,1.76E+02,2.59E+00,1.39E-02,9.10E+01,1.62E-05,2.83E-01,1.52E-01,2.47E-01,2.02E+02,1.31E+01,2.15E+02,0.0001026,0.000107827
7.21E+04,3.17E+05,4.29E+01,7.50E-01,1.38E-02,9.10E+01,1.62E-05,2.85E-01,1.54E-01,2.43E-01,2.03E+02,1.27E+01,2.15E+02,0.000102563,0.000107788
7.21E+04,317400,1.77E+02,2.60E+00,1.38E-02,9.10E+01,1.62E-05,2.85E-01,1.54E-01,2.43E-01,2.03E+02,1.27E+01,2.15E+02,0.000102563,0.000107788
7.21E+04,3.17E+05,4.30E+01,7.51E-01,1.38E-02,9.10E+01,1.62E-05,2.84E-01,1.53E-01,2.44E-01,2.02E+02,1.28E+01,2.15E+02,0.000102526,0.00010775
7.21E+04,3.17E+05,1.76E+02,2.60E+00,1.38E-02,9.10E+01,1.62E-05,2.84E-01,1.53E-01,2.44E-01,2.02E+02,1.28E+01,2.15E+02,0.000102526,0.00010775
7.22E+04,3.18E+05,4.29E+01,7.50E-01,1.38E-02,9.10E+01,1.62E-05,2.85E-01,1.54E-01,2.43E-01,2.03E+02,1.27E+01,2.15E+02,0.000102489,0.000107712
7.22E+04,317600,1.77E+02,2.60E+00,1.38E-02,9.10E+01,1.62E-05,2.85E-01,1.54E-01,2.43E-01,2.03E+02,1.27E+01,2.15E+02,0.000102489,0.000107711
7.22E+04,3.18E+05,4.32E+01,7.53E-01,1.39E-02,9.10E+01,1.62E-05,2.84E-01,1.53E-01,2.45E-01,2.02E+02,1.29E+01,2.15E+02,0.000102453,0.000107673
7.22E+04,3.18E+05,1.76E+02,2.60E+00,1.39E-02,9.10E+01,1.62E-05,2.84E-01,1.53E-01,2.45E-01,2.02E+02,1.29E+01,2.15E+02,0.000102453,0.000107673
7.22E+04,317799,4.36E+01,7.52E-01,1.39E-02,9.10E+01,1.62E-05,2.84E-01,1.52E-01,2.48E-01,2.02E+02,1.32E+01,2.16E+02,0.000102416,0.000107635
7.22E+04,3.18E+05,1.76E+02,2.60E+00,1.39E-02,9.10E+01,1.62E-05,2.84E-01,1.52E-01,2.48E-01,2.02E+02,1.32E+01,2.16E+02,0.000102416,0.000107635
7.23E+04,317899,4.36E+01,7.53E-01,1.39E-02,9.10E+01,1.62E-05,2.84E-01,1.52E-01,2.48E-01,2.02E+02,1.32E+01,2.16E+02,0.00010238,0.000107597
7.23E+04,3.18E+05,1.76E+02,2.60E+00,1.39E-02,9.10E+01,1.62E-05,2.84E-01,1.52E-01,2.48E-01,2.02E+02,1.32E+01,2.16E+02,0.000102379,0.000107597
7.23E+04,317999,4.36E+01,7.52E-01,1.39E-02,9.10E+01,1.62E-05,2.85E-01,1.53E-01,2.47E-01,2.03E+02,1.32E+01,2.16E+02,0.000102343,0.000107559
72276,318000,1.76E+02,2.60E+00,1.39E-02,9.10E+01,1.62E-05,2.85E-01,1.53E-01,2.47E-01,2.03E+02,1.32E+01,2.16E+02,0.000102343,0.000107558
7.23E+04,3.18E+05,4.32E+01,7.51E-01,1.39E-02,9.10E+01,1.62E-05,2.84E-01,1.53E-01,2.45E-01,2.02E+02,1.29E+01,2.15E+02,0.000102306,0.00010752
7.23E+04,3.18E+05,1.76E+02,2.60E+00,1.39E-02,9.10E+01,1.62E-05,2.84E-01,1.53E-01,2.45E-01,2.02E+02,1.29E+01,2.15E+02,0.000102306,0.00010752
7.23E+04,318199,4.42E+01,7.52E-01,1.39E-02,9.10E+01,1.62E-05,2.85E-01,1.52E-01,2.50E-01,2.03E+02,1.36E+01,2.17E+02,0.00010227,0.000107482
72316,318200,1.76E+02,2.60E+00,1.39E-02,9.10E+01,1.62E-05,2.85E-01,1.52E-01,2.50E-01,2.03E+02,1.36E+01,2.17E+02,0.000102269,0.000107482
7.23E+04,318299,4.36E+01,7.52E-01,1.39E-02,9.10E+01,1.62E-05,2.85E-01,1.53E-01,2.47E-01,2.03E+02,1.32E+01,2.16E+02,0.000102233,0.000107444
72336,318300,1.76E+02,2.60E+00,1.39E-02,9.10E+01,1.62E-05,2.85E-01,1.53E-01,2.47E-01,2.03E+02,1.32E+01,2.16E+02,0.000102233,0.000107443
7.24E+04,318399,4.37E+01,7.53E-01,1.39E-02,9.10E+01,1.61E-05,2.84E-01,1.52E-01,2.48E-01,2.02E+02,1.33E+01,2.16E+02,0.000102197,0.000107406
7.24E+04,3.18E+05,1.76E+02,2.60E+00,1.39E-02,9.10E+01,1.61E-05,2.84E-01,1.52E-01,2.48E-01,2.02E+02,1.33E+01,2.16E+02,0.000102196,0.000107405
7.24E+04,318499,4.36E+01,7.52E-01,1.38E-02,9.11E+01,1.61E-05,2.86E-01,1.53E-01,2.46E-01,2.03E+02,1.31E+01,2.16E+02,0.00010216,0.000107367
72376,318500,1.77E+02,2.60E+00,1.38E-02,9.11E+01,1.61E-05,2.86E-01,1.53E-01,2.46E-01,2.03E+02,1.31E+01,2.16E+02,0.00010216,0.000107367
7.24E+04,318599,4.36E+01,7.52E-01,1.39E-02,9.11E+01,1.61E-05,2.85E-01,1.53E-01,2.47E-01,2.03E+02,1.32E+01,2.16E+02,0.000102124,0.000107329
72396,318600,1.76E+02,2.60E+00,1.39E-02,9.11E+01,1.61E-05,2.85E-01,1.53E-01,2.47E-01,2.03E+02,1.32E+01,2.16E+02,0.000102123,0.000107329
7.24E+04,318699,4.38E+01,7.54E-01,1.39E-02,9.11E+01,1.61E-05,2.85E-01,1.52E-01,2.48E-01,2.03E+02,1.34E+01,2.16E+02,0.000102087,0.000107291
7.24E+04,318700,1.76E+02,2.60E+00,1.39E-02,9.11E+01,1.61E-05,2.85E-01,1.52E-01,2.48E-01,2.03E+02,1.34E+01,2.16E+02,0.000102087,0.000107291
7.25E+04,3.19E+05,4.33E+01,7.54E-01,1.39E-02,9.11E+01,1.61E-05,2.84E-01,1.52E-01,2.46E-01,2.02E+02,1.30E+01,2.15E+02,0.000102051,0.000107253
7.25E+04,3.19E+05,1.76E+02,2.60E+00,1.39E-02,9.11E+01,1.61E-05,2.84E-01,1.52E-01,2.46E-01,2.02E+02,1.30E+01,2.15E+02,0.000102051,0.000107253
7.25E+04,318899,4.42E+01,7.54E-01,1.40E-02,9.11E+01,1.61E-05,2.84E-01,1.51E-01,2.51E-01,2.03E+02,1.37E+01,2.17E+02,0.000102014,0.000107215
7.25E+04,318900,1.76E+02,2.60E+00,1.40E-02,9.11E+01,1.61E-05,2.84E-01,1.51E-01,2.51E-01,2.03E+02,1.37E+01,2.17E+02,0.000102014,0.000107215
7.25E+04,318999,4.37E+01,7.54E-01,1.39E-02,9.11E+01,1.61E-05,2.85E-01,1.52E-01,2.48E-01,2.03E+02,1.33E+01,2.16E+02,0.000101978,0.000107177
7.25E+04,319000,1.76E+02,2.60E+00,1.39E-02,9.11E+01,1.61E-05,2.85E-01,1.52E-01,2.48E-01,2.03E+02,1.33E+01,2.16E+02,0.000101978,0.000107177
7.25E+04,319099,4.37E+01,7.54E-01,1.39E-02,9.11E+01,1.61E-05,2.84E-01,1.52E-01,2.48E-01,2.03E+02,1.33E+01,2.16E+02,0.000101942,0.000107139
7.25E+04,319100,1.76E+02,2.60E+00,1.39E-02,9.11E+01,1.61E-05,2.84E-01,1.52E-01,2.48E-01,2.03E+02,1.33E+01,2.16E+02,0.000101941,0.000107139
7.25E+04,3.19E+05,4.32E+01,7.53E-01,1.39E-02,9.11E+01,1.61E-05,2.84E-01,1.53E-01,2.45E-01,2.02E+02,1.29E+01,2.15E+02,0.000101905,0.000107101
7.25E+04,319200,1.76E+02,2.60E+00,1.39E-02,9.11E+01,1.61E-05,2.84E-01,1.53E-01,2.45E-01,2.02E+02,1.29E+01,2.15E+02,0.000101905,0.000107101
7.26E+04,319299,4.37E+01,7.54E-01,1.40E-02,9.11E+01,1.61E-05,2.84E-01,1.52E-01,2.49E-01,2.02E+02,1.33E+01,2.15E+02,0.000101869,0.000107063
7.26E+04,3.19E+05,1.76E+02,2.60E+00,1.40E-02,9.11E+01,1.61E-05,2.84E-01,1.52E-01,2.49E-01,2.02E+02,1.33E+01,2.15E+02,0.000101869,0.000107063
7.26E+04,319399,4.42E+01,7.53E-01,1.39E-02,9.11E+01,1.61E-05,2.85E-01,1.52E-01,2.50E-01,2.03E+02,1.36E+01,2.17E+02,0.000101833,0.000107025
7.26E+04,319400,1.77E+02,2.60E+00,1.39E-02,9.11E+01,1.61E-05,2.85E-01,1.52E-01,2.50E-01,2.03E+02,1.36E+01,2.17E+02,0.000101832,0.000107025
7.26E+04,319499,4.37E+01,7.52E-01,1.39E-02,9.11E+01,1.61E-05,2.85E-01,1.52E-01,2.48E-01,2.03E+02,1.33E+01,2.16E+02,0.000101796,0.000106987
7.26E+04,319500,1.76E+02,2.60E+00,1.39E-02,9.11E+01,1.61E-05,2.85E-01,1.52E-01,2.48E-01,2.03E+02,1.33E+01,2.16E+02,0.000101796,0.000106987
7.26E+04,319599,4.41E+01,7.52E-01,1.40E-02,9.11E+01,1.61E-05,2.84E-01,1.52E-01,2.51E-01,2.03E+02,1.36E+01,2.17E+02,0.00010176,0.000106949
7.26E+04,319600,1.76E+02,2.60E+00,1.40E-02,9.11E+01,1.61E-05,2.84E-01,1.52E-01,2.51E-01,2.03E+02,1.36E+01,2.17E+02,0.00010176,0.000106949
7.27E+04,319699,4.41E+01,7.53E-01,1.40E-02,9.11E+01,1.61E-05,2.84E-01,1.52E-01,2.50E-01,2.03E+02,1.36E+01,2.17E+02,0.000101724,0.000106912
7.27E+04,3.20E+05,1.76E+02,2.60E+00,1.40E-02,9.11E+01,1.61E-05,2.84E-01,1.52E-01,2.50E-01,2.03E+02,1.36E+01,2.17E+02,0.000101724,0.000106911
7.27E+04,319799,4.41E+01,7.54E-01,1.40E-02,9.11E+01,1.61E-05,2.84E-01,1.51E-01,2.51E-01,2.03E+02,1.36E+01,2.16E+02,0.000101688,0.000106874
7.27E+04,3.20E+05,1.76E+02,2.60E+00,1.40E-02,9.11E+01,1.61E-05,2.84E-01,1.51E-01,2.51E-01,2.03E+02,1.36E+01,2.16E+02,0.000101687,0.000106874
7.27E+04,319899,4.40E+01,7.52E-01,1.41E-02,9.11E+01,1.61E-05,2.82E-01,1.50E-01,2.52E-01,2.02E+02,1.36E+01,2.15E+02,0.000101651,0.000106836
7.27E+04,3.20E+05,1.75E+02,2.60E+00,1.41E-02,9.11E+01,1.61E-05,2.82E-01,1.50E-01,2.52E-01,2.02E+02,1.36E+01,2.15E+02,0.000101651,0.000106836
7.27E+04,3.20E+05,4.35E+01,7.52E-01,1.40E-02,9.11E+01,1.61E-05,2.83E-01,1.52E-01,2.48E-01,2.02E+02,1.32E+01,2.15E+02,0.000101615,0.000106798
7.27E+04,3.20E+05,1.75E+02,2.59E+00,1.40E-02,9.11E+01,1.61E-05,2.83E-01,1.52E-01,2.48E-01,2.02E+02,1.32E+01,2.15E+02,0.000101615,0.000106798
7.28E+04,320099,4.42E+01,7.54E-01,1.40E-02,9.11E+01,1.61E-05,2.83E-01,1.51E-01,2.52E-01,2.02E+02,1.37E+01,2.16E+02,0.000101579,0.00010676
7.28E+04,3.20E+05,1.75E+02,2.60E+00,1.40E-02,9.11E+01,1.61E-05,2.83E-01,1.51E-01,2.52E-01,2.02E+02,1.37E+01,2.16E+02,0.000101579,0.00010676
7.28E+04,3.20E+05,4.36E+01,7.53E-01,1.39E-02,9.11E+01,1.61E-05,2.84E-01,1.52E-01,2.48E-01,2.02E+02,1.32E+01,2.15E+02,0.000101543,0.000106722
7.28E+04,3.20E+05,1.76E+02,2.60E+00,1.39E-02,9.11E+01,1.61E-05,2.84E-01,1.52E-01,2.48E-01,2.02E+02,1.32E+01,2.15E+02,0.000101543,0.000106722
7.28E+04,320299,4.40E+01,7.53E-01,1.40E-02,9.11E+01,1.61E-05,2.84E-01,1.52E-01,2.50E-01,2.03E+02,1.36E+01,2.16E+02,0.000101507,0.000106685
7.28E+04,3.20E+05,1.76E+02,2.60E+00,1.40E-02,9.11E+01,1.61E-05,2.84E-01,1.52E-01,2.50E-01,2.03E+02,1.36E+01,2.16E+02,0.000101507,0.000106685
7.28E+04,3.20E+05,4.30E+01,7.53E-01,1.38E-02,9.11E+01,1.61E-05,2.84E-01,1.53E-01,2.44E-01,2.02E+02,1.28E+01,2.15E+02,0.000101471,0.000106647
7.28E+04,320400,1.76E+02,2.59E+00,1.38E-02,9.11E+01,1.61E-05,2.84E-01,1.53E-01,2.44E-01,2.02E+02,1.28E+01,2.15E+02,0.000101471,0.000106647
7.28E+04,320499,4.39E+01,7.53E-01,1.40E-02,9.11E+01,1.60E-05,2.84E-01,1.51E-01,2.50E-01,2.02E+02,1.35E+01,2.16E+02,0.000101435,0.00010661
7.28E+04,3.20E+05,1.76E+02,2.59E+00,1.40E-02,9.11E+01,1.60E-05,2.84E-01,1.51E-01,2.50E-01,2.02E+02,1.35E+01,2.16E+02,0.000101435,0.000106609
7.29E+04,3.21E+05,4.36E+01,7.53E-01,1.38E-02,9.11E+01,1.60E-05,2.85E-01,1.53E-01,2.47E-01,2.03E+02,1.31E+01,2.16E+02,0.000101399,0.000106572
7.29E+04,320600,1.77E+02,2.60E+00,1.38E-02,9.11E+01,1.60E-05,2.85E-01,1.53E-01,2.47E-01,2.03E+02,1.31E+01,2.16E+02,0.000101399,0.000106572
7.29E+04,3.21E+05,4.32E+01,7.53E-01,1.39E-02,9.11E+01,1.60E-05,2.84E-01,1.53E-01,2.46E-01,2.02E+02,1.30E+01,2.15E+02,0.000101363,0.000106534
7.29E+04,320700,1.76E+02,2.60E+00,1.39E-02,9.11E+01,1.60E-05,2.84E-01,1.53E-01,2.46E-01,2.02E+02,1.30E+01,2.15E+02,0.000101363,0.000106534
7.29E+04,320799,4.36E+01,7.53E-01,1.40E-02,9.11E+01,1.60E-05,2.83E-01,1.52E-01,2.48E-01,2.02E+02,1.33E+01,2.15E+02,0.000101327,0.000106497
7.29E+04,3.21E+05,1.76E+02,2.60E+00,1.40E-02,9.11E+01,1.60E-05,2.83E-01,1.52E-01,2.48E-01,2.02E+02,1.33E+01,2.15E+02,0.000101327,0.000106497
7.29E+04,320899,4.36E+01,7.52E-01,1.40E-02,9.11E+01,1.60E-05,2.83E-01,1.52E-01,2.49E-01,2.02E+02,1.33E+01,2.15E+02,0.000101291,0.000106459
7.29E+04,3.21E+05,1.76E+02,2.59E+00,1.40E-02,9.11E+01,1.60E-05,2.83E-01,1.52E-01,2.49E-01,2.02E+02,1.33E+01,2.15E+02,0.000101291,0.000106459
7.30E+04,320999,4.42E+01,7.53E-01,1.40E-02,9.11E+01,1.60E-05,2.84E-01,1.51E-01,2.52E-01,2.03E+02,1.37E+01,2.16E+02,0.000101255,0.000106422
7.30E+04,3.21E+05,1.76E+02,2.60E+00,1.40E-02,9.11E+01,1.60E-05,2.84E-01,1.51E-01,2.52E-01,2.03E+02,1.37E+01,2.16E+02,0.000101255,0.000106422
7.30E+04,321099,4.42E+01,7.52E-01,1.40E-02,9.11E+01,1.60E-05,2.83E-01,1.51E-01,2.52E-01,2.03E+02,1.37E+01,2.16E+02,0.000101219,0.000106384
7.30E+04,3.21E+05,1.76E+02,2.60E+00,1.40E-02,9.11E+01,1.60E-05,2.83E-01,1.51E-01,2.52E-01,2.03E+02,1.37E+01,2.16E+02,0.000101219,0.000106384
7.30E+04,3.21E+05,4.32E+01,7.52E-01,1.38E-02,9.11E+01,1.60E-05,2.85E-01,1.53E-01,2.45E-01,2.02E+02,1.29E+01,2.15E+02,0.000101183,0.000106347
7.30E+04,321200,1.76E+02,2.59E+00,1.38E-02,9.11E+01,1.60E-05,2.85E-01,1.53E-01,2.45E-01,2.02E+02,1.29E+01,2.15E+02,0.000101183,0.000106346
7.30E+04,3.21E+05,4.31E+01,7.51E-01,1.40E-02,9.11E+01,1.60E-05,2.82E-01,1.52E-01,2.47E-01,2.01E+02,1.30E+01,2.14E+02,0.000101147,0.000106309
7.30E+04,3.21E+05,1.75E+02,2.60E+00,1.40E-02,9.11E+01,1.60E-05,2.82E-01,1.52E-01,2.47E-01,2.01E+02,1.30E+01,2.14E+02,0.000101147,0.000106309
7.30E+04,321399,4.37E+01,7.53E-01,1.39E-02,9.11E+01,1.60E-05,2.84E-01,1.52E-01,2.48E-01,2.02E+02,1.33E+01,2.16E+02,0.000101112,0.000106272
7.30E+04,321400,1.76E+02,2.60E+00,1.39E-02,9.11E+01,1.60E-05,2.84E-01,1.52E-01,2.48E-01,2.02E+02,1.33E+01,2.16E+02,0.000101111,0.000106271
7.31E+04,3.21E+05,4.31E+01,7.52E-01,1.39E-02,9.11E+01,1.60E-05,2.84E-01,1.53E-01,2.45E-01,2.02E+02,1.29E+01,2.15E+02,0.000101076,0.000106234
7.31E+04,321500,1.76E+02,2.60E+00,1.39E-02,9.11E+01,1.60E-05,2.84E-01,1.53E-01,2.45E-01,2.02E+02,1.29E+01,2.15E+02,0.000101076,0.000106234
7.31E+04,3.22E+05,4.32E+01,7.53E-01,1.39E-02,9.11E+01,1.60E-05,2.84E-01,1.53E-01,2.45E-01,2.02E+02,1.30E+01,2.15E+02,0.00010104,0.000106197
7.31E+04,321600,1.76E+02,2.60E+00,1.39E-02,9.11E+01,1.60E-05,2.84E-01,1.53E-01,2.45E-01,2.02E+02,1.30E+01,2.15E+02,0.00010104,0.000106197
7.31E+04,321699,4.40E+01,7.54E-01,1.40E-02,9.11E+01,1.60E-05,2.83E-01,1.51E-01,2.51E-01,2.02E+02,1.36E+01,2.16E+02,0.000101004,0.00010616
7.31E+04,3.22E+05,1.75E+02,2.60E+00,1.40E-02,9.11E+01,1.60E-05,2.83E-01,1.51E-01,2.51E-01,2.02E+02,1.36E+01,2.16E+02,0.000101004,0.00010616
7.31E+04,3.22E+05,4.36E+01,7.54E-01,1.40E-02,9.11E+01,1.60E-05,2.83E-01,1.52E-01,2.48E-01,2.02E+02,1.33E+01,2.15E+02,0.000100969,0.000106122
7.31E+04,3.22E+05,1.75E+02,2.60E+00,1.40E-02,9.11E+01,1.60E-05,2.83E-01,1.52E-01,2.48E-01,2.02E+02,1.33E+01,2.15E+02,0.000100969,0.000106122
7.32E+04,321899,4.39E+01,7.54E-01,1.41E-02,9.11E+01,1.60E-05,2.82E-01,1.50E-01,2.51E-01,2.02E+02,1.36E+01,2.15E+02,0.000100933,0.000106085
7.32E+04,3.22E+05,1.75E+02,2.60E+00,1.41E-02,9.11E+01,1.60E-05,2.82E-01,1.50E-01,2.51E-01,2.02E+02,1.36E+01,2.15E+02,0.000100933,0.000106085
7.32E+04,321999,4.39E+01,7.54E-01,1.40E-02,9.11E+01,1.60E-05,2.84E-01,1.52E-01,2.50E-01,2.03E+02,1.35E+01,2.16E+02,0.000100897,0.000106048
7.32E+04,3.22E+05,1.76E+02,2.60E+00,1.40E-02,9.11E+01,1.60E-05,2.84E-01,1.52E-01,2.50E-01,2.03E+02,1.35E+01,2.16E+02,0.000100897,0.000106048
7.32E+04,3.22E+05,4.35E+01,7.54E-01,1.39E-02,9.11E+01,1.60E-05,2.85E-01,1.53E-01,2.46E-01,2.03E+02,1.31E+01,2.16E+02,0.000100862,0.00010601
7.32E+04,322100,1.76E+02,2.60E+00,1.39E-02,9.11E+01,1.60E-05,2.85E-01,1.53E-01,2.46E-01,2.03E+02,1.31E+01,2.16E+02,0.000100861,0.00010601
7.32E+04,3.22E+05,4.31E+01,7.56E-01,1.39E-02,9.11E+01,1.60E-05,2.84E-01,1.53E-01,2.45E-01,2.02E+02,1.29E+01,2.15E+02,0.000100826,0.000105973
7.32E+04,3.22E+05,1.76E+02,2.60E+00,1.39E-02,9.11E+01,1.60E-05,2.84E-01,1.53E-01,2.45E-01,2.02E+02,1.29E+01,2.15E+02,0.000100826,0.000105973
7.32E+04,322299,4.41E+01,7.55E-01,1.40E-02,9.11E+01,1.60E-05,2.83E-01,1.51E-01,2.51E-01,2.02E+02,1.36E+01,2.16E+02,0.000100791,0.000105936
7.32E+04,3.22E+05,1.75E+02,2.60E+00,1.40E-02,9.11E+01,1.60E-05,2.83E-01,1.51E-01,2.51E-01,2.02E+02,1.36E+01,2.16E+02,0.00010079,0.000105936
7.33E+04,322399,4.39E+01,7.54E-01,1.40E-02,9.11E+01,1.60E-05,2.83E-01,1.51E-01,2.50E-01,2.02E+02,1.35E+01,2.16E+02,0.000100755,0.000105899
7.33E+04,3.22E+05,1.75E+02,2.60E+00,1.40E-02,9.11E+01,1.60E-05,2.83E-01,1.51E-01,2.50E-01,2.02E+02,1.35E+01,2.16E+02,0.000100755,0.000105899
7.33E+04,3.22E+05,4.31E+01,7.55E-01,1.39E-02,9.11E+01,1.60E-05,2.84E-01,1.53E-01,2.45E-01,2.02E+02,1.29E+01,2.15E+02,0.000100719,0.000105862
7.33E+04,3.22E+05,1.76E+02,2.60E+00,1.39E-02,9.11E+01,1.60E-05,2.84E-01,1.53E-01,2.45E-01,2.02E+02,1.29E+01,2.15E+02,0.000100719,0.000105862
7.33E+04,322599,4.39E+01,7.55E-01,1.40E-02,9.11E+01,1.59E-05,2.84E-01,1.52E-01,2.50E-01,2.02E+02,1.34E+01,2.16E+02,0.000100684,0.000105825
7.33E+04,3.23E+05,1.76E+02,2.60E+00,1.40E-02,9.11E+01,1.59E-05,2.84E-01,1.52E-01,2.50E-01,2.02E+02,1.34E+01,2.16E+02,0.000100684,0.000105824
7.34E+04,322699,4.47E+01,7.53E-01,1.40E-02,9.11E+01,1.59E-05,2.84E-01,1.51E-01,2.54E-01,2.04E+02,1.40E+01,2.18E+02,0.000100648,0.000105788
7.34E+04,322700,1.76E+02,2.60E+00,1.40E-02,9.11E+01,1.59E-05,2.84E-01,1.51E-01,2.54E-01,2.04E+02,1.40E+01,2.18E+02,0.000100648,0.000105787
7.34E+04,322799,4.40E+01,7.51E-01,1.40E-02,9.11E+01,1.59E-05,2.84E-01,1.51E-01,2.51E-01,2.03E+02,1.36E+01,2.16E+02,0.000100613,0.00010575
7.34E+04,3.23E+05,1.76E+02,2.60E+00,1.40E-02,9.11E+01,1.59E-05,2.84E-01,1.51E-01,2.51E-01,2.03E+02,1.36E+01,2.16E+02,0.000100613,0.00010575
7.34E+04,322899,4.34E+01,7.51E-01,1.40E-02,9.11E+01,1.59E-05,2.82E-01,1.51E-01,2.48E-01,2.02E+02,1.32E+01,2.15E+02,0.000100577,0.000105713
7.34E+04,3.23E+05,1.75E+02,2.60E+00,1.40E-02,9.11E+01,1.59E-05,2.82E-01,1.51E-01,2.48E-01,2.02E+02,1.32E+01,2.15E+02,0.000100577,0.000105713
7.34E+04,322999,4.34E+01,7.50E-01,1.40E-02,9.11E+01,1.59E-05,2.83E-01,1.52E-01,2.47E-01,2.02E+02,1.32E+01,2.15E+02,0.000100542,0.000105676
7.34E+04,3.23E+05,1.76E+02,2.60E+00,1.40E-02,9.11E+01,1.59E-05,2.83E-01,1.52E-01,2.47E-01,2.02E+02,1.32E+01,2.15E+02,0.000100542,0.000105676
7.34E+04,323099,4.33E+01,7.51E-01,1.39E-02,9.11E+01,1.59E-05,2.83E-01,1.52E-01,2.47E-01,2.02E+02,1.31E+01,2.15E+02,0.000100507,0.000105639
7.34E+04,3.23E+05,1.76E+02,2.60E+00,1.39E-02,9.11E+01,1.59E-05,2.83E-01,1.52E-01,2.47E-01,2.02E+02,1.31E+01,2.15E+02,0.000100506,0.000105639
7.35E+04,323199,4.34E+01,7.52E-01,1.40E-02,9.11E+01,1.59E-05,2.82E-01,1.51E-01,2.48E-01,2.01E+02,1.32E+01,2.15E+02,0.000100471,0.000105602
7.35E+04,3.23E+05,1.75E+02,2.60E+00,1.40E-02,9.11E+01,1.59E-05,2.82E-01,1.51E-01,2.48E-01,2.01E+02,1.32E+01,2.15E+02,0.000100471,0.000105602
7.35E+04,323299,1.76E+02,2.60E+00,1.39E-02,9.11E+01,1.59E-05,2.84E-01,1.53E-01,2.46E-01,2.03E+02,1.30E+01,2.16E+02,0.000100436,0.000105565
7.35E+04,323299,4.33E+01,7.51E-01,1.39E-02,9.11E+01,1.59E-05,2.84E-01,1.53E-01,2.46E-01,2.03E+02,1.30E+01,2.16E+02,0.000100436,0.000105565
7.35E+04,323399,4.34E+01,7.50E-01,1.40E-02,9.11E+01,1.59E-05,2.82E-01,1.51E-01,2.48E-01,2.02E+02,1.32E+01,2.15E+02,0.0001004,0.000105528
7.35E+04,3.23E+05,1.75E+02,2.60E+00,1.40E-02,9.11E+01,1.59E-05,2.82E-01,1.51E-01,2.48E-01,2.02E+02,1.32E+01,2.15E+02,0.0001004,0.000105528
7.35E+04,3.23E+05,4.29E+01,7.51E-01,1.40E-02,9.11E+01,1.59E-05,2.82E-01,1.52E-01,2.45E-01,2.01E+02,1.28E+01,2.14E+02,0.000100365,0.000105491
7.35E+04,3.23E+05,1.75E+02,2.60E+00,1.40E-02,9.11E+01,1.59E-05,2.82E-01,1.52E-01,2.45E-01,2.01E+02,1.28E+01,2.14E+02,0.000100365,0.000105491
7.35E+04,323599,4.34E+01,7.52E-01,1.39E-02,9.11E+01,1.59E-05,2.84E-01,1.53E-01,2.47E-01,2.02E+02,1.31E+01,2.16E+02,0.00010033,0.000105455
7.35E+04,323600,1.76E+02,2.60E+00,1.39E-02,9.11E+01,1.59E-05,2.84E-01,1.53E-01,2.47E-01,2.02E+02,1.31E+01,2.16E+02,0.00010033,0.000105454
7.36E+04,3.24E+05,4.32E+01,7.53E-01,1.39E-02,9.11E+01,1.59E-05,2.84E-01,1.52E-01,2.46E-01,2.02E+02,1.29E+01,2.15E+02,0.000100294,0.000105418
7.36E+04,323700,1.76E+02,2.60E+00,1.39E-02,9.11E+01,1.59E-05,2.84E-01,1.52E-01,2.46E-01,2.02E+02,1.29E+01,2.15E+02,0.000100294,0.000105417
7.36E+04,323799,4.36E+01,7.53E-01,1.39E-02,9.11E+01,1.59E-05,2.83E-01,1.52E-01,2.48E-01,2.02E+02,1.32E+01,2.15E+02,0.000100259,0.000105381
7.36E+04,323800,1.76E+02,2.59E+00,1.39E-02,9.11E+01,1.59E-05,2.83E-01,1.52E-01,2.48E-01,2.02E+02,1.32E+01,2.15E+02,0.000100259,0.000105381
7.36E+04,323899,4.35E+01,7.52E-01,1.40E-02,9.11E+01,1.59E-05,2.83E-01,1.52E-01,2.48E-01,2.02E+02,1.32E+01,2.15E+02,0.000100224,0.000105344
7.36E+04,323900,1.76E+02,2.60E+00,1.40E-02,9.11E+01,1.59E-05,2.83E-01,1.52E-01,2.48E-01,2.02E+02,1.32E+01,2.15E+02,0.000100224,0.000105344
7.36E+04,3.24E+05,4.31E+01,7.52E-01,1.39E-02,9.11E+01,1.59E-05,2.83E-01,1.52E-01,2.45E-01,2.02E+02,1.29E+01,2.15E+02,0.000100189,0.000105307
7.36E+04,324000,1.76E+02,2.60E+00,1.39E-02,9.11E+01,1.59E-05,2.83E-01,1.52E-01,2.45E-01,2.02E+02,1.29E+01,2.15E+02,0.000100189,0.000105307
7.37E+04,3.24E+05,4.31E+01,7.53E-01,1.39E-02,9.11E+01,1.59E-05,2.84E-01,1.52E-01,2.45E-01,2.02E+02,1.29E+01,2.15E+02,0.000100154,0.00010527
7.37E+04,324100,1.76E+02,2.60E+00,1.39E-02,9.11E+01,1.59E-05,2.84E-01,1.52E-01,2.45E-01,2.02E+02,1.29E+01,2.15E+02,0.000100153,0.00010527
7.37E+04,3.24E+05,4.32E+01,7.52E-01,1.39E-02,9.11E+01,1.59E-05,2.83E-01,1.52E-01,2.46E-01,2.02E+02,1.29E+01,2.15E+02,0.000100118,0.000105234
7.37E+04,324200,1.76E+02,2.60E+00,1.39E-02,9.11E+01,1.59E-05,2.83E-01,1.52E-01,2.46E-01,2.02E+02,1.29E+01,2.15E+02,0.000100118,0.000105233
7.37E+04,3.24E+05,4.31E+01,7.50E-01,1.39E-02,9.11E+01,1.59E-05,2.83E-01,1.52E-01,2.45E-01,2.02E+02,1.29E+01,2.15E+02,0.000100083,0.000105197
7.37E+04,324300,1.76E+02,2.60E+00,1.39E-02,9.11E+01,1.59E-05,2.83E-01,1.52E-01,2.45E-01,2.02E+02,1.29E+01,2.15E+02,0.000100083,0.000105197
7.37E+04,324399,4.35E+01,7.51E-01,1.39E-02,9.11E+01,1.59E-05,2.84E-01,1.52E-01,2.47E-01,2.02E+02,1.32E+01,2.16E+02,0.000100048,0.00010516
7.37E+04,324400,1.76E+02,2.59E+00,1.39E-02,9.11E+01,1.59E-05,2.84E-01,1.52E-01,2.47E-01,2.02E+02,1.32E+01,2.16E+02,0.000100048,0.00010516
7.37E+04,324499,4.35E+01,7.53E-01,1.39E-02,9.11E+01,1.59E-05,2.83E-01,1.52E-01,2.47E-01,2.02E+02,1.32E+01,2.15E+02,0.000100013,0.000105124
7.37E+04,324500,1.76E+02,2.60E+00,1.39E-02,9.11E+01,1.59E-05,2.83E-01,1.52E-01,2.47E-01,2.02E+02,1.32E+01,2.15E+02,0.000100013,0.000105123
7.38E+04,324599,4.36E+01,7.54E-01,1.39E-02,9.11E+01,1.59E-05,2.83E-01,1.52E-01,2.48E-01,2.02E+02,1.32E+01,2.15E+02,1.00E-04,0.000105087
7.38E+04,324600,1.76E+02,2.59E+00,1.39E-02,9.11E+01,1.59E-05,2.83E-01,1.52E-01,2.48E-01,2.02E+02,1.32E+01,2.15E+02,1.00E-04,0.000105087
7.38E+04,3.25E+05,4.34E+01,7.53E-01,1.40E-02,9.11E+01,1.58E-05,2.83E-01,1.51E-01,2.48E-01,2.02E+02,1.32E+01,2.15E+02,9.99E-05,0.00010505
7.38E+04,3.25E+05,1.75E+02,2.60E+00,1.40E-02,9.11E+01,1.58E-05,2.83E-01,1.51E-01,2.48E-01,2.02E+02,1.32E+01,2.15E+02,9.99E-05,0.00010505
7.38E+04,324799,4.37E+01,7.53E-01,1.39E-02,9.12E+01,1.58E-05,2.84E-01,1.52E-01,2.48E-01,2.03E+02,1.33E+01,2.16E+02,9.99E-05,0.000105014
7.38E+04,324800,1.76E+02,2.60E+00,1.39E-02,9.12E+01,1.58E-05,2.84E-01,1.52E-01,2.48E-01,2.03E+02,1.33E+01,2.16E+02,9.99E-05,0.000105014
7.38E+04,324899,4.37E+01,7.52E-01,1.40E-02,9.12E+01,1.58E-05,2.83E-01,1.51E-01,2.49E-01,2.02E+02,1.33E+01,2.15E+02,9.99E-05,0.000104977
7.38E+04,3.25E+05,1.75E+02,2.59E+00,1.40E-02,9.12E+01,1.58E-05,2.83E-01,1.51E-01,2.49E-01,2.02E+02,1.33E+01,2.15E+02,9.99E-05,0.000104977
7.39E+04,3.25E+05,4.33E+01,7.51E-01,1.40E-02,9.12E+01,1.58E-05,2.82E-01,1.51E-01,2.47E-01,2.01E+02,1.31E+01,2.14E+02,9.98E-05,0.000104941
7.39E+04,3.25E+05,1.75E+02,2.60E+00,1.40E-02,9.12E+01,1.58E-05,2.82E-01,1.51E-01,2.47E-01,2.01E+02,1.31E+01,2.14E+02,9.98E-05,0.000104941
7.39E+04,3.25E+05,4.32E+01,7.52E-01,1.39E-02,9.12E+01,1.58E-05,2.84E-01,1.53E-01,2.46E-01,2.02E+02,1.30E+01,2.15E+02,9.98E-05,0.000104904
7.39E+04,325100,1.76E+02,2.60E+00,1.39E-02,9.12E+01,1.58E-05,2.84E-01,1.53E-01,2.46E-01,2.02E+02,1.30E+01,2.15E+02,9.98E-05,0.000104904
7.39E+04,325199,4.43E+01,7.53E-01,1.40E-02,9.12E+01,1.58E-05,2.84E-01,1.51E-01,2.52E-01,2.03E+02,1.38E+01,2.17E+02,9.98E-05,0.000104868
7.39E+04,325200,1.76E+02,2.60E+00,1.40E-02,9.12E+01,1.58E-05,2.84E-01,1.51E-01,2.52E-01,2.03E+02,1.38E+01,2.17E+02,9.98E-05,0.000104867
7.39E+04,325299,4.37E+01,7.52E-01,1.40E-02,9.12E+01,1.58E-05,2.83E-01,1.52E-01,2.49E-01,2.02E+02,1.34E+01,2.16E+02,9.97E-05,0.000104831
7.39E+04,3.25E+05,1.75E+02,2.60E+00,1.40E-02,9.12E+01,1.58E-05,2.83E-01,1.52E-01,2.49E-01,2.02E+02,1.34E+01,2.16E+02,9.97E-05,0.000104831
7.39E+04,325399,4.38E+01,7.53E-01,1.40E-02,9.12E+01,1.58E-05,2.83E-01,1.51E-01,2.50E-01,2.02E+02,1.35E+01,2.16E+02,9.97E-05,0.000104795
7.39E+04,3.25E+05,1.75E+02,2.60E+00,1.40E-02,9.12E+01,1.58E-05,2.83E-01,1.51E-01,2.50E-01,2.02E+02,1.35E+01,2.16E+02,9.97E-05,0.000104795
7.40E+04,3.25E+05,4.33E+01,7.52E-01,1.40E-02,9.12E+01,1.58E-05,2.82E-01,1.51E-01,2.48E-01,2.01E+02,1.31E+01,2.14E+02,9.97E-05,0.000104758
7.40E+04,3.25E+05,1.75E+02,2.60E+00,1.40E-02,9.12E+01,1.58E-05,2.82E-01,1.51E-01,2.48E-01,2.01E+02,1.31E+01,2.14E+02,9.97E-05,0.000104758
7.40E+04,3.26E+05,4.33E+01,7.52E-01,1.40E-02,9.12E+01,1.58E-05,2.83E-01,1.52E-01,2.47E-01,2.02E+02,1.31E+01,2.15E+02,9.96E-05,0.000104722
7.40E+04,3.26E+05,1.75E+02,2.60E+00,1.40E-02,9.12E+01,1.58E-05,2.83E-01,1.52E-01,2.47E-01,2.02E+02,1.31E+01,2.15E+02,9.96E-05,0.000104722
7.40E+04,3.26E+05,4.34E+01,7.54E-01,1.40E-02,9.12E+01,1.58E-05,2.83E-01,1.52E-01,2.48E-01,2.02E+02,1.32E+01,2.15E+02,9.96E-05,0.000104685
7.40E+04,3.26E+05,1.75E+02,2.60E+00,1.40E-02,9.12E+01,1.58E-05,2.83E-01,1.52E-01,2.48E-01,2.02E+02,1.32E+01,2.15E+02,9.96E-05,0.000104685
7.41E+04,3.26E+05,4.34E+01,7.54E-01,1.39E-02,9.12E+01,1.58E-05,2.84E-01,1.52E-01,2.47E-01,2.02E+02,1.31E+01,2.15E+02,9.96E-05,0.000104649
7.41E+04,325800,1.76E+02,2.60E+00,1.39E-02,9.12E+01,1.58E-05,2.84E-01,1.52E-01,2.47E-01,2.02E+02,1.31E+01,2.15E+02,9.96E-05,0.000104649
7.41E+04,3.26E+05,4.33E+01,7.55E-01,1.40E-02,9.12E+01,1.58E-05,2.83E-01,1.51E-01,2.47E-01,2.01E+02,1.31E+01,2.14E+02,9.95E-05,0.000104613
7.41E+04,3.26E+05,1.75E+02,2.60E+00,1.40E-02,9.12E+01,1.58E-05,2.83E-01,1.51E-01,2.47E-01,2.01E+02,1.31E+01,2.14E+02,9.95E-05,0.000104613
7.41E+04,3.26E+05,4.33E+01,7.55E-01,1.39E-02,9.12E+01,1.58E-05,2.84E-01,1.53E-01,2.46E-01,2.02E+02,1.30E+01,2.15E+02,9.95E-05,0.000104576
7.41E+04,326000,1.76E+02,2.60E+00,1.39E-02,9.12E+01,1.58E-05,2.84E-01,1.53E-01,2.46E-01,2.02E+02,1.30E+01,2.15E+02,9.95E-05,0.000104576
7.41E+04,3.26E+05,4.33E+01,7.53E-01,1.40E-02,9.12E+01,1.58E-05,2.83E-01,1.51E-01,2.47E-01,2.01E+02,1.31E+01,2.15E+02,9.95E-05,0.00010454
7.41E+04,3.26E+05,1.75E+02,2.60E+00,1.40E-02,9.12E+01,1.58E-05,2.83E-01,1.51E-01,2.47E-01,2.01E+02,1.31E+01,2.15E+02,9.95E-05,0.00010454
7.41E+04,326199,4.38E+01,7.54E-01,1.40E-02,9.12E+01,1.58E-05,2.83E-01,1.51E-01,2.50E-01,2.02E+02,1.35E+01,2.15E+02,9.94E-05,0.000104504
7.41E+04,3.26E+05,1.75E+02,2.60E+00,1.40E-02,9.12E+01,1.58E-05,2.83E-01,1.51E-01,2.50E-01,2.02E+02,1.35E+01,2.15E+02,9.94E-05,0.000104504
7.42E+04,326299,4.38E+01,7.53E-01,1.40E-02,9.12E+01,1.58E-05,2.84E-01,1.52E-01,2.49E-01,2.02E+02,1.34E+01,2.16E+02,9.94E-05,0.000104468
7.42E+04,326300,1.76E+02,2.60E+00,1.40E-02,9.12E+01,1.58E-05,2.84E-01,1.52E-01,2.49E-01,2.02E+02,1.34E+01,2.16E+02,9.94E-05,0.000104467
7.42E+04,326399,4.39E+01,7.54E-01,1.39E-02,9.12E+01,1.58E-05,2.84E-01,1.52E-01,2.49E-01,2.03E+02,1.34E+01,2.16E+02,9.94E-05,0.000104432
7.42E+04,326400,1.76E+02,2.60E+00,1.39E-02,9.12E+01,1.58E-05,2.84E-01,1.52E-01,2.49E-01,2.03E+02,1.34E+01,2.16E+02,9.94E-05,0.000104431
7.42E+04,3.26E+05,4.29E+01,7.55E-01,1.39E-02,9.12E+01,1.58E-05,2.83E-01,1.52E-01,2.44E-01,2.01E+02,1.28E+01,2.14E+02,9.93E-05,0.000104395
7.42E+04,326500,1.76E+02,2.60E+00,1.39E-02,9.12E+01,1.58E-05,2.83E-01,1.52E-01,2.44E-01,2.01E+02,1.28E+01,2.14E+02,9.93E-05,0.000104395
7.42E+04,326599,1.76E+02,2.60E+00,1.39E-02,9.12E+01,1.58E-05,2.84E-01,1.52E-01,2.46E-01,2.02E+02,1.30E+01,2.15E+02,9.93E-05,0.000104359
7.42E+04,3.27E+05,4.33E+01,7.55E-01,1.39E-02,9.12E+01,1.58E-05,2.84E-01,1.52E-01,2.46E-01,2.02E+02,1.30E+01,2.15E+02,9.93E-05,0.000104359
7.43E+04,3.27E+05,4.34E+01,7.53E-01,1.39E-02,9.12E+01,1.58E-05,2.84E-01,1.52E-01,2.46E-01,2.02E+02,1.31E+01,2.15E+02,9.92E-05,0.000104323
7.43E+04,326700,1.76E+02,2.60E+00,1.39E-02,9.12E+01,1.58E-05,2.84E-01,1.52E-01,2.46E-01,2.02E+02,1.31E+01,2.15E+02,9.92E-05,0.000104323
7.43E+04,3.27E+05,4.28E+01,7.51E-01,1.39E-02,9.12E+01,1.58E-05,2.83E-01,1.52E-01,2.44E-01,2.01E+02,1.28E+01,2.14E+02,9.92E-05,0.000104287
7.43E+04,3.27E+05,1.75E+02,2.60E+00,1.39E-02,9.12E+01,1.58E-05,2.83E-01,1.52E-01,2.44E-01,2.01E+02,1.28E+01,2.14E+02,9.92E-05,0.000104287
7.43E+04,3.27E+05,4.34E+01,7.52E-01,1.40E-02,9.12E+01,1.57E-05,2.83E-01,1.52E-01,2.47E-01,2.02E+02,1.31E+01,2.15E+02,9.92E-05,0.000104251
7.43E+04,3.27E+05,1.75E+02,2.60E+00,1.40E-02,9.12E+01,1.57E-05,2.83E-01,1.52E-01,2.47E-01,2.02E+02,1.31E+01,2.15E+02,9.92E-05,0.000104251
7.43E+04,326999,4.38E+01,7.51E-01,1.40E-02,9.12E+01,1.57E-05,2.83E-01,1.51E-01,2.50E-01,2.02E+02,1.34E+01,2.16E+02,9.91E-05,0.000104215
7.43E+04,3.27E+05,1.75E+02,2.60E+00,1.40E-02,9.12E+01,1.57E-05,2.83E-01,1.51E-01,2.50E-01,2.02E+02,1.34E+01,2.16E+02,9.91E-05,0.000104215
7.43E+04,327099,4.37E+01,7.51E-01,1.40E-02,9.12E+01,1.57E-05,2.83E-01,1.51E-01,2.49E-01,2.02E+02,1.34E+01,2.15E+02,9.91E-05,0.000104179
7.43E+04,3.27E+05,1.75E+02,2.60E+00,1.40E-02,9.12E+01,1.57E-05,2.83E-01,1.51E-01,2.49E-01,2.02E+02,1.34E+01,2.15E+02,9.91E-05,0.000104178
7.44E+04,327199,4.38E+01,7.52E-01,1.40E-02,9.12E+01,1.57E-05,2.83E-01,1.52E-01,2.49E-01,2.02E+02,1.34E+01,2.16E+02,9.91E-05,0.000104143
7.44E+04,327200,1.76E+02,2.60E+00,1.40E-02,9.12E+01,1.57E-05,2.83E-01,1.52E-01,2.49E-01,2.02E+02,1.34E+01,2.16E+02,9.91E-05,0.000104142
7.44E+04,3.27E+05,4.33E+01,7.52E-01,1.40E-02,9.12E+01,1.57E-05,2.83E-01,1.52E-01,2.47E-01,2.02E+02,1.31E+01,2.15E+02,9.90E-05,0.000104106
7.44E+04,3.27E+05,1.75E+02,2.60E+00,1.40E-02,9.12E+01,1.57E-05,2.83E-01,1.52E-01,2.47E-01,2.02E+02,1.31E+01,2.15E+02,9.90E-05,0.000104106
7.44E+04,327399,4.38E+01,7.51E-01,1.40E-02,9.12E+01,1.57E-05,2.83E-01,1.52E-01,2.49E-01,2.02E+02,1.34E+01,2.16E+02,9.90E-05,0.000104071
7.44E+04,327400,1.76E+02,2.59E+00,1.40E-02,9.12E+01,1.57E-05,2.83E-01,1.52E-01,2.49E-01,2.02E+02,1.34E+01,2.16E+02,9.90E-05,0.00010407
7.44E+04,3.27E+05,4.33E+01,7.53E-01,1.39E-02,9.12E+01,1.57E-05,2.83E-01,1.52E-01,2.46E-01,2.02E+02,1.30E+01,2.15E+02,9.90E-05,0.000104035
7.44E+04,327500,1.76E+02,2.60E+00,1.39E-02,9.12E+01,1.57E-05,2.83E-01,1.52E-01,2.46E-01,2.02E+02,1.30E+01,2.15E+02,9.90E-05,0.000104034
7.44E+04,3.28E+05,4.28E+01,7.52E-01,1.39E-02,9.12E+01,1.57E-05,2.83E-01,1.52E-01,2.44E-01,2.01E+02,1.27E+01,2.14E+02,9.89E-05,0.000103999
7.44E+04,3.28E+05,1.75E+02,2.60E+00,1.39E-02,9.12E+01,1.57E-05,2.83E-01,1.52E-01,2.44E-01,2.01E+02,1.27E+01,2.14E+02,9.89E-05,0.000103999
7.45E+04,327699,4.41E+01,7.53E-01,1.41E-02,9.12E+01,1.57E-05,2.83E-01,1.51E-01,2.51E-01,2.02E+02,1.37E+01,2.16E+02,9.89E-05,0.000103963
7.45E+04,3.28E+05,1.75E+02,2.60E+00,1.41E-02,9.12E+01,1.57E-05,2.83E-01,1.51E-01,2.51E-01,2.02E+02,1.37E+01,2.16E+02,9.89E-05,0.000103963
7.45E+04,327799,4.35E+01,7.52E-01,1.41E-02,9.12E+01,1.57E-05,2.81E-01,1.50E-01,2.49E-01,2.01E+02,1.33E+01,2.14E+02,9.89E-05,0.000103927
7.45E+04,3.28E+05,1.75E+02,2.60E+00,1.41E-02,9.12E+01,1.57E-05,2.81E-01,1.50E-01,2.49E-01,2.01E+02,1.33E+01,2.14E+02,9.89E-05,0.000103927
7.45E+04,3.28E+05,4.29E+01,7.52E-01,1.39E-02,9.12E+01,1.57E-05,2.83E-01,1.53E-01,2.44E-01,2.02E+02,1.28E+01,2.14E+02,9.88E-05,0.000103891
7.45E+04,327900,1.76E+02,2.60E+00,1.39E-02,9.12E+01,1.57E-05,2.83E-01,1.53E-01,2.44E-01,2.02E+02,1.28E+01,2.14E+02,9.88E-05,0.000103891
7.45E+04,327999,4.35E+01,7.53E-01,1.40E-02,9.12E+01,1.57E-05,2.82E-01,1.51E-01,2.49E-01,2.01E+02,1.33E+01,2.15E+02,9.88E-05,0.000103855
7.45E+04,3.28E+05,1.75E+02,2.60E+00,1.40E-02,9.12E+01,1.57E-05,2.82E-01,1.51E-01,2.49E-01,2.01E+02,1.33E+01,2.15E+02,9.88E-05,0.000103855
7.46E+04,328099,4.34E+01,7.52E-01,1.40E-02,9.12E+01,1.57E-05,2.82E-01,1.51E-01,2.48E-01,2.02E+02,1.32E+01,2.15E+02,9.88E-05,0.000103819
7.46E+04,3.28E+05,1.75E+02,2.60E+00,1.40E-02,9.12E+01,1.57E-05,2.82E-01,1.51E-01,2.48E-01,2.02E+02,1.32E+01,2.15E+02,9.88E-05,0.000103819
7.46E+04,328199,4.39E+01,7.53E-01,1.41E-02,9.12E+01,1.57E-05,2.81E-01,1.50E-01,2.52E-01,2.01E+02,1.36E+01,2.15E+02,9.87E-05,0.000103784
7.46E+04,3.28E+05,1.75E+02,2.60E+00,1.41E-02,9.12E+01,1.57E-05,2.81E-01,1.50E-01,2.52E-01,2.01E+02,1.36E+01,2.15E+02,9.87E-05,0.000103783
7.46E+04,328299,4.34E+01,7.53E-01,1.40E-02,9.12E+01,1.57E-05,2.82E-01,1.51E-01,2.48E-01,2.01E+02,1.32E+01,2.14E+02,9.87E-05,0.000103748
7.46E+04,3.28E+05,1.75E+02,2.60E+00,1.40E-02,9.12E+01,1.57E-05,2.82E-01,1.51E-01,2.48E-01,2.01E+02,1.32E+01,2.14E+02,9.87E-05,0.000103748
7.46E+04,328399,4.34E+01,7.53E-01,1.41E-02,9.12E+01,1.57E-05,2.80E-01,1.50E-01,2.49E-01,2.00E+02,1.33E+01,2.14E+02,9.87E-05,0.000103712
7.46E+04,3.28E+05,1.74E+02,2.60E+00,1.41E-02,9.12E+01,1.57E-05,2.80E-01,1.50E-01,2.49E-01,2.00E+02,1.33E+01,2.14E+02,9.87E-05,0.000103712
7.46E+04,328499,4.34E+01,7.52E-01,1.40E-02,9.12E+01,1.57E-05,2.83E-01,1.52E-01,2.47E-01,2.02E+02,1.31E+01,2.15E+02,9.86E-05,0.000103676
7.46E+04,328500,1.76E+02,2.60E+00,1.40E-02,9.12E+01,1.57E-05,2.83E-01,1.52E-01,2.47E-01,2.02E+02,1.31E+01,2.15E+02,9.86E-05,0.000103676
7.47E+04,328599,4.34E+01,7.52E-01,1.40E-02,9.12E+01,1.57E-05,2.83E-01,1.52E-01,2.48E-01,2.02E+02,1.32E+01,2.15E+02,9.86E-05,0.000103641
7.47E+04,328600,1.76E+02,2.60E+00,1.40E-02,9.12E+01,1.57E-05,2.83E-01,1.52E-01,2.48E-01,2.02E+02,1.32E+01,2.15E+02,9.86E-05,0.00010364
7.47E+04,3.29E+05,4.31E+01,7.54E-01,1.39E-02,9.12E+01,1.57E-05,2.83E-01,1.52E-01,2.45E-01,2.01E+02,1.29E+01,2.14E+02,9.86E-05,0.000103605
7.47E+04,328700,1.75E+02,2.60E+00,1.39E-02,9.12E+01,1.57E-05,2.83E-01,1.52E-01,2.45E-01,2.01E+02,1.29E+01,2.14E+02,9.86E-05,0.000103605
7.47E+04,328799,4.35E+01,7.53E-01,1.40E-02,9.12E+01,1.57E-05,2.82E-01,1.51E-01,2.49E-01,2.01E+02,1.33E+01,2.14E+02,9.85E-05,0.000103569
7.47E+04,3.29E+05,1.75E+02,2.60E+00,1.40E-02,9.12E+01,1.57E-05,2.82E-01,1.51E-01,2.49E-01,2.01E+02,1.33E+01,2.14E+02,9.85E-05,0.000103569
7.48E+04,328899,4.40E+01,7.54E-01,1.40E-02,9.12E+01,1.57E-05,2.83E-01,1.51E-01,2.50E-01,2.02E+02,1.35E+01,2.16E+02,9.85E-05,0.000103534
7.48E+04,328900,1.76E+02,2.60E+00,1.40E-02,9.12E+01,1.57E-05,2.83E-01,1.51E-01,2.50E-01,2.02E+02,1.35E+01,2.16E+02,9.85E-05,0.000103533
7.48E+04,328999,4.40E+01,7.53E-01,1.41E-02,9.12E+01,1.57E-05,2.82E-01,1.50E-01,2.52E-01,2.01E+02,1.36E+01,2.15E+02,9.85E-05,0.000103498
7.48E+04,3.29E+05,1.75E+02,2.60E+00,1.41E-02,9.12E+01,1.57E-05,2.82E-01,1.50E-01,2.52E-01,2.01E+02,1.36E+01,2.15E+02,9.85E-05,0.000103498
7.48E+04,3.29E+05,4.30E+01,7.52E-01,1.40E-02,9.12E+01,1.56E-05,2.82E-01,1.51E-01,2.46E-01,2.01E+02,1.30E+01,2.14E+02,9.84E-05,0.000103462
7.48E+04,3.29E+05,1.75E+02,2.60E+00,1.40E-02,9.12E+01,1.56E-05,2.82E-01,1.51E-01,2.46E-01,2.01E+02,1.30E+01,2.14E+02,9.84E-05,0.000103462
7.48E+04,329199,4.35E+01,7.52E-01,1.40E-02,9.12E+01,1.56E-05,2.83E-01,1.52E-01,2.48E-01,2.02E+02,1.32E+01,2.15E+02,9.84E-05,0.000103427
7.48E+04,329200,1.75E+02,2.60E+00,1.40E-02,9.12E+01,1.56E-05,2.83E-01,1.52E-01,2.48E-01,2.02E+02,1.32E+01,2.15E+02,9.84E-05,0.000103427
7.48E+04,3.29E+05,4.31E+01,7.53E-01,1.39E-02,9.12E+01,1.56E-05,2.83E-01,1.52E-01,2.46E-01,2.01E+02,1.29E+01,2.14E+02,9.84E-05,0.000103391
7.48E+04,329300,1.75E+02,2.60E+00,1.39E-02,9.12E+01,1.56E-05,2.83E-01,1.52E-01,2.46E-01,2.01E+02,1.29E+01,2.14E+02,9.84E-05,0.000103391
7.49E+04,329399,4.38E+01,7.54E-01,1.40E-02,9.12E+01,1.56E-05,2.82E-01,1.50E-01,2.50E-01,2.01E+02,1.35E+01,2.15E+02,9.83E-05,0.000103356
7.49E+04,3.29E+05,1.75E+02,2.60E+00,1.40E-02,9.12E+01,1.56E-05,2.82E-01,1.50E-01,2.50E-01,2.01E+02,1.35E+01,2.15E+02,9.83E-05,0.000103356
7.49E+04,3.29E+05,4.28E+01,7.52E-01,1.40E-02,9.12E+01,1.56E-05,2.82E-01,1.52E-01,2.45E-01,2.01E+02,1.28E+01,2.14E+02,9.83E-05,0.00010332
7.49E+04,3.29E+05,1.75E+02,2.60E+00,1.40E-02,9.12E+01,1.56E-05,2.82E-01,1.52E-01,2.45E-01,2.01E+02,1.28E+01,2.14E+02,9.83E-05,0.00010332
7.49E+04,3.30E+05,4.32E+01,7.54E-01,1.39E-02,9.12E+01,1.56E-05,2.83E-01,1.52E-01,2.46E-01,2.01E+02,1.30E+01,2.14E+02,9.83E-05,0.000103285
7.49E+04,329600,1.75E+02,2.60E+00,1.39E-02,9.12E+01,1.56E-05,2.83E-01,1.52E-01,2.46E-01,2.01E+02,1.30E+01,2.14E+02,9.83E-05,0.000103285
7.49E+04,3.30E+05,4.33E+01,7.53E-01,1.40E-02,9.12E+01,1.56E-05,2.82E-01,1.51E-01,2.47E-01,2.01E+02,1.31E+01,2.14E+02,9.82E-05,0.000103249
7.49E+04,3.30E+05,1.75E+02,2.60E+00,1.40E-02,9.12E+01,1.56E-05,2.82E-01,1.51E-01,2.47E-01,2.01E+02,1.31E+01,2.14E+02,9.82E-05,0.000103249
7.50E+04,3.30E+05,4.33E+01,7.53E-01,1.39E-02,9.12E+01,1.56E-05,2.83E-01,1.52E-01,2.46E-01,2.01E+02,1.30E+01,2.15E+02,9.82E-05,0.000103214
7.50E+04,329800,1.75E+02,2.60E+00,1.39E-02,9.12E+01,1.56E-05,2.83E-01,1.52E-01,2.46E-01,2.01E+02,1.30E+01,2.15E+02,9.82E-05,0.000103214
7.50E+04,3.30E+05,4.28E+01,7.53E-01,1.40E-02,9.12E+01,1.56E-05,2.81E-01,1.51E-01,2.45E-01,2.00E+02,1.28E+01,2.13E+02,9.82E-05,0.000103178
7.50E+04,3.30E+05,1.75E+02,2.59E+00,1.40E-02,9.12E+01,1.56E-05,2.81E-01,1.51E-01,2.45E-01,2.00E+02,1.28E+01,2.13E+02,9.82E-05,0.000103178
7.50E+04,329999,4.38E+01,7.52E-01,1.40E-02,9.12E+01,1.56E-05,2.83E-01,1.51E-01,2.49E-01,2.02E+02,1.34E+01,2.16E+02,9.81E-05,0.000103143
7.50E+04,330000,1.76E+02,2.60E+00,1.40E-02,9.12E+01,1.56E-05,2.83E-01,1.51E-01,2.49E-01,2.02E+02,1.34E+01,2.16E+02,9.81E-05,0.000103143
7.50E+04,3.30E+05,4.29E+01,7.54E-01,1.40E-02,9.12E+01,1.56E-05,2.81E-01,1.51E-01,2.46E-01,2.00E+02,1.29E+01,2.13E+02,9.81E-05,0.000103108
7.50E+04,3.30E+05,1.75E+02,2.60E+00,1.40E-02,9.12E+01,1.56E-05,2.81E-01,1.51E-01,2.46E-01,2.00E+02,1.29E+01,2.13E+02,9.81E-05,0.000103108
7.50E+04,3.30E+05,4.33E+01,7.52E-01,1.41E-02,9.12E+01,1.56E-05,2.80E-01,1.50E-01,2.49E-01,2.00E+02,1.32E+01,2.13E+02,9.81E-05,0.000103072
7.50E+04,3.30E+05,1.74E+02,2.59E+00,1.41E-02,9.12E+01,1.56E-05,2.80E-01,1.50E-01,2.49E-01,2.00E+02,1.32E+01,2.13E+02,9.81E-05,0.000103072
7.51E+04,3.30E+05,4.32E+01,7.53E-01,1.39E-02,9.12E+01,1.56E-05,2.82E-01,1.52E-01,2.47E-01,2.01E+02,1.30E+01,2.14E+02,9.80E-05,0.000103037
7.51E+04,330300,1.75E+02,2.59E+00,1.39E-02,9.12E+01,1.56E-05,2.82E-01,1.52E-01,2.47E-01,2.01E+02,1.30E+01,2.14E+02,9.80E-05,0.000103037
7.51E+04,3.30E+05,4.32E+01,7.52E-01,1.40E-02,9.12E+01,1.56E-05,2.81E-01,1.51E-01,2.48E-01,2.01E+02,1.31E+01,2.14E+02,9.80E-05,0.000103002
7.51E+04,3.30E+05,1.74E+02,2.59E+00,1.40E-02,9.12E+01,1.56E-05,2.81E-01,1.51E-01,2.48E-01,2.01E+02,1.31E+01,2.14E+02,9.80E-05,0.000103002
7.51E+04,3.30E+05,4.28E+01,7.53E-01,1.39E-02,9.12E+01,1.56E-05,2.83E-01,1.52E-01,2.44E-01,2.01E+02,1.27E+01,2.14E+02,9.79E-05,0.000102967
7.51E+04,330500,1.75E+02,2.59E+00,1.39E-02,9.12E+01,1.56E-05,2.83E-01,1.52E-01,2.44E-01,2.01E+02,1.27E+01,2.14E+02,9.79E-05,0.000102966
7.51E+04,3.31E+05,4.33E+01,7.53E-01,1.40E-02,9.12E+01,1.56E-05,2.82E-01,1.51E-01,2.47E-01,2.01E+02,1.31E+01,2.14E+02,9.79E-05,0.000102931
7.51E+04,3.31E+05,1.75E+02,2.59E+00,1.40E-02,9.12E+01,1.56E-05,2.82E-01,1.51E-01,2.47E-01,2.01E+02,1.31E+01,2.14E+02,9.79E-05,0.000102931
7.52E+04,330699,4.41E+01,7.54E-01,1.40E-02,9.12E+01,1.56E-05,2.83E-01,1.51E-01,2.51E-01,2.03E+02,1.36E+01,2.16E+02,9.79E-05,0.000102896
7.52E+04,330700,1.76E+02,2.60E+00,1.40E-02,9.12E+01,1.56E-05,2.83E-01,1.51E-01,2.51E-01,2.03E+02,1.36E+01,2.16E+02,9.79E-05,0.000102896
7.52E+04,3.31E+05,4.30E+01,7.53E-01,1.39E-02,9.12E+01,1.56E-05,2.82E-01,1.52E-01,2.46E-01,2.01E+02,1.29E+01,2.14E+02,9.78E-05,0.000102861
7.52E+04,330800,1.75E+02,2.60E+00,1.39E-02,9.12E+01,1.56E-05,2.82E-01,1.52E-01,2.46E-01,2.01E+02,1.29E+01,2.14E+02,9.78E-05,0.000102861
7.52E+04,3.31E+05,4.30E+01,7.53E-01,1.40E-02,9.12E+01,1.56E-05,2.81E-01,1.51E-01,2.47E-01,2.00E+02,1.30E+01,2.13E+02,9.78E-05,0.000102826
7.52E+04,3.31E+05,1.74E+02,2.60E+00,1.40E-02,9.12E+01,1.56E-05,2.81E-01,1.51E-01,2.47E-01,2.00E+02,1.30E+01,2.13E+02,9.78E-05,0.000102826
7.52E+04,330999,4.35E+01,7.54E-01,1.40E-02,9.12E+01,1.56E-05,2.82E-01,1.51E-01,2.48E-01,2.02E+02,1.32E+01,2.15E+02,9.78E-05,0.000102791
7.52E+04,331000,1.75E+02,2.60E+00,1.40E-02,9.12E+01,1.56E-05,2.82E-01,1.51E-01,2.48E-01,2.02E+02,1.32E+01,2.15E+02,9.78E-05,0.00010279
7.52E+04,3.31E+05,4.26E+01,7.52E-01,1.39E-02,9.12E+01,1.56E-05,2.83E-01,1.53E-01,2.43E-01,2.01E+02,1.26E+01,2.14E+02,9.77E-05,0.000102755
7.52E+04,331100,1.75E+02,2.60E+00,1.39E-02,9.12E+01,1.56E-05,2.83E-01,1.53E-01,2.43E-01,2.01E+02,1.26E+01,2.14E+02,9.77E-05,0.000102755
7.53E+04,331199,4.35E+01,7.52E-01,1.40E-02,9.13E+01,1.56E-05,2.82E-01,1.51E-01,2.49E-01,2.01E+02,1.33E+01,2.14E+02,9.77E-05,0.00010272
7.53E+04,3.31E+05,1.75E+02,2.60E+00,1.40E-02,9.13E+01,1.56E-05,2.82E-01,1.51E-01,2.49E-01,2.01E+02,1.33E+01,2.14E+02,9.77E-05,0.00010272
7.53E+04,331299,4.35E+01,7.53E-01,1.40E-02,9.13E+01,1.55E-05,2.82E-01,1.51E-01,2.49E-01,2.01E+02,1.33E+01,2.15E+02,9.77E-05,0.000102685
7.53E+04,3.31E+05,1.75E+02,2.60E+00,1.40E-02,9.13E+01,1.55E-05,2.82E-01,1.51E-01,2.49E-01,2.01E+02,1.33E+01,2.15E+02,9.77E-05,0.000102685
7.53E+04,331399,4.35E+01,7.53E-01,1.40E-02,9.13E+01,1.55E-05,2.82E-01,1.51E-01,2.49E-01,2.01E+02,1.33E+01,2.14E+02,9.76E-05,0.00010265
7.53E+04,3.31E+05,1.75E+02,2.60E+00,1.40E-02,9.13E+01,1.55E-05,2.82E-01,1.51E-01,2.49E-01,2.01E+02,1.33E+01,2.14E+02,9.76E-05,0.00010265
7.53E+04,331499,4.34E+01,7.51E-01,1.39E-02,9.13E+01,1.55E-05,2.83E-01,1.52E-01,2.47E-01,2.02E+02,1.31E+01,2.15E+02,9.76E-05,0.000102615
7.53E+04,331500,1.76E+02,2.60E+00,1.39E-02,9.13E+01,1.55E-05,2.83E-01,1.52E-01,2.47E-01,2.02E+02,1.31E+01,2.15E+02,9.76E-05,0.000102615
7.53E+04,331599,4.34E+01,7.54E-01,1.40E-02,9.13E+01,1.55E-05,2.82E-01,1.51E-01,2.49E-01,2.01E+02,1.33E+01,2.14E+02,9.76E-05,0.00010258
7.53E+04,3.32E+05,1.75E+02,2.60E+00,1.40E-02,9.13E+01,1.55E-05,2.82E-01,1.51E-01,2.49E-01,2.01E+02,1.33E+01,2.14E+02,9.76E-05,0.00010258
7.54E+04,3.32E+05,4.29E+01,7.56E-01,1.40E-02,9.13E+01,1.55E-05,2.82E-01,1.51E-01,2.45E-01,2.00E+02,1.28E+01,2.13E+02,9.75E-05,0.000102545
7.54E+04,3.32E+05,1.75E+02,2.60E+00,1.40E-02,9.13E+01,1.55E-05,2.82E-01,1.51E-01,2.45E-01,2.00E+02,1.28E+01,2.13E+02,9.75E-05,0.000102545
7.54E+04,331799,4.36E+01,7.53E-01,1.40E-02,9.13E+01,1.55E-05,2.82E-01,1.51E-01,2.49E-01,2.02E+02,1.34E+01,2.15E+02,9.75E-05,0.00010251
7.54E+04,3.32E+05,1.75E+02,2.60E+00,1.40E-02,9.13E+01,1.55E-05,2.82E-01,1.51E-01,2.49E-01,2.02E+02,1.34E+01,2.15E+02,9.75E-05,0.00010251
7.54E+04,3.32E+05,4.31E+01,7.54E-01,1.40E-02,9.13E+01,1.55E-05,2.81E-01,1.51E-01,2.47E-01,2.00E+02,1.30E+01,2.13E+02,9.75E-05,0.000102475
7.54E+04,3.32E+05,1.74E+02,2.60E+00,1.40E-02,9.13E+01,1.55E-05,2.81E-01,1.51E-01,2.47E-01,2.00E+02,1.30E+01,2.13E+02,9.75E-05,0.000102475
7.55E+04,331999,4.36E+01,7.56E-01,1.41E-02,9.13E+01,1.55E-05,2.81E-01,1.50E-01,2.50E-01,2.01E+02,1.34E+01,2.14E+02,9.74E-05,0.00010244
7.55E+04,3.32E+05,1.74E+02,2.60E+00,1.41E-02,9.13E+01,1.55E-05,2.81E-01,1.50E-01,2.50E-01,2.01E+02,1.34E+01,2.14E+02,9.74E-05,0.00010244
7.55E+04,332099,4.41E+01,7.54E-01,1.41E-02,9.13E+01,1.55E-05,2.82E-01,1.50E-01,2.52E-01,2.02E+02,1.37E+01,2.15E+02,9.74E-05,0.000102406
7.55E+04,3.32E+05,1.75E+02,2.60E+00,1.41E-02,9.13E+01,1.55E-05,2.82E-01,1.50E-01,2.52E-01,2.02E+02,1.37E+01,2.15E+02,9.74E-05,0.000102405
7.55E+04,3.32E+05,4.26E+01,7.53E-01,1.39E-02,9.13E+01,1.55E-05,2.82E-01,1.52E-01,2.44E-01,2.01E+02,1.27E+01,2.13E+02,9.74E-05,0.00010237
7.55E+04,3.32E+05,1.75E+02,2.60E+00,1.39E-02,9.13E+01,1.55E-05,2.82E-01,1.52E-01,2.44E-01,2.01E+02,1.27E+01,2.13E+02,9.74E-05,0.00010237
7.55E+04,3.32E+05,4.31E+01,7.54E-01,1.40E-02,9.13E+01,1.55E-05,2.81E-01,1.51E-01,2.47E-01,2.00E+02,1.30E+01,2.13E+02,9.73E-05,0.000102336
7.55E+04,3.32E+05,1.74E+02,2.60E+00,1.40E-02,9.13E+01,1.55E-05,2.81E-01,1.51E-01,2.47E-01,2.00E+02,1.30E+01,2.13E+02,9.73E-05,0.000102336
7.55E+04,3.32E+05,4.31E+01,7.53E-01,1.40E-02,9.13E+01,1.55E-05,2.81E-01,1.51E-01,2.47E-01,2.01E+02,1.30E+01,2.14E+02,9.73E-05,0.000102301
7.55E+04,3.32E+05,1.74E+02,2.60E+00,1.40E-02,9.13E+01,1.55E-05,2.81E-01,1.51E-01,2.47E-01,2.01E+02,1.30E+01,2.14E+02,9.73E-05,0.000102301
7.56E+04,332499,4.35E+01,7.53E-01,1.41E-02,9.13E+01,1.55E-05,2.81E-01,1.50E-01,2.50E-01,2.01E+02,1.34E+01,2.14E+02,9.73E-05,0.000102266
7.56E+04,3.32E+05,1.74E+02,2.60E+00,1.41E-02,9.13E+01,1.55E-05,2.81E-01,1.50E-01,2.50E-01,2.01E+02,1.34E+01,2.14E+02,9.73E-05,0.000102266
7.56E+04,332599,4.36E+01,7.55E-01,1.40E-02,9.13E+01,1.55E-05,2.82E-01,1.51E-01,2.48E-01,2.01E+02,1.32E+01,2.15E+02,9.72E-05,0.000102231
7.56E+04,332600,1.75E+02,2.60E+00,1.40E-02,9.13E+01,1.55E-05,2.82E-01,1.51E-01,2.48E-01,2.01E+02,1.32E+01,2.15E+02,9.72E-05,0.000102231
7.56E+04,332699,4.34E+01,7.53E-01,1.40E-02,9.13E+01,1.55E-05,2.83E-01,1.52E-01,2.48E-01,2.02E+02,1.32E+01,2.15E+02,9.72E-05,0.000102197
7.56E+04,332700,1.75E+02,2.60E+00,1.40E-02,9.13E+01,1.55E-05,2.83E-01,1.52E-01,2.48E-01,2.02E+02,1.32E+01,2.15E+02,9.72E-05,0.000102196
7.56E+04,332799,4.33E+01,7.52E-01,1.41E-02,9.13E+01,1.55E-05,2.81E-01,1.50E-01,2.49E-01,2.01E+02,1.32E+01,2.14E+02,9.72E-05,0.000102162
7.56E+04,3.33E+05,1.74E+02,2.60E+00,1.41E-02,9.13E+01,1.55E-05,2.81E-01,1.50E-01,2.49E-01,2.01E+02,1.32E+01,2.14E+02,9.72E-05,0.000102162
7.57E+04,332899,4.33E+01,7.53E-01,1.41E-02,9.13E+01,1.55E-05,2.81E-01,1.50E-01,2.49E-01,2.01E+02,1.32E+01,2.14E+02,9.71E-05,0.000102127
7.57E+04,3.33E+05,1.74E+02,2.60E+00,1.41E-02,9.13E+01,1.55E-05,2.81E-01,1.50E-01,2.49E-01,2.01E+02,1.32E+01,2.14E+02,9.71E-05,0.000102127
7.57E+04,332999,4.40E+01,7.51E-01,1.41E-02,9.13E+01,1.55E-05,2.82E-01,1.51E-01,2.51E-01,2.02E+02,1.36E+01,2.16E+02,9.71E-05,0.000102092
7.57E+04,333000,1.75E+02,2.60E+00,1.41E-02,9.13E+01,1.55E-05,2.82E-01,1.51E-01,2.51E-01,2.02E+02,1.36E+01,2.16E+02,9.71E-05,0.000102092
7.57E+04,3.33E+05,4.29E+01,7.52E-01,1.39E-02,9.13E+01,1.55E-05,2.83E-01,1.53E-01,2.44E-01,2.02E+02,1.28E+01,2.14E+02,9.71E-05,0.000102058
7.57E+04,333100,1.76E+02,2.60E+00,1.39E-02,9.13E+01,1.55E-05,2.83E-01,1.53E-01,2.44E-01,2.02E+02,1.28E+01,2.14E+02,9.71E-05,0.000102057
7.57E+04,3.33E+05,4.28E+01,7.52E-01,1.40E-02,9.13E+01,1.55E-05,2.82E-01,1.52E-01,2.45E-01,2.01E+02,1.28E+01,2.14E+02,9.70E-05,0.000102023
7.57E+04,3.33E+05,1.75E+02,2.60E+00,1.40E-02,9.13E+01,1.55E-05,2.82E-01,1.52E-01,2.45E-01,2.01E+02,1.28E+01,2.14E+02,9.70E-05,0.000102023
7.57E+04,333299,4.34E+01,7.51E-01,1.41E-02,9.13E+01,1.55E-05,2.82E-01,1.51E-01,2.48E-01,2.01E+02,1.32E+01,2.15E+02,9.70E-05,0.000101988
7.57E+04,3.33E+05,1.75E+02,2.60E+00,1.41E-02,9.13E+01,1.55E-05,2.82E-01,1.51E-01,2.48E-01,2.01E+02,1.32E+01,2.15E+02,9.70E-05,0.000101988
7.58E+04,3.33E+05,4.28E+01,7.52E-01,1.39E-02,9.13E+01,1.55E-05,2.82E-01,1.52E-01,2.44E-01,2.01E+02,1.28E+01,2.14E+02,9.70E-05,0.000101954
7.58E+04,333400,1.75E+02,2.60E+00,1.39E-02,9.13E+01,1.55E-05,2.82E-01,1.52E-01,2.44E-01,2.01E+02,1.28E+01,2.14E+02,9.70E-05,0.000101953
7.58E+04,333499,4.34E+01,7.52E-01,1.40E-02,9.13E+01,1.54E-05,2.81E-01,1.51E-01,2.48E-01,2.01E+02,1.32E+01,2.14E+02,9.69E-05,0.000101919
7.58E+04,3.33E+05,1.75E+02,2.60E+00,1.40E-02,9.13E+01,1.54E-05,2.81E-01,1.51E-01,2.48E-01,2.01E+02,1.32E+01,2.14E+02,9.69E-05,0.000101919
7.58E+04,333599,4.32E+01,7.52E-01,1.40E-02,9.13E+01,1.54E-05,2.81E-01,1.51E-01,2.47E-01,2.01E+02,1.31E+01,2.14E+02,9.69E-05,0.000101885
7.58E+04,3.34E+05,1.75E+02,2.60E+00,1.40E-02,9.13E+01,1.54E-05,2.81E-01,1.51E-01,2.47E-01,2.01E+02,1.31E+01,2.14E+02,9.69E-05,0.000101884
7.58E+04,333699,4.35E+01,7.55E-01,1.40E-02,9.13E+01,1.54E-05,2.83E-01,1.51E-01,2.48E-01,2.02E+02,1.32E+01,2.15E+02,9.69E-05,0.00010185
7.59E+04,333700,1.76E+02,2.60E+00,1.40E-02,9.13E+01,1.54E-05,2.83E-01,1.51E-01,2.48E-01,2.02E+02,1.32E+01,2.15E+02,9.69E-05,0.00010185
7.59E+04,333799,4.33E+01,7.53E-01,1.40E-02,9.13E+01,1.54E-05,2.82E-01,1.51E-01,2.48E-01,2.01E+02,1.31E+01,2.14E+02,9.68E-05,0.000101816
7.59E+04,333800,1.75E+02,2.60E+00,1.40E-02,9.13E+01,1.54E-05,2.82E-01,1.51E-01,2.48E-01,2.01E+02,1.31E+01,2.14E+02,9.68E-05,0.000101815
7.59E+04,3.34E+05,4.29E+01,7.52E-01,1.41E-02,9.13E+01,1.54E-05,2.80E-01,1.50E-01,2.47E-01,2.00E+02,1.29E+01,2.13E+02,9.68E-05,0.000101781
7.59E+04,3.34E+05,1.74E+02,2.60E+00,1.41E-02,9.13E+01,1.54E-05,2.80E-01,1.50E-01,2.47E-01,2.00E+02,1.29E+01,2.13E+02,9.68E-05,0.000101781
7.59E+04,333999,4.33E+01,7.52E-01,1.40E-02,9.13E+01,1.54E-05,2.82E-01,1.51E-01,2.47E-01,2.01E+02,1.31E+01,2.14E+02,9.68E-05,0.000101747
7.59E+04,334000,1.75E+02,2.59E+00,1.40E-02,9.13E+01,1.54E-05,2.82E-01,1.51E-01,2.47E-01,2.01E+02,1.31E+01,2.14E+02,9.68E-05,0.000101746
7.59E+04,334099,4.34E+01,7.51E-01,1.41E-02,9.13E+01,1.54E-05,2.81E-01,1.50E-01,2.49E-01,2.01E+02,1.33E+01,2.14E+02,9.67E-05,0.000101712
7.59E+04,3.34E+05,1.74E+02,2.59E+00,1.41E-02,9.13E+01,1.54E-05,2.81E-01,1.50E-01,2.49E-01,2.01E+02,1.33E+01,2.14E+02,9.67E-05,0.000101712
7.59E+04,334199,4.34E+01,7.52E-01,1.40E-02,9.13E+01,1.54E-05,2.82E-01,1.51E-01,2.48E-01,2.01E+02,1.32E+01,2.14E+02,9.67E-05,0.000101678
7.60E+04,334200,1.75E+02,2.60E+00,1.40E-02,9.13E+01,1.54E-05,2.82E-01,1.51E-01,2.48E-01,2.01E+02,1.32E+01,2.14E+02,9.67E-05,0.000101677
7.60E+04,334299,4.34E+01,7.52E-01,1.41E-02,9.13E+01,1.54E-05,2.81E-01,1.50E-01,2.49E-01,2.01E+02,1.33E+01,2.14E+02,9.67E-05,0.000101643
7.60E+04,3.34E+05,1.74E+02,2.60E+00,1.41E-02,9.13E+01,1.54E-05,2.81E-01,1.50E-01,2.49E-01,2.01E+02,1.33E+01,2.14E+02,9.67E-05,0.000101643
7.60E+04,334399,4.40E+01,7.52E-01,1.41E-02,9.13E+01,1.54E-05,2.82E-01,1.50E-01,2.51E-01,2.02E+02,1.36E+01,2.15E+02,9.67E-05,0.000101609
7.60E+04,334400,1.75E+02,2.60E+00,1.41E-02,9.13E+01,1.54E-05,2.82E-01,1.50E-01,2.51E-01,2.02E+02,1.36E+01,2.15E+02,9.67E-05,0.000101609
7.60E+04,3.34E+05,4.25E+01,7.53E-01,1.40E-02,9.13E+01,1.54E-05,2.81E-01,1.51E-01,2.44E-01,2.00E+02,1.26E+01,2.13E+02,9.66E-05,0.000101574
7.60E+04,3.34E+05,1.74E+02,2.60E+00,1.40E-02,9.13E+01,1.54E-05,2.81E-01,1.51E-01,2.44E-01,2.00E+02,1.26E+01,2.13E+02,9.66E-05,0.000101574
7.60E+04,334599,4.34E+01,7.52E-01,1.40E-02,9.13E+01,1.54E-05,2.82E-01,1.51E-01,2.48E-01,2.01E+02,1.32E+01,2.14E+02,9.66E-05,0.00010154
7.60E+04,334600,1.75E+02,2.60E+00,1.40E-02,9.13E+01,1.54E-05,2.82E-01,1.51E-01,2.48E-01,2.01E+02,1.32E+01,2.14E+02,9.66E-05,0.00010154
7.61E+04,334699,4.38E+01,7.54E-01,1.41E-02,9.13E+01,1.54E-05,2.81E-01,1.50E-01,2.51E-01,2.01E+02,1.35E+01,2.15E+02,9.66E-05,0.000101506
7.61E+04,3.35E+05,1.74E+02,2.60E+00,1.41E-02,9.13E+01,1.54E-05,2.81E-01,1.50E-01,2.51E-01,2.01E+02,1.35E+01,2.15E+02,9.66E-05,0.000101506
7.61E+04,334799,4.37E+01,7.52E-01,1.41E-02,9.13E+01,1.54E-05,2.82E-01,1.50E-01,2.50E-01,2.02E+02,1.34E+01,2.15E+02,9.65E-05,0.000101472
7.61E+04,3.35E+05,1.75E+02,2.60E+00,1.41E-02,9.13E+01,1.54E-05,2.82E-01,1.50E-01,2.50E-01,2.02E+02,1.34E+01,2.15E+02,9.65E-05,0.000101471
7.61E+04,334899,4.36E+01,7.52E-01,1.41E-02,9.13E+01,1.54E-05,2.81E-01,1.50E-01,2.50E-01,2.01E+02,1.34E+01,2.14E+02,9.65E-05,0.000101437
7.61E+04,3.35E+05,1.74E+02,2.60E+00,1.41E-02,9.13E+01,1.54E-05,2.81E-01,1.50E-01,2.50E-01,2.01E+02,1.34E+01,2.14E+02,9.65E-05,0.000101437
7.61E+04,334999,4.36E+01,7.53E-01,1.40E-02,9.13E+01,1.54E-05,2.82E-01,1.51E-01,2.49E-01,2.02E+02,1.33E+01,2.15E+02,9.65E-05,0.000101403
7.61E+04,335000,1.75E+02,2.60E+00,1.40E-02,9.13E+01,1.54E-05,2.82E-01,1.51E-01,2.49E-01,2.02E+02,1.33E+01,2.15E+02,9.65E-05,0.000101403
7.62E+04,335099,4.36E+01,7.52E-01,1.41E-02,9.13E+01,1.54E-05,2.81E-01,1.50E-01,2.50E-01,2.01E+02,1.34E+01,2.15E+02,9.64E-05,0.000101369
7.62E+04,3.35E+05,1.75E+02,2.60E+00,1.41E-02,9.13E+01,1.54E-05,2.81E-01,1.50E-01,2.50E-01,2.01E+02,1.34E+01,2.15E+02,9.64E-05,0.000101369
7.62E+04,335199,4.37E+01,7.52E-01,1.40E-02,9.13E+01,1.54E-05,2.82E-01,1.51E-01,2.49E-01,2.02E+02,1.34E+01,2.15E+02,9.64E-05,0.000101334
7.62E+04,335200,1.75E+02,2.60E+00,1.40E-02,9.13E+01,1.54E-05,2.82E-01,1.51E-01,2.49E-01,2.02E+02,1.34E+01,2.15E+02,9.64E-05,0.000101334
7.62E+04,335299,4.37E+01,7.52E-01,1.40E-02,9.13E+01,1.54E-05,2.82E-01,1.51E-01,2.49E-01,2.02E+02,1.34E+01,2.15E+02,9.64E-05,0.0001013
7.62E+04,335300,1.75E+02,2.60E+00,1.40E-02,9.13E+01,1.54E-05,2.82E-01,1.51E-01,2.49E-01,2.02E+02,1.34E+01,2.15E+02,9.64E-05,0.0001013
7.62E+04,3.35E+05,4.32E+01,7.52E-01,1.40E-02,9.13E+01,1.54E-05,2.81E-01,1.51E-01,2.47E-01,2.01E+02,1.31E+01,2.14E+02,9.63E-05,0.000101266
7.62E+04,3.35E+05,1.75E+02,2.60E+00,1.40E-02,9.13E+01,1.54E-05,2.81E-01,1.51E-01,2.47E-01,2.01E+02,1.31E+01,2.14E+02,9.63E-05,0.000101266
7.62E+04,3.35E+05,4.32E+01,7.53E-01,1.40E-02,9.13E+01,1.54E-05,2.81E-01,1.51E-01,2.47E-01,2.01E+02,1.31E+01,2.14E+02,9.63E-05,0.000101232
7.62E+04,3.35E+05,1.75E+02,2.60E+00,1.40E-02,9.13E+01,1.54E-05,2.81E-01,1.51E-01,2.47E-01,2.01E+02,1.31E+01,2.14E+02,9.63E-05,0.000101232
7.63E+04,3.36E+05,4.31E+01,7.52E-01,1.40E-02,9.13E+01,1.54E-05,2.82E-01,1.52E-01,2.46E-01,2.01E+02,1.30E+01,2.14E+02,9.63E-05,0.000101198
7.63E+04,335600,1.75E+02,2.60E+00,1.40E-02,9.13E+01,1.54E-05,2.82E-01,1.52E-01,2.46E-01,2.01E+02,1.30E+01,2.14E+02,9.63E-05,0.000101197
7.63E+04,335699,4.36E+01,7.55E-01,1.40E-02,9.13E+01,1.54E-05,2.82E-01,1.51E-01,2.49E-01,2.02E+02,1.33E+01,2.15E+02,9.62E-05,0.000101164
7.63E+04,335700,1.75E+02,2.60E+00,1.40E-02,9.13E+01,1.54E-05,2.82E-01,1.51E-01,2.49E-01,2.02E+02,1.33E+01,2.15E+02,9.62E-05,0.000101163
7.63E+04,3.36E+05,4.28E+01,7.53E-01,1.40E-02,9.13E+01,1.53E-05,2.82E-01,1.52E-01,2.45E-01,2.01E+02,1.28E+01,2.14E+02,9.62E-05,0.000101129
7.63E+04,335800,1.75E+02,2.60E+00,1.40E-02,9.13E+01,1.53E-05,2.82E-01,1.52E-01,2.45E-01,2.01E+02,1.28E+01,2.14E+02,9.62E-05,0.000101129
7.63E+04,335899,4.33E+01,7.52E-01,1.40E-02,9.13E+01,1.53E-05,2.82E-01,1.51E-01,2.47E-01,2.01E+02,1.31E+01,2.14E+02,9.62E-05,0.000101096
7.63E+04,335900,1.75E+02,2.60E+00,1.40E-02,9.13E+01,1.53E-05,2.82E-01,1.51E-01,2.47E-01,2.01E+02,1.31E+01,2.14E+02,9.62E-05,0.000101095
7.64E+04,335999,4.39E+01,7.53E-01,1.41E-02,9.13E+01,1.53E-05,2.81E-01,1.50E-01,2.52E-01,2.01E+02,1.36E+01,2.15E+02,9.61E-05,0.000101062
7.64E+04,3.36E+05,1.74E+02,2.60E+00,1.41E-02,9.13E+01,1.53E-05,2.81E-01,1.50E-01,2.52E-01,2.01E+02,1.36E+01,2.15E+02,9.61E-05,0.000101061
7.64E+04,336099,4.33E+01,7.53E-01,1.40E-02,9.13E+01,1.53E-05,2.82E-01,1.51E-01,2.48E-01,2.01E+02,1.32E+01,2.14E+02,9.61E-05,0.000101027
7.64E+04,336100,1.75E+02,2.60E+00,1.40E-02,9.13E+01,1.53E-05,2.82E-01,1.51E-01,2.48E-01,2.01E+02,1.32E+01,2.14E+02,9.61E-05,0.000101027
7.64E+04,3.36E+05,4.29E+01,7.53E-01,1.40E-02,9.13E+01,1.53E-05,2.82E-01,1.51E-01,2.45E-01,2.01E+02,1.28E+01,2.14E+02,9.61E-05,0.000100993
7.64E+04,336200,1.75E+02,2.60E+00,1.40E-02,9.13E+01,1.53E-05,2.82E-01,1.51E-01,2.45E-01,2.01E+02,1.28E+01,2.14E+02,9.61E-05,0.000100993
7.64E+04,3.36E+05,4.29E+01,7.53E-01,1.40E-02,9.13E+01,1.53E-05,2.82E-01,1.52E-01,2.45E-01,2.01E+02,1.28E+01,2.14E+02,9.60E-05,0.000100959
7.64E+04,336300,1.75E+02,2.60E+00,1.40E-02,9.13E+01,1.53E-05,2.82E-01,1.52E-01,2.45E-01,2.01E+02,1.28E+01,2.14E+02,9.60E-05,0.000100959
7.64E+04,336399,4.33E+01,7.52E-01,1.41E-02,9.13E+01,1.53E-05,2.81E-01,1.50E-01,2.48E-01,2.01E+02,1.32E+01,2.14E+02,9.60E-05,0.000100926
7.64E+04,3.36E+05,1.74E+02,2.60E+00,1.41E-02,9.13E+01,1.53E-05,2.81E-01,1.50E-01,2.48E-01,2.01E+02,1.32E+01,2.14E+02,9.60E-05,0.000100925
7.65E+04,336499,4.33E+01,7.54E-01,1.41E-02,9.13E+01,1.53E-05,2.81E-01,1.50E-01,2.48E-01,2.00E+02,1.32E+01,2.14E+02,9.60E-05,0.000100892
7.65E+04,3.36E+05,1.74E+02,2.60E+00,1.41E-02,9.13E+01,1.53E-05,2.81E-01,1.50E-01,2.48E-01,2.00E+02,1.32E+01,2.14E+02,9.60E-05,0.000100891
7.65E+04,336599,4.33E+01,7.52E-01,1.41E-02,9.13E+01,1.53E-05,2.80E-01,1.50E-01,2.48E-01,2.00E+02,1.32E+01,2.14E+02,9.59E-05,0.000100858
7.65E+04,3.37E+05,1.74E+02,2.59E+00,1.41E-02,9.13E+01,1.53E-05,2.80E-01,1.50E-01,2.48E-01,2.00E+02,1.32E+01,2.14E+02,9.59E-05,0.000100858
7.65E+04,336699,4.38E+01,7.55E-01,1.41E-02,9.13E+01,1.53E-05,2.82E-01,1.50E-01,2.50E-01,2.02E+02,1.35E+01,2.15E+02,9.59E-05,0.000100824
7.65E+04,3.37E+05,1.75E+02,2.60E+00,1.41E-02,9.13E+01,1.53E-05,2.82E-01,1.50E-01,2.50E-01,2.02E+02,1.35E+01,2.15E+02,9.59E-05,0.000100824
7.66E+04,3.37E+05,4.31E+01,7.51E-01,1.40E-02,9.13E+01,1.53E-05,2.81E-01,1.51E-01,2.46E-01,2.01E+02,1.30E+01,2.14E+02,9.59E-05,0.00010079
7.66E+04,3.37E+05,1.75E+02,2.60E+00,1.40E-02,9.13E+01,1.53E-05,2.81E-01,1.51E-01,2.46E-01,2.01E+02,1.30E+01,2.14E+02,9.59E-05,0.00010079
7.66E+04,336899,4.35E+01,7.52E-01,1.41E-02,9.13E+01,1.53E-05,2.80E-01,1.50E-01,2.50E-01,2.01E+02,1.34E+01,2.14E+02,9.58E-05,0.000100756
7.66E+04,3.37E+05,1.74E+02,2.60E+00,1.41E-02,9.13E+01,1.53E-05,2.80E-01,1.50E-01,2.50E-01,2.01E+02,1.34E+01,2.14E+02,9.58E-05,0.000100756
7.66E+04,3.37E+05,4.26E+01,7.53E-01,1.40E-02,9.13E+01,1.53E-05,2.80E-01,1.51E-01,2.45E-01,2.00E+02,1.27E+01,2.12E+02,9.58E-05,0.000100722
7.66E+04,3.37E+05,1.74E+02,2.60E+00,1.40E-02,9.13E+01,1.53E-05,2.80E-01,1.51E-01,2.45E-01,2.00E+02,1.27E+01,2.12E+02,9.58E-05,0.000100722
7.66E+04,337099,4.34E+01,7.52E-01,1.41E-02,9.13E+01,1.53E-05,2.80E-01,1.50E-01,2.49E-01,2.01E+02,1.33E+01,2.14E+02,9.58E-05,0.000100688
7.66E+04,3.37E+05,1.74E+02,2.60E+00,1.41E-02,9.13E+01,1.53E-05,2.80E-01,1.50E-01,2.49E-01,2.01E+02,1.33E+01,2.14E+02,9.58E-05,0.000100688
7.66E+04,3.37E+05,4.30E+01,7.52E-01,1.40E-02,9.13E+01,1.53E-05,2.81E-01,1.51E-01,2.46E-01,2.01E+02,1.29E+01,2.14E+02,9.57E-05,0.000100654
7.66E+04,3.37E+05,1.75E+02,2.60E+00,1.40E-02,9.13E+01,1.53E-05,2.81E-01,1.51E-01,2.46E-01,2.01E+02,1.29E+01,2.14E+02,9.57E-05,0.000100654
7.67E+04,3.37E+05,4.30E+01,7.52E-01,1.40E-02,9.13E+01,1.53E-05,2.81E-01,1.51E-01,2.46E-01,2.01E+02,1.30E+01,2.14E+02,9.57E-05,0.000100621
7.67E+04,3.37E+05,1.75E+02,2.60E+00,1.40E-02,9.13E+01,1.53E-05,2.81E-01,1.51E-01,2.46E-01,2.01E+02,1.30E+01,2.14E+02,9.57E-05,0.000100621
7.67E+04,337399,4.35E+01,7.53E-01,1.41E-02,9.13E+01,1.53E-05,2.81E-01,1.50E-01,2.49E-01,2.01E+02,1.33E+01,2.15E+02,9.57E-05,0.000100587
7.67E+04,3.37E+05,1.75E+02,2.60E+00,1.41E-02,9.13E+01,1.53E-05,2.81E-01,1.50E-01,2.49E-01,2.01E+02,1.33E+01,2.15E+02,9.57E-05,0.000100587
7.67E+04,337499,4.35E+01,7.52E-01,1.40E-02,9.13E+01,1.53E-05,2.82E-01,1.51E-01,2.49E-01,2.02E+02,1.33E+01,2.15E+02,9.56E-05,0.000100553
7.67E+04,337500,1.75E+02,2.60E+00,1.40E-02,9.13E+01,1.53E-05,2.82E-01,1.51E-01,2.49E-01,2.02E+02,1.33E+01,2.15E+02,9.56E-05,0.000100553
7.67E+04,337599,4.34E+01,7.51E-01,1.40E-02,9.14E+01,1.53E-05,2.81E-01,1.51E-01,2.48E-01,2.01E+02,1.32E+01,2.14E+02,9.56E-05,0.00010052
7.67E+04,3.38E+05,1.75E+02,2.60E+00,1.40E-02,9.14E+01,1.53E-05,2.81E-01,1.51E-01,2.48E-01,2.01E+02,1.32E+01,2.14E+02,9.56E-05,0.00010052
7.68E+04,337699,4.34E+01,7.56E-01,1.41E-02,9.14E+01,1.53E-05,2.81E-01,1.50E-01,2.49E-01,2.01E+02,1.33E+01,2.14E+02,9.56E-05,0.000100486
7.68E+04,3.38E+05,1.75E+02,2.60E+00,1.41E-02,9.14E+01,1.53E-05,2.81E-01,1.50E-01,2.49E-01,2.01E+02,1.33E+01,2.14E+02,9.56E-05,0.000100486
7.68E+04,337799,4.32E+01,7.52E-01,1.40E-02,9.14E+01,1.53E-05,2.82E-01,1.51E-01,2.47E-01,2.01E+02,1.31E+01,2.14E+02,9.55E-05,0.000100452
7.68E+04,337800,1.75E+02,2.60E+00,1.40E-02,9.14E+01,1.53E-05,2.82E-01,1.51E-01,2.47E-01,2.01E+02,1.31E+01,2.14E+02,9.55E-05,0.000100452
7.68E+04,337899,4.32E+01,7.53E-01,1.41E-02,9.14E+01,1.53E-05,2.81E-01,1.51E-01,2.48E-01,2.01E+02,1.31E+01,2.14E+02,9.55E-05,0.000100419
7.68E+04,3.38E+05,1.74E+02,2.60E+00,1.41E-02,9.14E+01,1.53E-05,2.81E-01,1.51E-01,2.48E-01,2.01E+02,1.31E+01,2.14E+02,9.55E-05,0.000100419
7.68E+04,337999,4.32E+01,7.52E-01,1.41E-02,9.14E+01,1.53E-05,2.81E-01,1.50E-01,2.48E-01,2.01E+02,1.31E+01,2.14E+02,9.55E-05,0.000100385
7.68E+04,3.38E+05,1.74E+02,2.60E+00,1.41E-02,9.14E+01,1.53E-05,2.81E-01,1.50E-01,2.48E-01,2.01E+02,1.31E+01,2.14E+02,9.55E-05,0.000100385
7.68E+04,338099,1.75E+02,2.60E+00,1.39E-02,9.14E+01,1.52E-05,2.82E-01,1.52E-01,2.44E-01,2.01E+02,1.27E+01,2.14E+02,9.54E-05,0.000100351
7.68E+04,3.38E+05,4.27E+01,7.52E-01,1.39E-02,9.14E+01,1.52E-05,2.82E-01,1.52E-01,2.44E-01,2.01E+02,1.27E+01,2.14E+02,9.54E-05,0.000100351
7.69E+04,338199,4.37E+01,7.53E-01,1.41E-02,9.14E+01,1.52E-05,2.82E-01,1.50E-01,2.50E-01,2.02E+02,1.34E+01,2.15E+02,9.54E-05,0.000100318
7.69E+04,338200,1.75E+02,2.60E+00,1.41E-02,9.14E+01,1.52E-05,2.82E-01,1.50E-01,2.50E-01,2.02E+02,1.34E+01,2.15E+02,9.54E-05,0.000100318
7.69E+04,3.38E+05,4.27E+01,7.52E-01,1.41E-02,9.14E+01,1.52E-05,2.80E-01,1.50E-01,2.46E-01,2.00E+02,1.28E+01,2.12E+02,9.54E-05,0.000100284
7.69E+04,3.38E+05,1.74E+02,2.60E+00,1.41E-02,9.14E+01,1.52E-05,2.80E-01,1.50E-01,2.46E-01,2.00E+02,1.28E+01,2.12E+02,9.54E-05,0.000100284
7.69E+04,338399,4.32E+01,7.53E-01,1.40E-02,9.14E+01,1.52E-05,2.81E-01,1.51E-01,2.47E-01,2.01E+02,1.31E+01,2.14E+02,9.54E-05,0.000100251
7.69E+04,338400,1.75E+02,2.60E+00,1.40E-02,9.14E+01,1.52E-05,2.81E-01,1.51E-01,2.47E-01,2.01E+02,1.31E+01,2.14E+02,9.54E-05,0.00010025
7.69E+04,338499,4.31E+01,7.52E-01,1.41E-02,9.14E+01,1.52E-05,2.80E-01,1.50E-01,2.48E-01,2.00E+02,1.31E+01,2.13E+02,9.53E-05,0.000100217
7.69E+04,3.38E+05,1.74E+02,2.60E+00,1.41E-02,9.14E+01,1.52E-05,2.80E-01,1.50E-01,2.48E-01,2.00E+02,1.31E+01,2.13E+02,9.53E-05,0.000100217
7.69E+04,338599,4.38E+01,7.52E-01,1.42E-02,9.14E+01,1.52E-05,2.80E-01,1.49E-01,2.52E-01,2.00E+02,1.36E+01,2.14E+02,9.53E-05,0.000100184
7.69E+04,3.39E+05,1.74E+02,2.60E+00,1.42E-02,9.14E+01,1.52E-05,2.80E-01,1.49E-01,2.52E-01,2.00E+02,1.36E+01,2.14E+02,9.53E-05,0.000100184
7.70E+04,3.39E+05,4.32E+01,7.56E-01,1.39E-02,9.14E+01,1.52E-05,2.83E-01,1.52E-01,2.46E-01,2.02E+02,1.30E+01,2.15E+02,9.53E-05,0.00010015
7.70E+04,338700,1.75E+02,2.60E+00,1.39E-02,9.14E+01,1.52E-05,2.83E-01,1.52E-01,2.46E-01,2.02E+02,1.30E+01,2.15E+02,9.53E-05,0.00010015
7.70E+04,338799,4.35E+01,7.53E-01,1.41E-02,9.14E+01,1.52E-05,2.80E-01,1.50E-01,2.50E-01,2.01E+02,1.33E+01,2.14E+02,9.52E-05,0.000100117
7.70E+04,3.39E+05,1.74E+02,2.60E+00,1.41E-02,9.14E+01,1.52E-05,2.80E-01,1.50E-01,2.50E-01,2.01E+02,1.33E+01,2.14E+02,9.52E-05,0.000100117
7.70E+04,338899,4.39E+01,7.53E-01,1.41E-02,9.14E+01,1.52E-05,2.81E-01,1.50E-01,2.52E-01,2.02E+02,1.36E+01,2.15E+02,9.52E-05,0.000100083
7.70E+04,338900,1.75E+02,2.60E+00,1.41E-02,9.14E+01,1.52E-05,2.81E-01,1.50E-01,2.52E-01,2.02E+02,1.36E+01,2.15E+02,9.52E-05,0.000100083
7.70E+04,3.39E+05,4.29E+01,7.53E-01,1.40E-02,9.14E+01,1.52E-05,2.81E-01,1.51E-01,2.46E-01,2.01E+02,1.29E+01,2.13E+02,9.52E-05,0.00010005
7.70E+04,339000,1.75E+02,2.60E+00,1.40E-02,9.14E+01,1.52E-05,2.81E-01,1.51E-01,2.46E-01,2.01E+02,1.29E+01,2.13E+02,9.52E-05,0.00010005
7.71E+04,339099,4.33E+01,7.53E-01,1.40E-02,9.14E+01,1.52E-05,2.81E-01,1.51E-01,2.48E-01,2.01E+02,1.32E+01,2.14E+02,9.51E-05,0.000100017
7.71E+04,339100,1.75E+02,2.60E+00,1.40E-02,9.14E+01,1.52E-05,2.81E-01,1.51E-01,2.48E-01,2.01E+02,1.32E+01,2.14E+02,9.51E-05,0.000100016
7.71E+04,3.39E+05,4.29E+01,7.52E-01,1.40E-02,9.14E+01,1.52E-05,2.81E-01,1.51E-01,2.45E-01,2.01E+02,1.29E+01,2.14E+02,9.51E-05,1.00E-04
7.71E+04,339200,1.75E+02,2.60E+00,1.40E-02,9.14E+01,1.52E-05,2.81E-01,1.51E-01,2.45E-01,2.01E+02,1.29E+01,2.14E+02,9.51E-05,1.00E-04
7.71E+04,339299,4.35E+01,7.52E-01,1.41E-02,9.14E+01,1.52E-05,2.81E-01,1.50E-01,2.49E-01,2.01E+02,1.33E+01,2.14E+02,9.51E-05,9.99E-05
7.71E+04,339300,1.75E+02,2.60E+00,1.41E-02,9.14E+01,1.52E-05,2.81E-01,1.50E-01,2.49E-01,2.01E+02,1.33E+01,2.14E+02,9.51E-05,9.99E-05
7.71E+04,3.39E+05,4.29E+01,7.52E-01,1.40E-02,9.14E+01,1.52E-05,2.81E-01,1.51E-01,2.46E-01,2.01E+02,1.29E+01,2.14E+02,9.50E-05,9.99E-05
7.71E+04,339400,1.75E+02,2.60E+00,1.40E-02,9.14E+01,1.52E-05,2.81E-01,1.51E-01,2.46E-01,2.01E+02,1.29E+01,2.14E+02,9.50E-05,9.99E-05
7.71E+04,339499,4.34E+01,7.53E-01,1.41E-02,9.14E+01,1.52E-05,2.80E-01,1.50E-01,2.49E-01,2.01E+02,1.33E+01,2.14E+02,9.50E-05,9.99E-05
7.71E+04,3.39E+05,1.74E+02,2.60E+00,1.41E-02,9.14E+01,1.52E-05,2.80E-01,1.50E-01,2.49E-01,2.01E+02,1.33E+01,2.14E+02,9.50E-05,9.99E-05
7.72E+04,3.40E+05,4.24E+01,7.52E-01,1.40E-02,9.14E+01,1.52E-05,2.81E-01,1.52E-01,2.43E-01,2.00E+02,1.26E+01,2.13E+02,9.50E-05,9.98E-05
7.72E+04,339600,1.75E+02,2.60E+00,1.40E-02,9.14E+01,1.52E-05,2.81E-01,1.52E-01,2.43E-01,2.00E+02,1.26E+01,2.13E+02,9.50E-05,9.98E-05
7.72E+04,339699,4.39E+01,7.56E-01,1.41E-02,9.14E+01,1.52E-05,2.82E-01,1.50E-01,2.52E-01,2.02E+02,1.36E+01,2.15E+02,9.49E-05,9.98E-05
7.72E+04,3.40E+05,1.75E+02,2.60E+00,1.41E-02,9.14E+01,1.52E-05,2.82E-01,1.50E-01,2.52E-01,2.02E+02,1.36E+01,2.15E+02,9.49E-05,9.98E-05
7.72E+04,339799,4.35E+01,7.53E-01,1.41E-02,9.14E+01,1.52E-05,2.80E-01,1.49E-01,2.50E-01,2.00E+02,1.34E+01,2.14E+02,9.49E-05,9.98E-05
7.72E+04,3.40E+05,1.74E+02,2.60E+00,1.41E-02,9.14E+01,1.52E-05,2.80E-01,1.49E-01,2.50E-01,2.00E+02,1.34E+01,2.14E+02,9.49E-05,9.98E-05
7.73E+04,3.40E+05,4.30E+01,7.53E-01,1.40E-02,9.14E+01,1.52E-05,2.81E-01,1.51E-01,2.46E-01,2.01E+02,1.29E+01,2.14E+02,9.49E-05,9.98E-05
7.73E+04,339900,1.75E+02,2.60E+00,1.40E-02,9.14E+01,1.52E-05,2.81E-01,1.51E-01,2.46E-01,2.01E+02,1.29E+01,2.14E+02,9.49E-05,9.97E-05
7.73E+04,3.40E+05,4.30E+01,7.53E-01,1.40E-02,9.14E+01,1.52E-05,2.81E-01,1.51E-01,2.47E-01,2.00E+02,1.30E+01,2.13E+02,9.48E-05,9.97E-05
7.73E+04,3.40E+05,1.74E+02,2.60E+00,1.40E-02,9.14E+01,1.52E-05,2.81E-01,1.51E-01,2.47E-01,2.00E+02,1.30E+01,2.13E+02,9.48E-05,9.97E-05
7.73E+04,340099,4.42E+01,7.53E-01,1.41E-02,9.14E+01,1.52E-05,2.81E-01,1.50E-01,2.53E-01,2.02E+02,1.38E+01,2.16E+02,9.48E-05,9.97E-05
7.73E+04,340100,1.75E+02,2.60E+00,1.41E-02,9.14E+01,1.52E-05,2.81E-01,1.50E-01,2.53E-01,2.02E+02,1.38E+01,2.16E+02,9.48E-05,9.97E-05
7.73E+04,3.40E+05,4.31E+01,7.53E-01,1.40E-02,9.14E+01,1.52E-05,2.81E-01,1.51E-01,2.47E-01,2.01E+02,1.30E+01,2.14E+02,9.48E-05,9.97E-05
7.73E+04,340200,1.75E+02,2.60E+00,1.40E-02,9.14E+01,1.52E-05,2.81E-01,1.51E-01,2.47E-01,2.01E+02,1.30E+01,2.14E+02,9.48E-05,9.97E-05
7.73E+04,3.40E+05,4.27E+01,7.53E-01,1.39E-02,9.14E+01,1.52E-05,2.81E-01,1.52E-01,2.44E-01,2.01E+02,1.27E+01,2.13E+02,9.47E-05,9.96E-05
7.73E+04,340300,1.75E+02,2.60E+00,1.39E-02,9.14E+01,1.52E-05,2.81E-01,1.52E-01,2.44E-01,2.01E+02,1.27E+01,2.13E+02,9.47E-05,9.96E-05
7.74E+04,3.40E+05,4.30E+01,7.52E-01,1.40E-02,9.14E+01,1.52E-05,2.81E-01,1.51E-01,2.46E-01,2.01E+02,1.30E+01,2.14E+02,9.47E-05,9.96E-05
7.74E+04,340400,1.75E+02,2.60E+00,1.40E-02,9.14E+01,1.52E-05,2.81E-01,1.51E-01,2.46E-01,2.01E+02,1.30E+01,2.14E+02,9.47E-05,9.96E-05
7.74E+04,3.40E+05,4.30E+01,7.51E-01,1.40E-02,9.14E+01,1.51E-05,2.81E-01,1.51E-01,2.46E-01,2.01E+02,1.29E+01,2.14E+02,9.47E-05,9.96E-05
7.74E+04,340500,1.75E+02,2.60E+00,1.40E-02,9.14E+01,1.51E-05,2.81E-01,1.51E-01,2.46E-01,2.01E+02,1.29E+01,2.14E+02,9.47E-05,9.96E-05
7.74E+04,340599,4.35E+01,7.52E-01,1.41E-02,9.14E+01,1.51E-05,2.80E-01,1.50E-01,2.50E-01,2.01E+02,1.34E+01,2.14E+02,9.47E-05,9.95E-05
7.74E+04,3.41E+05,1.74E+02,2.60E+00,1.41E-02,9.14E+01,1.51E-05,2.80E-01,1.50E-01,2.50E-01,2.01E+02,1.34E+01,2.14E+02,9.47E-05,9.95E-05
7.74E+04,340699,1.75E+02,2.60E+00,1.41E-02,9.14E+01,1.51E-05,2.83E-01,1.51E-01,2.51E-01,2.03E+02,1.37E+01,2.16E+02,9.46E-05,9.95E-05
7.74E+04,340699,4.41E+01,7.56E-01,1.41E-02,9.14E+01,1.51E-05,2.83E-01,1.51E-01,2.51E-01,2.03E+02,1.37E+01,2.16E+02,9.46E-05,9.95E-05
7.75E+04,3.41E+05,4.28E+01,7.53E-01,1.40E-02,9.14E+01,1.51E-05,2.80E-01,1.50E-01,2.46E-01,2.00E+02,1.28E+01,2.13E+02,9.46E-05,9.95E-05
7.75E+04,3.41E+05,1.74E+02,2.60E+00,1.40E-02,9.14E+01,1.51E-05,2.80E-01,1.50E-01,2.46E-01,2.00E+02,1.28E+01,2.13E+02,9.46E-05,9.95E-05
7.75E+04,340899,4.32E+01,7.51E-01,1.41E-02,9.14E+01,1.51E-05,2.80E-01,1.50E-01,2.48E-01,2.01E+02,1.31E+01,2.14E+02,9.46E-05,9.94E-05
7.75E+04,3.41E+05,1.74E+02,2.60E+00,1.41E-02,9.14E+01,1.51E-05,2.80E-01,1.50E-01,2.48E-01,2.01E+02,1.31E+01,2.14E+02,9.46E-05,9.94E-05
7.75E+04,340999,4.33E+01,7.52E-01,1.41E-02,9.14E+01,1.51E-05,2.80E-01,1.50E-01,2.49E-01,2.00E+02,1.32E+01,2.13E+02,9.45E-05,9.94E-05
7.75E+04,3.41E+05,1.74E+02,2.60E+00,1.41E-02,9.14E+01,1.51E-05,2.80E-01,1.50E-01,2.49E-01,2.00E+02,1.32E+01,2.13E+02,9.45E-05,9.94E-05
7.75E+04,341099,4.32E+01,7.53E-01,1.40E-02,9.14E+01,1.51E-05,2.81E-01,1.50E-01,2.48E-01,2.01E+02,1.31E+01,2.14E+02,9.45E-05,9.94E-05
7.75E+04,341100,1.74E+02,2.60E+00,1.40E-02,9.14E+01,1.51E-05,2.81E-01,1.50E-01,2.48E-01,2.01E+02,1.31E+01,2.14E+02,9.45E-05,9.94E-05
7.75E+04,3.41E+05,4.28E+01,7.53E-01,1.40E-02,9.14E+01,1.51E-05,2.81E-01,1.51E-01,2.45E-01,2.00E+02,1.28E+01,2.13E+02,9.45E-05,9.93E-05
7.75E+04,341200,1.75E+02,2.60E+00,1.40E-02,9.14E+01,1.51E-05,2.81E-01,1.51E-01,2.45E-01,2.00E+02,1.28E+01,2.13E+02,9.45E-05,9.93E-05
7.76E+04,3.41E+05,4.23E+01,7.53E-01,1.41E-02,9.14E+01,1.51E-05,2.79E-01,1.50E-01,2.44E-01,1.99E+02,1.26E+01,2.11E+02,9.44E-05,9.93E-05
7.76E+04,3.41E+05,1.73E+02,2.60E+00,1.41E-02,9.14E+01,1.51E-05,2.79E-01,1.50E-01,2.44E-01,1.99E+02,1.26E+01,2.11E+02,9.44E-05,9.93E-05
7.76E+04,3.41E+05,4.28E+01,7.53E-01,1.40E-02,9.14E+01,1.51E-05,2.80E-01,1.50E-01,2.46E-01,2.00E+02,1.29E+01,2.13E+02,9.44E-05,9.93E-05
7.76E+04,3.41E+05,1.74E+02,2.60E+00,1.40E-02,9.14E+01,1.51E-05,2.80E-01,1.50E-01,2.46E-01,2.00E+02,1.29E+01,2.13E+02,9.44E-05,9.93E-05
7.76E+04,3.41E+05,4.27E+01,7.52E-01,1.40E-02,9.14E+01,1.51E-05,2.80E-01,1.51E-01,2.45E-01,2.00E+02,1.28E+01,2.13E+02,9.44E-05,9.92E-05
7.76E+04,3.41E+05,1.74E+02,2.60E+00,1.40E-02,9.14E+01,1.51E-05,2.80E-01,1.51E-01,2.45E-01,2.00E+02,1.28E+01,2.13E+02,9.44E-05,9.92E-05
7.76E+04,341599,4.32E+01,7.52E-01,1.41E-02,9.14E+01,1.51E-05,2.80E-01,1.50E-01,2.48E-01,2.00E+02,1.31E+01,2.13E+02,9.43E-05,9.92E-05
7.76E+04,3.42E+05,1.74E+02,2.60E+00,1.41E-02,9.14E+01,1.51E-05,2.80E-01,1.50E-01,2.48E-01,2.00E+02,1.31E+01,2.13E+02,9.43E-05,9.92E-05
7.77E+04,3.42E+05,4.33E+01,7.57E-01,1.40E-02,9.14E+01,1.51E-05,2.82E-01,1.51E-01,2.48E-01,2.01E+02,1.32E+01,2.15E+02,9.43E-05,9.92E-05
7.77E+04,3.42E+05,1.75E+02,2.60E+00,1.40E-02,9.14E+01,1.51E-05,2.82E-01,1.51E-01,2.48E-01,2.01E+02,1.32E+01,2.15E+02,9.43E-05,9.92E-05
7.77E+04,341799,4.34E+01,7.52E-01,1.41E-02,9.14E+01,1.51E-05,2.80E-01,1.50E-01,2.49E-01,2.01E+02,1.33E+01,2.14E+02,9.43E-05,9.91E-05
7.77E+04,3.42E+05,1.74E+02,2.60E+00,1.41E-02,9.14E+01,1.51E-05,2.80E-01,1.50E-01,2.49E-01,2.01E+02,1.33E+01,2.14E+02,9.43E-05,9.91E-05
7.77E+04,3.42E+05,4.29E+01,7.53E-01,1.40E-02,9.14E+01,1.51E-05,2.81E-01,1.51E-01,2.45E-01,2.01E+02,1.29E+01,2.13E+02,9.42E-05,9.91E-05
7.77E+04,341900,1.75E+02,2.60E+00,1.40E-02,9.14E+01,1.51E-05,2.81E-01,1.51E-01,2.45E-01,2.01E+02,1.29E+01,2.13E+02,9.42E-05,9.91E-05
7.77E+04,3.42E+05,4.30E+01,7.52E-01,1.40E-02,9.14E+01,1.51E-05,2.81E-01,1.51E-01,2.46E-01,2.01E+02,1.30E+01,2.13E+02,9.42E-05,9.91E-05
7.77E+04,3.42E+05,1.74E+02,2.60E+00,1.40E-02,9.14E+01,1.51E-05,2.81E-01,1.51E-01,2.46E-01,2.01E+02,1.30E+01,2.13E+02,9.42E-05,9.91E-05
7.77E+04,3.42E+05,4.29E+01,7.52E-01,1.40E-02,9.14E+01,1.51E-05,2.81E-01,1.51E-01,2.46E-01,2.00E+02,1.29E+01,2.13E+02,9.42E-05,9.90E-05
7.77E+04,3.42E+05,1.74E+02,2.60E+00,1.40E-02,9.14E+01,1.51E-05,2.81E-01,1.51E-01,2.46E-01,2.00E+02,1.29E+01,2.13E+02,9.42E-05,9.90E-05
7.78E+04,3.42E+05,4.29E+01,7.53E-01,1.41E-02,9.14E+01,1.51E-05,2.79E-01,1.50E-01,2.47E-01,2.00E+02,1.29E+01,2.13E+02,9.41E-05,9.90E-05
7.78E+04,3.42E+05,1.74E+02,2.60E+00,1.41E-02,9.14E+01,1.51E-05,2.79E-01,1.50E-01,2.47E-01,2.00E+02,1.29E+01,2.13E+02,9.41E-05,9.90E-05
7.78E+04,3.42E+05,4.29E+01,7.52E-01,1.40E-02,9.14E+01,1.51E-05,2.80E-01,1.51E-01,2.46E-01,2.00E+02,1.29E+01,2.13E+02,9.41E-05,9.90E-05
7.78E+04,3.42E+05,1.74E+02,2.60E+00,1.40E-02,9.14E+01,1.51E-05,2.80E-01,1.51E-01,2.46E-01,2.00E+02,1.29E+01,2.13E+02,9.41E-05,9.90E-05
7.78E+04,342399,4.34E+01,7.52E-01,1.42E-02,9.14E+01,1.51E-05,2.80E-01,1.49E-01,2.50E-01,2.00E+02,1.33E+01,2.14E+02,9.41E-05,9.89E-05
7.78E+04,3.42E+05,1.74E+02,2.60E+00,1.42E-02,9.14E+01,1.51E-05,2.80E-01,1.49E-01,2.50E-01,2.00E+02,1.33E+01,2.14E+02,9.41E-05,9.89E-05
7.78E+04,342499,4.39E+01,7.53E-01,1.42E-02,9.14E+01,1.51E-05,2.80E-01,1.49E-01,2.52E-01,2.01E+02,1.37E+01,2.15E+02,9.41E-05,9.89E-05
7.78E+04,3.42E+05,1.74E+02,2.60E+00,1.42E-02,9.14E+01,1.51E-05,2.80E-01,1.49E-01,2.52E-01,2.01E+02,1.37E+01,2.15E+02,9.41E-05,9.89E-05
7.78E+04,3.43E+05,4.29E+01,7.53E-01,1.40E-02,9.14E+01,1.51E-05,2.80E-01,1.50E-01,2.46E-01,2.00E+02,1.29E+01,2.13E+02,9.40E-05,9.89E-05
7.78E+04,3.43E+05,1.74E+02,2.60E+00,1.40E-02,9.14E+01,1.51E-05,2.80E-01,1.50E-01,2.46E-01,2.00E+02,1.29E+01,2.13E+02,9.40E-05,9.89E-05
7.79E+04,342699,4.34E+01,7.56E-01,1.41E-02,9.14E+01,1.51E-05,2.82E-01,1.50E-01,2.49E-01,2.01E+02,1.33E+01,2.15E+02,9.40E-05,9.88E-05
7.79E+04,3.43E+05,1.75E+02,2.60E+00,1.41E-02,9.14E+01,1.51E-05,2.82E-01,1.50E-01,2.49E-01,2.01E+02,1.33E+01,2.15E+02,9.40E-05,9.88E-05
7.79E+04,3.43E+05,4.27E+01,7.53E-01,1.41E-02,9.14E+01,1.50E-05,2.79E-01,1.50E-01,2.46E-01,1.99E+02,1.28E+01,2.12E+02,9.40E-05,9.88E-05
7.79E+04,3.43E+05,1.74E+02,2.60E+00,1.41E-02,9.14E+01,1.50E-05,2.79E-01,1.50E-01,2.46E-01,1.99E+02,1.28E+01,2.12E+02,9.40E-05,9.88E-05
7.79E+04,342899,4.31E+01,7.53E-01,1.41E-02,9.14E+01,1.50E-05,2.80E-01,1.50E-01,2.48E-01,2.00E+02,1.31E+01,2.13E+02,9.39E-05,9.88E-05
7.79E+04,3.43E+05,1.74E+02,2.60E+00,1.41E-02,9.14E+01,1.50E-05,2.80E-01,1.50E-01,2.48E-01,2.00E+02,1.31E+01,2.13E+02,9.39E-05,9.88E-05
7.80E+04,342999,4.31E+01,7.53E-01,1.41E-02,9.14E+01,1.50E-05,2.79E-01,1.49E-01,2.48E-01,2.00E+02,1.31E+01,2.13E+02,9.39E-05,9.87E-05
7.80E+04,3.43E+05,1.73E+02,2.60E+00,1.41E-02,9.14E+01,1.50E-05,2.79E-01,1.49E-01,2.48E-01,2.00E+02,1.31E+01,2.13E+02,9.39E-05,9.87E-05
7.80E+04,343099,4.31E+01,7.52E-01,1.41E-02,9.14E+01,1.50E-05,2.80E-01,1.50E-01,2.48E-01,2.00E+02,1.31E+01,2.13E+02,9.39E-05,9.87E-05
7.80E+04,3.43E+05,1.74E+02,2.60E+00,1.41E-02,9.14E+01,1.50E-05,2.80E-01,1.50E-01,2.48E-01,2.00E+02,1.31E+01,2.13E+02,9.39E-05,9.87E-05
7.80E+04,3.43E+05,4.26E+01,7.52E-01,1.40E-02,9.14E+01,1.50E-05,2.80E-01,1.51E-01,2.45E-01,2.00E+02,1.27E+01,2.12E+02,9.38E-05,9.87E-05
7.80E+04,3.43E+05,1.74E+02,2.60E+00,1.40E-02,9.14E+01,1.50E-05,2.80E-01,1.51E-01,2.45E-01,2.00E+02,1.27E+01,2.12E+02,9.38E-05,9.87E-05
7.80E+04,343299,4.31E+01,7.52E-01,1.41E-02,9.14E+01,1.50E-05,2.80E-01,1.50E-01,2.48E-01,2.00E+02,1.31E+01,2.13E+02,9.38E-05,9.86E-05
7.80E+04,3.43E+05,1.74E+02,2.60E+00,1.41E-02,9.14E+01,1.50E-05,2.80E-01,1.50E-01,2.48E-01,2.00E+02,1.31E+01,2.13E+02,9.38E-05,9.86E-05
7.80E+04,3.43E+05,4.25E+01,7.52E-01,1.40E-02,9.14E+01,1.50E-05,2.81E-01,1.51E-01,2.44E-01,2.00E+02,1.27E+01,2.13E+02,9.38E-05,9.86E-05
7.80E+04,343400,1.74E+02,2.60E+00,1.40E-02,9.14E+01,1.50E-05,2.81E-01,1.51E-01,2.44E-01,2.00E+02,1.27E+01,2.13E+02,9.38E-05,9.86E-05
7.81E+04,3.43E+05,4.27E+01,7.52E-01,1.41E-02,9.14E+01,1.50E-05,2.79E-01,1.50E-01,2.46E-01,1.99E+02,1.28E+01,2.12E+02,9.37E-05,9.86E-05
7.81E+04,3.43E+05,1.73E+02,2.60E+00,1.41E-02,9.14E+01,1.50E-05,2.79E-01,1.50E-01,2.46E-01,1.99E+02,1.28E+01,2.12E+02,9.37E-05,9.86E-05
7.81E+04,343599,4.31E+01,7.54E-01,1.40E-02,9.14E+01,1.50E-05,2.80E-01,1.50E-01,2.47E-01,2.00E+02,1.30E+01,2.13E+02,9.37E-05,9.85E-05
7.81E+04,343600,1.74E+02,2.60E+00,1.40E-02,9.14E+01,1.50E-05,2.80E-01,1.50E-01,2.47E-01,2.00E+02,1.30E+01,2.13E+02,9.37E-05,9.85E-05
7.81E+04,343699,4.36E+01,7.54E-01,1.41E-02,9.14E+01,1.50E-05,2.83E-01,1.51E-01,2.49E-01,2.03E+02,1.34E+01,2.16E+02,9.37E-05,9.85E-05
7.81E+04,343700,1.75E+02,2.61E+00,1.41E-02,9.14E+01,1.50E-05,2.83E-01,1.51E-01,2.49E-01,2.03E+02,1.34E+01,2.16E+02,9.37E-05,9.85E-05
7.81E+04,343799,4.32E+01,7.53E-01,1.41E-02,9.14E+01,1.50E-05,2.80E-01,1.50E-01,2.48E-01,2.00E+02,1.31E+01,2.14E+02,9.36E-05,9.85E-05
7.81E+04,343800,1.74E+02,2.60E+00,1.41E-02,9.14E+01,1.50E-05,2.80E-01,1.50E-01,2.48E-01,2.00E+02,1.31E+01,2.14E+02,9.36E-05,9.85E-05
7.82E+04,343899,4.32E+01,7.53E-01,1.42E-02,9.14E+01,1.50E-05,2.79E-01,1.49E-01,2.50E-01,2.00E+02,1.33E+01,2.13E+02,9.36E-05,9.84E-05
7.82E+04,3.44E+05,1.73E+02,2.60E+00,1.42E-02,9.14E+01,1.50E-05,2.79E-01,1.49E-01,2.50E-01,2.00E+02,1.33E+01,2.13E+02,9.36E-05,9.84E-05
7.82E+04,3.44E+05,4.28E+01,7.53E-01,1.41E-02,9.14E+01,1.50E-05,2.79E-01,1.50E-01,2.46E-01,2.00E+02,1.29E+01,2.12E+02,9.36E-05,9.84E-05
7.82E+04,3.44E+05,1.74E+02,2.60E+00,1.41E-02,9.14E+01,1.50E-05,2.79E-01,1.50E-01,2.46E-01,2.00E+02,1.29E+01,2.12E+02,9.36E-05,9.84E-05
7.82E+04,3.44E+05,4.28E+01,7.53E-01,1.40E-02,9.14E+01,1.50E-05,2.80E-01,1.51E-01,2.46E-01,2.00E+02,1.28E+01,2.13E+02,9.36E-05,9.84E-05
7.82E+04,344100,1.74E+02,2.60E+00,1.40E-02,9.14E+01,1.50E-05,2.80E-01,1.51E-01,2.46E-01,2.00E+02,1.28E+01,2.13E+02,9.36E-05,9.84E-05
7.82E+04,3.44E+05,4.28E+01,7.53E-01,1.41E-02,9.14E+01,1.50E-05,2.79E-01,1.50E-01,2.47E-01,2.00E+02,1.29E+01,2.13E+02,9.35E-05,9.83E-05
7.82E+04,3.44E+05,1.74E+02,2.60E+00,1.41E-02,9.14E+01,1.50E-05,2.79E-01,1.50E-01,2.47E-01,2.00E+02,1.29E+01,2.13E+02,9.35E-05,9.83E-05
7.82E+04,3.44E+05,4.28E+01,7.53E-01,1.41E-02,9.15E+01,1.50E-05,2.79E-01,1.50E-01,2.46E-01,2.00E+02,1.29E+01,2.12E+02,9.35E-05,9.83E-05
7.82E+04,3.44E+05,1.74E+02,2.60E+00,1.41E-02,9.15E+01,1.50E-05,2.79E-01,1.50E-01,2.46E-01,2.00E+02,1.29E+01,2.12E+02,9.35E-05,9.83E-05
7.83E+04,3.44E+05,4.28E+01,7.52E-01,1.41E-02,9.15E+01,1.50E-05,2.79E-01,1.50E-01,2.46E-01,2.00E+02,1.29E+01,2.12E+02,9.35E-05,9.83E-05
7.83E+04,3.44E+05,1.74E+02,2.60E+00,1.41E-02,9.15E+01,1.50E-05,2.79E-01,1.50E-01,2.46E-01,2.00E+02,1.29E+01,2.12E+02,9.35E-05,9.83E-05
7.83E+04,3.44E+05,4.23E+01,7.54E-01,1.40E-02,9.15E+01,1.50E-05,2.79E-01,1.51E-01,2.43E-01,1.99E+02,1.25E+01,2.12E+02,9.34E-05,9.82E-05
7.83E+04,3.44E+05,1.74E+02,2.60E+00,1.40E-02,9.15E+01,1.50E-05,2.79E-01,1.51E-01,2.43E-01,1.99E+02,1.25E+01,2.12E+02,9.34E-05,9.82E-05
7.83E+04,3.45E+05,4.27E+01,7.53E-01,1.41E-02,9.15E+01,1.50E-05,2.79E-01,1.50E-01,2.46E-01,1.99E+02,1.28E+01,2.12E+02,9.34E-05,9.82E-05
7.83E+04,3.45E+05,1.74E+02,2.60E+00,1.41E-02,9.15E+01,1.50E-05,2.79E-01,1.50E-01,2.46E-01,1.99E+02,1.28E+01,2.12E+02,9.34E-05,9.82E-05
7.83E+04,3.45E+05,4.30E+01,7.54E-01,1.41E-02,9.15E+01,1.50E-05,2.82E-01,1.51E-01,2.47E-01,2.02E+02,1.31E+01,2.15E+02,9.34E-05,9.82E-05
7.83E+04,3.45E+05,1.74E+02,2.61E+00,1.41E-02,9.15E+01,1.50E-05,2.82E-01,1.51E-01,2.47E-01,2.02E+02,1.31E+01,2.15E+02,9.34E-05,9.82E-05
7.84E+04,344799,4.34E+01,7.52E-01,1.42E-02,9.15E+01,1.50E-05,2.79E-01,1.49E-01,2.50E-01,2.00E+02,1.34E+01,2.13E+02,9.33E-05,9.81E-05
7.84E+04,3.45E+05,1.73E+02,2.60E+00,1.42E-02,9.15E+01,1.50E-05,2.79E-01,1.49E-01,2.50E-01,2.00E+02,1.34E+01,2.13E+02,9.33E-05,9.81E-05
7.84E+04,3.45E+05,4.29E+01,7.53E-01,1.41E-02,9.15E+01,1.50E-05,2.80E-01,1.50E-01,2.47E-01,2.00E+02,1.30E+01,2.13E+02,9.33E-05,9.81E-05
7.84E+04,3.45E+05,1.74E+02,2.60E+00,1.41E-02,9.15E+01,1.50E-05,2.80E-01,1.50E-01,2.47E-01,2.00E+02,1.30E+01,2.13E+02,9.33E-05,9.81E-05
7.84E+04,344999,4.34E+01,7.53E-01,1.41E-02,9.15E+01,1.50E-05,2.80E-01,1.50E-01,2.50E-01,2.00E+02,1.33E+01,2.14E+02,9.33E-05,9.81E-05
7.84E+04,3.45E+05,1.74E+02,2.60E+00,1.41E-02,9.15E+01,1.50E-05,2.80E-01,1.50E-01,2.50E-01,2.00E+02,1.33E+01,2.14E+02,9.33E-05,9.81E-05
7.84E+04,345099,4.34E+01,7.53E-01,1.41E-02,9.15E+01,1.50E-05,2.80E-01,1.50E-01,2.49E-01,2.01E+02,1.32E+01,2.14E+02,9.32E-05,9.81E-05
7.84E+04,345100,1.74E+02,2.60E+00,1.41E-02,9.15E+01,1.50E-05,2.80E-01,1.50E-01,2.49E-01,2.01E+02,1.32E+01,2.14E+02,9.32E-05,9.81E-05
7.84E+04,3.45E+05,4.25E+01,7.53E-01,1.41E-02,9.15E+01,1.49E-05,2.79E-01,1.50E-01,2.45E-01,1.99E+02,1.27E+01,2.11E+02,9.32E-05,9.80E-05
7.84E+04,3.45E+05,1.73E+02,2.60E+00,1.41E-02,9.15E+01,1.49E-05,2.79E-01,1.50E-01,2.45E-01,1.99E+02,1.27E+01,2.11E+02,9.32E-05,9.80E-05
7.85E+04,3.45E+05,4.29E+01,7.52E-01,1.40E-02,9.15E+01,1.49E-05,2.80E-01,1.51E-01,2.46E-01,2.00E+02,1.29E+01,2.13E+02,9.32E-05,9.80E-05
7.85E+04,345300,1.74E+02,2.60E+00,1.40E-02,9.15E+01,1.49E-05,2.80E-01,1.51E-01,2.46E-01,2.00E+02,1.29E+01,2.13E+02,9.32E-05,9.80E-05
7.85E+04,3.45E+05,4.25E+01,7.52E-01,1.40E-02,9.15E+01,1.49E-05,2.81E-01,1.51E-01,2.43E-01,2.00E+02,1.26E+01,2.13E+02,9.32E-05,9.80E-05
7.85E+04,345400,1.74E+02,2.60E+00,1.40E-02,9.15E+01,1.49E-05,2.81E-01,1.51E-01,2.43E-01,2.00E+02,1.26E+01,2.13E+02,9.32E-05,9.80E-05
7.85E+04,345499,4.40E+01,7.53E-01,1.42E-02,9.15E+01,1.49E-05,2.80E-01,1.49E-01,2.53E-01,2.01E+02,1.37E+01,2.15E+02,9.31E-05,9.79E-05
7.85E+04,3.45E+05,1.74E+02,2.60E+00,1.42E-02,9.15E+01,1.49E-05,2.80E-01,1.49E-01,2.53E-01,2.01E+02,1.37E+01,2.15E+02,9.31E-05,9.79E-05
7.85E+04,3.46E+05,4.29E+01,7.51E-01,1.40E-02,9.15E+01,1.49E-05,2.81E-01,1.51E-01,2.46E-01,2.01E+02,1.29E+01,2.14E+02,9.31E-05,9.79E-05
7.85E+04,345600,1.74E+02,2.60E+00,1.40E-02,9.15E+01,1.49E-05,2.81E-01,1.51E-01,2.46E-01,2.01E+02,1.29E+01,2.14E+02,9.31E-05,9.79E-05
7.86E+04,345699,1.75E+02,2.61E+00,1.41E-02,9.15E+01,1.49E-05,2.82E-01,1.52E-01,2.45E-01,2.02E+02,1.29E+01,2.15E+02,9.31E-05,9.79E-05
7.86E+04,3.46E+05,4.28E+01,7.52E-01,1.41E-02,9.15E+01,1.49E-05,2.82E-01,1.52E-01,2.45E-01,2.02E+02,1.29E+01,2.15E+02,9.31E-05,9.79E-05
7.86E+04,345799,4.37E+01,7.53E-01,1.42E-02,9.15E+01,1.49E-05,2.79E-01,1.49E-01,2.51E-01,2.00E+02,1.35E+01,2.14E+02,9.30E-05,9.78E-05
7.86E+04,3.46E+05,1.74E+02,2.60E+00,1.42E-02,9.15E+01,1.49E-05,2.79E-01,1.49E-01,2.51E-01,2.00E+02,1.35E+01,2.14E+02,9.30E-05,9.78E-05
7.86E+04,345899,4.32E+01,7.53E-01,1.41E-02,9.15E+01,1.49E-05,2.79E-01,1.49E-01,2.49E-01,2.00E+02,1.32E+01,2.13E+02,9.30E-05,9.78E-05
7.86E+04,3.46E+05,1.74E+02,2.59E+00,1.41E-02,9.15E+01,1.49E-05,2.79E-01,1.49E-01,2.49E-01,2.00E+02,1.32E+01,2.13E+02,9.30E-05,9.78E-05
7.86E+04,3.46E+05,4.27E+01,7.53E-01,1.40E-02,9.15E+01,1.49E-05,2.80E-01,1.50E-01,2.45E-01,2.00E+02,1.28E+01,2.12E+02,9.30E-05,9.78E-05
7.86E+04,346000,1.74E+02,2.60E+00,1.40E-02,9.15E+01,1.49E-05,2.80E-01,1.50E-01,2.45E-01,2.00E+02,1.28E+01,2.12E+02,9.30E-05,9.78E-05
7.87E+04,3.46E+05,4.27E+01,7.52E-01,1.40E-02,9.15E+01,1.49E-05,2.80E-01,1.51E-01,2.45E-01,2.00E+02,1.28E+01,2.13E+02,9.29E-05,9.77E-05
7.87E+04,346100,1.74E+02,2.60E+00,1.40E-02,9.15E+01,1.49E-05,2.80E-01,1.51E-01,2.45E-01,2.00E+02,1.28E+01,2.13E+02,9.29E-05,9.77E-05
7.87E+04,3.46E+05,4.23E+01,7.53E-01,1.40E-02,9.15E+01,1.49E-05,2.79E-01,1.51E-01,2.44E-01,1.99E+02,1.26E+01,2.12E+02,9.29E-05,9.77E-05
7.87E+04,3.46E+05,1.74E+02,2.60E+00,1.40E-02,9.15E+01,1.49E-05,2.79E-01,1.51E-01,2.44E-01,1.99E+02,1.26E+01,2.12E+02,9.29E-05,9.77E-05
7.87E+04,346299,4.38E+01,7.52E-01,1.42E-02,9.15E+01,1.49E-05,2.79E-01,1.49E-01,2.52E-01,2.01E+02,1.36E+01,2.14E+02,9.29E-05,9.77E-05
7.87E+04,3.46E+05,1.74E+02,2.60E+00,1.42E-02,9.15E+01,1.49E-05,2.79E-01,1.49E-01,2.52E-01,2.01E+02,1.36E+01,2.14E+02,9.29E-05,9.77E-05
7.87E+04,346399,4.32E+01,7.53E-01,1.41E-02,9.15E+01,1.49E-05,2.79E-01,1.49E-01,2.49E-01,2.00E+02,1.32E+01,2.13E+02,9.28E-05,9.76E-05
7.87E+04,3.46E+05,1.74E+02,2.60E+00,1.41E-02,9.15E+01,1.49E-05,2.79E-01,1.49E-01,2.49E-01,2.00E+02,1.32E+01,2.13E+02,9.28E-05,9.76E-05
7.87E+04,3.46E+05,4.27E+01,7.52E-01,1.41E-02,9.15E+01,1.49E-05,2.79E-01,1.50E-01,2.46E-01,2.00E+02,1.28E+01,2.12E+02,9.28E-05,9.76E-05
7.87E+04,3.46E+05,1.74E+02,2.60E+00,1.41E-02,9.15E+01,1.49E-05,2.79E-01,1.50E-01,2.46E-01,2.00E+02,1.28E+01,2.12E+02,9.28E-05,9.76E-05
7.88E+04,346599,4.31E+01,7.52E-01,1.41E-02,9.15E+01,1.49E-05,2.79E-01,1.50E-01,2.48E-01,2.00E+02,1.31E+01,2.13E+02,9.28E-05,9.76E-05
7.88E+04,3.47E+05,1.74E+02,2.60E+00,1.41E-02,9.15E+01,1.49E-05,2.79E-01,1.50E-01,2.48E-01,2.00E+02,1.31E+01,2.13E+02,9.28E-05,9.76E-05
7.88E+04,346699,1.75E+02,2.60E+00,1.41E-02,9.15E+01,1.49E-05,2.82E-01,1.51E-01,2.49E-01,2.02E+02,1.33E+01,2.15E+02,9.28E-05,9.75E-05
7.88E+04,3.47E+05,4.34E+01,7.54E-01,1.41E-02,9.15E+01,1.49E-05,2.82E-01,1.51E-01,2.49E-01,2.02E+02,1.33E+01,2.15E+02,9.28E-05,9.75E-05
7.88E+04,3.47E+05,4.30E+01,7.52E-01,1.41E-02,9.15E+01,1.49E-05,2.80E-01,1.50E-01,2.47E-01,2.00E+02,1.30E+01,2.13E+02,9.27E-05,9.75E-05
7.88E+04,3.47E+05,1.74E+02,2.60E+00,1.41E-02,9.15E+01,1.49E-05,2.80E-01,1.50E-01,2.47E-01,2.00E+02,1.30E+01,2.13E+02,9.27E-05,9.75E-05
7.88E+04,3.47E+05,4.29E+01,7.53E-01,1.40E-02,9.15E+01,1.49E-05,2.80E-01,1.51E-01,2.46E-01,2.00E+02,1.29E+01,2.13E+02,9.27E-05,9.75E-05
7.88E+04,346900,1.74E+02,2.60E+00,1.40E-02,9.15E+01,1.49E-05,2.80E-01,1.51E-01,2.46E-01,2.00E+02,1.29E+01,2.13E+02,9.27E-05,9.75E-05
7.89E+04,3.47E+05,4.29E+01,7.53E-01,1.40E-02,9.15E+01,1.49E-05,2.81E-01,1.51E-01,2.46E-01,2.00E+02,1.29E+01,2.13E+02,9.27E-05,9.74E-05
7.89E+04,347000,1.74E+02,2.60E+00,1.40E-02,9.15E+01,1.49E-05,2.81E-01,1.51E-01,2.46E-01,2.00E+02,1.29E+01,2.13E+02,9.27E-05,9.74E-05
7.89E+04,3.47E+05,4.29E+01,7.52E-01,1.41E-02,9.15E+01,1.49E-05,2.79E-01,1.50E-01,2.47E-01,2.00E+02,1.30E+01,2.13E+02,9.26E-05,9.74E-05
7.89E+04,3.47E+05,1.73E+02,2.60E+00,1.41E-02,9.15E+01,1.49E-05,2.79E-01,1.50E-01,2.47E-01,2.00E+02,1.30E+01,2.13E+02,9.26E-05,9.74E-05
7.89E+04,3.47E+05,4.24E+01,7.53E-01,1.41E-02,9.15E+01,1.49E-05,2.79E-01,1.50E-01,2.45E-01,1.99E+02,1.27E+01,2.12E+02,9.26E-05,9.74E-05
7.89E+04,3.47E+05,1.73E+02,2.60E+00,1.41E-02,9.15E+01,1.49E-05,2.79E-01,1.50E-01,2.45E-01,1.99E+02,1.27E+01,2.12E+02,9.26E-05,9.74E-05
7.89E+04,347299,4.34E+01,7.52E-01,1.41E-02,9.15E+01,1.49E-05,2.79E-01,1.49E-01,2.50E-01,2.00E+02,1.33E+01,2.14E+02,9.26E-05,9.73E-05
7.89E+04,3.47E+05,1.74E+02,2.60E+00,1.41E-02,9.15E+01,1.49E-05,2.79E-01,1.49E-01,2.50E-01,2.00E+02,1.33E+01,2.14E+02,9.26E-05,9.73E-05
7.89E+04,3.47E+05,4.30E+01,7.52E-01,1.41E-02,9.15E+01,1.49E-05,2.80E-01,1.50E-01,2.47E-01,2.00E+02,1.30E+01,2.13E+02,9.25E-05,9.73E-05
7.89E+04,3.47E+05,1.74E+02,2.60E+00,1.41E-02,9.15E+01,1.49E-05,2.80E-01,1.50E-01,2.47E-01,2.00E+02,1.30E+01,2.13E+02,9.25E-05,9.73E-05
7.90E+04,3.47E+05,4.29E+01,7.53E-01,1.41E-02,9.15E+01,1.49E-05,2.79E-01,1.50E-01,2.47E-01,2.00E+02,1.30E+01,2.13E+02,9.25E-05,9.73E-05
7.90E+04,3.47E+05,1.74E+02,2.60E+00,1.41E-02,9.15E+01,1.49E-05,2.79E-01,1.50E-01,2.47E-01,2.00E+02,1.30E+01,2.13E+02,9.25E-05,9.73E-05
7.90E+04,3.48E+05,4.29E+01,7.52E-01,1.40E-02,9.15E+01,1.49E-05,2.80E-01,1.51E-01,2.46E-01,2.00E+02,1.29E+01,2.13E+02,9.25E-05,9.73E-05
7.90E+04,347600,1.74E+02,2.60E+00,1.40E-02,9.15E+01,1.49E-05,2.80E-01,1.51E-01,2.46E-01,2.00E+02,1.29E+01,2.13E+02,9.25E-05,9.73E-05
7.90E+04,347699,1.74E+02,2.60E+00,1.41E-02,9.15E+01,1.48E-05,2.81E-01,1.48E-01,2.54E-01,2.01E+02,1.38E+01,2.15E+02,9.25E-05,9.72E-05
7.90E+04,3.48E+05,4.43E+01,7.62E-01,1.41E-02,9.15E+01,1.48E-05,2.81E-01,1.48E-01,2.54E-01,2.01E+02,1.38E+01,2.15E+02,9.25E-05,9.72E-05
7.90E+04,3.48E+05,4.27E+01,7.52E-01,1.40E-02,9.15E+01,1.48E-05,2.80E-01,1.51E-01,2.45E-01,2.00E+02,1.28E+01,2.13E+02,9.24E-05,9.72E-05
7.90E+04,347800,1.74E+02,2.60E+00,1.40E-02,9.15E+01,1.48E-05,2.80E-01,1.51E-01,2.45E-01,2.00E+02,1.28E+01,2.13E+02,9.24E-05,9.72E-05
7.91E+04,3.48E+05,4.26E+01,7.52E-01,1.41E-02,9.15E+01,1.48E-05,2.79E-01,1.50E-01,2.46E-01,1.99E+02,1.28E+01,2.12E+02,9.24E-05,9.72E-05
7.91E+04,3.48E+05,1.74E+02,2.60E+00,1.41E-02,9.15E+01,1.48E-05,2.79E-01,1.50E-01,2.46E-01,1.99E+02,1.28E+01,2.12E+02,9.24E-05,9.72E-05
7.91E+04,347999,4.37E+01,7.54E-01,1.41E-02,9.15E+01,1.48E-05,2.80E-01,1.49E-01,2.51E-01,2.01E+02,1.35E+01,2.14E+02,9.24E-05,9.71E-05
7.91E+04,348000,1.74E+02,2.60E+00,1.41E-02,9.15E+01,1.48E-05,2.80E-01,1.49E-01,2.51E-01,2.01E+02,1.35E+01,2.14E+02,9.24E-05,9.71E-05
7.91E+04,348099,4.31E+01,7.53E-01,1.41E-02,9.15E+01,1.48E-05,2.79E-01,1.50E-01,2.48E-01,2.00E+02,1.31E+01,2.13E+02,9.23E-05,9.71E-05
7.91E+04,3.48E+05,1.74E+02,2.60E+00,1.41E-02,9.15E+01,1.48E-05,2.79E-01,1.50E-01,2.48E-01,2.00E+02,1.31E+01,2.13E+02,9.23E-05,9.71E-05
7.91E+04,348199,4.36E+01,7.53E-01,1.42E-02,9.15E+01,1.48E-05,2.79E-01,1.49E-01,2.51E-01,2.00E+02,1.35E+01,2.14E+02,9.23E-05,9.71E-05
7.91E+04,3.48E+05,1.74E+02,2.60E+00,1.42E-02,9.15E+01,1.48E-05,2.79E-01,1.49E-01,2.51E-01,2.00E+02,1.35E+01,2.14E+02,9.23E-05,9.71E-05
7.91E+04,348299,4.32E+01,7.52E-01,1.41E-02,9.15E+01,1.48E-05,2.80E-01,1.50E-01,2.48E-01,2.01E+02,1.31E+01,2.14E+02,9.23E-05,9.70E-05
7.91E+04,348300,1.74E+02,2.60E+00,1.41E-02,9.15E+01,1.48E-05,2.80E-01,1.50E-01,2.48E-01,2.01E+02,1.31E+01,2.14E+02,9.23E-05,9.70E-05
7.92E+04,348399,4.38E+01,7.52E-01,1.42E-02,9.15E+01,1.48E-05,2.78E-01,1.48E-01,2.53E-01,2.00E+02,1.36E+01,2.14E+02,9.22E-05,9.70E-05
7.92E+04,3.48E+05,1.73E+02,2.60E+00,1.42E-02,9.15E+01,1.48E-05,2.78E-01,1.48E-01,2.53E-01,2.00E+02,1.36E+01,2.14E+02,9.22E-05,9.70E-05
7.92E+04,348499,4.31E+01,7.54E-01,1.41E-02,9.15E+01,1.48E-05,2.79E-01,1.49E-01,2.48E-01,2.00E+02,1.31E+01,2.13E+02,9.22E-05,9.70E-05
7.92E+04,3.48E+05,1.74E+02,2.60E+00,1.41E-02,9.15E+01,1.48E-05,2.79E-01,1.49E-01,2.48E-01,2.00E+02,1.31E+01,2.13E+02,9.22E-05,9.70E-05
7.92E+04,348599,4.36E+01,7.52E-01,1.42E-02,9.15E+01,1.48E-05,2.79E-01,1.49E-01,2.51E-01,2.00E+02,1.35E+01,2.14E+02,9.22E-05,9.69E-05
7.92E+04,3.49E+05,1.74E+02,2.60E+00,1.42E-02,9.15E+01,1.48E-05,2.79E-01,1.49E-01,2.51E-01,2.00E+02,1.35E+01,2.14E+02,9.22E-05,9.69E-05
7.93E+04,348699,1.75E+02,2.60E+00,1.41E-02,9.15E+01,1.48E-05,2.81E-01,1.49E-01,2.52E-01,2.01E+02,1.37E+01,2.15E+02,9.22E-05,9.69E-05
7.93E+04,3.49E+05,4.41E+01,7.64E-01,1.41E-02,9.15E+01,1.48E-05,2.81E-01,1.49E-01,2.52E-01,2.01E+02,1.37E+01,2.15E+02,9.22E-05,9.69E-05
7.93E+04,348799,4.33E+01,7.53E-01,1.42E-02,9.15E+01,1.48E-05,2.79E-01,1.49E-01,2.50E-01,2.00E+02,1.33E+01,2.13E+02,9.21E-05,9.69E-05
7.93E+04,3.49E+05,1.73E+02,2.60E+00,1.42E-02,9.15E+01,1.48E-05,2.79E-01,1.49E-01,2.50E-01,2.00E+02,1.33E+01,2.13E+02,9.21E-05,9.69E-05
7.93E+04,348899,4.33E+01,7.53E-01,1.42E-02,9.15E+01,1.48E-05,2.79E-01,1.49E-01,2.49E-01,2.00E+02,1.33E+01,2.13E+02,9.21E-05,9.68E-05
7.93E+04,3.49E+05,1.74E+02,2.60E+00,1.42E-02,9.15E+01,1.48E-05,2.79E-01,1.49E-01,2.49E-01,2.00E+02,1.33E+01,2.13E+02,9.21E-05,9.68E-05
7.93E+04,348999,4.32E+01,7.52E-01,1.41E-02,9.15E+01,1.48E-05,2.79E-01,1.50E-01,2.49E-01,2.00E+02,1.32E+01,2.13E+02,9.21E-05,9.68E-05
7.93E+04,349000,1.74E+02,2.60E+00,1.41E-02,9.15E+01,1.48E-05,2.79E-01,1.50E-01,2.49E-01,2.00E+02,1.32E+01,2.13E+02,9.21E-05,9.68E-05
7.93E+04,349099,4.33E+01,7.54E-01,1.41E-02,9.15E+01,1.48E-05,2.79E-01,1.49E-01,2.49E-01,2.00E+02,1.32E+01,2.13E+02,9.20E-05,9.68E-05
7.93E+04,349100,1.74E+02,2.60E+00,1.41E-02,9.15E+01,1.48E-05,2.79E-01,1.49E-01,2.49E-01,2.00E+02,1.32E+01,2.13E+02,9.20E-05,9.68E-05
7.94E+04,349199,4.39E+01,7.52E-01,1.42E-02,9.15E+01,1.48E-05,2.79E-01,1.48E-01,2.53E-01,2.00E+02,1.37E+01,2.14E+02,9.20E-05,9.67E-05
7.94E+04,3.49E+05,1.73E+02,2.60E+00,1.42E-02,9.15E+01,1.48E-05,2.79E-01,1.48E-01,2.53E-01,2.00E+02,1.37E+01,2.14E+02,9.20E-05,9.67E-05
7.94E+04,3.49E+05,4.28E+01,7.52E-01,1.41E-02,9.15E+01,1.48E-05,2.79E-01,1.50E-01,2.47E-01,1.99E+02,1.29E+01,2.12E+02,9.20E-05,9.67E-05
7.94E+04,3.49E+05,1.73E+02,2.60E+00,1.41E-02,9.15E+01,1.48E-05,2.79E-01,1.50E-01,2.47E-01,1.99E+02,1.29E+01,2.12E+02,9.20E-05,9.67E-05
7.94E+04,3.49E+05,4.29E+01,7.52E-01,1.42E-02,9.15E+01,1.48E-05,2.78E-01,1.49E-01,2.48E-01,1.99E+02,1.30E+01,2.12E+02,9.19E-05,9.67E-05
7.94E+04,3.49E+05,1.73E+02,2.59E+00,1.42E-02,9.15E+01,1.48E-05,2.78E-01,1.49E-01,2.48E-01,1.99E+02,1.30E+01,2.12E+02,9.19E-05,9.67E-05
7.94E+04,349499,4.33E+01,7.52E-01,1.41E-02,9.15E+01,1.48E-05,2.80E-01,1.50E-01,2.49E-01,2.00E+02,1.32E+01,2.14E+02,9.19E-05,9.67E-05
7.94E+04,349500,1.74E+02,2.60E+00,1.41E-02,9.15E+01,1.48E-05,2.80E-01,1.50E-01,2.49E-01,2.00E+02,1.32E+01,2.14E+02,9.19E-05,9.67E-05
7.94E+04,349599,4.33E+01,7.52E-01,1.42E-02,9.15E+01,1.48E-05,2.78E-01,1.48E-01,2.50E-01,1.99E+02,1.33E+01,2.12E+02,9.19E-05,9.66E-05
7.94E+04,3.50E+05,1.73E+02,2.60E+00,1.42E-02,9.15E+01,1.48E-05,2.78E-01,1.48E-01,2.50E-01,1.99E+02,1.33E+01,2.12E+02,9.19E-05,9.66E-05
7.95E+04,3.50E+05,4.31E+01,7.53E-01,1.41E-02,9.15E+01,1.48E-05,2.80E-01,1.50E-01,2.47E-01,2.00E+02,1.30E+01,2.13E+02,9.18E-05,9.66E-05
7.95E+04,349800,1.74E+02,2.60E+00,1.41E-02,9.15E+01,1.48E-05,2.80E-01,1.50E-01,2.47E-01,2.00E+02,1.30E+01,2.13E+02,9.18E-05,9.66E-05
7.95E+04,3.50E+05,4.30E+01,7.53E-01,1.41E-02,9.15E+01,1.48E-05,2.79E-01,1.50E-01,2.48E-01,2.00E+02,1.31E+01,2.13E+02,9.18E-05,9.65E-05
7.95E+04,3.50E+05,1.74E+02,2.60E+00,1.41E-02,9.15E+01,1.48E-05,2.79E-01,1.50E-01,2.48E-01,2.00E+02,1.31E+01,2.13E+02,9.18E-05,9.65E-05
7.95E+04,3.50E+05,4.27E+01,7.52E-01,1.41E-02,9.15E+01,1.48E-05,2.78E-01,1.49E-01,2.46E-01,1.99E+02,1.29E+01,2.12E+02,9.18E-05,9.65E-05
7.95E+04,3.50E+05,1.73E+02,2.60E+00,1.41E-02,9.15E+01,1.48E-05,2.78E-01,1.49E-01,2.46E-01,1.99E+02,1.29E+01,2.12E+02,9.18E-05,9.65E-05
7.96E+04,3.50E+05,4.27E+01,7.53E-01,1.41E-02,9.15E+01,1.47E-05,2.79E-01,1.50E-01,2.46E-01,1.99E+02,1.28E+01,2.12E+02,9.17E-05,9.65E-05
7.96E+04,3.50E+05,1.74E+02,2.60E+00,1.41E-02,9.15E+01,1.47E-05,2.79E-01,1.50E-01,2.46E-01,1.99E+02,1.28E+01,2.12E+02,9.17E-05,9.65E-05
7.96E+04,3.50E+05,4.26E+01,7.53E-01,1.41E-02,9.15E+01,1.47E-05,2.78E-01,1.49E-01,2.46E-01,1.99E+02,1.28E+01,2.12E+02,9.17E-05,9.64E-05
7.96E+04,3.50E+05,1.73E+02,2.60E+00,1.41E-02,9.15E+01,1.47E-05,2.78E-01,1.49E-01,2.46E-01,1.99E+02,1.28E+01,2.12E+02,9.17E-05,9.64E-05
7.96E+04,3.50E+05,4.31E+01,7.53E-01,1.41E-02,9.15E+01,1.47E-05,2.79E-01,1.49E-01,2.48E-01,2.00E+02,1.31E+01,2.13E+02,9.17E-05,9.64E-05
7.96E+04,3.50E+05,1.74E+02,2.60E+00,1.41E-02,9.15E+01,1.47E-05,2.79E-01,1.49E-01,2.48E-01,2.00E+02,1.31E+01,2.13E+02,9.17E-05,9.64E-05
7.96E+04,350399,4.36E+01,7.54E-01,1.42E-02,9.15E+01,1.47E-05,2.79E-01,1.49E-01,2.51E-01,2.00E+02,1.35E+01,2.14E+02,9.16E-05,9.64E-05
7.96E+04,3.50E+05,1.74E+02,2.60E+00,1.42E-02,9.15E+01,1.47E-05,2.79E-01,1.49E-01,2.51E-01,2.00E+02,1.35E+01,2.14E+02,9.16E-05,9.64E-05
7.96E+04,3.50E+05,4.30E+01,7.53E-01,1.41E-02,9.15E+01,1.47E-05,2.80E-01,1.50E-01,2.47E-01,2.00E+02,1.30E+01,2.13E+02,9.16E-05,9.63E-05
7.96E+04,350500,1.74E+02,2.60E+00,1.41E-02,9.15E+01,1.47E-05,2.80E-01,1.50E-01,2.47E-01,2.00E+02,1.30E+01,2.13E+02,9.16E-05,9.63E-05
7.97E+04,3.51E+05,4.26E+01,7.53E-01,1.40E-02,9.15E+01,1.47E-05,2.80E-01,1.51E-01,2.45E-01,2.00E+02,1.27E+01,2.13E+02,9.16E-05,9.63E-05
7.97E+04,350600,1.74E+02,2.60E+00,1.40E-02,9.15E+01,1.47E-05,2.80E-01,1.51E-01,2.45E-01,2.00E+02,1.27E+01,2.13E+02,9.16E-05,9.63E-05
7.97E+04,3.51E+05,4.10E+01,7.45E-01,1.82E-02,9.15E+01,1.47E-05,1.89E-02,1.89E-02,0,1.53E+01,1.53E+01,3.05E+01,9.16E-05,9.63E-05
7.97E+04,350799,1.74E+02,2.60E+00,1.41E-02,9.15E+01,1.47E-05,2.80E-01,1.50E-01,2.47E-01,2.00E+02,1.53E+01,2.16E+02,9.15E-05,9.63E-05
7.97E+04,350799,4.31E+01,7.52E-01,1.41E-02,9.15E+01,1.47E-05,2.80E-01,1.50E-01,2.47E-01,2.00E+02,1.31E+01,2.14E+02,9.15E-05,9.63E-05
7.98E+04,350899,1.74E+02,2.60E+00,1.41E-02,9.15E+01,1.47E-05,2.80E-01,1.50E-01,2.48E-01,2.00E+02,1.31E+01,2.13E+02,9.15E-05,9.62E-05
7.98E+04,350899,4.32E+01,7.53E-01,1.41E-02,9.15E+01,1.47E-05,2.80E-01,1.50E-01,2.48E-01,2.00E+02,1.28E+01,2.13E+02,9.15E-05,9.62E-05
7.98E+04,3.51E+05,4.27E+01,7.52E-01,1.41E-02,9.16E+01,1.47E-05,2.80E-01,1.50E-01,2.45E-01,2.00E+02,1.28E+01,2.13E+02,9.15E-05,9.62E-05
7.98E+04,351000,1.74E+02,2.60E+00,1.41E-02,9.16E+01,1.47E-05,2.80E-01,1.50E-01,2.45E-01,2.00E+02,1.29E+01,2.13E+02,9.15E-05,9.62E-05
7.98E+04,3.51E+05,4.28E+01,7.52E-01,1.41E-02,9.16E+01,1.47E-05,2.79E-01,1.50E-01,2.47E-01,2.00E+02,1.29E+01,2.12E+02,9.14E-05,9.62E-05
7.98E+04,3.51E+05,1.73E+02,2.60E+00,1.41E-02,9.16E+01,1.47E-05,2.79E-01,1.50E-01,2.47E-01,2.00E+02,1.29E+01,2.12E+02,9.14E-05,9.62E-05
7.98E+04,3.51E+05,4.28E+01,7.52E-01,1.41E-02,9.16E+01,1.47E-05,2.79E-01,1.50E-01,2.47E-01,1.99E+02,1.29E+01,2.12E+02,9.14E-05,9.61E-05
7.98E+04,3.51E+05,1.73E+02,2.60E+00,1.41E-02,9.16E+01,1.47E-05,2.79E-01,1.50E-01,2.47E-01,1.99E+02,1.32E+01,2.13E+02,9.14E-05,9.61E-05
7.98E+04,351299,4.32E+01,7.52E-01,1.41E-02,9.16E+01,1.47E-05,2.79E-01,1.50E-01,2.48E-01,2.00E+02,1.32E+01,2.13E+02,9.14E-05,9.61E-05
7.98E+04,351300,1.74E+02,2.60E+00,1.41E-02,9.16E+01,1.47E-05,2.79E-01,1.50E-01,2.48E-01,2.00E+02,1.31E+01,2.13E+02,9.14E-05,9.61E-05
7.99E+04,351399,4.32E+01,7.52E-01,1.42E-02,9.16E+01,1.47E-05,2.78E-01,1.49E-01,2.49E-01,2.00E+02,1.31E+01,2.13E+02,9.13E-05,9.61E-05
7.99E+04,3.51E+05,1.73E+02,2.60E+00,1.42E-02,9.16E+01,1.47E-05,2.78E-01,1.49E-01,2.49E-01,2.00E+02,1.32E+01,2.13E+02,9.13E-05,9.61E-05
7.99E+04,351499,4.32E+01,7.53E-01,1.42E-02,9.16E+01,1.47E-05,2.78E-01,1.48E-01,2.50E-01,1.99E+02,1.32E+01,2.13E+02,9.13E-05,9.60E-05
7.99E+04,3.51E+05,1.73E+02,2.60E+00,1.42E-02,9.16E+01,1.47E-05,2.78E-01,1.48E-01,2.50E-01,1.99E+02,1.28E+01,2.12E+02,9.13E-05,9.60E-05
7.99E+04,3.52E+05,4.24E+01,7.54E-01,1.40E-02,9.16E+01,1.47E-05,2.79E-01,1.50E-01,2.44E-01,1.99E+02,1.28E+01,2.12E+02,9.13E-05,9.60E-05
7.99E+04,351600,1.74E+02,2.60E+00,1.40E-02,9.16E+01,1.47E-05,2.79E-01,1.50E-01,2.44E-01,1.99E+02,1.28E+01,2.12E+02,9.13E-05,9.60E-05
7.99E+04,3.52E+05,4.28E+01,7.53E-01,1.42E-02,9.16E+01,1.47E-05,2.78E-01,1.49E-01,2.48E-01,1.99E+02,1.28E+01,2.12E+02,9.13E-05,9.60E-05
7.99E+04,3.52E+05,1.73E+02,2.60E+00,1.42E-02,9.16E+01,1.47E-05,2.78E-01,1.49E-01,2.48E-01,1.99E+02,1.33E+01,2.12E+02,9.13E-05,9.60E-05
8.00E+04,351799,4.34E+01,7.52E-01,1.42E-02,9.16E+01,1.47E-05,2.79E-01,1.49E-01,2.50E-01,2.00E+02,1.33E+01,2.13E+02,9.12E-05,9.59E-05
8.00E+04,3.52E+05,1.74E+02,2.60E+00,1.42E-02,9.16E+01,1.47E-05,2.79E-01,1.49E-01,2.50E-01,2.00E+02,1.30E+01,2.13E+02,9.12E-05,9.59E-05
8.00E+04,3.52E+05,4.29E+01,7.53E-01,1.41E-02,9.16E+01,1.47E-05,2.79E-01,1.50E-01,2.47E-01,2.00E+02,1.30E+01,2.13E+02,9.12E-05,9.59E-05
8.00E+04,3.52E+05,1.74E+02,2.60E+00,1.41E-02,9.16E+01,1.47E-05,2.79E-01,1.50E-01,2.47E-01,2.00E+02,1.32E+01,2.13E+02,9.12E-05,9.59E-05
8.00E+04,351999,4.33E+01,7.53E-01,1.42E-02,9.16E+01,1.47E-05,2.78E-01,1.48E-01,2.50E-01,1.99E+02,1.32E+01,2.13E+02,9.12E-05,9.59E-05
8.00E+04,3.52E+05,1.73E+02,2.60E+00,1.42E-02,9.16E+01,1.47E-05,2.78E-01,1.48E-01,2.50E-01,1.99E+02,1.34E+01,2.13E+02,9.12E-05,9.59E-05
8.00E+04,352099,4.34E+01,7.53E-01,1.41E-02,9.16E+01,1.47E-05,2.79E-01,1.49E-01,2.49E-01,2.00E+02,1.34E+01,2.14E+02,9.11E-05,9.58E-05
8.00E+04,352100,1.74E+02,2.60E+00,1.41E-02,9.16E+01,1.47E-05,2.79E-01,1.49E-01,2.49E-01,2.00E+02,1.33E+01,2.14E+02,9.11E-05,9.58E-05
8.00E+04,352199,4.34E+01,7.51E-01,1.42E-02,9.16E+01,1.47E-05,2.79E-01,1.49E-01,2.50E-01,2.00E+02,1.33E+01,2.13E+02,9.11E-05,9.58E-05
8.00E+04,3.52E+05,1.74E+02,2.60E+00,1.42E-02,9.16E+01,1.47E-05,2.79E-01,1.49E-01,2.50E-01,2.00E+02,1.31E+01,2.13E+02,9.11E-05,9.58E-05
8.01E+04,3.52E+05,4.30E+01,7.54E-01,1.42E-02,9.16E+01,1.47E-05,2.78E-01,1.49E-01,2.48E-01,1.99E+02,1.31E+01,2.12E+02,9.11E-05,9.58E-05
8.01E+04,3.52E+05,1.73E+02,2.60E+00,1.42E-02,9.16E+01,1.47E-05,2.78E-01,1.49E-01,2.48E-01,1.99E+02,1.30E+01,2.12E+02,9.11E-05,9.58E-05
8.01E+04,3.52E+05,4.28E+01,7.52E-01,1.42E-02,9.16E+01,1.47E-05,2.78E-01,1.49E-01,2.47E-01,1.99E+02,1.30E+01,2.12E+02,9.11E-05,9.58E-05
8.01E+04,3.52E+05,1.73E+02,2.60E+00,1.42E-02,9.16E+01,1.47E-05,2.78E-01,1.49E-01,2.47E-01,1.99E+02,1.36E+01,2.13E+02,9.11E-05,9.58E-05
8.01E+04,352499,4.38E+01,7.53E-01,1.42E-02,9.16E+01,1.47E-05,2.79E-01,1.49E-01,2.52E-01,2.01E+02,1.36E+01,2.14E+02,9.10E-05,9.57E-05
8.01E+04,352500,1.74E+02,2.60E+00,1.42E-02,9.16E+01,1.47E-05,2.79E-01,1.49E-01,2.52E-01,2.01E+02,1.33E+01,2.14E+02,9.10E-05,9.57E-05
8.01E+04,352599,4.33E+01,7.53E-01,1.41E-02,9.16E+01,1.46E-05,2.79E-01,1.49E-01,2.49E-01,2.00E+02,1.33E+01,2.14E+02,9.10E-05,9.57E-05
8.01E+04,352600,1.74E+02,2.60E+00,1.41E-02,9.16E+01,1.46E-05,2.79E-01,1.49E-01,2.49E-01,2.00E+02,1.27E+01,2.13E+02,9.10E-05,9.57E-05
8.01E+04,3.53E+05,4.25E+01,7.52E-01,1.41E-02,9.16E+01,1.46E-05,2.78E-01,1.49E-01,2.46E-01,1.98E+02,1.27E+01,2.11E+02,9.10E-05,9.57E-05
8.01E+04,3.53E+05,1.73E+02,2.59E+00,1.41E-02,9.16E+01,1.46E-05,2.78E-01,1.49E-01,2.46E-01,1.98E+02,1.34E+01,2.12E+02,9.10E-05,9.57E-05
8.02E+04,352799,4.36E+01,7.53E-01,1.42E-02,9.16E+01,1.46E-05,2.79E-01,1.49E-01,2.51E-01,2.01E+02,1.34E+01,2.14E+02,9.09E-05,9.56E-05
8.02E+04,352800,1.74E+02,2.60E+00,1.42E-02,9.16E+01,1.46E-05,2.79E-01,1.49E-01,2.51E-01,2.01E+02,1.31E+01,2.14E+02,9.09E-05,9.56E-05
8.02E+04,352899,4.30E+01,7.51E-01,1.42E-02,9.16E+01,1.46E-05,2.77E-01,1.48E-01,2.49E-01,1.99E+02,1.31E+01,2.12E+02,9.09E-05,9.56E-05
8.02E+04,3.53E+05,1.73E+02,2.60E+00,1.42E-02,9.16E+01,1.46E-05,2.77E-01,1.48E-01,2.49E-01,1.99E+02,1.34E+01,2.12E+02,9.09E-05,9.56E-05
8.02E+04,352999,4.35E+01,7.53E-01,1.41E-02,9.16E+01,1.46E-05,2.79E-01,1.49E-01,2.50E-01,2.00E+02,1.34E+01,2.14E+02,9.09E-05,9.56E-05
8.02E+04,353000,1.74E+02,2.60E+00,1.41E-02,9.16E+01,1.46E-05,2.79E-01,1.49E-01,2.50E-01,2.00E+02,1.31E+01,2.13E+02,9.09E-05,9.56E-05
8.02E+04,353099,4.30E+01,7.54E-01,1.41E-02,9.16E+01,1.46E-05,2.79E-01,1.49E-01,2.48E-01,1.99E+02,1.31E+01,2.13E+02,9.08E-05,9.55E-05
8.02E+04,3.53E+05,1.73E+02,2.60E+00,1.41E-02,9.16E+01,1.46E-05,2.79E-01,1.49E-01,2.48E-01,1.99E+02,1.30E+01,2.13E+02,9.08E-05,9.55E-05
8.03E+04,353199,4.30E+01,7.52E-01,1.41E-02,9.16E+01,1.46E-05,2.78E-01,1.49E-01,2.48E-01,1.99E+02,1.30E+01,2.12E+02,9.08E-05,9.55E-05
8.03E+04,3.53E+05,1.73E+02,2.60E+00,1.41E-02,9.16E+01,1.46E-05,2.78E-01,1.49E-01,2.48E-01,1.99E+02,1.31E+01,2.12E+02,9.08E-05,9.55E-05
8.03E+04,353299,4.30E+01,7.53E-01,1.42E-02,9.16E+01,1.46E-05,2.78E-01,1.49E-01,2.48E-01,1.99E+02,1.31E+01,2.12E+02,9.08E-05,9.55E-05
8.03E+04,3.53E+05,1.73E+02,2.60E+00,1.42E-02,9.16E+01,1.46E-05,2.78E-01,1.49E-01,2.48E-01,1.99E+02,1.28E+01,2.12E+02,9.08E-05,9.55E-05
8.03E+04,3.53E+05,4.25E+01,7.53E-01,1.40E-02,9.16E+01,1.46E-05,2.79E-01,1.50E-01,2.45E-01,1.99E+02,1.28E+01,2.12E+02,9.08E-05,9.54E-05
8.03E+04,353400,1.74E+02,2.60E+00,1.40E-02,9.16E+01,1.46E-05,2.79E-01,1.50E-01,2.45E-01,1.99E+02,1.30E+01,2.12E+02,9.08E-05,9.54E-05
8.03E+04,353499,4.30E+01,7.53E-01,1.41E-02,9.16E+01,1.46E-05,2.79E-01,1.50E-01,2.47E-01,2.00E+02,1.30E+01,2.13E+02,9.07E-05,9.54E-05
8.03E+04,353500,1.74E+02,2.60E+00,1.41E-02,9.16E+01,1.46E-05,2.79E-01,1.50E-01,2.47E-01,2.00E+02,1.30E+01,2.13E+02,9.07E-05,9.54E-05
8.03E+04,353599,4.30E+01,7.53E-01,1.42E-02,9.16E+01,1.46E-05,2.77E-01,1.48E-01,2.49E-01,1.99E+02,1.30E+01,2.12E+02,9.07E-05,9.54E-05
8.03E+04,3.54E+05,1.73E+02,2.60E+00,1.42E-02,9.16E+01,1.46E-05,2.77E-01,1.48E-01,2.49E-01,1.99E+02,1.32E+01,2.12E+02,9.07E-05,9.54E-05
8.04E+04,353699,4.31E+01,7.53E-01,1.42E-02,9.16E+01,1.46E-05,2.78E-01,1.49E-01,2.49E-01,2.00E+02,1.32E+01,2.13E+02,9.07E-05,9.54E-05
8.04E+04,3.54E+05,1.73E+02,2.60E+00,1.42E-02,9.16E+01,1.46E-05,2.78E-01,1.49E-01,2.49E-01,2.00E+02,1.32E+01,2.13E+02,9.07E-05,9.54E-05
8.04E+04,353799,4.32E+01,7.52E-01,1.41E-02,9.16E+01,1.46E-05,2.78E-01,1.49E-01,2.49E-01,2.00E+02,1.32E+01,2.13E+02,9.06E-05,9.53E-05
8.04E+04,353800,1.74E+02,2.60E+00,1.41E-02,9.16E+01,1.46E-05,2.78E-01,1.49E-01,2.49E-01,2.00E+02,1.32E+01,2.13E+02,9.06E-05,9.53E-05
8.04E+04,353899,4.31E+01,7.53E-01,1.41E-02,9.16E+01,1.46E-05,2.79E-01,1.50E-01,2.48E-01,2.00E+02,1.32E+01,2.13E+02,9.06E-05,9.53E-05
8.04E+04,353900,1.74E+02,2.60E+00,1.41E-02,9.16E+01,1.46E-05,2.79E-01,1.50E-01,2.48E-01,2.00E+02,1.31E+01,2.13E+02,9.06E-05,9.53E-05
8.05E+04,353999,4.31E+01,7.53E-01,1.42E-02,9.16E+01,1.46E-05,2.78E-01,1.48E-01,2.49E-01,1.99E+02,1.31E+01,2.12E+02,9.06E-05,9.53E-05
8.05E+04,3.54E+05,1.73E+02,2.60E+00,1.42E-02,9.16E+01,1.46E-05,2.78E-01,1.48E-01,2.49E-01,1.99E+02,1.32E+01,2.12E+02,9.06E-05,9.53E-05
8.05E+04,354099,4.31E+01,7.52E-01,1.41E-02,9.16E+01,1.46E-05,2.79E-01,1.49E-01,2.48E-01,2.00E+02,1.32E+01,2.13E+02,9.06E-05,9.52E-05
8.05E+04,354100,1.74E+02,2.60E+00,1.41E-02,9.16E+01,1.46E-05,2.79E-01,1.49E-01,2.48E-01,2.00E+02,1.31E+01,2.13E+02,9.06E-05,9.52E-05
8.05E+04,354199,4.31E+01,7.53E-01,1.41E-02,9.16E+01,1.46E-05,2.78E-01,1.49E-01,2.49E-01,1.99E+02,1.31E+01,2.12E+02,9.05E-05,9.52E-05
8.05E+04,354200,1.73E+02,2.59E+00,1.41E-02,9.16E+01,1.46E-05,2.78E-01,1.49E-01,2.49E-01,1.99E+02,1.34E+01,2.13E+02,9.05E-05,9.52E-05
8.05E+04,354299,4.36E+01,7.52E-01,1.43E-02,9.16E+01,1.46E-05,2.78E-01,1.48E-01,2.52E-01,2.00E+02,1.34E+01,2.13E+02,9.05E-05,9.52E-05
8.05E+04,3.54E+05,1.73E+02,2.60E+00,1.43E-02,9.16E+01,1.46E-05,2.78E-01,1.48E-01,2.52E-01,2.00E+02,1.33E+01,2.13E+02,9.05E-05,9.52E-05
8.05E+04,354399,4.31E+01,7.53E-01,1.42E-02,9.16E+01,1.46E-05,2.78E-01,1.49E-01,2.49E-01,2.00E+02,1.33E+01,2.13E+02,9.05E-05,9.51E-05
8.05E+04,354400,1.73E+02,2.60E+00,1.42E-02,9.16E+01,1.46E-05,2.78E-01,1.49E-01,2.49E-01,2.00E+02,1.28E+01,2.13E+02,9.05E-05,9.51E-05
8.06E+04,3.54E+05,4.26E+01,7.52E-01,1.42E-02,9.16E+01,1.46E-05,2.77E-01,1.48E-01,2.47E-01,1.98E+02,1.28E+01,2.11E+02,9.04E-05,9.51E-05
8.06E+04,3.54E+05,1.72E+02,2.60E+00,1.42E-02,9.16E+01,1.46E-05,2.77E-01,1.48E-01,2.47E-01,1.98E+02,1.32E+01,2.11E+02,9.04E-05,9.51E-05
8.06E+04,354599,4.31E+01,7.52E-01,1.42E-02,9.16E+01,1.46E-05,2.79E-01,1.49E-01,2.49E-01,2.00E+02,1.32E+01,2.13E+02,9.04E-05,9.51E-05
8.06E+04,354600,1.73E+02,2.60E+00,1.42E-02,9.16E+01,1.46E-05,2.79E-01,1.49E-01,2.49E-01,2.00E+02,1.32E+01,2.13E+02,9.04E-05,9.51E-05
8.06E+04,354699,4.32E+01,7.53E-01,1.42E-02,9.16E+01,1.46E-05,2.78E-01,1.48E-01,2.50E-01,1.99E+02,1.32E+01,2.12E+02,9.04E-05,9.51E-05
8.06E+04,3.55E+05,1.73E+02,2.59E+00,1.42E-02,9.16E+01,1.46E-05,2.78E-01,1.48E-01,2.50E-01,1.99E+02,1.33E+01,2.12E+02,9.04E-05,9.51E-05
8.06E+04,354799,4.34E+01,7.53E-01,1.42E-02,9.16E+01,1.46E-05,2.78E-01,1.49E-01,2.50E-01,2.00E+02,1.33E+01,2.13E+02,9.04E-05,9.50E-05
8.06E+04,3.55E+05,1.73E+02,2.60E+00,1.42E-02,9.16E+01,1.46E-05,2.78E-01,1.49E-01,2.50E-01,2.00E+02,1.34E+01,2.13E+02,9.04E-05,9.50E-05
8.07E+04,354899,4.34E+01,7.51E-01,1.42E-02,9.16E+01,1.46E-05,2.78E-01,1.49E-01,2.51E-01,2.00E+02,1.34E+01,2.14E+02,9.03E-05,9.50E-05
8.07E+04,3.55E+05,1.73E+02,2.60E+00,1.42E-02,9.16E+01,1.46E-05,2.78E-01,1.49E-01,2.51E-01,2.00E+02,1.28E+01,2.13E+02,9.03E-05,9.50E-05
8.07E+04,3.55E+05,4.25E+01,7.52E-01,1.41E-02,9.16E+01,1.46E-05,2.78E-01,1.50E-01,2.45E-01,1.99E+02,1.28E+01,2.12E+02,9.03E-05,9.50E-05
8.07E+04,3.55E+05,1.73E+02,2.60E+00,1.41E-02,9.16E+01,1.46E-05,2.78E-01,1.50E-01,2.45E-01,1.99E+02,1.30E+01,2.12E+02,9.03E-05,9.50E-05
8.07E+04,3.55E+05,4.29E+01,7.53E-01,1.42E-02,9.16E+01,1.46E-05,2.78E-01,1.49E-01,2.48E-01,1.99E+02,1.30E+01,2.12E+02,9.03E-05,9.49E-05
8.07E+04,3.55E+05,1.73E+02,2.60E+00,1.42E-02,9.16E+01,1.46E-05,2.78E-01,1.49E-01,2.48E-01,1.99E+02,1.28E+01,2.12E+02,9.03E-05,9.49E-05
8.07E+04,3.55E+05,4.25E+01,7.54E-01,1.40E-02,9.16E+01,1.45E-05,2.79E-01,1.50E-01,2.45E-01,1.99E+02,1.28E+01,2.12E+02,9.02E-05,9.49E-05
8.07E+04,355200,1.74E+02,2.59E+00,1.40E-02,9.16E+01,1.45E-05,2.79E-01,1.50E-01,2.45E-01,1.99E+02,1.26E+01,2.12E+02,9.02E-05,9.49E-05
8.07E+04,3.55E+05,4.24E+01,7.52E-01,1.40E-02,9.16E+01,1.45E-05,2.79E-01,1.50E-01,2.44E-01,1.99E+02,1.26E+01,2.12E+02,9.02E-05,9.49E-05
8.07E+04,355300,1.74E+02,2.60E+00,1.40E-02,9.16E+01,1.45E-05,2.79E-01,1.50E-01,2.44E-01,1.99E+02,1.30E+01,2.12E+02,9.02E-05,9.49E-05
8.08E+04,3.55E+05,4.30E+01,7.52E-01,1.41E-02,9.16E+01,1.45E-05,2.78E-01,1.49E-01,2.48E-01,1.99E+02,1.30E+01,2.12E+02,9.02E-05,9.48E-05
8.08E+04,3.55E+05,1.73E+02,2.60E+00,1.41E-02,9.16E+01,1.45E-05,2.78E-01,1.49E-01,2.48E-01,1.99E+02,1.33E+01,2.13E+02,9.02E-05,9.48E-05
8.08E+04,355499,4.34E+01,7.53E-01,1.42E-02,9.16E+01,1.45E-05,2.78E-01,1.48E-01,2.50E-01,2.00E+02,1.33E+01,2.13E+02,9.01E-05,9.48E-05
8.08E+04,3.55E+05,1.73E+02,2.60E+00,1.42E-02,9.16E+01,1.45E-05,2.78E-01,1.48E-01,2.50E-01,2.00E+02,1.33E+01,2.13E+02,9.01E-05,9.48E-05
8.08E+04,355599,4.33E+01,7.54E-01,1.42E-02,9.16E+01,1.45E-05,2.78E-01,1.48E-01,2.50E-01,1.99E+02,1.33E+01,2.13E+02,9.01E-05,9.48E-05
8.08E+04,3.56E+05,1.73E+02,2.60E+00,1.42E-02,9.16E+01,1.45E-05,2.78E-01,1.48E-01,2.50E-01,1.99E+02,1.28E+01,2.12E+02,9.01E-05,9.48E-05
8.08E+04,3.56E+05,4.24E+01,7.53E-01,1.41E-02,9.16E+01,1.45E-05,2.77E-01,1.49E-01,2.46E-01,1.98E+02,1.28E+01,2.11E+02,9.01E-05,9.48E-05
